scenario_id,scenario_base_id,c,money_distribution,income_distribution_rule,growth_rule,spending_label,topology_label,event_count,max_event_size,p99_event_size,event_timestep_rate,propagated_share_total,events,unique_sizes,sample_min,sample_max,min_tail_required,fit_status,xmin,alpha,ks,tail_n,candidate_count,powerlaw_loglikelihood,bootstrap_samples_requested,bootstrap_samples_valid,bootstrap_p,bootstrap_ks_mean,bootstrap_ks_p95,bootstrap_status,exponential_q,exponential_lambda,pl_vs_exponential_R,pl_vs_exponential_z,pl_vs_exponential_p,lognormal_mu,lognormal_sigma,lognormal_optimization_success,lognormal_optimization_at_boundary,lognormal_optimization_starts,pl_vs_lognormal_R,pl_vs_lognormal_z,pl_vs_lognormal_p,bounded_fit_status,bounded_xmax,bounded_xmin,bounded_alpha,bounded_ks,bounded_tail_n,bounded_candidate_count,bounded_powerlaw_loglikelihood,bounded_bootstrap_samples_requested,bounded_bootstrap_samples_valid,bounded_bootstrap_p,bounded_bootstrap_ks_mean,bounded_bootstrap_ks_p95,bounded_vs_unbounded_R_same_xmin
c-0p40__money-equal__income-biased__growth-preferential_debt__spend-high_wealth__topo-complete,money-equal__income-biased__growth-preferential_debt__spend-high_wealth__topo-complete,0.4,equal,biased,preferential_debt,high_wealth,complete,42,6,5.179999999999993,0.0184049079754601,0.25,42,5,1,6,30,ok,1.0,2.98268408513397,0.013388116782286241,42.0,1.0,-28.87609882631532,10.0,8.0,0.6666666666666666,0.02305927058373436,0.04032948925870425,ok,0.25,1.3862943611198906,2.614669272337945,1.2087575213081865,0.226756015636437,-4.540803932774685,1.7579569960801678,True,False,24.0,-0.060759303633430906,-0.9609426127717969,0.3365810232465194,ok,120.0,1.0,2.9817690035472375,0.013368167400446884,42.0,1.0,-28.87478088079716,10.0,10.0,1.0,0.025289340919009296,0.034689597742420926,0.001317945518160002
c-0p50__money-equal__income-uniform__growth-preferential_debt__spend-high_wealth__topo-complete,money-equal__income-uniform__growth-preferential_debt__spend-high_wealth__topo-complete,0.5,equal,uniform,preferential_debt,high_wealth,complete,50,5,5.0,0.0134661998384056,0.2307692307692307,50,3,1,5,30,ok,1.0,3.0200165481677903,0.02248104963629649,50.0,1.0,-33.41273063378583,10.0,9.0,0.5,0.021391722792087058,0.036181360917753855,ok,0.23076923076923075,1.4663370687934272,1.7005386214901328,0.7800237675783914,0.43537688546541053,-1.6295718412783582,1.132687935435649,True,False,24.0,-0.14031545100475062,-0.37269030080779836,0.7093789560631633,ok,120.0,1.0,3.019224530182035,0.022520120800427534,50.0,1.0,-33.41143536924727,10.0,10.0,0.36363636363636365,0.023084354155072085,0.051457995455958194,0.0012952645385553296
c-0p40__money-pareto__income-uniform__growth-preferential_debt__spend-high_both__topo-complete,money-pareto__income-uniform__growth-preferential_debt__spend-high_both__topo-complete,0.4,pareto,uniform,preferential_debt,high_both,complete,64,6,4.739999999999995,0.01600400100025,0.1351351351351351,64,4,1,6,30,ok,1.0,3.9452825117391903,0.03247855379634046,64.0,1.0,-22.16412464126004,10.0,4.0,0.2,0.011475510781800424,0.018528473163731053,ok,0.13513513513513514,2.001480000210124,7.142323990889068,2.3785300538590266,0.017381819937569355,-50.0,4.567342133878004,True,True,24.0,-0.7894809001207649,-3.4312106008280634,0.0006008939007467096,ok,120.0,1.0,3.9452626474143995,0.03247956207231206,64.0,1.0,-22.164109779900265,10.0,6.0,0.14285714285714285,0.011988842996191277,0.022136146389707317,1.4861359776574545e-05
c-0p80__money-equal__income-uniform__growth-random__spend-baseline__topo-er_k24,money-equal__income-uniform__growth-random__spend-baseline__topo-er_k24,0.8,equal,uniform,random,baseline,er_k24,41,5,4.600000000000001,0.0041082164328657,0.2264150943396226,41,5,1,5,30,ok,1.0,3.087353330721815,0.019832954208982234,41.0,1.0,-26.041725203378054,10.0,9.0,0.7,0.031087274109969438,0.058572260416722984,ok,0.22641509433962262,1.4853852637641216,2.308411682551785,1.4709957056538019,0.1412922782310723,-6.660603909678877,2.0367264429348593,True,False,24.0,-0.08617085766960664,-0.8495616995645991,0.39556881342895045,ok,120.0,1.0,3.0867438255934476,0.019822581202061595,41.0,1.0,-26.040973305967523,10.0,8.0,0.6666666666666666,0.023123737978495276,0.03277777575394297,0.0007518974105309439
c-0p60__money-lognormal__income-uniform__growth-preferential_debt__spend-high_wealth__topo-complete,money-lognormal__income-uniform__growth-preferential_debt__spend-high_wealth__topo-complete,0.6,lognormal,uniform,preferential_debt,high_wealth,complete,125,5,4.52000000000001,0.0221670508955488,0.1753246753246753,125,4,1,5,30,ok,1.0,3.2102378705870547,0.01023821292872118,125.0,1.0,-72.47695701920408,10.0,10.0,0.8181818181818182,0.015386247569646783,0.027148602098674108,ok,0.18831168831168832,1.6696567724271552,2.022947520099397,0.6899306467287089,0.49023780212016566,-1.3423632121061648,0.9940512624367798,True,False,24.0,-0.47038789717720986,-0.6962155090490271,0.4862938764818139,ok,120.0,1.0,3.209860996067926,0.010203586028464162,125.0,1.0,-72.47573518048543,10.0,10.0,0.7272727272727273,0.011030432784968592,0.014830432646367912,0.0012218387186493374
c-0p50__money-lognormal__income-uniform__growth-preferential_debt__spend-high_wealth__topo-complete,money-lognormal__income-uniform__growth-preferential_debt__spend-high_wealth__topo-complete,0.5,lognormal,uniform,preferential_debt,high_wealth,complete,77,6,4.47999999999999,0.0231161813269288,0.2061855670103092,77,5,1,6,30,ok,1.0,3.120579267152432,0.016427561810934743,77.0,1.0,-47.70788735972116,10.0,9.0,0.7,0.019959359231819747,0.03212675015853678,ok,0.20618556701030924,1.578978704949392,1.65141460129349,0.5527640506354373,0.580424987942756,-1.193278617322716,0.9758588712660481,True,False,24.0,-0.334960917533877,-0.4725498632989145,0.6365343592350834,ok,120.0,1.0,3.1200438339926815,0.016374614074271543,77.0,1.0,-47.706696344999465,10.0,10.0,0.5454545454545454,0.0175651545787618,0.029904862461796314,0.001191014721698025
c-0p40__money-equal__income-biased__growth-preferential_debt__spend-high_both__topo-complete,money-equal__income-biased__growth-preferential_debt__spend-high_both__topo-complete,0.4,equal,biased,preferential_debt,high_both,complete,93,6,4.159999999999997,0.0225127087872185,0.2051282051282051,93,5,1,6,30,ok,1.0,3.1736489908979086,0.02390766126586874,93.0,1.0,-55.3960832553574,10.0,10.0,0.09090909090909091,0.014603299299102212,0.02159308032366706,ok,0.20512820512820512,1.5841201044498106,3.973222324376562,1.4132620078064515,0.15757870038793864,-4.262490641789827,1.6293624532251745,True,False,24.0,-0.15610635970561937,-1.901942262075194,0.05717870329973097,ok,120.0,1.0,3.173213933589717,0.023890451119838008,93.0,1.0,-55.39498705387566,10.0,10.0,0.2727272727272727,0.018286592058252293,0.025798389590349323,0.001096201481736614
c-0p30__money-pareto__income-biased__growth-random__spend-high_wealth__topo-er_k24,money-pareto__income-biased__growth-random__spend-high_wealth__topo-er_k24,0.3,pareto,biased,random,high_wealth,er_k24,30,5,4.130000000000003,0.0211714890613973,0.1666666666666666,30,3,1,5,30,ok,1.0,3.505684787089776,0.011973653794678851,30.0,1.0,-14.064709075990631,10.0,4.0,0.8,0.021755177318852015,0.032230343260955065,ok,0.16666666666666669,1.791759469228055,2.155494443196336,1.1964056646027295,0.23153829186816555,-50.0,4.953789969022196,True,True,24.0,-0.10069755849476389,-0.42105359593259184,0.6737159455766655,ok,120.0,1.0,3.505567945582138,0.011982092858992766,30.0,1.0,-14.064644146535574,10.0,5.0,0.6666666666666666,0.027646839805207324,0.04516661543154719,6.492945505698344e-05
c-0p60__money-equal__income-biased__growth-preferential_debt__spend-low__topo-ba_k24,money-equal__income-biased__growth-preferential_debt__spend-low__topo-ba_k24,0.6,equal,biased,preferential_debt,low,ba_k24,45,5,4.1200000000000045,0.0218023255813953,0.2105263157894736,45,4,1,5,30,ok,1.0,3.0743725016831207,0.01955689947719086,45.0,1.0,-28.862203982307793,10.0,9.0,0.6,0.025563991799207184,0.06501190695422143,ok,0.2105263157894737,1.5581446180465497,0.47302644714117426,0.24797816966331854,0.8041512974479255,-0.8985087571590463,0.8937346767306809,True,False,24.0,-0.32482240338080115,-0.4948956779091321,0.620673761742442,ok,120.0,1.0,3.07373131009687,0.01949103797264462,45.0,1.0,-28.861321937951182,10.0,9.0,0.6,0.029787231851530167,0.052098300437673245,0.0008820443566115443
c-0p40__money-pareto__income-biased__growth-random__spend-baseline__topo-sw_k24,money-pareto__income-biased__growth-random__spend-baseline__topo-sw_k24,0.4,pareto,biased,random,baseline,sw_k24,49,6,4.079999999999984,0.0346045197740113,0.1403508771929824,49,3,1,6,30,ok,1.0,3.758652660717689,0.010130985781844681,49.0,1.0,-19.266780585776818,10.0,8.0,0.7777777777777778,0.01649755911946936,0.024080416794245534,ok,0.14035087719298245,1.9636097261547143,3.852414739933149,1.1647915139148233,0.24410339473608456,-50.0,4.744944230078145,True,True,24.0,-0.17045613694364725,-0.47911013337011854,0.6318602811698629,ok,120.0,1.0,3.758610363489164,0.010133477522462297,49.0,1.0,-19.266751276072327,10.0,8.0,0.8888888888888888,0.01799346507276893,0.029048794403832044,2.9309704490998456e-05
c-0p60__money-equal__income-uniform__growth-preferential_debt__spend-high_wealth__topo-complete,money-equal__income-uniform__growth-preferential_debt__spend-high_wealth__topo-complete,0.6,equal,uniform,preferential_debt,high_wealth,complete,101,6,4.0,0.0170119589018022,0.1984126984126984,101,5,1,6,30,ok,1.0,3.21225692531151,0.010501634638204749,101.0,1.0,-58.47460674373768,10.0,9.0,0.7,0.014599960404917586,0.02741643503118578,ok,0.1984126984126984,1.6174060820832774,4.297845709476329,1.4323534415156651,0.1520426958899008,-3.9592275309016074,1.56276951385845,True,False,24.0,-0.12323379935689047,-1.431240540193852,0.15236128846031696,ok,120.0,1.0,3.211883029023395,0.010487645495005471,101.0,1.0,-58.473629641018846,10.0,10.0,0.6363636363636364,0.010500716788225006,0.014930665957363759,0.000977102718834999
c-0p80__money-lognormal__income-biased__growth-preferential_debt__spend-low__topo-complete,money-lognormal__income-biased__growth-preferential_debt__spend-low__topo-complete,0.8,lognormal,biased,preferential_debt,low,complete,227,6,4.0,0.03406362545018,0.1561338289962825,227,5,1,6,30,ok,1.0,3.4490113220114695,0.004503605612137251,227.0,1.0,-110.77847540431102,10.0,10.0,0.9090909090909091,0.009551809599166294,0.016252619656588453,ok,0.1561338289962825,1.8570417613184709,5.753107772403808,1.4098120251717152,0.15859519490760698,-2.583910157434473,1.2278200872084104,True,False,24.0,-0.2302094869753643,-0.7661456486812103,0.4435896439291872,ok,120.0,1.0,3.4488648961591664,0.00450311444077145,227.0,1.0,-110.7778196712497,10.0,10.0,1.0,0.011367359486508277,0.014703809435695811,0.0006557330613219392
c-0p50__money-pareto__income-biased__growth-random__spend-low__topo-complete,money-pareto__income-biased__growth-random__spend-low__topo-complete,0.5,pareto,biased,random,low,complete,34,4,4.0,0.025297619047619,0.2093023255813953,34,4,1,4,30,ok,1.0,3.200856958909321,0.03861850069609152,34.0,1.0,-19.850145177686798,10.0,10.0,0.2727272727272727,0.026778064071250697,0.04992853997809212,ok,0.20930232558139536,1.563975538357343,2.210180764160927,2.600973725247866,0.009295957347479707,-50.0,5.242030348908569,False,True,24.0,-0.18618803886503932,-1.2031910186228751,0.2289024096620278,ok,120.0,1.0,3.2004659418112156,0.03860362813586504,34.0,1.0,-19.849796500867804,10.0,8.0,0.2222222222222222,0.029464945527807693,0.05065789894310788,0.00034867681899442005
c-0p80__money-normal__income-uniform__growth-preferential_debt__spend-baseline__topo-complete,money-normal__income-uniform__growth-preferential_debt__spend-baseline__topo-complete,0.8,normal,uniform,preferential_debt,baseline,complete,178,4,4.0,0.0178356713426853,0.160377358490566,178,4,1,4,30,ok,1.0,3.364842443754922,0.010384916100792507,178.0,1.0,-92.2475008045438,10.0,10.0,0.5454545454545454,0.010427826861405065,0.018059065772294217,ok,0.16037735849056603,1.8302257500558512,1.0950596369821755,0.44133875737524914,0.6589677716446426,-1.1154629979177486,0.8875663715026798,True,False,24.0,-0.7896633607008261,-0.9665846718189413,0.33375170027026035,ok,120.0,1.0,3.364637783134294,0.010384400395961446,178.0,1.0,-92.24671100237077,10.0,10.0,0.45454545454545453,0.011280882306510243,0.017172537449292036,0.0007898021730312621
c-0p80__money-normal__income-uniform__growth-preferential_debt__spend-high_both__topo-er_k24,money-normal__income-uniform__growth-preferential_debt__spend-high_both__topo-er_k24,0.8,normal,uniform,preferential_debt,high_both,er_k24,197,4,4.0,0.0197394789579158,0.1391304347826087,197,4,1,4,30,ok,1.0,3.4767151516536154,0.012329266309518028,197.0,1.0,-94.26816535172784,10.0,10.0,0.45454545454545453,0.012712529274230977,0.02450235102292621,ok,0.14347826086956522,1.9415717474567151,0.314191610829488,0.11657256658212792,0.9071987781708325,-0.852694918069147,0.7791204835076335,True,False,24.0,-1.092726507615863,-0.9575369487155221,0.33829630623477847,ok,120.0,1.0,3.476583983090706,0.012319567369612261,197.0,1.0,-94.26767119467699,10.0,10.0,0.36363636363636365,0.011082189395328634,0.021967761999352485,0.0004941570508520954
c-0p60__money-uniform__income-uniform__growth-preferential_debt__spend-baseline__topo-complete,money-uniform__income-uniform__growth-preferential_debt__spend-baseline__topo-complete,0.6,uniform,uniform,preferential_debt,baseline,complete,77,4,4.0,0.0202738283307003,0.1348314606741573,77,3,1,4,30,ok,1.0,3.6164878336075548,0.006575243761777982,77.0,1.0,-33.40248204909592,10.0,7.0,0.875,0.013411332612423523,0.022176355425734946,ok,0.1348314606741573,2.0037297199441397,1.794257576874865,0.9534577612626911,0.3403581875053351,-2.974587017068394,1.2614736612407438,True,False,24.0,-0.04503264545001219,-0.535601885606744,0.5922337252952945,ok,120.0,1.0,3.616412861327913,0.006574911670571004,77.0,1.0,-33.402387216925796,10.0,10.0,0.8181818181818182,0.012418307190030542,0.02113865813987371,9.483217012729028e-05
c-0p60__money-pareto__income-biased__growth-random__spend-low__topo-sw_k24,money-pareto__income-biased__growth-random__spend-low__topo-sw_k24,0.6,pareto,biased,random,low,sw_k24,183,4,4.0,0.0939425051334702,0.1201923076923077,183,4,1,4,30,ok,1.0,3.764115340911996,0.0082909371834744,183.0,1.0,-71.68636695844917,10.0,10.0,0.7272727272727273,0.00957043077561227,0.01268059840362366,ok,0.12019230769230771,2.118662254833117,4.713692027739915,1.870975083195839,0.06134853474521836,-5.895421047337308,1.6791500855751471,True,False,24.0,-0.15401835784802057,-0.8967309996457555,0.36986247478746526,ok,120.0,1.0,3.7640739059253447,0.008290247950783591,183.0,1.0,-71.68626048892475,10.0,10.0,0.45454545454545453,0.007841106372234851,0.015059832095512399,0.0001064695244252789
c-0p80__money-normal__income-uniform__growth-preferential_debt__spend-high_wealth__topo-complete,money-normal__income-uniform__growth-preferential_debt__spend-high_wealth__topo-complete,0.8,normal,uniform,preferential_debt,high_wealth,complete,204,6,3.969999999999999,0.020440881763527,0.1700404858299595,204,6,1,6,30,ok,1.0,3.2878592520758296,0.01386663087708151,204.0,2.0,-111.76460031945486,10.0,10.0,0.5454545454545454,0.013508563070218294,0.020552800621900125,ok,0.17408906882591094,1.7481882209344148,2.4262351086122034,0.5744737421357057,0.5656472642446928,-1.05792513433061,0.8887109451254906,True,False,24.0,-0.9475648642809651,-0.7959911146655128,0.4260371998939222,ok,120.0,1.0,3.2875816124124175,0.013842689709923639,204.0,2.0,-111.76325935266452,10.0,10.0,0.45454545454545453,0.012569389871447423,0.023189188806085264,0.0013409667903374611
c-0p70__money-normal__income-uniform__growth-preferential_debt__spend-high_both__topo-complete,money-normal__income-uniform__growth-preferential_debt__spend-high_both__topo-complete,0.7,normal,uniform,preferential_debt,high_both,complete,204,5,3.969999999999999,0.0205645161290322,0.1522633744855967,204,5,1,5,30,ok,1.0,3.3637270707206564,0.011904160808095865,204.0,1.0,-105.80657912168549,10.0,10.0,0.45454545454545453,0.01164503235055817,0.01771266739298683,ok,0.16049382716049382,1.8294997972109022,1.231968666791425,0.3878907589803445,0.6980968770450844,-1.002943471487845,0.8529616827287054,True,False,24.0,-1.0081439423533867,-0.9428197587220846,0.34577310341935286,ok,120.0,1.0,3.363521497055854,0.011887498775722372,204.0,1.0,-105.80566878908238,10.0,10.0,0.18181818181818182,0.008762124634486168,0.019177450755344293,0.0009103326031123515
c-0p70__money-equal__income-uniform__growth-preferential_debt__spend-high_both__topo-ba_k24,money-equal__income-uniform__growth-preferential_debt__spend-high_both__topo-ba_k24,0.7,equal,uniform,preferential_debt,high_both,ba_k24,204,5,3.969999999999999,0.0205645161290322,0.1125541125541125,204,5,1,5,30,ok,1.0,3.7751132583417752,0.004915027158298391,204.0,1.0,-79.31247661819668,10.0,10.0,0.7272727272727273,0.00943870930760966,0.016995715101052217,ok,0.11688311688311688,2.1465808445174646,4.001940386000596,1.1277716027198361,0.25941638913566134,-2.5887280260056933,1.1500910267680156,True,False,24.0,-0.07937850290338498,-0.33915328286805785,0.7344942605752744,ok,120.0,1.0,3.775073618387054,0.004914968055944158,204.0,1.0,-79.31236437371817,10.0,10.0,0.7272727272727273,0.008739777286635364,0.017108338141094154,0.00011224447851532204
c-0p60__money-equal__income-uniform__growth-preferential_debt__spend-high_both__topo-sw_k24,money-equal__income-uniform__growth-preferential_debt__spend-high_both__topo-sw_k24,0.6,equal,uniform,preferential_debt,high_both,sw_k24,204,4,3.9399999999999977,0.0209230769230769,0.0807174887892376,204,3,1,4,30,ok,1.0,4.181369376998312,0.0024167229758875752,204.0,1.0,-60.33281774074115,10.0,10.0,0.9090909090909091,0.006120557795854997,0.010015957953136277,ok,0.08520179372197309,2.462732792293678,4.62566794648283,1.4974100673582325,0.13428659032978035,-9.654564033353896,1.9897818479036151,True,False,24.0,-0.10346246071275556,-0.32000673479842745,0.7489632251704783,ok,120.0,1.0,4.181361799226822,0.002417041991642388,204.0,1.0,-60.33280338914838,10.0,10.0,0.9090909090909091,0.0048064352863444685,0.006443765053808601,1.435159276752529e-05
c-0p70__money-uniform__income-uniform__growth-preferential_debt__spend-high_income__topo-complete,money-uniform__income-uniform__growth-preferential_debt__spend-high_income__topo-complete,0.7,uniform,uniform,preferential_debt,high_income,complete,209,6,3.919999999999988,0.0210983242479305,0.1504065040650406,209,5,1,6,30,ok,1.0,3.4917172724859658,0.0038902801265406906,209.0,1.0,-98.95501164527622,10.0,10.0,0.9090909090909091,0.010365294313701057,0.017279573657189382,ok,0.15040650406504066,1.8944136232881383,5.204724765603233,1.2928355759073342,0.19606793316648208,-2.637202554459494,1.227394106382463,True,False,24.0,-0.18929223545543755,-0.6825817214979462,0.4948711873734377,ok,120.0,1.0,3.4915937271226967,0.0038872040532348384,209.0,1.0,-98.9545259560195,10.0,10.0,0.8181818181818182,0.011460671690704227,0.01908540228588447,0.00048568925672043406
c-0p40__money-pareto__income-biased__growth-preferential_debt__spend-high_both__topo-complete,money-pareto__income-biased__growth-preferential_debt__spend-high_both__topo-complete,0.4,pareto,biased,preferential_debt,high_both,complete,110,6,3.9099999999999966,0.02710027100271,0.1897810218978102,110,5,1,6,30,ok,1.0,3.1722174879157037,0.008371812720766703,110.0,1.0,-65.59159377137533,10.0,10.0,0.9090909090909091,0.015002503103724562,0.02187123959622473,ok,0.19708029197080293,1.6241440598237957,2.405357447795082,0.7629918878799397,0.4454682337880811,-1.5667396421531758,1.0671457866325955,True,False,24.0,-0.3433708417167529,-0.6116049699165479,0.5407991491001087,ok,120.0,1.0,3.171780033327806,0.00833034932944754,110.0,1.0,-65.59028765434239,10.0,10.0,0.9090909090909091,0.017128334051747927,0.02585127779302183,0.001306117032939369
c-0p40__money-lognormal__income-biased__growth-preferential_debt__spend-high_both__topo-er_k24,money-lognormal__income-biased__growth-preferential_debt__spend-high_both__topo-er_k24,0.4,lognormal,biased,preferential_debt,high_both,er_k24,217,4,3.8400000000000034,0.0515561891185554,0.0987654320987654,217,4,1,4,30,ok,1.0,3.8800783466994395,0.005507117285612373,217.0,1.0,-78.54006434181771,10.0,10.0,0.8181818181818182,0.00792100193723132,0.012391718111235264,ok,0.10699588477366255,2.2349649053190666,4.125630683097304,1.4520700118668473,0.14648213921691547,-3.5949537430171286,1.3083060041303236,True,False,24.0,-0.09289302865015948,-1.62505256697076,0.10415135852077241,ok,120.0,1.0,3.880052343896528,0.005507102329481706,217.0,1.0,-78.53999422710663,10.0,10.0,0.8181818181818182,0.00902336561698246,0.014583531242537482,7.011471107887246e-05
c-0p80__money-uniform__income-uniform__growth-random__spend-baseline__topo-complete,money-uniform__income-uniform__growth-random__spend-baseline__topo-complete,0.8,uniform,uniform,random,baseline,complete,118,5,3.8299999999999983,0.0118236472945891,0.1194029850746268,118,5,1,5,30,ok,1.0,3.840405068327675,0.011607301621329613,118.0,1.0,-43.87584377458849,10.0,9.0,0.5,0.010681990964860012,0.01726950942693879,ok,0.11940298507462686,2.12525107771113,5.1324841760486795,1.8152318117729411,0.06948829289793791,-50.0,4.687197716463956,True,True,24.0,-0.32095245301106323,-0.8467606947333506,0.3971285205622167,ok,120.0,1.0,3.840374744878201,0.011606853422777008,118.0,1.0,-43.87579715397448,10.0,9.0,0.3,0.009102940819886595,0.014750312321619517,4.662061400750872e-05
c-0p70__money-normal__income-biased__growth-preferential_debt__spend-low__topo-complete,money-normal__income-biased__growth-preferential_debt__spend-low__topo-complete,0.7,normal,biased,preferential_debt,low,complete,119,7,3.819999999999993,0.0354377605717689,0.125,119,5,1,7,30,ok,1.0,3.896824199375532,0.015167883263106252,119.0,1.0,-42.584078036246375,10.0,9.0,0.2,0.00933563793442053,0.017362165839950715,ok,0.125,2.0794415416798357,8.656663894629018,1.6857633758739756,0.09184138455629029,-50.0,4.635054826500187,True,True,24.0,-0.6156156796526726,-1.324099413898806,0.18547003021659436,ok,120.0,1.0,3.896800080313956,0.015169154919152383,119.0,1.0,-42.584042714703884,10.0,10.0,0.18181818181818182,0.008788912085775624,0.014505512262836525,3.532154249086261e-05
c-0p50__money-normal__income-uniform__growth-preferential_debt__spend-high_income__topo-er_k24,money-normal__income-uniform__growth-preferential_debt__spend-high_income__topo-er_k24,0.5,normal,uniform,preferential_debt,high_income,er_k24,110,5,3.819999999999993,0.0223033252230332,0.0983606557377049,110,4,1,5,30,ok,1.0,4.092025225418711,0.00720975064187479,110.0,1.0,-34.5233905687652,10.0,10.0,0.6363636363636364,0.010099391315977735,0.019610199148184137,ok,0.09836065573770492,2.3191143949452564,4.695456854070297,1.4628077033488196,0.14352000461999767,-50.0,4.5147969453776025,True,True,24.0,-0.2684586384431627,-0.6368768245170925,0.5242050796873188,ok,120.0,1.0,4.09201431408052,0.007210243497645097,110.0,1.0,-34.52337841336971,10.0,10.0,0.45454545454545453,0.006895847978431124,0.009926169013113306,1.2155395488377962e-05
c-0p80__money-equal__income-uniform__growth-preferential_debt__spend-low__topo-complete,money-equal__income-uniform__growth-preferential_debt__spend-low__topo-complete,0.8,equal,uniform,preferential_debt,low,complete,120,4,3.8100000000000014,0.0196882690730106,0.1366906474820144,120,4,1,4,30,ok,1.0,3.54977972839696,0.008531340486657601,120.0,1.0,-54.54053305195412,10.0,10.0,0.6363636363636364,0.01059839336885322,0.020332940126374478,ok,0.1366906474820144,1.9900349539642512,0.9079939152041292,0.4230801375694037,0.6722367935039392,-1.1963621997879585,0.8707603689240514,True,False,24.0,-0.37606098229166696,-0.5992735057818652,0.5489905124918968,ok,120.0,1.0,3.549681833520549,0.008524518619366983,120.0,1.0,-54.5403255528332,10.0,10.0,0.8181818181818182,0.011521703103115299,0.019984850504308604,0.0002074991209184418
c-0p50__money-uniform__income-biased__growth-preferential_debt__spend-high_income__topo-complete,money-uniform__income-biased__growth-preferential_debt__spend-high_income__topo-complete,0.5,uniform,biased,preferential_debt,high_income,complete,221,4,3.8000000000000114,0.0406998158379373,0.1259842519685039,221,4,1,4,30,ok,1.0,3.6144778324229807,0.006599190925807963,221.0,1.0,-96.00375829353497,10.0,10.0,0.7272727272727273,0.008849501545809147,0.01709935978707909,ok,0.1299212598425197,2.0408267055520564,2.100438965356128,0.7637405214338755,0.44502188786078545,-1.4519527503982803,0.9275409353772559,True,False,24.0,-0.4868501384985783,-0.766253464665649,0.4435255016522601,ok,120.0,1.0,3.6144022356533805,0.006598857052330986,221.0,1.0,-96.00348331694025,10.0,10.0,0.7272727272727273,0.008428374325146527,0.013004029003927818,0.0002749765947243077
c-0p80__money-uniform__income-uniform__growth-preferential_debt__spend-high_income__topo-complete,money-uniform__income-uniform__growth-preferential_debt__spend-high_income__topo-complete,0.8,uniform,uniform,preferential_debt,high_income,complete,222,5,3.789999999999992,0.0222444889779559,0.12890625,222,5,1,5,30,ok,1.0,3.6327941638238697,0.0037875920647308936,222.0,1.0,-95.21683800219819,10.0,10.0,0.9090909090909091,0.008743752768180657,0.016317994538852378,ok,0.1328125,2.018816919863401,5.057951171974294,1.2952572567427585,0.19523149894114789,-2.6579602188700933,1.196288781300001,True,False,24.0,-0.12210633108948177,-0.49116002784342755,0.6233132678676172,ok,120.0,1.0,3.632724004286349,0.00378699521036141,222.0,1.0,-95.2165863425875,10.0,10.0,0.9090909090909091,0.0073785392556182435,0.01237378550716158,0.00025165961068296383
c-0p50__money-equal__income-biased__growth-random__spend-high_wealth__topo-complete,money-equal__income-biased__growth-random__spend-high_wealth__topo-complete,0.5,equal,biased,random,high_wealth,complete,63,5,3.760000000000005,0.0172839506172839,0.136986301369863,63,4,1,5,30,ok,1.0,3.6534269087920754,0.004416180947458881,63.0,1.0,-26.636630186345375,10.0,10.0,1.0,0.011894496540413902,0.019137486945486573,ok,0.13698630136986303,1.9878743481543453,2.5235703248801595,1.0695986015796652,0.28480002491772816,-9.588720244984506,2.1570604196335132,True,False,24.0,-0.052137134818472264,-0.26872189274970476,0.7881437032878914,ok,120.0,1.0,3.65336222551587,0.004420328232425552,63.0,1.0,-26.63656587980405,10.0,9.0,1.0,0.017936223511939478,0.027598980464161225,6.430654132572045e-05
c-0p70__money-normal__income-biased__growth-preferential_debt__spend-baseline__topo-complete,money-normal__income-biased__growth-preferential_debt__spend-baseline__topo-complete,0.7,normal,biased,preferential_debt,baseline,complete,227,4,3.740000000000009,0.0298684210526315,0.1529850746268656,227,4,1,4,30,ok,1.0,3.431413625397146,0.009198727512116922,227.0,1.0,-112.17334972312642,10.0,10.0,0.2727272727272727,0.007029567201154496,0.012324049566563704,ok,0.15298507462686564,1.877414913806549,2.491052350628156,0.9650868230417328,0.3345013263371788,-1.5646703787801892,0.9975167951286941,True,False,24.0,-0.6092178576910631,-1.0502205773447102,0.2936167109113388,ok,120.0,1.0,3.4312565059231823,0.009198226166645007,227.0,1.0,-112.17263245822497,10.0,10.0,0.5454545454545454,0.010280659331241958,0.017684656326464338,0.0007172649014535182
c-0p70__money-equal__income-uniform__growth-preferential_debt__spend-baseline__topo-complete,money-equal__income-uniform__growth-preferential_debt__spend-baseline__topo-complete,0.7,equal,uniform,preferential_debt,baseline,complete,128,5,3.730000000000004,0.0172483492790729,0.2147239263803681,128,5,1,5,30,ok,1.0,2.9675323414789014,0.04614119468530309,128.0,1.0,-89.02988901675153,10.0,10.0,0.09090909090909091,0.017335208953836535,0.026488177775558355,ok,0.2147239263803681,1.5384021393173486,-4.2456622190897475,-1.5205390649611268,0.12837554833004597,-0.10562465106183316,0.566946497405394,True,False,24.0,-4.604588988239661,-1.5938391420100633,0.11097206810688405,ok,120.0,1.0,2.966562120170597,0.04603236970913538,128.0,1.0,-89.02554722212847,10.0,10.0,0.09090909090909091,0.01615948226414172,0.02480393428953976,0.004341794623059059
c-0p50__money-pareto__income-biased__growth-random__spend-baseline__topo-er_k12,money-pareto__income-biased__growth-random__spend-baseline__topo-er_k12,0.5,pareto,biased,random,baseline,er_k12,331,5,3.6999999999999886,0.141573994867408,0.1054054054054054,331,5,1,5,30,ok,1.0,3.9048719946244583,0.0040804251152235516,331.0,1.0,-117.80425447202829,10.0,10.0,0.45454545454545453,0.005189389604116845,0.0113148740612942,ok,0.10540540540540541,2.2499413595086235,6.811771165267623,1.6483849989739106,0.09927369233575913,-3.8094786317181635,1.337986763114368,True,False,24.0,-0.09688078601037198,-1.4082821700095458,0.15904753315119347,ok,120.0,1.0,3.90484853022479,0.004080416802520359,331.0,1.0,-117.80416015056957,10.0,10.0,0.9090909090909091,0.007264171497379512,0.012211610536628063,9.432145871812736e-05
c-0p80__money-lognormal__income-uniform__growth-random__spend-high_both__topo-ba_k12,money-lognormal__income-uniform__growth-random__spend-high_both__topo-ba_k12,0.8,lognormal,uniform,random,high_both,ba_k12,231,4,3.6999999999999886,0.0231462925851703,0.1106870229007633,231,4,1,4,30,ok,1.0,3.724141463629436,0.005413768772488781,231.0,1.0,-93.0095684813839,10.0,10.0,0.7272727272727273,0.00657836567954857,0.01092988730323662,ok,0.1183206106870229,2.1343572992759507,2.244597034449657,0.7818304177498269,0.43431424222332904,-1.5206646289045702,0.9233445106192774,True,False,24.0,-0.39903315499664493,-0.6574702246454186,0.5108786103280147,ok,120.0,1.0,3.724092848090541,0.00541353424710711,231.0,1.0,-93.00940384860479,10.0,10.0,0.8181818181818182,0.00905978948435524,0.014136513125049816,0.00016463277910361285
c-0p60__money-normal__income-uniform__growth-preferential_debt__spend-baseline__topo-complete,money-normal__income-uniform__growth-preferential_debt__spend-baseline__topo-complete,0.6,normal,uniform,preferential_debt,baseline,complete,67,5,3.680000000000007,0.0171355498721227,0.1829268292682926,67,4,1,5,30,ok,1.0,3.2062219712221545,0.021958144080062025,67.0,1.0,-38.962449261884224,10.0,10.0,0.36363636363636365,0.02285007417714031,0.05367254340276363,ok,0.18292682926829268,1.698669046162043,0.053370498056647814,0.02368359987213556,0.9811049877436637,-0.6364886292760016,0.7623367290925902,True,False,24.0,-0.6478268003537264,-0.6163617961096923,0.5376557619072233,ok,120.0,1.0,3.2058391565528845,0.021922856722146222,67.0,1.0,-38.961780764478945,10.0,10.0,0.36363636363636365,0.019972587484645497,0.036752841873171585,0.0006684974052788561
c-0p30__money-pareto__income-biased__growth-random__spend-high_both__topo-er_k24,money-pareto__income-biased__growth-random__spend-high_both__topo-er_k24,0.3,pareto,biased,random,high_both,er_k24,434,4,3.670000000000016,0.1947061462539255,0.0861344537815126,434,4,1,4,30,ok,1.0,4.098108805541618,0.005582074915097768,434.0,2.0,-135.6590049070288,10.0,10.0,0.2727272727272727,0.0051953192623175656,0.009004406614748217,ok,0.08823529411764706,2.4277482359480516,6.396441939649938,1.5400957590565594,0.1235370133887429,-3.0203786500587624,1.1646495639427914,True,False,24.0,-0.08633734921804671,-0.619552696642852,0.5355523179486616,ok,120.0,1.0,4.0980981621531525,0.005582084101687035,434.0,2.0,-135.65895840121738,10.0,10.0,0.45454545454545453,0.005026131263813527,0.00889770250614108,4.650581141163457e-05
c-0p70__money-normal__income-biased__growth-preferential_debt__spend-high_wealth__topo-complete,money-normal__income-biased__growth-preferential_debt__spend-high_wealth__topo-complete,0.7,normal,biased,preferential_debt,high_wealth,complete,339,5,3.620000000000005,0.0344792514239218,0.1521197007481296,339,5,1,5,30,ok,1.0,3.426733246546442,0.007629653940690928,339.0,2.0,-168.07802030152754,10.0,10.0,0.36363636363636365,0.0067871814567519225,0.01222118556701988,ok,0.1546134663341646,1.8668270422614777,4.604143773638385,1.0300381527922269,0.3029920959576611,-1.4372690722935628,0.9651846410173542,True,False,24.0,-0.895586372896406,-0.9440581299884739,0.3451399438847177,ok,120.0,1.0,3.426573223317133,0.007617332383087483,339.0,2.0,-168.07692328025456,10.0,10.0,0.36363636363636365,0.007152906091350974,0.009823056191483718,0.0010970212729830564
c-0p60__money-equal__income-uniform__growth-random__spend-high_wealth__topo-ba_k24,money-equal__income-uniform__growth-random__spend-high_wealth__topo-ba_k24,0.6,equal,uniform,random,high_wealth,ba_k24,41,4,3.6000000000000014,0.0068333333333333,0.1632653061224489,41,4,1,4,30,ok,1.0,3.459693384050567,0.0373754067273645,41.0,1.0,-19.85731928450873,10.0,9.0,0.1,0.020757023195650006,0.031606090569031804,ok,0.163265306122449,1.8123787564307905,1.9498882545966658,2.134987423190573,0.03276203745258142,-50.0,4.9917781826524585,True,True,24.0,-0.1716587938924724,-1.0881504058633895,0.27652871449482297,ok,120.0,1.0,3.4595530403008827,0.03737174481555461,41.0,1.0,-19.85720712262511,10.0,6.0,0.2857142857142857,0.019669326294242024,0.04451093576187709,0.00011216188362084267
c-0p70__money-uniform__income-uniform__growth-preferential_debt__spend-baseline__topo-sw_k12,money-uniform__income-uniform__growth-preferential_debt__spend-baseline__topo-sw_k12,0.7,uniform,uniform,preferential_debt,baseline,sw_k12,141,4,3.5999999999999943,0.0193921056250859,0.1333333333333333,141,4,1,4,30,ok,1.0,3.4829476419689964,0.008375948983532333,141.0,1.0,-67.17425254053535,10.0,10.0,0.6363636363636364,0.011157042821119966,0.024480091802661284,ok,0.14545454545454545,1.927891643552635,1.2583141813880214,0.5870886122014296,0.5571441953270151,-1.3648201273592142,0.9323847852891453,True,False,24.0,-0.41321426266813976,-0.7442970150477609,0.45669680670160084,ok,120.0,1.0,3.4828196413120196,0.008375486419667233,141.0,1.0,-67.173909906896,10.0,10.0,1.0,0.016599616329046184,0.02367085500461029,0.00034263363934883273
c-0p40__money-normal__income-biased__growth-preferential_debt__spend-high_both__topo-complete,money-normal__income-biased__growth-preferential_debt__spend-high_both__topo-complete,0.4,normal,biased,preferential_debt,high_both,complete,143,4,3.5800000000000125,0.0383275261324041,0.1488095238095238,143,4,1,4,30,ok,1.0,3.4685062940170823,0.008598652076283964,143.0,1.0,-68.82710595123645,10.0,10.0,0.6363636363636364,0.009871346034952854,0.01574087861488941,ok,0.1488095238095238,1.9050881545350582,1.8401648396393022,0.8852862965670788,0.37600223892150164,-1.7460383191301925,1.0344980029604294,True,False,24.0,-0.31140356732581337,-0.7948750896738239,0.42668616584714203,ok,120.0,1.0,3.4683707713074354,0.008598176388857737,143.0,1.0,-68.82673192957566,10.0,10.0,0.45454545454545453,0.009023360916748624,0.013394304407283147,0.00037402166078948085
c-0p50__money-uniform__income-biased__growth-preferential_debt__spend-low__topo-ba_k24,money-uniform__income-biased__growth-preferential_debt__spend-low__topo-ba_k24,0.5,uniform,biased,preferential_debt,low,ba_k24,46,4,3.549999999999997,0.0354664610639938,0.1153846153846153,46,4,1,4,30,ok,1.0,3.9077612221072684,0.02296371611026249,46.0,1.0,-16.339595980413055,10.0,5.0,0.5,0.021894202084586634,0.041449232950259485,ok,0.11538461538461539,2.159484249353372,2.257016331954464,1.8720297177890741,0.06120249223070749,-50.0,4.627362682991948,True,True,24.0,-0.23874025085870187,-1.3411744724386347,0.17986381245773486,ok,120.0,1.0,3.907738152568473,0.022963408395581975,46.0,1.0,-16.33958306279309,10.0,6.0,0.42857142857142855,0.0188503242880307,0.04101424282002564,1.2917619965691074e-05
c-0p30__money-equal__income-biased__growth-preferential_debt__spend-high_both__topo-sw_k24,money-equal__income-biased__growth-preferential_debt__spend-high_both__topo-sw_k24,0.3,equal,biased,preferential_debt,high_both,sw_k24,47,4,3.539999999999999,0.0213248638838475,0.2033898305084746,47,4,1,4,30,ok,1.0,3.052312004595376,0.030407185438920514,47.0,1.0,-30.649819190195554,10.0,10.0,0.5454545454545454,0.03145471864070916,0.050616259767660654,ok,0.20338983050847456,1.5926307941177191,-0.8509270775868647,-0.5933677177179797,0.552935088499647,-0.3362212575522087,0.6716870965982479,True,False,24.0,-0.9271354818357918,-0.8464992237084775,0.39727430673474395,ok,120.0,1.0,3.0516133562579415,0.030334107541545308,47.0,1.0,-30.648787586625907,10.0,10.0,0.45454545454545453,0.024643834212929417,0.04356554079835058,0.0010316035696469328
c-0p40__money-lognormal__income-uniform__growth-preferential_debt__spend-high_both__topo-complete,money-lognormal__income-uniform__growth-preferential_debt__spend-high_both__topo-complete,0.4,lognormal,uniform,preferential_debt,high_both,complete,74,5,3.539999999999992,0.0168105406633348,0.119047619047619,74,4,1,5,30,ok,1.0,3.830086775302608,0.005705544368831639,74.0,1.0,-27.70946583895013,10.0,8.0,0.6666666666666666,0.0124130167930111,0.02911383213768152,ok,0.11904761904761905,2.128231705849268,2.952477436839196,1.139174803130832,0.25463025271537676,-27.566591184694637,3.5019284105552737,True,False,24.0,-0.09738297018876074,-0.31431645850056195,0.7532806991323977,ok,120.0,1.0,3.8300551383183716,0.00570730395316732,74.0,1.0,-27.70943503178976,10.0,9.0,0.9,0.016044315782413547,0.031571033025557076,3.080716037118236e-05
c-0p50__money-lognormal__income-uniform__growth-preferential_debt__spend-high_income__topo-ba_k24,money-lognormal__income-uniform__growth-preferential_debt__spend-high_income__topo-ba_k24,0.5,lognormal,uniform,preferential_debt,high_income,ba_k24,148,6,3.530000000000001,0.0277934272300469,0.1017964071856287,148,5,1,6,30,ok,1.0,3.907512490301044,0.007389218312901735,148.0,1.0,-52.57972838950951,10.0,10.0,0.5454545454545454,0.009451209438821107,0.01715168828781822,ok,0.11377245508982037,2.1735548332503147,6.593481162837202,1.541810292508565,0.12311970020301197,-50.0,4.641709687937411,True,True,24.0,-0.30477063659926373,-0.6340811239839965,0.5260278808221983,ok,120.0,1.0,3.907489459022593,0.007390421605725894,148.0,1.0,-52.57968677604798,10.0,10.0,0.8181818181818182,0.01029768291054547,0.013484275022249779,4.1613461533529517e-05
c-0p70__money-uniform__income-biased__growth-preferential_debt__spend-baseline__topo-complete,money-uniform__income-biased__growth-preferential_debt__spend-baseline__topo-complete,0.7,uniform,biased,preferential_debt,baseline,complete,248,5,3.530000000000001,0.0338289455735916,0.1298245614035087,248,5,1,5,30,ok,1.0,3.620880688533593,0.006632500117794371,248.0,1.0,-107.25349415024672,10.0,10.0,0.7272727272727273,0.009150223801367163,0.013133235183097319,ok,0.1298245614035088,2.041571267624426,2.7716304095668063,0.7839295777620903,0.43308143322833637,-1.445685248933989,0.9246883946521864,True,False,24.0,-0.5064475445855967,-0.6712704640373727,0.5020482468597641,ok,120.0,1.0,3.6208070282266998,0.006627652678940721,248.0,1.0,-107.25319546318622,10.0,10.0,0.8181818181818182,0.009994438169854103,0.015543564588163509,0.0002986870605070635
c-0p50__money-equal__income-biased__growth-preferential_debt__spend-baseline__topo-complete,money-equal__income-biased__growth-preferential_debt__spend-baseline__topo-complete,0.5,equal,biased,preferential_debt,baseline,complete,48,4,3.530000000000001,0.0198840099420049,0.1724137931034483,48,4,1,4,30,ok,1.0,3.2811630287685936,0.01210016917990886,48.0,1.0,-26.42576841029612,10.0,8.0,0.7777777777777778,0.018105977587722227,0.028223386815050613,ok,0.1724137931034483,1.7578579175523736,0.23642674787698106,0.1749508448987072,0.8611182578640832,-1.00254965857262,0.872502772421923,True,False,24.0,-0.2655589088916338,-0.5386618183613088,0.590120223909604,ok,120.0,1.0,3.2808780049279345,0.012099755964782077,48.0,1.0,-26.425441908386,10.0,9.0,0.9,0.019007556527416505,0.026640240983268802,0.00032650191011995844
c-0p70__money-normal__income-uniform__growth-random__spend-high_both__topo-complete,money-normal__income-uniform__growth-random__spend-high_both__topo-complete,0.7,normal,uniform,random,high_both,complete,48,4,3.530000000000001,0.0048387096774193,0.1111111111111111,48,4,1,4,30,ok,1.0,3.955694209146135,0.0223269325617238,48.0,1.0,-16.506768621980108,10.0,6.0,0.2857142857142857,0.011622038437250126,0.0267053205372966,ok,0.1111111111111111,2.1972245773362196,2.3301645535436144,1.8710245705416422,0.0613416754447219,-50.0,4.593412104908043,True,True,24.0,-0.2513486131329551,-1.3830910071893603,0.16663696273871054,ok,120.0,1.0,3.9556752313198436,0.022326697434962295,48.0,1.0,-16.506758048439806,10.0,5.0,0.3333333333333333,0.01590072464631278,0.028251975080533783,1.0573540301095363e-05
c-0p50__money-equal__income-biased__growth-random__spend-baseline__topo-ba_k12,money-equal__income-biased__growth-random__spend-baseline__topo-ba_k12,0.5,equal,biased,random,baseline,ba_k12,53,4,3.479999999999997,0.0225627926777352,0.1311475409836065,53,4,1,4,30,ok,1.0,3.664385399988485,0.010013344309910077,53.0,1.0,-22.23901099551841,10.0,10.0,0.6363636363636364,0.01736126120642495,0.03207427170671414,ok,0.13114754098360656,2.031432322493475,1.4632909673524344,1.0797642152577034,0.28024719014191046,-5.652737156656924,1.675762131964651,True,False,24.0,-0.05151613066799565,-0.5937945085210656,0.5526495624280015,ok,120.0,1.0,3.6643236198647036,0.010012153787163691,53.0,1.0,-22.23895982678046,10.0,6.0,0.5714285714285714,0.015543937888582141,0.03058133481564196,5.116873795074639e-05
c-0p60__money-equal__income-uniform__growth-random__spend-high_both__topo-er_k12,money-equal__income-uniform__growth-random__spend-high_both__topo-er_k12,0.6,equal,uniform,random,high_both,er_k12,54,4,3.469999999999999,0.0055430096489427,0.1290322580645161,54,4,1,4,30,ok,1.0,3.684707700980843,0.010005888291006793,54.0,1.0,-22.342167013654525,10.0,8.0,0.8888888888888888,0.016559411983875866,0.027442510373064978,ok,0.12903225806451613,2.0476928433652555,1.4994940112316364,1.0954303776107397,0.2733281316797037,-6.012832058592699,1.7185999647046746,True,False,24.0,-0.053158056611604235,-0.5524077479883895,0.5806690234063847,ok,120.0,1.0,3.6846506626188877,0.010004820311830809,54.0,1.0,-22.34211999394885,10.0,9.0,0.9,0.01345752852384436,0.020004142312740503,4.7019705675666046e-05
c-0p70__money-normal__income-uniform__growth-preferential_debt__spend-baseline__topo-sw_k24,money-normal__income-uniform__growth-preferential_debt__spend-baseline__topo-sw_k24,0.7,normal,uniform,preferential_debt,baseline,sw_k24,156,5,3.4499999999999886,0.0203389830508474,0.1235955056179775,156,5,1,5,30,ok,1.0,3.6913901052557505,0.007576957260565398,156.0,1.0,-64.246645656898,10.0,10.0,0.7272727272727273,0.01016476843571773,0.016428082783940114,ok,0.12359550561797754,2.0907410969337694,2.3303551902824324,0.7336249586994664,0.4631773450948654,-1.7064110489794133,0.9760331339026331,True,False,24.0,-0.18587383622812437,-0.3669608807292353,0.7136481980914624,ok,120.0,1.0,3.6913346912533473,0.007577982909428127,156.0,1.0,-64.24651435597045,10.0,10.0,0.6363636363636364,0.008482247702483492,0.016423785716394912,0.00013130092754920497
c-0p80__money-normal__income-uniform__growth-random__spend-high_both__topo-complete,money-normal__income-uniform__growth-random__spend-high_both__topo-complete,0.8,normal,uniform,random,high_both,complete,54,5,3.4099999999999966,0.0054108216432865,0.1147540983606557,54,3,1,5,30,ok,1.0,3.9204472132391963,0.006823017477911919,54.0,1.0,-19.017345121084006,10.0,5.0,0.8333333333333334,0.016026792027753013,0.02870199003342548,ok,0.11475409836065574,2.164963715117998,2.7194510356299753,1.062472110173379,0.2880214127499564,-50.0,4.631917956579223,True,True,24.0,-0.11793793704373717,-0.36460652292395473,0.7154051449886352,ok,120.0,1.0,3.9204251460076827,0.006824160962935699,54.0,1.0,-19.01733090087826,10.0,7.0,1.0,0.01101142690905296,0.014580785715669795,1.4220205745374415e-05
c-0p20__money-lognormal__income-biased__growth-random__spend-baseline__topo-ba_k24,money-lognormal__income-biased__growth-random__spend-baseline__topo-ba_k24,0.2,lognormal,biased,random,baseline,ba_k24,31,4,3.3999999999999986,0.0691964285714285,0.1621621621621621,31,3,1,4,30,ok,1.0,3.387316200248906,0.009967968662316418,31.0,1.0,-15.808753475700637,10.0,9.0,1.0,0.034612280763179376,0.047528460080889776,ok,0.16216216216216214,1.8191584434161696,0.5910491377278065,0.4919463075809258,0.6227573008349591,-1.8301592571595577,1.0755311307552684,True,False,24.0,-0.056753608247628845,-0.2952754662089807,0.7677834565637958,ok,120.0,1.0,3.3871289693360054,0.009967451970683383,31.0,1.0,-15.80863082554308,10.0,4.0,1.0,0.023697165206482518,0.03103315048930826,0.00012265015755730246
c-0p30__money-pareto__income-biased__growth-random__spend-high_wealth__topo-ba_k24,money-pareto__income-biased__growth-random__spend-high_wealth__topo-ba_k24,0.3,pareto,biased,random,high_wealth,ba_k24,56,5,3.3500000000000085,0.0404040404040404,0.1111111111111111,56,3,1,5,30,ok,1.0,3.961454136479987,0.006936661197877836,56.0,1.0,-19.18327759776881,10.0,8.0,1.0,0.015010874341390548,0.024232336568168124,ok,0.1111111111111111,2.1972245773362196,2.7931444403422,1.0681345326592222,0.28545983072554515,-50.0,4.602843761689265,True,True,24.0,-0.12804005858073297,-0.3888969009196917,0.6973524147833243,ok,120.0,1.0,3.9614353922733434,0.006937601987731523,56.0,1.0,-19.183265616572804,10.0,6.0,0.8571428571428571,0.011588113774354722,0.019080490286862567,1.1981196006871642e-05
c-0p50__money-normal__income-biased__growth-preferential_debt__spend-high_income__topo-complete,money-normal__income-biased__growth-preferential_debt__spend-high_income__topo-complete,0.5,normal,biased,preferential_debt,high_income,complete,167,4,3.3400000000000034,0.0323580701414454,0.165,167,4,1,4,30,ok,1.0,3.299352303568694,0.017729308080159267,167.0,1.0,-90.73397289379541,10.0,10.0,0.18181818181818182,0.009929756876670182,0.020427413499382603,ok,0.16499999999999998,1.8018098050815565,-1.1602157861800118,-0.4929220849042047,0.6220676418115392,-0.5823051647397981,0.7185995866584032,True,False,24.0,-1.7196469075337726,-1.239196552954092,0.21527271682421278,ok,120.0,1.0,3.2990869827747824,0.017706642835342512,167.0,1.0,-90.73293773101963,10.0,10.0,0.2727272727272727,0.011888894705392828,0.020006465658953945,0.0010351627757785309
c-0p60__money-normal__income-uniform__growth-random__spend-low__topo-ba_k24,money-normal__income-uniform__growth-random__spend-low__topo-ba_k24,0.6,normal,uniform,random,low,ba_k24,35,4,3.319999999999993,0.0177304964539007,0.1025641025641025,35,3,1,4,30,ok,1.0,4.0789738041336605,0.014419381380144536,35.0,1.0,-11.080805185029936,10.0,7.0,0.75,0.020979897847804723,0.0380984043623095,ok,0.10256410256410256,2.277267285009756,1.8157394174172332,1.3819504415370294,0.16698691842108937,-50.0,4.510268863224114,True,True,24.0,-0.18180747582319634,-0.940149987267399,0.34714063124349537,ok,120.0,1.0,4.078962350597608,0.014419903572253978,35.0,1.0,-11.080801053536167,10.0,3.0,0.5,0.011754016561123515,0.01793504328472767,4.131493769321537e-06
c-0p40__money-normal__income-biased__growth-preferential_debt__spend-baseline__topo-sw_k24,money-normal__income-biased__growth-preferential_debt__spend-baseline__topo-sw_k24,0.4,normal,biased,preferential_debt,baseline,sw_k24,36,4,3.299999999999997,0.0244399185336048,0.1219512195121951,36,3,1,4,30,ok,1.0,3.7867515746472495,0.006437389997605569,36.0,1.0,-13.885220027394542,10.0,6.0,1.0,0.017781790124289265,0.03405158779760692,ok,0.12195121951219513,2.1041341542702074,1.3173633608916198,1.004614893753166,0.31508232278422066,-20.693994617497903,3.062125218898273,True,False,24.0,-0.053874163162697136,-0.286520535532605,0.7744794673765261,ok,120.0,1.0,3.7867138677400756,0.0064395612407771585,36.0,1.0,-13.885201355449539,10.0,5.0,1.0,0.022684588018780504,0.03034511510571347,1.867194500349001e-05
c-0p80__money-lognormal__income-biased__growth-preferential_debt__spend-high_income__topo-er_k24,money-lognormal__income-biased__growth-preferential_debt__spend-high_income__topo-er_k24,0.8,lognormal,biased,preferential_debt,high_income,er_k24,472,5,3.2900000000000205,0.0472945891783567,0.0865384615384615,472,5,1,5,30,ok,1.0,4.061563951503983,0.004310567134648946,472.0,2.0,-151.18084191375505,10.0,10.0,0.5454545454545454,0.0037596441737796416,0.006117002058562719,ok,0.09230769230769231,2.382627800667582,8.898410385529996,1.8410989883851896,0.06560705390447523,-4.228390735667063,1.368285474896119,True,False,24.0,-0.09469621247532514,-0.8372349706814383,0.4024605040522381,ok,120.0,1.0,4.0615515817319405,0.004310575424122498,472.0,2.0,-151.180781069163,10.0,10.0,0.45454545454545453,0.00482586673840032,0.00972820423661261,6.0844592042030854e-05
c-0p50__money-pareto__income-biased__growth-random__spend-baseline__topo-complete,money-pareto__income-biased__growth-random__spend-baseline__topo-complete,0.5,pareto,biased,random,baseline,complete,275,7,3.259999999999991,0.1174210076857386,0.1352201257861635,275,6,1,7,30,ok,1.0,3.6495147162882926,0.004487320021847041,275.0,1.0,-116.5870085421407,10.0,10.0,1.0,0.01017988471857827,0.01709754537135846,ok,0.13522012578616355,2.000851267086614,9.401674348825244,1.5978703996726746,0.11007182292437115,-5.101584128048412,1.6027298303131168,True,False,24.0,-0.10082955245254256,-0.6718711576458765,0.5016657234077534,ok,120.0,1.0,3.649449008019954,0.00448602359430228,275.0,1.0,-116.58672220180222,10.0,10.0,0.5454545454545454,0.005602086923060046,0.010492415561401224,0.00028634033847652063
c-0p40__money-pareto__income-biased__growth-random__spend-high_wealth__topo-sw_k12,money-pareto__income-biased__growth-random__spend-high_wealth__topo-sw_k12,0.4,pareto,biased,random,high_wealth,sw_k12,175,5,3.259999999999991,0.0770585645090268,0.0932642487046632,175,5,1,5,30,ok,1.0,4.118576096202545,0.00701719028032155,175.0,1.0,-53.9603982846925,10.0,8.0,0.2222222222222222,0.0032810601537472256,0.00707920104629026,ok,0.09326424870466322,2.3723184310087206,5.874571095204499,1.6994912773313704,0.08922665669777023,-50.0,4.500128111731917,True,True,24.0,-0.34052678691863125,-0.7339841425680195,0.4629584027320569,ok,120.0,1.0,4.118566364267684,0.007017096992070981,175.0,1.0,-53.96038137571959,10.0,10.0,0.2727272727272727,0.005920015056011696,0.010416546041295495,1.6908972909845943e-05
c-0p70__money-equal__income-biased__growth-preferential_debt__spend-high_wealth__topo-complete,money-equal__income-biased__growth-preferential_debt__spend-high_wealth__topo-complete,0.7,equal,biased,preferential_debt,high_wealth,complete,276,5,3.25,0.0281001832620647,0.1559633027522936,276,5,1,5,30,ok,1.0,3.361024355165921,0.01930610776408559,276.0,2.0,-143.42828951150275,10.0,10.0,0.09090909090909091,0.008009636129528753,0.014589577026472978,ok,0.1559633027522936,1.8581345381729275,-1.8650598349749241,-0.524066089669263,0.600232573229643,-0.5177780806346561,0.678769739063165,True,False,24.0,-2.9957719142872237,-1.4074107121369124,0.15930563658285157,ok,120.0,1.0,3.360816553392248,0.01928922777589992,276.0,2.0,-143.4270407823302,10.0,10.0,0.18181818181818182,0.010264820225375226,0.019779382430419257,0.0012487291725449268
c-0p50__money-uniform__income-uniform__growth-preferential_debt__spend-high_both__topo-complete,money-uniform__income-uniform__growth-preferential_debt__spend-high_both__topo-complete,0.5,uniform,uniform,preferential_debt,high_both,complete,177,6,3.240000000000009,0.0230438744955083,0.1442307692307692,177,5,1,6,30,ok,1.0,3.455017640349475,0.01340698630773629,177.0,1.0,-86.01036646040689,10.0,10.0,0.36363636363636365,0.009085102697860803,0.01592605463753355,ok,0.14903846153846154,1.9035508752161718,1.5654481128599564,0.3859409704457899,0.6995403868208439,-0.9569283457058995,0.8181372877984339,True,False,24.0,-0.7905579265863136,-0.633028844259733,0.526714807058918,ok,120.0,1.0,3.454874664719808,0.01341074241754947,177.0,1.0,-86.00987057433142,10.0,10.0,0.18181818181818182,0.008737431872323832,0.016100966903119223,0.000495886075469798
c-0p70__money-equal__income-biased__growth-preferential_debt__spend-low__topo-er_k24,money-equal__income-biased__growth-preferential_debt__spend-low__topo-er_k24,0.7,equal,biased,preferential_debt,low,er_k24,79,4,3.219999999999999,0.0227403569372481,0.1318681318681318,79,4,1,4,30,ok,1.0,3.582944735184281,0.008583154199111598,79.0,1.0,-35.081528814967115,10.0,7.0,0.75,0.012770876135944615,0.018797542721316104,ok,0.13186813186813187,2.02595285672885,0.4014261357155461,0.24441147341353878,0.8069121566915916,-1.0972104101131452,0.8349046154454427,True,False,24.0,-0.2792033157174329,-0.5163573220632414,0.6056048675399281,ok,120.0,1.0,3.5828589324424454,0.008577331725286297,79.0,1.0,-35.08141342219547,10.0,9.0,0.9,0.013236434020250161,0.020898108662018085,0.00011539277164729356
c-0p50__money-pareto__income-biased__growth-preferential_debt__spend-high_income__topo-ba_k24,money-pareto__income-biased__growth-preferential_debt__spend-high_income__topo-ba_k24,0.5,pareto,biased,preferential_debt,high_income,ba_k24,182,5,3.1899999999999977,0.0338478705597917,0.0985221674876847,182,5,1,5,30,ok,1.0,3.9487525617408243,0.003510592869832463,182.0,1.0,-62.881845407809635,10.0,10.0,0.9090909090909091,0.007498719977114132,0.013573901950062056,ok,0.10344827586206896,2.268683541318364,4.634780097504555,1.3663895328132571,0.1718167323909724,-6.4087685265333665,1.6940641475193396,True,False,24.0,-0.07564040106149994,-0.36982760456363933,0.7115109457552322,ok,120.0,1.0,3.948732846071646,0.0035105912108033266,182.0,1.0,-62.88180388202912,10.0,10.0,0.9090909090909091,0.006284887090628788,0.008845939511152739,4.1525780517304156e-05
c-0p50__money-equal__income-biased__growth-preferential_debt__spend-high_wealth__topo-complete,money-equal__income-biased__growth-preferential_debt__spend-high_wealth__topo-complete,0.5,equal,biased,preferential_debt,high_wealth,complete,82,4,3.1899999999999977,0.0219368646334938,0.219047619047619,82,4,1,4,30,ok,1.0,2.959790599897299,0.0336121710618682,82.0,1.0,-57.37450767819919,10.0,10.0,0.09090909090909091,0.019305834328777492,0.027932150989296113,ok,0.21904761904761907,1.5184661342283736,-2.1760161536984186,-1.2024647892062736,0.22918350029081003,-0.255803312363088,0.6573085970474521,True,False,24.0,-2.04854218289715,-1.3436519047151145,0.17906097666689014,ok,120.0,1.0,2.9587908570786468,0.033499313730836255,82.0,1.0,-57.371613312477635,10.0,10.0,0.09090909090909091,0.018269771730707495,0.030346207582110752,0.0028943657215521057
c-0p50__money-lognormal__income-uniform__growth-preferential_debt__spend-high_both__topo-complete,money-lognormal__income-uniform__growth-preferential_debt__spend-high_both__topo-complete,0.5,lognormal,uniform,preferential_debt,high_both,complete,185,4,3.1599999999999966,0.0228932062863507,0.1267605633802817,185,4,1,4,30,ok,1.0,3.566555826923424,0.012206859599298125,185.0,1.0,-83.10034966557369,10.0,10.0,0.45454545454545453,0.011137546277583111,0.01636224613619838,ok,0.13145539906103287,2.029087655534221,-0.212672293861941,-0.0863926888188568,0.9311542586794634,-0.7512277902273927,0.7264724990893834,True,False,24.0,-1.1191218900577087,-0.938916493593623,0.347773620273775,ok,120.0,1.0,3.566464137806806,0.012200553825108762,185.0,1.0,-83.10005594575439,10.0,10.0,0.2727272727272727,0.00930083283406503,0.016369685610285203,0.00029371981929671165
c-0p80__money-normal__income-uniform__growth-preferential_debt__spend-baseline__topo-sw_k6,money-normal__income-uniform__growth-preferential_debt__spend-baseline__topo-sw_k6,0.8,normal,uniform,preferential_debt,baseline,sw_k6,186,4,3.1500000000000057,0.0186372745490981,0.1255813953488372,186,4,1,4,30,ok,1.0,3.5477827150381467,0.009973476761645839,186.0,1.0,-84.65637915333713,10.0,10.0,0.45454545454545453,0.011526151359171932,0.018250026253501403,ok,0.13488372093023254,2.0033421981411887,0.3903365138471986,0.16158999954723216,0.8716287330162251,-0.9397007740101039,0.7932274955181601,True,False,24.0,-0.8613840823615548,-0.9036638413103266,0.36617367792482747,ok,120.0,1.0,3.547683922048332,0.00996657941021728,186.0,1.0,-84.65605424425702,10.0,10.0,0.2727272727272727,0.007061979192382761,0.016035191333175908,0.0003249090801062948
c-0p50__money-normal__income-biased__growth-preferential_debt__spend-baseline__topo-sw_k24,money-normal__income-biased__growth-preferential_debt__spend-baseline__topo-sw_k24,0.5,normal,biased,preferential_debt,baseline,sw_k24,63,5,3.140000000000008,0.0276679841897233,0.0735294117647058,63,3,1,5,30,ok,1.0,4.652742736067073,0.01446468442282467,63.0,1.0,-13.694024095933608,10.0,4.0,0.6,0.012974877541896246,0.0194308190314153,ok,0.07352941176470588,2.6100697927420065,4.167822531204587,1.3777703070793705,0.16827421634915773,-50.0,4.166784942980173,True,True,24.0,-0.44734788523521246,-1.2611246199495092,0.20726395161667688,ok,120.0,1.0,4.652741826569748,0.01446470989120896,63.0,1.0,-13.694023683984668,10.0,5.0,0.16666666666666666,0.007969434779361583,0.010126375365704533,4.119489407372612e-07
c-0p70__money-equal__income-biased__growth-random__spend-low__topo-er_k24,money-equal__income-biased__growth-random__spend-low__topo-er_k24,0.7,equal,biased,random,low,er_k24,44,4,3.140000000000001,0.0131069407208817,0.1020408163265306,44,3,1,4,30,ok,1.0,4.011778540886993,0.007190204755784024,44.0,1.0,-14.57101954902537,10.0,2.0,1.0,0.012158224215180369,0.012933688423881678,ok,0.10204081632653061,2.2823823856765264,1.5766416038213413,1.0635349100631506,0.28753944243140706,-50.0,4.569423874933332,True,True,24.0,-0.09320061288495436,-0.3999770874012821,0.6891733929085744,ok,120.0,1.0,4.011763540502061,0.0071909254022912705,44.0,1.0,-14.571012252334313,10.0,4.0,1.0,0.017683945886757146,0.01952962133083283,7.29669105759001e-06
c-0p80__money-equal__income-uniform__growth-random__spend-high_wealth__topo-er_k24,money-equal__income-uniform__growth-random__spend-high_wealth__topo-er_k24,0.8,equal,uniform,random,high_wealth,er_k24,44,4,3.140000000000001,0.0044088176352705,0.1020408163265306,44,3,1,4,30,ok,1.0,4.011778540886993,0.007190204755784024,44.0,1.0,-14.571019549025372,10.0,7.0,1.0,0.021077752868078115,0.03131999406321406,ok,0.10204081632653061,2.2823823856765264,1.576641603821341,1.0635349100631504,0.2875394424314073,-50.0,4.5694237231400106,True,True,24.0,-0.09320061288498278,-0.3999770982337143,0.6891733849299786,ok,120.0,1.0,4.011763540502061,0.0071909254022912705,44.0,1.0,-14.571012252334315,10.0,4.0,1.0,0.01868032954051091,0.028081459293581933,7.29669105759001e-06
c-0p60__money-uniform__income-uniform__growth-random__spend-high_both__topo-ba_k12,money-uniform__income-uniform__growth-random__spend-high_both__topo-ba_k12,0.6,uniform,uniform,random,high_both,ba_k12,187,6,3.1399999999999864,0.0192268147234217,0.1004784688995215,187,5,1,6,30,ok,1.0,3.936424856156061,0.003760672882251126,187.0,1.0,-65.1491661346434,10.0,10.0,1.0,0.008384435151376246,0.010779174667865493,ok,0.10526315789473684,2.2512917986064953,5.178447200311468,1.0982404201549099,0.27209952052175734,-4.818825893445722,1.484774267392715,True,False,24.0,0.018008015411879463,0.16906080988615285,0.8657488103311757,ok,120.0,1.0,3.9364043875016628,0.0037609334406248918,187.0,1.0,-65.1491207191966,10.0,10.0,0.9090909090909091,0.009232941079333234,0.01586339264042925,4.5415446791707836e-05
c-0p70__money-equal__income-uniform__growth-preferential_debt__spend-high_both__topo-complete,money-equal__income-uniform__growth-preferential_debt__spend-high_both__topo-complete,0.7,equal,uniform,preferential_debt,high_both,complete,188,5,3.1299999999999955,0.0189516129032258,0.1644444444444444,188,5,1,5,30,ok,1.0,3.297885446799586,0.022128874745183547,188.0,1.0,-102.25229294845792,10.0,10.0,0.09090909090909091,0.01102224063998981,0.018357876880397275,ok,0.16444444444444445,1.8051824895601956,-1.6847542323301703,-0.5450147412319203,0.5857433791062159,-0.45361721482343903,0.6651915837069969,True,False,24.0,-2.426757199601679,-1.232856337814957,0.21762936783022346,ok,120.0,1.0,3.2976186898789024,0.022106061664408205,188.0,1.0,-102.25111885232019,10.0,10.0,0.18181818181818182,0.012635184728239213,0.02083551514664514,0.0011740961377313397
c-0p50__money-equal__income-uniform__growth-preferential_debt__spend-high_income__topo-sw_k24,money-equal__income-uniform__growth-preferential_debt__spend-high_income__topo-sw_k24,0.5,equal,uniform,preferential_debt,high_income,sw_k24,88,4,3.1299999999999955,0.0166257320989986,0.1538461538461538,88,4,1,4,30,ok,1.0,3.38904416381099,0.01351841105544338,88.0,1.0,-44.82098178489001,10.0,10.0,0.36363636363636365,0.012039418340603004,0.020882715750150573,ok,0.15384615384615385,1.8718021769015913,-0.1713875041059293,-0.10246690228725595,0.918386082687249,-0.7557986534613901,0.7640668893315761,True,False,24.0,-0.6298166596449837,-0.7757266065111273,0.4379104267162254,ok,120.0,1.0,3.3888582155748486,0.013503646656915946,88.0,1.0,-44.820636671847964,10.0,10.0,0.6363636363636364,0.01743512646384108,0.028729186964946935,0.0003451130420444315
c-0p60__money-normal__income-biased__growth-random__spend-low__topo-complete,money-normal__income-biased__growth-random__spend-low__topo-complete,0.6,normal,biased,random,low,complete,192,5,3.0900000000000034,0.1013727560718057,0.0769230769230769,192,5,1,5,30,ok,1.0,4.400597363306558,0.009592726705799137,192.0,1.0,-49.15573060969562,10.0,9.0,0.4,0.007160261947935053,0.013269244449035721,ok,0.07692307692307693,2.5649493574615367,7.251658983007962,1.9368851907101865,0.05275937911781379,-50.0,4.322715533283628,True,True,24.0,-0.6705182931637057,-1.3993661230090377,0.16170322029520767,ok,120.0,1.0,4.40059419783395,0.009592706640024873,192.0,1.0,-49.15572614150132,10.0,10.0,0.18181818181818182,0.005758308587906713,0.010574426180073012,4.468194298112849e-06
c-0p70__money-pareto__income-biased__growth-preferential_debt__spend-low__topo-complete,money-pareto__income-biased__growth-preferential_debt__spend-low__topo-complete,0.7,pareto,biased,preferential_debt,low,complete,93,4,3.0799999999999983,0.0257119159524467,0.1226415094339622,93,4,1,4,30,ok,1.0,3.6615509620502698,0.008506766544191025,93.0,1.0,-39.099890412904706,10.0,10.0,0.9090909090909091,0.013135262239361779,0.018583280100792972,ok,0.12264150943396226,2.0984897366505306,0.3485590527216311,0.1996765420651621,0.8417335610245836,-1.0349435280901589,0.8010349426221588,True,False,24.0,-0.3304158259914315,-0.538056082244533,0.5905383311255779,ok,120.0,1.0,3.661488299778979,0.008502774204568464,93.0,1.0,-39.099799323599896,10.0,10.0,0.6363636363636364,0.011128416930773067,0.020908588046877043,9.108930481005473e-05
c-0p20__money-uniform__income-biased__growth-random__spend-high_both__topo-ba_k12,money-uniform__income-biased__growth-random__spend-high_both__topo-ba_k12,0.2,uniform,biased,random,high_both,ba_k12,97,5,3.079999999999984,0.0810359231411863,0.0841121495327102,97,4,1,5,30,ok,1.0,4.136765124972192,0.006592375148803509,97.0,1.0,-29.54973752879936,10.0,8.0,0.7777777777777778,0.010230406694891683,0.018519286919914668,ok,0.09345794392523363,2.3702437414678608,3.6701319138560105,1.2180070010235098,0.2232213122858464,-50.0,4.487738997892901,True,True,24.0,-0.2039743665191462,-0.5390651442336901,0.5898419052907671,ok,120.0,1.0,4.136756030315093,0.006592771734171721,97.0,1.0,-29.549728979644225,10.0,8.0,0.7777777777777778,0.009315657242930292,0.014607308712543838,8.549155133152908e-06
c-0p80__money-pareto__income-uniform__growth-preferential_debt__spend-high_income__topo-er_k24,money-pareto__income-uniform__growth-preferential_debt__spend-high_income__topo-er_k24,0.8,pareto,uniform,preferential_debt,high_income,er_k24,194,4,3.069999999999993,0.019438877755511,0.1294642857142857,194,4,1,4,30,ok,1.0,3.5195606784128004,0.018115607752039797,194.0,1.0,-90.06673869634633,10.0,10.0,0.09090909090909091,0.007030484468085907,0.00966365346446184,ok,0.13392857142857145,2.010448670192884,-1.8584273889677296,-0.7282372491657259,0.46646836754611865,-0.42427326521309283,0.6072585848199196,True,False,24.0,-2.2497813114247998,-1.1853637437499496,0.2358736603082483,ok,120.0,1.0,3.5194501972312926,0.018107718160331965,194.0,1.0,-90.06634746016235,10.0,10.0,0.09090909090909091,0.007872365415739912,0.012679619132697984,0.00039123618398662074
c-0p50__money-normal__income-biased__growth-preferential_debt__spend-baseline__topo-complete,money-normal__income-biased__growth-preferential_debt__spend-baseline__topo-complete,0.5,normal,biased,preferential_debt,baseline,complete,94,4,3.069999999999993,0.0406750324534833,0.128440366972477,94,4,1,4,30,ok,1.0,3.569415815509695,0.011349226236271992,94.0,1.0,-42.139490229679126,10.0,10.0,0.5454545454545454,0.012398408819687668,0.02002955622687104,ok,0.13761467889908258,1.9832976811269336,1.5269663833840106,0.9763103559985584,0.3289106895324747,-2.4370344558457373,1.166084395024897,True,False,24.0,-0.12787403146049636,-0.7852476755611524,0.43230836765248126,ok,120.0,1.0,3.569325340325664,0.011347218542852366,94.0,1.0,-42.13934314425274,10.0,10.0,0.5454545454545454,0.015179352047437356,0.0319960207258756,0.000147085426384308
c-0p70__money-normal__income-biased__growth-preferential_debt__spend-low__topo-er_k24,money-normal__income-biased__growth-preferential_debt__spend-low__topo-er_k24,0.7,normal,biased,preferential_debt,low,er_k24,95,4,3.0600000000000023,0.0271118721461187,0.1363636363636363,95,4,1,4,30,ok,1.0,3.5135428878690496,0.015036655886739747,95.0,1.0,-44.29219703828644,10.0,10.0,0.45454545454545453,0.013176855821349077,0.02678305599718903,ok,0.13636363636363635,1.9924301646902063,-0.47841451970520316,-0.2705292365896896,0.7867531276014333,-0.5924347363308373,0.6779257319548514,True,False,24.0,-0.7956683287508304,-0.76378697126667,0.4449942022175867,ok,120.0,1.0,3.5134296040705495,0.015028524804871712,95.0,1.0,-44.29199949281348,10.0,10.0,0.2727272727272727,0.011521170824539063,0.020405208457867977,0.00019754547295747216
c-0p80__money-lognormal__income-uniform__growth-random__spend-low__topo-sw_k24,money-lognormal__income-uniform__growth-random__spend-low__topo-sw_k24,0.8,lognormal,uniform,random,low,sw_k24,48,4,3.0600000000000023,0.0077021822849807,0.1111111111111111,48,3,1,4,30,ok,1.0,3.8584067938879114,0.004252247091131256,48.0,1.0,-17.630525786749395,10.0,6.0,1.0,0.0235462945380228,0.03424740907663576,ok,0.1111111111111111,2.1972245773362196,1.2064073887743296,0.7999508143757101,0.42373929504720076,-5.257506701179027,1.5662679861987525,True,False,24.0,-0.018546423393005718,-0.23398967421767672,0.8149929949534818,ok,120.0,1.0,3.85837853463817,0.004252103673075491,48.0,1.0,-17.63050847667975,10.0,8.0,1.0,0.00924788182270514,0.01570704123838014,1.7310069644338455e-05
c-0p80__money-equal__income-uniform__growth-preferential_debt__spend-baseline__topo-er_k24,money-equal__income-uniform__growth-preferential_debt__spend-baseline__topo-er_k24,0.8,equal,uniform,preferential_debt,baseline,er_k24,196,4,3.050000000000012,0.0196392785571142,0.1441048034934497,196,4,1,4,30,ok,1.0,3.435983833952629,0.01941471534673922,196.0,1.0,-96.5400236055472,10.0,10.0,0.09090909090909091,0.008629321101288733,0.016381976797778464,ok,0.14410480349344978,1.9372144420877595,-2.112907529201543,-0.8304547461300943,0.4062817237368789,-0.4196833417567412,0.6211671784044358,True,False,24.0,-2.455142548680072,-1.2987544143177703,0.19402822341485726,ok,120.0,1.0,3.4358296069450267,0.01940292919324582,196.0,1.0,-96.53941855367817,10.0,10.0,0.09090909090909091,0.011897303630973998,0.01702123962304958,0.0006050518690301487
c-0p70__money-pareto__income-biased__growth-preferential_debt__spend-high_wealth__topo-sw_k24,money-pareto__income-biased__growth-preferential_debt__spend-high_wealth__topo-sw_k24,0.7,pareto,biased,preferential_debt,high_wealth,sw_k24,297,4,3.0400000000000205,0.0301186492242166,0.1081081081081081,297,4,1,4,30,ok,1.0,3.8293700057376716,0.004479856427727413,297.0,1.0,-111.26666847900535,10.0,10.0,0.5454545454545454,0.004603061947417797,0.007472764424087092,ok,0.10810810810810813,2.2246235515243336,2.7996536756607124,0.9027384486054454,0.3666647253341955,-1.6435708512944351,0.9337884771079281,True,False,24.0,-0.4014874816353698,-0.6880680062113755,0.4914099567854999,ok,120.0,1.0,3.8293382166590395,0.004479696293205659,297.0,1.0,-111.26654438375112,10.0,10.0,0.8181818181818182,0.00742813775862392,0.010478698909132606,0.00012409525422185652
c-0p60__money-pareto__income-uniform__growth-preferential_debt__spend-high_income__topo-er_k24,money-pareto__income-uniform__growth-preferential_debt__spend-high_income__topo-er_k24,0.6,pareto,uniform,preferential_debt,high_income,er_k24,197,4,3.039999999999992,0.020527248098364,0.1434782608695652,197,4,1,4,30,ok,1.0,3.5008812813476817,0.008107547567904994,197.0,1.0,-92.67178203792199,10.0,10.0,0.7272727272727273,0.011157714228004201,0.018515419859533547,ok,0.14347826086956522,1.9415717474567151,1.9105749246353945,0.8283944740950948,0.4074471349881884,-1.5455639027652233,0.9763648277659283,True,False,24.0,-0.4984769925771809,-0.942550570314596,0.34591083304395787,ok,120.0,1.0,3.5007621754435903,0.008107100348667795,197.0,1.0,-92.67134510990815,10.0,10.0,0.8181818181818182,0.013375769038748441,0.024060588914219135,0.0004369280138405429
c-0p60__money-pareto__income-biased__growth-preferential_debt__spend-baseline__topo-complete,money-pareto__income-biased__growth-preferential_debt__spend-baseline__topo-complete,0.6,pareto,biased,preferential_debt,baseline,complete,98,4,3.030000000000001,0.0241557801331032,0.1764705882352941,98,4,1,4,30,ok,1.0,3.169576768294151,0.03718796877269159,98.0,1.0,-58.550322973564974,10.0,10.0,0.09090909090909091,0.015073403506254624,0.02711035935569662,ok,0.17647058823529413,1.7346010553881064,-3.0964113952009114,-1.6164126388190423,0.10600512756751086,-0.09505771977732987,0.5053248718131034,True,False,24.0,-3.271012019404814,-1.40410449125839,0.16028773641195315,ok,120.0,1.0,3.169134712685532,0.0371459772911541,98.0,1.0,-58.54914350726824,10.0,9.0,0.1,0.015135533198001575,0.023324035784036946,0.001179466296733267
c-0p30__money-normal__income-biased__growth-random__spend-high_wealth__topo-complete,money-normal__income-biased__growth-random__spend-high_wealth__topo-complete,0.3,normal,biased,random,high_wealth,complete,98,4,3.030000000000001,0.0663507109004739,0.0666666666666666,98,4,1,4,30,ok,1.0,4.55886660940172,0.011123164628260351,98.0,1.0,-22.63455020954573,10.0,5.0,0.5,0.0072376840816563036,0.01392259618733611,ok,0.06666666666666667,2.70805020110221,3.083102603890981,1.5709468916676035,0.11619498530754603,-50.0,4.235880409197744,True,True,24.0,-0.3439352400078055,-1.1827077270550357,0.23692500076081613,ok,120.0,1.0,4.558864998427006,0.011123156996983186,98.0,1.0,-22.634549181899597,10.0,4.0,0.2,0.004133395476751317,0.006534003362847494,1.0276461317459962e-06
c-0p70__money-lognormal__income-uniform__growth-preferential_debt__spend-low__topo-sw_k24,money-lognormal__income-uniform__growth-preferential_debt__spend-low__topo-sw_k24,0.7,lognormal,uniform,preferential_debt,low,sw_k24,67,5,3.0200000000000102,0.0191428571428571,0.1298701298701298,67,3,1,5,30,ok,1.0,3.6647060563144147,0.012786082386964326,67.0,1.0,-28.107222064067276,10.0,10.0,0.45454545454545453,0.010576784829240626,0.017698015923470718,ok,0.12987012987012986,2.0412203288596382,1.6255389895312036,0.6268569984265422,0.5307529769970076,-2.2648399164530804,1.1085143803523148,True,False,24.0,-0.01657975909894105,-0.07169908238028219,0.942841386439307,ok,120.0,1.0,3.6646443560170243,0.012787270800807105,67.0,1.0,-28.107157484371598,10.0,10.0,0.6363636363636364,0.01596274444812241,0.026063705394786002,6.457969567819077e-05
c-0p40__money-uniform__income-biased__growth-preferential_debt__spend-high_both__topo-complete,money-uniform__income-biased__growth-preferential_debt__spend-high_both__topo-complete,0.4,uniform,biased,preferential_debt,high_both,complete,199,4,3.0200000000000102,0.0496630895932118,0.0821917808219178,199,4,1,4,30,ok,1.0,4.07142152552559,0.003862340563765776,199.0,1.0,-63.32086902179154,10.0,10.0,0.6363636363636364,0.006065587274253881,0.011234326819053555,ok,0.09132420091324202,2.3933394562625097,3.6035342167683515,1.3834080742514037,0.16653977619050697,-4.815988907560616,1.451610021636252,True,False,24.0,-0.07852919470740022,-0.6599017537419369,0.5093168787228263,ok,120.0,1.0,4.07140964369131,0.003862349130853704,199.0,1.0,-63.320844616716805,10.0,10.0,0.8181818181818182,0.005939269083528487,0.009688202869159553,2.4405074732669618e-05
c-0p80__money-equal__income-uniform__growth-preferential_debt__spend-high_both__topo-er_k12,money-equal__income-uniform__growth-preferential_debt__spend-high_both__topo-er_k12,0.8,equal,uniform,preferential_debt,high_both,er_k12,200,5,3.019999999999982,0.0200400801603206,0.1106194690265486,200,4,1,5,30,ok,1.0,3.7864236622649274,0.008828840758008938,200.0,1.0,-77.15742476660546,10.0,10.0,0.5454545454545454,0.010082439083140726,0.01852574294619565,ok,0.11504424778761063,2.1624384612508036,3.5095017707652607,0.8622041310796087,0.3885751968153266,-1.9470095914634058,1.013078946162158,True,False,24.0,-0.11563994315967074,-0.2320242979917062,0.8165191416474209,ok,120.0,1.0,3.786385905673044,0.008829446655595485,200.0,1.0,-77.15732086084381,10.0,10.0,0.45454545454545453,0.00716323242968443,0.012584198581120658,0.00010390576164809318
c-0p40__money-equal__income-biased__growth-random__spend-high_income__topo-ba_k24,money-equal__income-biased__growth-random__spend-high_income__topo-ba_k24,0.4,equal,biased,random,high_income,ba_k24,100,4,3.010000000000005,0.0372856077554064,0.1071428571428571,100,4,1,4,30,ok,1.0,3.885198101925939,0.008907227769952453,100.0,1.0,-36.06808479703439,10.0,10.0,0.45454545454545453,0.00918584622065165,0.020782022697563508,ok,0.10714285714285712,2.2335922215070942,2.067890391751069,1.2167300402630874,0.22370694555566184,-5.082286170782782,1.5341742933160265,True,False,24.0,-0.07149539506687508,-0.7672866988090762,0.44291107500206095,ok,120.0,1.0,3.8851728755655257,0.008906880186710042,100.0,1.0,-36.06805331374277,10.0,9.0,0.5,0.011146070455479613,0.023305302701750973,3.148329161462016e-05
c-0p80__money-lognormal__income-uniform__growth-random__spend-high_wealth__topo-complete,money-lognormal__income-uniform__growth-random__spend-high_wealth__topo-complete,0.8,lognormal,uniform,random,high_wealth,complete,100,4,3.010000000000005,0.0100200400801603,0.1071428571428571,100,4,1,4,30,ok,1.0,3.840547409482591,0.004390809165356502,100.0,1.0,-37.17931492920184,10.0,10.0,0.9090909090909091,0.00867123517116456,0.015310240301050018,ok,0.10714285714285712,2.2335922215070942,0.9566602595836033,0.5302198787710496,0.595959489928499,-1.6730938678111829,0.9388220375519858,True,False,24.0,-0.12893941380677787,-0.3914293466249699,0.6954799037906689,ok,120.0,1.0,3.8405170882537156,0.004390655173843627,100.0,1.0,-37.179275448709724,10.0,8.0,0.8888888888888888,0.009738947189650238,0.014323778742097181,3.948049211288662e-05
c-0p70__money-equal__income-uniform__growth-random__spend-baseline__topo-er_k12,money-equal__income-uniform__growth-random__spend-baseline__topo-er_k12,0.7,equal,uniform,random,baseline,er_k12,34,4,3.010000000000005,0.0044007248252653,0.081081081081081,34,2,1,4,30,insufficient_tail,,,,,,,,,,,,,,,,,,,,,,,,,,,,,,,,,,,,,,,
c-0p50__money-pareto__income-biased__growth-preferential_debt__spend-high_income__topo-complete,money-pareto__income-biased__growth-preferential_debt__spend-high_income__topo-complete,0.5,pareto,biased,preferential_debt,high_income,complete,200,4,3.009999999999991,0.0356315695706395,0.1304347826086956,200,4,1,4,30,ok,1.0,3.6014330620124215,0.006756779364687326,200.0,1.0,-87.6748121478967,10.0,10.0,0.7272727272727273,0.008001371561746629,0.01038837972425654,ok,0.13043478260869565,2.03688192726104,1.3840341449662477,0.5720575148864768,0.5672830104245957,-1.3104885399352983,0.8921537180445693,True,False,24.0,-0.5482625472686683,-0.828287552294068,0.40750767060902204,ok,120.0,1.0,3.6013533974926273,0.006756432580754201,200.0,1.0,-87.67454623319793,10.0,10.0,0.8181818181818182,0.013092141716722938,0.01850681833879777,0.00026591469877246254
c-0p80__money-uniform__income-uniform__growth-preferential_debt__spend-high_wealth__topo-complete,money-uniform__income-uniform__growth-preferential_debt__spend-high_wealth__topo-complete,0.8,uniform,uniform,preferential_debt,high_wealth,complete,167,7,3.0,0.0167334669338677,0.2037914691943128,167,4,1,7,30,ok,1.0,3.0554947929203773,0.024962801264863277,167.0,2.0,-108.64358219252803,10.0,10.0,0.09090909090909091,0.014505737078311386,0.022789193801724113,ok,0.2085308056872038,1.5676684995578052,-0.6108265950795853,-0.14206133044616565,0.8870315621614148,-0.5350858422036622,0.7612109853245428,True,False,24.0,-2.218924857485308,-1.1421919590990628,0.2533742375668361,ok,120.0,1.0,3.054804757297793,0.024890813649944277,167.0,2.0,-108.63997606781389,10.0,10.0,0.18181818181818182,0.014850571511063804,0.027632074427112935,0.003606124714139014
c-0p70__money-lognormal__income-uniform__growth-preferential_debt__spend-high_wealth__topo-sw_k24,money-lognormal__income-uniform__growth-preferential_debt__spend-high_wealth__topo-sw_k24,0.7,lognormal,uniform,preferential_debt,high_wealth,sw_k24,212,7,3.0,0.0216017933564295,0.1239669421487603,212,4,1,7,30,ok,1.0,3.714874604240858,0.006037135573974006,212.0,1.0,-85.90609293605301,10.0,10.0,0.8181818181818182,0.00859988137739578,0.01470222056793004,ok,0.12396694214876032,2.0877403444945313,4.784625113533799,0.8454358879028201,0.3978675142702919,-2.233191900743243,1.0905442782663697,True,False,24.0,-0.0895441909221863,-0.17954533207812012,0.8575095257398495,ok,120.0,1.0,3.7148241920728706,0.006037241939363391,212.0,1.0,-85.90593456459243,10.0,10.0,0.6363636363636364,0.009334125988491638,0.014952670414507324,0.0001583714605857267
c-0p70__money-normal__income-uniform__growth-random__spend-high_wealth__topo-ba_k12,money-normal__income-uniform__growth-random__spend-high_wealth__topo-ba_k12,0.7,normal,uniform,random,high_wealth,ba_k12,176,7,3.0,0.0179922306276835,0.1155778894472361,176,4,1,7,30,ok,1.0,3.844575967034344,0.0031069947243276275,176.0,1.0,-65.25636586041314,10.0,9.0,0.7,0.007020716623009527,0.012268051766384812,ok,0.11557788944723618,2.1578106087953426,5.989744166675692,1.0440459132651223,0.2964641478357881,-5.7106977110032755,1.6327652997402784,True,False,24.0,0.007648694124937169,0.050030018674044614,0.9600984668252465,ok,120.0,1.0,3.844546138769328,0.003107018285236074,176.0,1.0,-65.25629777972941,10.0,10.0,1.0,0.006983999088971271,0.014199154535135084,6.80806837323189e-05
c-0p80__money-equal__income-biased__growth-preferential_debt__spend-high_both__topo-er_k24,money-equal__income-biased__growth-preferential_debt__spend-high_both__topo-er_k24,0.8,equal,biased,preferential_debt,high_both,er_k24,357,7,3.0,0.0357715430861723,0.1047381546134663,357,4,1,7,30,ok,1.0,3.813140255810062,0.0072972317326533975,357.0,2.0,-135.23373979323165,10.0,10.0,0.2727272727272727,0.006027511888476955,0.010055046031411647,ok,0.10972568578553617,2.209771793388308,3.4887745689679477,0.5540633241325764,0.5795355090453215,-1.21832329340778,0.8270770288773269,True,False,24.0,-0.7319040226945995,-0.527087483719791,0.598132838067071,ok,120.0,1.0,3.8131063673793584,0.007295321154847767,357.0,2.0,-135.2335778303387,10.0,10.0,0.45454545454545453,0.007335476569318844,0.01175242168802811,0.00016196289294612143
c-0p70__money-uniform__income-biased__growth-preferential_debt__spend-high_both__topo-complete,money-uniform__income-biased__growth-preferential_debt__spend-high_both__topo-complete,0.7,uniform,biased,preferential_debt,high_both,complete,376,7,3.0,0.0379032258064516,0.1004784688995215,376,5,1,7,30,ok,1.0,3.98016006510624,0.0008548484638446485,376.0,1.0,-127.18985262414104,10.0,10.0,1.0,0.004304916857701457,0.007687123002795335,ok,0.10047846889952153,2.297811814241388,9.133744288705298,1.3573026835877235,0.1746850550072947,-4.4187230621435765,1.4154710977037084,True,False,24.0,-0.011878852253195363,-0.10460363175655345,0.9166903327937466,ok,120.0,1.0,3.980142834543146,0.0008548519738759142,376.0,1.0,-127.18977944833097,10.0,10.0,1.0,0.005247310980266406,0.009242126884298027,7.317581007271201e-05
c-0p70__money-lognormal__income-biased__growth-preferential_debt__spend-low__topo-complete,money-lognormal__income-biased__growth-preferential_debt__spend-low__topo-complete,0.7,lognormal,biased,preferential_debt,low,complete,124,6,3.0,0.0369928400954653,0.1677852348993288,124,4,1,6,30,ok,1.0,3.361272796331976,0.010668123474390279,124.0,1.0,-64.42729490477595,10.0,10.0,0.7272727272727273,0.014324685319811348,0.02474882546136889,ok,0.16778523489932884,1.7850704810772584,2.9738949243678867,0.8776697945319318,0.38012294097321475,-2.1143831123959407,1.1494956819032867,True,False,24.0,-0.19480060292580223,-0.5248243289652246,0.5997053171917818,ok,120.0,1.0,3.3610651471046804,0.010669834192330141,124.0,1.0,-64.42673459228718,10.0,10.0,0.7272727272727273,0.014091084315187963,0.021088004873567972,0.0005603124887727517
c-0p60__money-pareto__income-biased__growth-preferential_debt__spend-high_wealth__topo-er_k24,money-pareto__income-biased__growth-preferential_debt__spend-high_wealth__topo-er_k24,0.6,pareto,biased,preferential_debt,high_wealth,er_k24,204,6,3.0,0.0330364372469635,0.1319148936170212,204,4,1,6,30,ok,1.0,3.6328523470604828,0.007321802183955395,204.0,1.0,-87.49301506194227,10.0,10.0,0.45454545454545453,0.006860258147721021,0.011523219201198732,ok,0.13191489361702127,2.0255983096590127,4.159498678675412,1.022368239953481,0.30660664654404557,-2.4660747651066974,1.1573405849125689,True,False,24.0,-0.16708999883016007,-0.5256689274338487,0.5991182566541986,ok,120.0,1.0,3.6327822043822753,0.00732202360554135,204.0,1.0,-87.4927838755547,10.0,10.0,0.7272727272727273,0.008777092585854917,0.014987436659469012,0.00023118638758035104
c-0p80__money-normal__income-uniform__growth-preferential_debt__spend-baseline__topo-er_k24,money-normal__income-uniform__growth-preferential_debt__spend-baseline__topo-er_k24,0.8,normal,uniform,preferential_debt,baseline,er_k24,206,6,3.0,0.0206412825651302,0.1234042553191489,206,4,1,6,30,ok,1.0,3.6752440957456884,0.008835193417547127,206.0,1.0,-85.79096197533107,10.0,10.0,0.45454545454545453,0.008815473269441676,0.018439728357056442,ok,0.12340425531914893,2.092289684157685,2.017564008284823,0.4648399169809826,0.6420460999335981,-1.1605144486856742,0.8357545485153524,True,False,24.0,-0.5394682970178238,-0.501714591384566,0.6158682990481119,ok,120.0,1.0,3.675184786980104,0.008831456061095255,206.0,1.0,-85.79077376900335,10.0,10.0,0.2727272727272727,0.007119139028408517,0.011601953313805273,0.0001882063277207635
c-0p70__money-lognormal__income-biased__growth-preferential_debt__spend-baseline__topo-complete,money-lognormal__income-biased__growth-preferential_debt__spend-baseline__topo-complete,0.7,lognormal,biased,preferential_debt,baseline,complete,374,6,3.0,0.0501474926253687,0.1220657276995305,374,5,1,6,30,ok,1.0,3.669556445739283,0.01150209298183591,374.0,2.0,-156.37084706758574,10.0,10.0,0.18181818181818182,0.005845117997408955,0.011648111304104158,ok,0.1220657276995305,2.1031956276879433,1.683972843896887,0.314780511980969,0.7529283092900027,-0.8652852190568909,0.7462864170862098,True,False,24.0,-1.6085641898286425,-0.8558827935984519,0.39206261326054015,ok,120.0,1.0,3.669495823364412,0.011503253954988746,374.0,2.0,-156.37049535392185,10.0,10.0,0.18181818181818182,0.0072288056137703284,0.013569766728814214,0.0003517136638890861
c-0p80__money-normal__income-uniform__growth-preferential_debt__spend-high_both__topo-sw_k24,money-normal__income-uniform__growth-preferential_debt__spend-high_both__topo-sw_k24,0.8,normal,uniform,preferential_debt,high_both,sw_k24,212,6,3.0,0.0212424849699398,0.1125,212,5,1,6,30,ok,1.0,3.7774474090698877,0.005227058954327735,212.0,1.0,-82.29107588427732,10.0,10.0,0.9090909090909091,0.008563213675413461,0.013668493794442198,ok,0.11666666666666667,2.1484344131667874,4.164249202428262,0.9107198443950424,0.3624430054103984,-2.2362995190279085,1.0778584112381666,True,False,24.0,-0.08777519469095643,-0.21072035304829678,0.833105491754393,ok,120.0,1.0,3.7774081990590873,0.00522769753085961,212.0,1.0,-82.29096061157715,10.0,10.0,0.6363636363636364,0.007688118915064113,0.015140220892078117,0.00011527270017097635
c-0p70__money-uniform__income-biased__growth-preferential_debt__spend-high_wealth__topo-complete,money-uniform__income-biased__growth-preferential_debt__spend-high_wealth__topo-complete,0.7,uniform,biased,preferential_debt,high_wealth,complete,435,6,3.0,0.0445605408727719,0.1083844580777096,435,5,1,6,30,ok,1.0,3.8411527859648587,0.007614621249924403,435.0,2.0,-161.66336492459612,10.0,10.0,0.45454545454545453,0.006680261912996255,0.013074975979368885,ok,0.11042944785276074,2.203378442910598,8.221230390567879,1.6706890299044719,0.09478311680463984,-3.412579030281438,1.2862526609183174,True,False,24.0,-0.24080008032541958,-1.595219292838472,0.11066320593697926,ok,120.0,1.0,3.8411225995689,0.007614176159595587,435.0,2.0,-161.66319371082892,10.0,10.0,0.18181818181818182,0.0036180091495567556,0.008116759094852866,0.0001712137672029712
c-0p70__money-uniform__income-biased__growth-preferential_debt__spend-high_income__topo-complete,money-uniform__income-biased__growth-preferential_debt__spend-high_income__topo-complete,0.7,uniform,biased,preferential_debt,high_income,complete,450,6,3.0,0.0453766259957648,0.098,450,5,1,6,30,ok,1.0,3.926926324223845,0.003953072526189261,450.0,2.0,-157.78527083174788,10.0,10.0,0.6363636363636364,0.004992590207753844,0.008759879980557602,ok,0.09999999999999999,2.302585092994046,4.756215863976277,0.8992003091743096,0.3685459756979367,-1.6828654089599022,0.9256879770427212,True,False,24.0,-0.46195828261733596,-0.5567965022401228,0.5776664739386639,ok,120.0,1.0,3.9269049835464114,0.0039519740527955705,450.0,2.0,-157.78515615644488,10.0,10.0,0.5454545454545454,0.004789654117366949,0.008999509962301366,0.00011467530299569262
c-0p60__money-equal__income-biased__growth-random__spend-baseline__topo-ba_k24,money-equal__income-biased__growth-random__spend-baseline__topo-ba_k24,0.6,equal,biased,random,baseline,ba_k24,297,6,3.0,0.0770028519574799,0.094224924012158,297,4,1,6,30,ok,1.0,4.0077955187123235,0.005427936809982992,297.0,1.0,-98.61769269545326,10.0,10.0,0.36363636363636365,0.004113676994787996,0.006703355430859403,ok,0.0972644376899696,2.3303218479656453,6.343313192361072,1.3094162654573474,0.19039338471600975,-4.799181614249431,1.4641644039088477,True,False,24.0,-0.09265934423997245,-0.7396421660337682,0.45951714905609053,ok,120.0,1.0,4.007780111789388,0.005427760045999652,297.0,1.0,-98.61764243986016,10.0,10.0,0.45454545454545453,0.005855417134306773,0.009640035846227663,5.025559309501659e-05
c-0p70__money-uniform__income-biased__growth-preferential_debt__spend-baseline__topo-ba_k24,money-uniform__income-biased__growth-preferential_debt__spend-baseline__topo-ba_k24,0.7,uniform,biased,preferential_debt,baseline,ba_k24,350,6,3.0,0.049715909090909,0.0861618798955613,350,5,1,6,30,ok,1.0,4.168609441880112,0.003243116031806381,350.0,1.0,-104.39165587935771,10.0,10.0,0.6363636363636364,0.005320508859648665,0.01094970084924997,ok,0.08616187989556136,2.451527427714166,8.044391379225107,1.430007478102603,0.15271487280144813,-6.5443731703494965,1.6541601617434356,True,False,24.0,-0.045658163791835266,-0.1550198025259925,0.876805705863341,ok,120.0,1.0,4.16860132689026,0.003243124225880578,350.0,1.0,-104.39162961696681,10.0,10.0,0.6363636363636364,0.004692493859658619,0.01020112074360696,2.626239090375293e-05
c-0p80__money-lognormal__income-biased__growth-preferential_debt__spend-high_both__topo-complete,money-lognormal__income-biased__growth-preferential_debt__spend-high_both__topo-complete,0.8,lognormal,biased,preferential_debt,high_both,complete,653,6,3.0,0.0654308617234468,0.0778859527121001,653,5,1,6,30,ok,1.0,4.00898244053401,0.0058635409741955025,653.0,2.0,-216.65341027269437,10.0,10.0,0.36363636363636365,0.004668816581993929,0.0074614693576932215,ok,0.0917941585535466,2.388206615694621,3.841827537484654,0.6464130556346098,0.5180118875275916,-1.2137383063158198,0.7936200817240227,True,False,24.0,-1.1728328018452097,-0.782028619923851,0.43419775409661665,ok,120.0,1.0,4.008967109125962,0.00586371653688289,653.0,2.0,-216.65330043983113,10.0,10.0,0.2727272727272727,0.0043647601084003005,0.008327631156855291,0.00010983286324517394
c-0p60__money-lognormal__income-biased__growth-random__spend-low__topo-ba_k24,money-lognormal__income-biased__growth-random__spend-low__topo-ba_k24,0.6,lognormal,biased,random,low,ba_k24,675,6,3.0,0.3414264036418816,0.0715268225584594,675,5,1,6,30,ok,1.0,4.375696071340802,0.004711532320913148,675.0,2.0,-175.6507861636216,10.0,10.0,0.36363636363636365,0.0033468865067931898,0.005470187216509908,ok,0.07152682255845944,2.6376827589520917,11.603023298055135,1.8796528480430068,0.06015540570856367,-7.897733931372069,1.7569889501769194,True,False,24.0,-0.2831858775032725,-0.6504440170670713,0.5154054525257435,ok,120.0,1.0,4.375692493529312,0.004711508182178581,675.0,2.0,-175.65076835405597,10.0,10.0,0.18181818181818182,0.0029046394525898632,0.004777115842559058,1.780956563379732e-05
c-0p80__money-equal__income-biased__growth-preferential_debt__spend-high_income__topo-complete,money-equal__income-biased__growth-preferential_debt__spend-high_income__topo-complete,0.8,equal,biased,preferential_debt,high_income,complete,301,5,3.0,0.0301603206412825,0.1587743732590529,301,5,1,5,30,ok,1.0,3.341376666014902,0.012686601260144315,301.0,2.0,-158.6469140892014,10.0,10.0,0.2727272727272727,0.008424419382369642,0.01504176929388206,ok,0.16155988857938722,1.8228793779418593,0.1199390769867914,0.03617172090951857,0.9711454346728968,-0.8647535518131667,0.8126014158940174,True,False,24.0,-1.9324739350331757,-1.4190345977883654,0.1558889296092848,ok,120.0,1.0,3.341151985254612,0.012688562817018578,301.0,2.0,-158.64540861750172,10.0,10.0,0.18181818181818182,0.008269648895268345,0.012212991190343067,0.0015054716996871775
c-0p80__money-equal__income-biased__growth-preferential_debt__spend-high_both__topo-complete,money-equal__income-biased__growth-preferential_debt__spend-high_both__topo-complete,0.8,equal,biased,preferential_debt,high_both,complete,334,5,3.0,0.0334669338677354,0.1582914572864321,334,5,1,5,30,ok,2.0,4.564425567745283,0.013296179060864999,50.0,2.0,-33.79798200876236,10.0,10.0,0.9090909090909091,0.0182952475864141,0.029089088580239866,ok,0.21875000000000003,1.519825753744413,-0.17741755976428836,-0.19120250935239141,0.8483669377068449,-0.29318129380586355,0.6284767656565398,True,False,24.0,-0.27415486444523696,-0.5313956610978122,0.5951446276001449,ok,120.0,2.0,4.564410710712963,0.013295104591882545,50.0,2.0,-33.79797168760599,10.0,10.0,0.8181818181818182,0.015570115877428691,0.02622101778427421,1.0321156374004659e-05
c-0p70__money-lognormal__income-uniform__growth-preferential_debt__spend-high_income__topo-complete,money-lognormal__income-uniform__growth-preferential_debt__spend-high_income__topo-complete,0.7,lognormal,uniform,preferential_debt,high_income,complete,271,5,3.0,0.0273295683743444,0.1557632398753894,271,5,1,5,30,ok,1.0,3.380415892109814,0.012838310591904989,271.0,2.0,-138.88387739008155,10.0,10.0,0.18181818181818182,0.0079690678180249,0.013371100314678672,ok,0.15576323987538943,1.8594181177018696,-0.026627595152690864,-0.008116589210688611,0.9935239698882439,-0.8116288240658239,0.7856118975031268,True,False,24.0,-1.7887049863165903,-1.2782592272881823,0.20115803899412021,ok,120.0,1.0,3.380223515744619,0.012822929140538952,271.0,2.0,-138.88276677907794,10.0,10.0,0.36363636363636365,0.010376046375729687,0.017521099516679964,0.001110611003610984
c-0p80__money-lognormal__income-uniform__growth-preferential_debt__spend-high_income__topo-er_k24,money-lognormal__income-uniform__growth-preferential_debt__spend-high_income__topo-er_k24,0.8,lognormal,uniform,preferential_debt,high_income,er_k24,270,5,3.0,0.0270541082164328,0.1504702194357366,270,5,1,5,30,ok,2.0,4.996486815617089,0.009076365764918326,40.0,2.0,-22.8342434288357,10.0,10.0,0.9090909090909091,0.017410561445877614,0.026186912927141308,ok,0.18367346938775508,1.6945957207744073,0.5347518180015782,0.6402503281066978,0.5220098679811149,-6.192305251910222,1.396330811874047,True,False,24.0,-0.012892062121247161,-0.5385165403212122,0.5902204891339959,ok,120.0,2.0,4.996483809889754,0.009076350079522233,40.0,2.0,-22.83424212510247,10.0,10.0,0.8181818181818182,0.021656449973345936,0.0307229276802915,1.3037332280418923e-06
c-0p70__money-equal__income-uniform__growth-preferential_debt__spend-high_wealth__topo-sw_k24,money-equal__income-uniform__growth-preferential_debt__spend-high_wealth__topo-sw_k24,0.7,equal,uniform,preferential_debt,high_wealth,sw_k24,178,5,3.0,0.0181373547992663,0.1483253588516746,178,4,1,5,30,ok,1.0,3.426014944304378,0.015549333280263755,178.0,1.0,-88.29851947429344,10.0,10.0,0.09090909090909091,0.007683969827868409,0.011563260419297214,ok,0.14832535885167464,1.9083470474796649,-0.5617361046786149,-0.19331423786818713,0.8467128764338981,-0.6413809198532958,0.7141736017486201,True,False,24.0,-1.4647886287386593,-1.007014832024238,0.3139276466543811,ok,120.0,1.0,3.4258544081268774,0.015536964031647393,178.0,1.0,-88.29794134429608,10.0,10.0,0.36363636363636365,0.01192393311543769,0.02069624232034339,0.0005781299973648402
c-0p80__money-equal__income-biased__growth-preferential_debt__spend-low__topo-er_k24,money-equal__income-biased__growth-preferential_debt__spend-low__topo-er_k24,0.8,equal,biased,preferential_debt,low,er_k24,161,5,3.0,0.024334945586457,0.1481481481481481,161,4,1,5,30,ok,1.0,3.4410921788206728,0.012573890071630678,161.0,1.0,-79.0131505670231,10.0,10.0,0.5454545454545454,0.012858698368811395,0.022519871525234166,ok,0.14814814814814817,1.9095425048844383,0.26920623184505477,0.09574020667033317,0.9237269072487581,-0.8363771775049895,0.7810474327946932,True,False,24.0,-0.9488064840397094,-0.8523280666114479,0.3940320325561,ok,120.0,1.0,3.440941060788274,0.012562389383023786,161.0,1.0,-79.01266633349275,10.0,10.0,0.45454545454545453,0.010487839956196853,0.01924696240624481,0.0004842335303578693
c-0p60__money-pareto__income-uniform__growth-preferential_debt__spend-high_both__topo-complete,money-pareto__income-uniform__growth-preferential_debt__spend-high_both__topo-complete,0.6,pareto,uniform,preferential_debt,high_both,complete,197,5,3.0,0.0201617029986695,0.146551724137931,197,4,1,5,30,ok,1.0,3.3909933610154432,0.019477424092257167,197.0,1.0,-100.19799416364611,10.0,10.0,0.09090909090909091,0.009054004916596359,0.01390972688994531,ok,0.15086206896551724,1.8913893101768964,-1.7832406505754077,-0.5942011800062181,0.5523775636370851,-0.458105378536046,0.6471527088872397,True,False,24.0,-2.3549085030496206,-1.2226383014269557,0.22146633995422527,ok,120.0,1.0,3.3908088999218755,0.019462801966173893,197.0,1.0,-100.19722922405572,10.0,10.0,0.09090909090909091,0.007603365783715443,0.013398025511273132,0.000764939590396807
c-0p80__money-uniform__income-uniform__growth-preferential_debt__spend-high_wealth__topo-er_k24,money-uniform__income-uniform__growth-preferential_debt__spend-high_wealth__topo-er_k24,0.8,uniform,uniform,preferential_debt,high_wealth,er_k24,206,5,3.0,0.0206412825651302,0.1452282157676348,206,4,1,5,30,ok,1.0,3.437550094962931,0.017729181421422102,206.0,1.0,-101.3525508492488,10.0,10.0,0.09090909090909091,0.009916648976497133,0.013420014644006783,ok,0.14522821576763487,1.9294488720012413,-1.496162800784106,-0.491420460943222,0.6231290955907853,-0.5041738595518773,0.6572789709523433,True,False,24.0,-2.1654706697575934,-1.1755496132588474,0.2397749004027393,ok,120.0,1.0,3.4373967301671313,0.017717474357350826,206.0,1.0,-101.35191998370686,10.0,10.0,0.09090909090909091,0.0070401228086393155,0.012329778099019539,0.0006308655419360321
c-0p80__money-pareto__income-biased__growth-preferential_debt__spend-high_income__topo-complete,money-pareto__income-biased__growth-preferential_debt__spend-high_income__topo-complete,0.8,pareto,biased,preferential_debt,high_income,complete,369,5,3.0,0.0369739478957915,0.1358313817330211,369,5,1,5,30,ok,1.0,3.520605711839618,0.01400242502214033,369.0,2.0,-171.18651141681855,10.0,10.0,0.18181818181818182,0.007738801080111613,0.013751429804810386,ok,0.1358313817330211,1.996341002682205,-1.5293940308427434,-0.4139917827230015,0.6788801248105881,-0.6305249580098747,0.6911947270369901,True,False,24.0,-2.874932686785958,-1.4560099687336747,0.14538986386741978,ok,120.0,1.0,3.520495566662968,0.01399456405536914,369.0,2.0,-171.1857712098036,10.0,10.0,0.09090909090909091,0.005909985672231333,0.008351578089426792,0.0007402070149566953
c-0p80__money-equal__income-biased__growth-preferential_debt__spend-high_wealth__topo-complete,money-equal__income-biased__growth-preferential_debt__spend-high_wealth__topo-complete,0.8,equal,biased,preferential_debt,high_wealth,complete,302,5,3.0,0.0302605210420841,0.1346704871060172,302,5,1,5,30,ok,1.0,3.5801767631185673,0.0070116284993057,302.0,2.0,-134.3688964811405,10.0,10.0,0.6363636363636364,0.008508663304877484,0.013431535577048374,ok,0.13467048710601717,2.0049243204923686,3.5453078399232094,0.8559518232387442,0.39202442808330984,-1.4252370150587497,0.9277726589310603,True,False,24.0,-0.6593694437145013,-0.747913370920219,0.45451241196877934,ok,120.0,1.0,3.580090001877572,0.007005727793111927,302.0,2.0,-134.36844910427138,10.0,10.0,0.6363636363636364,0.007508276842820738,0.013008528461314787,0.0004473768691184432
c-0p70__money-normal__income-uniform__growth-preferential_debt__spend-high_income__topo-complete,money-normal__income-uniform__growth-preferential_debt__spend-high_income__topo-complete,0.7,normal,uniform,preferential_debt,high_income,complete,217,5,3.0,0.02188382412263,0.132,217,5,1,5,30,ok,1.0,3.5677077789597074,0.01320060429108294,217.0,1.0,-97.39586523301259,10.0,10.0,0.09090909090909091,0.0071419495014723,0.011068635996451671,ok,0.132,2.0249533563957662,0.1468889858754383,0.04396478689117647,0.9649324727027425,-0.7449322753724819,0.7241044557503286,True,False,24.0,-1.2920267860866586,-0.8743664374861092,0.38191872894985146,ok,120.0,1.0,3.567616624182982,0.013194342830158079,217.0,1.0,-97.3955227210616,10.0,10.0,0.36363636363636365,0.009950381710517786,0.01605642784506193,0.00034251195098988774
c-0p80__money-uniform__income-biased__growth-preferential_debt__spend-high_wealth__topo-complete,money-uniform__income-biased__growth-preferential_debt__spend-high_wealth__topo-complete,0.8,uniform,biased,preferential_debt,high_wealth,complete,375,5,3.0,0.0375751503006012,0.1316397228637413,375,5,1,5,30,ok,1.0,3.5845147036414575,0.005184560175469866,375.0,2.0,-166.34361175653345,10.0,10.0,0.5454545454545454,0.006658647378136429,0.012175527424503094,ok,0.13394919168591224,2.0102947174560706,4.182870117948255,1.132273057651956,0.25751965352177963,-1.6457741841539442,0.9833215236278464,True,False,24.0,-0.7407067961585401,-1.0575654512529324,0.29025360039103243,ok,120.0,1.0,3.584429496119236,0.005184890121842645,375.0,2.0,-166.34306836315233,10.0,10.0,0.9090909090909091,0.007723041701237587,0.013824266840647276,0.0005433933811218594
c-0p70__money-normal__income-biased__growth-preferential_debt__spend-high_income__topo-complete,money-normal__income-biased__growth-preferential_debt__spend-high_income__topo-complete,0.7,normal,biased,preferential_debt,high_income,complete,390,5,3.0,0.0393700787401574,0.1305309734513274,390,4,1,5,30,ok,1.0,3.5059394307508414,0.013689950277222751,390.0,2.0,-182.80838291699885,10.0,10.0,0.09090909090909091,0.0060425118927863505,0.010271100614254085,ok,0.13716814159292037,1.9865477947871395,-2.1035977638659427,-0.5948196151791495,0.5519640544617757,-0.619320462432105,0.6897290472893223,True,False,24.0,-3.169854005376232,-1.622953303119856,0.10459938762565608,ok,120.0,1.0,3.5058227078924045,0.01368152151858204,390.0,2.0,-182.80753992786822,10.0,10.0,0.09090909090909091,0.007164785479096758,0.011608204382605555,0.0008429891306320769
c-0p70__money-pareto__income-biased__growth-preferential_debt__spend-high_wealth__topo-complete,money-pareto__income-biased__growth-preferential_debt__spend-high_wealth__topo-complete,0.7,pareto,biased,preferential_debt,high_wealth,complete,311,5,3.0,0.0316700610997963,0.1288515406162464,311,5,1,5,30,ok,1.0,3.5938968398480777,0.011320561977133492,311.0,2.0,-137.05320360297762,10.0,10.0,0.2727272727272727,0.006512888838351239,0.011904147268256692,ok,0.12885154061624648,2.049094385290544,0.10537056611334616,0.029494096544497472,0.9764705271699552,-0.8020485231226001,0.7389207039162727,True,False,24.0,-1.6802080541302757,-1.1014999209546976,0.2706791388777229,ok,120.0,1.0,3.5938146703923177,0.01131503432479064,311.0,2.0,-137.05277394940197,10.0,10.0,0.18181818181818182,0.00652221350926181,0.010792552807321727,0.00042965357565094564
c-0p70__money-normal__income-biased__growth-preferential_debt__spend-high_both__topo-complete,money-normal__income-biased__growth-preferential_debt__spend-high_both__topo-complete,0.7,normal,biased,preferential_debt,high_both,complete,401,5,3.0,0.0404233870967741,0.1255411255411255,401,5,1,5,30,ok,1.0,3.566337219420944,0.012970271250227872,401.0,2.0,-180.15320019443544,10.0,10.0,0.09090909090909091,0.00789559826405114,0.010721655884176466,ok,0.13203463203463203,2.0246910269084277,0.13594142082168958,0.030229255743186845,0.9758842164794685,-0.743830820749051,0.7239631961138144,True,False,24.0,-2.407749758865369,-1.2121230045450728,0.22546529898042011,ok,120.0,1.0,3.566245505836443,0.012963963543448975,401.0,2.0,-180.15256282835725,10.0,10.0,0.09090909090909091,0.0064708535653238645,0.010741298776491355,0.0006373660781946455
c-0p80__money-normal__income-biased__growth-preferential_debt__spend-high_income__topo-complete,money-normal__income-biased__growth-preferential_debt__spend-high_income__topo-complete,0.8,normal,biased,preferential_debt,high_income,complete,385,5,3.0,0.0385771543086172,0.1227272727272727,385,5,1,5,30,ok,1.0,3.6382602928720393,0.008241145946017436,385.0,2.0,-164.50222920433208,10.0,10.0,0.36363636363636365,0.006707693071111853,0.010232375959508332,ok,0.125,2.0794415416798357,1.2766417485000896,0.3439339812871346,0.7308959356866788,-1.0269844992459223,0.8029577467645905,True,False,24.0,-1.4405619390892295,-1.1393012026009515,0.2545775469777194,ok,120.0,1.0,3.6381916601415294,0.008236693044204046,385.0,2.0,-164.50180472766988,10.0,10.0,0.36363636363636365,0.007093052452423499,0.009192233783514503,0.00042447666220368774
c-0p60__money-lognormal__income-biased__growth-preferential_debt__spend-high_wealth__topo-complete,money-lognormal__income-biased__growth-preferential_debt__spend-high_wealth__topo-complete,0.6,lognormal,biased,preferential_debt,high_wealth,complete,322,5,3.0,0.0572546230440967,0.1222826086956521,322,5,1,5,30,ok,1.0,3.631332605519695,0.010400347697391732,322.0,2.0,-138.2477096245057,10.0,10.0,0.09090909090909091,0.005231290486676976,0.007269646891481646,ok,0.125,2.0794415416798357,0.40370971786306864,0.11154779294672004,0.9111819687530779,-0.8533454393340129,0.7491896265371298,True,False,24.0,-1.5457764737290836,-1.0601457642658199,0.2890782905629308,ok,120.0,1.0,3.631261975314572,0.010395738677603239,322.0,2.0,-138.2473418824173,10.0,10.0,0.36363636363636365,0.008520839187923212,0.015279276663329908,0.0003677420884002913
c-0p80__money-normal__income-biased__growth-preferential_debt__spend-low__topo-sw_k12,money-normal__income-biased__growth-preferential_debt__spend-low__topo-sw_k12,0.8,normal,biased,preferential_debt,low,sw_k12,210,5,3.0,0.0318181818181818,0.1213389121338912,210,5,1,5,30,ok,1.0,3.7258346168366256,0.0031440237368995927,210.0,1.0,-84.45564159912435,10.0,10.0,1.0,0.009569689304894557,0.01556345598502165,ok,0.12133891213389122,2.1091677219450364,3.8749867922305463,1.1944107740421843,0.23231732438286867,-2.6564813194455725,1.1740998671364742,True,False,24.0,-0.14220592349948086,-0.6626430027375128,0.5075592219438607,ok,120.0,1.0,3.7257863919229988,0.003143622359577769,210.0,1.0,-84.45549321417005,10.0,10.0,1.0,0.008318251851367142,0.012220394965720116,0.00014838495430069543
c-0p60__money-pareto__income-biased__growth-preferential_debt__spend-high_income__topo-sw_k24,money-pareto__income-biased__growth-preferential_debt__spend-high_income__topo-sw_k24,0.6,pareto,biased,preferential_debt,high_income,sw_k24,368,5,3.0,0.0385542168674698,0.119047619047619,368,5,1,5,30,ok,1.0,3.623285522262459,0.015590139913924439,368.0,2.0,-158.8842129209442,10.0,10.0,0.09090909090909091,0.006738038640787858,0.010478713265153441,ok,0.1238095238095238,2.089010992695987,-1.6164287968311573,-0.4032930669375399,0.6867326414626331,-0.5501549609164095,0.6413014367163464,True,False,24.0,-3.0101753574796124,-1.2783713784885096,0.2011185109022915,ok,120.0,1.0,3.6232125134533075,0.015591637577284434,368.0,2.0,-158.883775093827,10.0,10.0,0.09090909090909091,0.005603115726175034,0.009713095898230748,0.00043782711719586587
c-0p80__money-equal__income-uniform__growth-random__spend-high_wealth__topo-ba_k24,money-equal__income-uniform__growth-random__spend-high_wealth__topo-ba_k24,0.8,equal,uniform,random,high_wealth,ba_k24,101,5,3.0,0.0101202404809619,0.1130434782608695,101,4,1,5,30,ok,1.0,3.760567324489493,0.0050991593420540715,101.0,1.0,-39.66101887615424,10.0,10.0,0.9090909090909091,0.017836630075038107,0.03751135825567262,ok,0.1217391304347826,2.1058747987479913,2.932201070038703,1.0921073048574856,0.27478593901490045,-5.614936332774817,1.6426569596732452,True,False,24.0,-0.0511718245167076,-0.42766189730513676,0.6688972944035343,ok,120.0,1.0,3.7605253527596263,0.00509845829322686,101.0,1.0,-39.66095904654681,10.0,10.0,0.8181818181818182,0.009283881254570747,0.016471269452242466,5.982960743011745e-05
c-0p40__money-pareto__income-biased__growth-random__spend-high_income__topo-sw_k24,money-pareto__income-biased__growth-random__spend-high_income__topo-sw_k24,0.4,pareto,biased,random,high_income,sw_k24,310,5,3.0,0.1211410707307542,0.1111111111111111,310,5,1,5,30,ok,1.0,3.7560638299354414,0.004290830541346158,310.0,1.0,-122.10863990074121,10.0,10.0,0.7272727272727273,0.007510446718306862,0.012521757458002205,ok,0.1168091168091168,2.147214156761558,4.433457582351569,1.2620771968002211,0.20692100972162786,-2.247681870500552,1.084282201112101,True,False,24.0,-0.2921507327731485,-0.8077898618249787,0.41921156233389234,ok,120.0,1.0,3.7560210889465995,0.004290111812603636,310.0,1.0,-122.10845201937498,10.0,10.0,0.9090909090909091,0.008609405195777686,0.014543261373496236,0.00018788136623015816
c-0p70__money-lognormal__income-biased__growth-preferential_debt__spend-high_income__topo-complete,money-lognormal__income-biased__growth-preferential_debt__spend-high_income__topo-complete,0.7,lognormal,biased,preferential_debt,high_income,complete,509,5,3.0,0.0513104838709677,0.109375,509,4,1,5,30,ok,1.0,3.7080252833135368,0.008904974847147362,509.0,2.0,-207.23195996368025,10.0,10.0,0.18181818181818182,0.005959670675821061,0.009012431540876902,ok,0.11631944444444445,2.1514150413049253,-0.14439332625771173,-0.03795682573792018,0.9697221052723493,-0.8637107497695525,0.7387746820668569,True,False,24.0,-2.306710458541775,-1.4417793719914058,0.1493646239384267,ok,120.0,1.0,3.7079733939730204,0.008905089468955962,509.0,2.0,-207.23156626356098,10.0,10.0,0.09090909090909091,0.004183482177659736,0.006694794924681761,0.0003937001192753087
c-0p80__money-normal__income-uniform__growth-preferential_debt__spend-high_income__topo-sw_k24,money-normal__income-uniform__growth-preferential_debt__spend-high_income__topo-sw_k24,0.8,normal,uniform,preferential_debt,high_income,sw_k24,201,5,3.0,0.0201402805611222,0.1091703056768559,201,5,1,5,30,ok,1.0,3.685544981618729,0.00730554444848408,201.0,1.0,-83.11438520533125,10.0,10.0,0.5454545454545454,0.007281587247433751,0.010772433399092644,ok,0.1222707423580786,2.1015174933790357,1.9419408038096755,0.5835256256857327,0.5595395113898831,-1.3176966953851748,0.8776609152342617,True,False,24.0,-0.4361021617434889,-0.5545310174165888,0.5792154841888341,ok,120.0,1.0,3.6854881930073433,0.007301996949625189,201.0,1.0,-83.11421093045351,10.0,10.0,0.45454545454545453,0.0074045237033716575,0.012864685568913807,0.0001742748777360248
c-0p50__money-lognormal__income-uniform__growth-preferential_debt__spend-high_both__topo-er_k24,money-lognormal__income-uniform__growth-preferential_debt__spend-high_both__topo-er_k24,0.5,lognormal,uniform,preferential_debt,high_both,er_k24,186,5,3.0,0.0262341325811001,0.1047619047619047,186,4,1,5,30,ok,1.0,3.743624488538522,0.009301808669613498,186.0,1.0,-73.89380641804182,10.0,10.0,0.18181818181818182,0.006657129653488669,0.011154059081801634,ok,0.1142857142857143,2.169053700369523,0.7366017936204581,0.23280797830572333,0.8159105173458371,-0.9423695290715827,0.7578513746266405,True,False,24.0,-0.6721795015916688,-0.6129959669537955,0.5398790064365424,ok,120.0,1.0,3.743579524986619,0.00929912747410866,186.0,1.0,-73.89368634157844,10.0,10.0,0.18181818181818182,0.008053061675209217,0.01234078993428808,0.00012007646337508504
c-0p70__money-lognormal__income-biased__growth-preferential_debt__spend-low__topo-er_k12,money-lognormal__income-biased__growth-preferential_debt__spend-low__topo-er_k12,0.7,lognormal,biased,preferential_debt,low,er_k12,176,5,3.0,0.0523809523809523,0.1015228426395939,176,4,1,5,30,ok,1.0,3.848808029845707,0.005378945989614525,176.0,1.0,-65.06868520029178,10.0,10.0,0.9090909090909091,0.007760293961775977,0.009612920143820375,ok,0.1065989847715736,2.2386812910145655,1.78229504218536,0.5590392489531033,0.5761349341136293,-1.494407557293757,0.8936006690104331,True,False,24.0,-0.24510637408265534,-0.3949920771961576,0.692848735055416,ok,120.0,1.0,3.8487786488761184,0.005377335498416458,176.0,1.0,-65.06861856488801,10.0,10.0,0.8181818181818182,0.00880863032929503,0.013484139710940556,6.66354037690553e-05
c-0p80__money-pareto__income-biased__growth-preferential_debt__spend-high_income__topo-er_k24,money-pareto__income-biased__growth-preferential_debt__spend-high_income__topo-er_k24,0.8,pareto,biased,preferential_debt,high_income,er_k24,684,5,3.0,0.0685370741482965,0.0997375328083989,684,5,1,5,30,ok,1.0,3.871543416115467,0.006613167022232913,684.0,2.0,-249.00250097619883,10.0,10.0,0.45454545454545453,0.00539164294110257,0.008410720442752227,ok,0.10236220472440945,2.2792377289970545,2.6422703214129597,0.5432457810991641,0.586960589360318,-1.093543920221043,0.7817023487069734,True,False,24.0,-1.79165666434292,-1.1600527470589956,0.24602733117563613,ok,120.0,1.0,3.871516623643036,0.00661172485343231,684.0,2.0,-249.00227019896406,10.0,10.0,0.2727272727272727,0.005298623018839721,0.009349924344315095,0.00023077723477626932
c-0p60__money-equal__income-biased__growth-random__spend-baseline__topo-sw_k12,money-equal__income-biased__growth-random__spend-baseline__topo-sw_k12,0.6,equal,biased,random,baseline,sw_k12,120,5,3.0,0.0306356905795251,0.0977443609022556,120,4,1,5,30,ok,1.0,4.056253814293978,0.007905115352259462,120.0,1.0,-38.57252509443468,10.0,9.0,0.6,0.00842486527139562,0.012084327782930648,ok,0.09774436090225563,2.325399770760217,4.000558178213078,1.3320761032792168,0.18283518197805904,-50.0,4.541955948269832,False,True,24.0,-0.19920591253671965,-0.5141504528501184,0.6071468055595339,ok,120.0,1.0,4.056241173068745,0.00790498084307456,120.0,1.0,-38.57250920434366,10.0,8.0,0.4444444444444444,0.007717139531529027,0.01471110520794481,1.5890091020764885e-05
c-0p70__money-pareto__income-uniform__growth-preferential_debt__spend-high_wealth__topo-ba_k24,money-pareto__income-uniform__growth-preferential_debt__spend-high_wealth__topo-ba_k24,0.7,pareto,uniform,preferential_debt,high_wealth,ba_k24,195,5,3.0,0.0199406892320278,0.0972222222222222,195,4,1,5,30,ok,1.0,3.963888700583454,0.0038337063254600956,195.0,1.0,-66.6894268257997,10.0,10.0,0.9090909090909091,0.0065431445274488406,0.008617857060328544,ok,0.09722222222222222,2.330755969960742,2.20082412185742,0.6591083074466234,0.5098262214105072,-1.7792794935593543,0.9417071862647935,True,False,24.0,-0.1569100987810077,-0.318820650042659,0.7498625183348337,ok,120.0,1.0,3.9638702227716442,0.0038327815575240898,195.0,1.0,-66.68938561671871,10.0,10.0,0.9090909090909091,0.008488833916037131,0.01846369951230497,4.120908099025655e-05
c-0p50__money-pareto__income-biased__growth-random__spend-baseline__topo-ba_k24,money-pareto__income-biased__growth-random__spend-baseline__topo-ba_k24,0.5,pareto,biased,random,baseline,ba_k24,486,5,3.0,0.2189189189189189,0.0964749536178107,486,5,1,5,30,ok,1.0,3.9558422264854625,0.0019882130522012043,486.0,2.0,-167.1143621339014,10.0,10.0,0.9090909090909091,0.0040193577478706,0.006234405778305384,ok,0.09833024118738405,2.319423657356875,6.119467952145623,1.418945654944819,0.15591486053020143,-2.32543551502502,1.0605037672817548,True,False,24.0,-0.29508122029546474,-0.7519544700191547,0.45207843966349914,ok,120.0,1.0,3.9558231366489887,0.001988068745727878,486.0,2.0,-167.11425515698795,10.0,10.0,0.9090909090909091,0.004280498476370543,0.006036804245317733,0.00010697691345740168
c-0p80__money-lognormal__income-biased__growth-preferential_debt__spend-high_wealth__topo-complete,money-lognormal__income-biased__growth-preferential_debt__spend-high_wealth__topo-complete,0.8,lognormal,biased,preferential_debt,high_wealth,complete,459,5,3.0,0.0459919839679358,0.0943025540275049,459,5,1,5,30,ok,1.0,3.9453637913218524,0.0034401174031826187,459.0,2.0,-158.94960700986974,10.0,10.0,0.5454545454545454,0.003721535476673443,0.005946984358734392,ok,0.09823182711198429,2.3204250111223765,4.531236725148852,1.0491807797559514,0.29409492295574424,-1.7586630602648043,0.9401038101413399,True,False,24.0,-0.4478991897042526,-0.6559643589001207,0.5118470566435657,ok,120.0,1.0,3.94534405752916,0.0034391171516152674,459.0,2.0,-158.9495004699544,10.0,10.0,0.6363636363636364,0.005000131707593725,0.007876311318531753,0.00010653991535036766
c-0p70__money-equal__income-uniform__growth-random__spend-high_income__topo-ba_k6,money-equal__income-uniform__growth-random__spend-high_income__topo-ba_k6,0.7,equal,uniform,random,high_income,ba_k6,210,5,3.0,0.0212014134275618,0.094017094017094,210,5,1,5,30,ok,1.0,3.9547032790436965,0.0044462178703359445,210.0,1.0,-72.26537649933225,10.0,10.0,0.9090909090909091,0.007521700408067567,0.012566001264513049,ok,0.10256410256410256,2.277267285009756,5.113891115350777,1.4819897964897923,0.13834300994792528,-6.374445261539229,1.6880022537195563,True,False,24.0,-0.10462566510294025,-0.49620887472091874,0.6197470502206369,ok,120.0,1.0,3.954684162335577,0.004445979953009327,210.0,1.0,-72.26533000737737,10.0,10.0,0.45454545454545453,0.00573962864617974,0.01155951298217116,4.649195487615998e-05
c-0p60__money-equal__income-uniform__growth-preferential_debt__spend-high_both__topo-er_k12,money-equal__income-uniform__growth-preferential_debt__spend-high_both__topo-er_k12,0.6,equal,uniform,preferential_debt,high_both,er_k12,194,5,3.0,0.0199732317512611,0.0930232558139534,194,4,1,5,30,ok,1.0,3.958076798128841,0.003903669832893919,194.0,1.0,-66.6077895600072,10.0,10.0,1.0,0.0075250701951906415,0.014426472049194563,ok,0.09767441860465116,2.32611559040424,2.179932436962766,0.6543653511161104,0.512876451791586,-1.7637381185316379,0.939148670169845,True,False,24.0,-0.1608111241585889,-0.32258085489825017,0.7470126948099038,ok,120.0,1.0,3.958058004598137,0.003902726245519239,194.0,1.0,-66.60774733778871,10.0,10.0,1.0,0.009597429917839273,0.017476000438198826,4.222221849659036e-05
c-0p30__money-lognormal__income-biased__growth-random__spend-high_wealth__topo-complete,money-lognormal__income-biased__growth-random__spend-high_wealth__topo-complete,0.3,lognormal,biased,random,high_wealth,complete,263,5,3.0,0.1918307804522246,0.0899653979238754,263,5,1,5,30,ok,1.0,4.081571257994218,0.0015495112683069356,263.0,1.0,-83.12008497999895,10.0,10.0,1.0,0.008011792308359134,0.011694122934999933,ok,0.08996539792387544,2.40833015009095,4.290207433183353,1.1161647282450589,0.2643516294502174,-3.1685457840492393,1.1937251642201794,True,False,24.0,-0.03705666195460733,-0.3250028704679278,0.7451788992104638,ok,120.0,1.0,4.081559921978316,0.0015494297150494551,263.0,1.0,-83.12005433988381,10.0,10.0,1.0,0.005589264228210466,0.010210994701864939,3.064011514197773e-05
c-0p80__money-uniform__income-biased__growth-preferential_debt__spend-high_both__topo-er_k24,money-uniform__income-biased__growth-preferential_debt__spend-high_both__topo-er_k24,0.8,uniform,biased,preferential_debt,high_both,er_k24,443,5,3.0,0.0443887775551102,0.0875763747454175,443,5,1,5,30,ok,1.0,3.950994317472792,0.005907778123885432,443.0,2.0,-152.82729037564255,10.0,10.0,0.36363636363636365,0.004395239566813114,0.009718957835580327,ok,0.09775967413441955,2.3252431168866297,4.357719717893211,0.9537135662560098,0.3402286511928141,-1.612724340093212,0.9048310189538005,True,False,24.0,-0.46153560588067183,-0.5637649506914116,0.572914107891919,ok,120.0,1.0,3.950974908785723,0.005908021069420899,443.0,2.0,-152.82719044021346,10.0,10.0,0.36363636363636365,0.004640697696696072,0.00818632856863269,9.993542909114694e-05
c-0p60__money-normal__income-biased__growth-preferential_debt__spend-high_both__topo-er_k24,money-normal__income-biased__growth-preferential_debt__spend-high_both__topo-er_k24,0.6,normal,biased,preferential_debt,high_both,er_k24,384,5,3.0,0.0395753890549314,0.0855106888361045,384,4,1,5,30,ok,1.0,4.096457417327727,0.004559218880934357,384.0,1.0,-120.16232012990058,10.0,10.0,0.45454545454545453,0.003987971353452224,0.006303492561671475,ok,0.08788598574821853,2.431714921038157,5.135399888858577,1.3760697619912894,0.1688000361043378,-3.1296945525069613,1.1838331110077382,True,False,24.0,-0.15205495029405064,-1.1318800128183446,0.25768488273718493,ok,120.0,1.0,4.096446701697176,0.004559111904816171,384.0,1.0,-120.16227863688974,10.0,10.0,0.36363636363636365,0.004647108657931021,0.008096072021380579,4.1493010840554234e-05
c-0p40__money-pareto__income-biased__growth-random__spend-high_wealth__topo-complete,money-pareto__income-biased__growth-random__spend-high_wealth__topo-complete,0.4,pareto,biased,random,high_wealth,complete,430,5,3.0,0.1892605633802817,0.0792291220556745,430,5,1,5,30,ok,1.0,4.345697482625072,0.007165206628280463,430.0,1.0,-114.1169155424493,10.0,10.0,0.09090909090909091,0.003162423077176546,0.0040477762927419335,ok,0.07922912205567452,2.5354113450246727,15.187245285417946,2.539361818980942,0.011105490535896542,-50.0,4.358648608472511,True,True,24.0,-1.1206317589931973,-1.4779781858851442,0.13941361712867528,ok,120.0,1.0,4.345693650729964,0.007165348184664855,430.0,1.0,-114.1169023442578,10.0,10.0,0.09090909090909091,0.00353898043860561,0.005558324654128536,1.3198191510355173e-05
c-0p30__money-lognormal__income-biased__growth-random__spend-high_income__topo-ba_k24,money-lognormal__income-biased__growth-random__spend-high_income__topo-ba_k24,0.3,lognormal,biased,random,high_income,ba_k24,365,5,3.0,0.2738184546136534,0.0780856423173803,365,4,1,5,30,ok,1.0,4.1969090064549235,0.0023619397262575337,365.0,1.0,-106.84296410349242,10.0,10.0,1.0,0.004880822323456435,0.007833154256880852,ok,0.08060453400503778,2.5182003778874638,4.413656382121513,1.1511996520026997,0.24965010835430723,-2.882879160303642,1.121988433211147,True,False,24.0,-0.10483657171563752,-0.5897333031940057,0.5553694641520438,ok,120.0,1.0,4.19690196401368,0.0023619301788495584,365.0,1.0,-106.84294036394161,10.0,10.0,1.0,0.0049309832727540085,0.008360612545911864,2.3739550812251764e-05
c-0p50__money-lognormal__income-biased__growth-random__spend-low__topo-sw_k12,money-lognormal__income-biased__growth-random__spend-low__topo-sw_k12,0.5,lognormal,biased,random,low,sw_k12,261,5,3.0,0.1993888464476699,0.07773851590106,261,5,1,5,30,ok,1.0,4.300012209296589,0.003307025436762312,261.0,1.0,-71.37572479069573,10.0,10.0,0.5454545454545454,0.004492449972305024,0.007510767368385012,ok,0.07773851590106007,2.5544044442849216,5.942986957234563,1.480278009790115,0.13879906928728275,-15.71618761771382,2.480939469788955,True,False,24.0,-0.17516115710236957,-0.38892621094031515,0.6973307321418902,ok,120.0,1.0,4.300007551528044,0.0033070328621515044,261.0,1.0,-71.3757147034281,10.0,10.0,0.6363636363636364,0.004662010907420322,0.008092657788820738,1.0087267625635832e-05
c-0p60__money-lognormal__income-biased__growth-preferential_debt__spend-high_income__topo-complete,money-lognormal__income-biased__growth-preferential_debt__spend-high_income__topo-complete,0.6,lognormal,biased,preferential_debt,high_income,complete,568,5,3.0,0.0590375220871011,0.0775444264943457,568,5,1,5,30,ok,1.0,4.148508347013786,0.0025896531852387383,568.0,2.0,-171.68841362498796,10.0,10.0,1.0,0.00461727822338589,0.0074100433131339665,ok,0.08239095315024232,2.4962796399602705,4.460677064222461,1.004950737519684,0.31492057140417273,-1.7867979843907176,0.9127015775040155,True,False,24.0,-0.4316267296745277,-0.633316924991012,0.5265267029741205,ok,120.0,1.0,4.148499678500939,0.0025892786677507162,568.0,2.0,-171.68836644850316,10.0,10.0,0.6363636363636364,0.004614061727021346,0.008216310240186325,4.7176484798683305e-05
c-0p50__money-pareto__income-biased__growth-random__spend-high_wealth__topo-complete,money-pareto__income-biased__growth-random__spend-high_wealth__topo-complete,0.5,pareto,biased,random,high_wealth,complete,649,5,3.0,0.1798282072596287,0.0701001430615164,649,5,1,5,30,ok,1.0,4.383693387845875,0.003935249674923091,649.0,2.0,-168.0034489193533,10.0,10.0,0.7272727272727273,0.004785338668196792,0.007822272862384343,ok,0.07153075822603719,2.637627736805664,12.045436489718348,2.290778343765946,0.021976236780855092,-11.770641817649194,2.1296541148853216,True,False,24.0,-0.39515017524699,-0.6857621844062863,0.492863086276936,ok,120.0,1.0,4.3836901695758765,0.003935230001826162,649.0,2.0,-168.0034324724719,10.0,10.0,0.2727272727272727,0.0032174134948672606,0.005609238914038948,1.6446881403453517e-05
c-0p50__money-pareto__income-biased__growth-random__spend-high_wealth__topo-ba_k24,money-pareto__income-biased__growth-random__spend-high_wealth__topo-ba_k24,0.5,pareto,biased,random,high_wealth,ba_k24,1068,5,3.0,0.297907949790795,0.0695652173913043,1068,5,1,5,30,ok,1.0,4.332817490961809,0.0010211731124517565,1068.0,2.0,-285.8394763867752,10.0,10.0,1.0,0.0022862337526703747,0.004112726848731873,ok,0.07130434782608694,2.6407979740930427,9.71040505093647,1.6888547196617558,0.09124727447181012,-2.4386388738614473,1.0177155733692853,True,False,24.0,-0.3189457598850566,-0.7214084142093484,0.47065827119465486,ok,120.0,1.0,4.33281349692424,0.0010210244224544418,1068.0,2.0,-285.8394414059458,10.0,10.0,0.9090909090909091,0.002745892844946829,0.004869507542569512,3.498082935493585e-05
c-0p70__money-pareto__income-biased__growth-random__spend-low__topo-er_k24,money-pareto__income-biased__growth-random__spend-low__topo-er_k24,0.7,pareto,biased,random,low,er_k24,780,5,3.0,0.2326274977631971,0.0625,780,5,1,5,30,ok,1.0,4.544081947401828,0.004650667405578068,780.0,2.0,-181.88733851219206,10.0,10.0,0.2727272727272727,0.003098828026449019,0.007505329417706016,ok,0.0625,2.772588722239781,12.627321531582066,2.3617562265441707,0.01818859797165963,-15.005764949743996,2.3484027792215425,True,False,24.0,-0.516438753913693,-0.7905447296769416,0.42920971053486645,ok,120.0,1.0,4.5440802934037485,0.004650659752834629,780.0,2.0,-181.88732970105826,10.0,10.0,0.2727272727272727,0.002656189245737195,0.006019574011999529,8.811133795916248e-06
c-0p60__money-pareto__income-biased__growth-random__spend-baseline__topo-complete,money-pareto__income-biased__growth-random__spend-baseline__topo-complete,0.6,pareto,biased,random,baseline,complete,673,5,3.0,0.1687139633993482,0.0561009817671809,673,5,1,5,30,ok,1.0,4.710811676633528,0.0056379350737642,673.0,1.0,-140.9167477569625,10.0,10.0,0.09090909090909091,0.0025916795872604646,0.00454602824426155,ok,0.056100981767180924,2.8806019663003597,13.163719982971223,2.437053821603875,0.014807475231687107,-50.0,4.168861174070911,True,True,24.0,-0.9884031053465112,-1.2721298175392473,0.2033269984711501,ok,120.0,1.0,4.710810955866845,0.005637933232575554,673.0,1.0,-140.9167444705157,10.0,10.0,0.09090909090909091,0.0024322842500888787,0.003564131727724945,3.286446798256293e-06
c-0p80__money-equal__income-uniform__growth-preferential_debt__spend-baseline__topo-complete,money-equal__income-uniform__growth-preferential_debt__spend-baseline__topo-complete,0.8,equal,uniform,preferential_debt,baseline,complete,190,4,3.0,0.0190380761523046,0.1983122362869198,190,4,1,4,30,ok,1.0,3.064299524600665,0.029953170888233793,190.0,2.0,-122.78930932915449,10.0,10.0,0.09090909090909091,0.012171863677432814,0.018002111796721808,ok,0.1983122362869198,1.6179125394250728,-4.750566870993514,-1.9046822984902092,0.05682138137011089,-0.26296270344390993,0.6310580466105736,True,False,24.0,-4.38405796208735,-2.004055312604245,0.04506413562739781,ok,120.0,1.0,3.0636327598520374,0.02988411427287674,190.0,2.0,-122.78538771370042,10.0,10.0,0.09090909090909091,0.012231711491809405,0.018793278033219566,0.003921615454075322
c-0p60__money-normal__income-uniform__growth-preferential_debt__spend-high_wealth__topo-complete,money-normal__income-uniform__growth-preferential_debt__spend-high_wealth__topo-complete,0.6,normal,uniform,preferential_debt,high_wealth,complete,107,4,3.0,0.0176189692079697,0.1705426356589147,107,4,1,4,30,ok,1.0,3.2489722853646974,0.021464747692168995,107.0,1.0,-60.30507764359171,10.0,10.0,0.36363636363636365,0.01784802249807683,0.029748117942803146,ok,0.17054263565891473,1.7687699510033563,-1.3848967422429,-0.748426429739719,0.45420298563740935,-0.43703794231987037,0.66897852067411,True,False,24.0,-1.503711678310904,-1.14075939122019,0.2539700638462834,ok,120.0,1.0,3.2486487305645166,0.021435948420448492,107.0,1.0,-60.304219674931396,10.0,10.0,0.2727272727272727,0.017882460568381987,0.026267819975361303,0.0008579686603127357
c-0p50__money-equal__income-uniform__growth-preferential_debt__spend-high_income__topo-complete,money-equal__income-uniform__growth-preferential_debt__spend-high_income__topo-complete,0.5,equal,uniform,preferential_debt,high_income,complete,101,4,3.0,0.0183070509334783,0.1652892561983471,101,4,1,4,30,ok,1.0,3.3478284874983215,0.018205297987454516,101.0,1.0,-52.98691412773852,10.0,10.0,0.45454545454545453,0.014839449721981379,0.026592309721823963,ok,0.1652892561983471,1.80005827204275,1.2619242174201177,0.8110788368070904,0.41732039841494506,-1.7777503190443422,1.0723188009680678,True,False,24.0,-0.28069308689110795,-0.8677611720909009,0.38552509002273494,ok,120.0,1.0,3.3476095533977506,0.018198570160737226,101.0,1.0,-52.98642533337555,10.0,10.0,0.36363636363636365,0.017916056407188474,0.04392330878496642,0.0004887943629725555
c-0p80__money-equal__income-uniform__growth-preferential_debt__spend-high_wealth__topo-complete,money-equal__income-uniform__growth-preferential_debt__spend-high_wealth__topo-complete,0.8,equal,uniform,preferential_debt,high_wealth,complete,198,4,3.0,0.0198396793587174,0.1645569620253164,198,4,1,4,30,ok,2.0,5.685732866471871,0.008032065662481713,34.0,2.0,-14.958705735241773,10.0,10.0,1.0,0.020968685379972908,0.03855814409246572,ok,0.12820512820512822,2.054123733695546,-0.023248935305552054,-0.05031761440266631,0.9598692872856868,-0.6157323948463053,0.6002227264327124,True,False,24.0,-0.06603684918890051,-0.2979677771349819,0.7657277572601675,ok,120.0,2.0,5.685732387432628,0.008032067750956218,34.0,2.0,-14.95870567650575,10.0,9.0,1.0,0.024685646898044186,0.03781246118473354,5.8736024044492297e-08
c-0p60__money-lognormal__income-uniform__growth-preferential_debt__spend-high_both__topo-complete,money-lognormal__income-uniform__growth-preferential_debt__spend-high_both__topo-complete,0.6,lognormal,uniform,preferential_debt,high_both,complete,195,4,3.0,0.0199040522608961,0.1594827586206896,195,4,1,4,30,ok,1.0,3.309366855269321,0.022928929102577933,195.0,2.0,-105.18118784364815,10.0,10.0,0.09090909090909091,0.012502709605750239,0.02001791550270948,ok,0.15948275862068964,1.8358194590220855,-3.3769943048311646,-1.451389162055248,0.1466715259275667,-0.3258544934288941,0.6035185233122737,True,False,24.0,-3.3052660485599077,-1.6542098876623281,0.09808487455071566,ok,120.0,1.0,3.3091118332468423,0.02290732104187143,195.0,2.0,-105.1800393870796,10.0,10.0,0.36363636363636365,0.01449877661091693,0.026068040521336218,0.0011484565685435655
c-0p80__money-lognormal__income-uniform__growth-preferential_debt__spend-high_wealth__topo-complete,money-lognormal__income-uniform__growth-preferential_debt__spend-high_wealth__topo-complete,0.8,lognormal,uniform,preferential_debt,high_wealth,complete,196,4,3.0,0.0196392785571142,0.1587982832618025,196,4,1,4,30,ok,1.0,3.366190735246432,0.013485615277863516,196.0,1.0,-101.47759886383199,10.0,10.0,0.2727272727272727,0.009446776680553414,0.02141119076800424,ok,0.15879828326180256,1.8401205409214763,0.49992483995858183,0.2388454295728729,0.8112254417881026,-1.0899368587094862,0.8792662138615243,True,False,24.0,-0.9603601891612725,-1.2218522419085966,0.22176350848474013,ok,120.0,1.0,3.365987226707053,0.013487264960754697,196.0,1.0,-101.47673515653673,10.0,10.0,0.18181818181818182,0.00930254182924144,0.016979936800638862,0.000863707295252425
c-0p70__money-equal__income-biased__growth-preferential_debt__spend-baseline__topo-complete,money-equal__income-biased__growth-preferential_debt__spend-baseline__topo-complete,0.7,equal,biased,preferential_debt,baseline,complete,192,4,3.0,0.0263085776925184,0.1578947368421052,192,4,1,4,30,ok,1.0,3.324124676060478,0.02166134798595032,192.0,1.0,-102.46392061975021,10.0,10.0,0.18181818181818182,0.015054991723972622,0.03216661415524967,ok,0.15789473684210525,1.845826690498331,-3.018910431891727,-1.3153180100779447,0.18840304775990158,-0.35980064123470556,0.6166884804202575,True,False,24.0,-2.9908273767181317,-1.5900276111355331,0.1118285813933092,ok,120.0,1.0,3.323884162148665,0.021641214062555036,192.0,1.0,-102.46287191086817,10.0,10.0,0.09090909090909091,0.008903899043656937,0.013754907046493006,0.0010487088820383406
c-0p80__money-equal__income-biased__growth-preferential_debt__spend-baseline__topo-complete,money-equal__income-biased__growth-preferential_debt__spend-baseline__topo-complete,0.8,equal,biased,preferential_debt,baseline,complete,275,4,3.0,0.0275551102204408,0.1538461538461538,275,4,1,4,30,ok,1.0,3.3607194710540185,0.019802542439275705,275.0,2.0,-142.93992698347643,10.0,10.0,0.09090909090909091,0.009931511373212364,0.017953836840882087,ok,0.15384615384615385,1.8718021769015913,-3.4099448560261707,-1.2043769495373577,0.2284439171039655,-0.42317955104417165,0.6380650976264097,True,False,24.0,-3.64464826748822,-1.7282336606060846,0.0839463411930734,ok,120.0,1.0,3.3605114166078915,0.019785637703758296,275.0,2.0,-142.9386808418793,10.0,10.0,0.09090909090909091,0.008852428375605603,0.012155962896271136,0.0012461415971358747
c-0p60__money-pareto__income-biased__growth-preferential_debt__spend-baseline__topo-ba_k24,money-pareto__income-biased__growth-preferential_debt__spend-baseline__topo-ba_k24,0.6,pareto,biased,preferential_debt,baseline,ba_k24,116,4,3.0,0.0301926080166579,0.1532846715328467,116,4,1,4,30,ok,1.0,3.4080617152080563,0.009598233532728706,116.0,1.0,-58.28436608251514,10.0,10.0,0.6363636363636364,0.01346194260822443,0.021706977284915434,ok,0.1532846715328467,1.875458488104702,0.4015873954077893,0.2289671478626821,0.8188944500697763,-1.0824576541372557,0.8674215100932192,True,False,24.0,-0.5335379160685644,-0.8468566541460504,0.39707502538526585,ok,120.0,1.0,3.4078893191863346,0.009597721106893609,116.0,1.0,-58.28395320981828,10.0,10.0,0.5454545454545454,0.01167698301826734,0.024827462238561505,0.0004128726968630758
