scenario_id,family,control_value,n_nodes,money_distribution,seed,events,fit_status,xmin,alpha,ks,tail_n,bounded_fit_status,bounded_xmin,bounded_alpha,bounded_ks,bounded_tail_n
finite_fixed__N1000_K140__lognormal__biased__random,finite_fixed,0.14,1000,lognormal,2028420000,250,ok,91,20.78095599811079,0.049015610032403734,30,ok,91,20.780957553052442,0.04901558798180061,30
finite_fixed__N1000_K140__lognormal__biased__random,finite_fixed,0.14,1000,lognormal,2028420001,250,ok,88,16.22191569796664,0.0707597000996032,36,ok,88,16.221917436538153,0.07075974155602549,36
finite_fixed__N1000_K140__lognormal__biased__random,finite_fixed,0.14,1000,lognormal,2028420002,250,ok,80,15.308119095377158,0.10522217102267772,47,ok,80,15.308119119547438,0.10522217163238912,47
finite_fixed__N1000_K140__lognormal__biased__random,finite_fixed,0.14,1000,lognormal,2028420003,249,ok,94,21.39828242781482,0.043184451546903535,32,ok,94,21.39828120337402,0.043184429726701556,32
finite_fixed__N1000_K140__lognormal__biased__random,finite_fixed,0.14,1000,lognormal,2028420004,250,ok,68,7.334063205690425,0.12249981748530736,83,ok,68,7.334059217113836,0.12249961723045932,83
finite_fixed__N1000_K140__lognormal__biased__random,finite_fixed,0.14,1000,lognormal,2028420005,249,ok,90,19.766260875971465,0.07902003466029806,32,ok,90,19.766260517723104,0.07902002778256312,32
finite_fixed__N1000_K140__lognormal__biased__random,finite_fixed,0.14,1000,lognormal,2028420006,250,ok,86,12.825722321653757,0.06423129654455662,33,ok,86,12.825722595510507,0.06423130308976521,33
finite_fixed__N1000_K140__lognormal__biased__random,finite_fixed,0.14,1000,lognormal,2028420007,250,ok,86,13.064040404885857,0.12212656283334308,55,ok,86,13.06404018077499,0.1221265577362208,55
finite_fixed__N1000_K140__lognormal__biased__random,finite_fixed,0.14,1000,lognormal,2028420008,250,ok,70,6.905848711064522,0.1324476400983317,105,ok,70,6.905835405792218,0.1324469031170939,105
finite_fixed__N1000_K140__lognormal__biased__random,finite_fixed,0.14,1000,lognormal,2028420009,250,ok,88,14.962292029458316,0.11361931530862007,51,ok,88,14.962291120274935,0.11361929142594424,51
finite_fixed__N1000_K140__lognormal__biased__random,finite_fixed,0.14,1000,lognormal,2028420010,250,ok,90,16.137582091816892,0.13654268432806166,33,ok,90,16.13757983845116,0.13654263054269017,33
finite_fixed__N1000_K140__lognormal__biased__random,finite_fixed,0.14,1000,lognormal,2028420011,249,ok,90,17.35062687654575,0.09402964339749015,36,ok,90,17.350625733633787,0.0940296189545306,36
finite_fixed__N1000_K140__lognormal__biased__random,finite_fixed,0.14,1000,lognormal,2028420012,249,ok,79,12.374395129268272,0.10020189683129754,59,ok,79,12.374394808699492,0.10020188700467769,59
finite_fixed__N1000_K140__lognormal__biased__random,finite_fixed,0.14,1000,lognormal,2028420013,250,ok,88,16.798551907206058,0.11434555741304087,43,ok,88,16.798551434041666,0.11434554640897876,43
finite_fixed__N1000_K140__lognormal__biased__random,finite_fixed,0.14,1000,lognormal,2028420014,250,ok,82,13.050387405967346,0.10675839032557044,59,ok,82,13.05038531376697,0.10675832830758047,59
finite_fixed__N1000_K140__lognormal__biased__random,finite_fixed,0.14,1000,lognormal,2028420015,250,ok,87,17.798048581058016,0.07596109388007488,43,ok,87,17.798047997526094,0.07596108220003728,43
finite_fixed__N1000_K140__lognormal__biased__random,finite_fixed,0.14,1000,lognormal,2028420016,250,ok,79,12.474852053714844,0.07613704739611582,57,ok,79,12.474850784686094,0.07613701044338761,57
finite_fixed__N1000_K140__lognormal__biased__random,finite_fixed,0.14,1000,lognormal,2028420017,250,ok,84,13.259976101249974,0.07030119953069502,50,ok,84,13.25997643094039,0.0703012076240862,50
finite_fixed__N1000_K140__lognormal__biased__random,finite_fixed,0.14,1000,lognormal,2028420018,250,ok,90,21.335888150114553,0.07796324949278344,44,ok,90,21.335888953773534,0.07796326395312003,44
finite_fixed__N1000_K140__lognormal__biased__random,finite_fixed,0.14,1000,lognormal,2028420019,249,ok,85,14.814632603304164,0.13229384916568676,50,ok,85,14.81463204355966,0.13229383428337071,50
finite_fixed__N1000_K140__lognormal__biased__random,finite_fixed,0.14,1000,lognormal,2028420020,250,ok,78,11.557799998153763,0.10567352806787417,62,ok,78,11.55780073378676,0.10567354982589094,62
finite_fixed__N1000_K140__lognormal__biased__random,finite_fixed,0.14,1000,lognormal,2028420021,250,ok,81,11.071227528717056,0.09697593629195311,56,ok,81,11.071228052666434,0.09697595541343751,56
finite_fixed__N1000_K140__lognormal__biased__random,finite_fixed,0.14,1000,lognormal,2028420022,248,ok,86,15.267021389697385,0.12992626018582992,47,ok,86,15.267019414722771,0.12992621030423196,47
finite_fixed__N1000_K140__lognormal__biased__random,finite_fixed,0.14,1000,lognormal,2028420023,250,ok,67,6.1275761208016535,0.13625528406499038,123,ok,67,6.127510011668243,0.1362511100538542,123
finite_fixed__N1000_K140__lognormal__biased__random,finite_fixed,0.14,1000,lognormal,2028420024,249,ok,89,15.938455819437545,0.12162566308440348,37,ok,89,15.938455921540003,0.12162566471807135,37
finite_fixed__N1000_K140__lognormal__biased__random,finite_fixed,0.14,1000,lognormal,2028420025,250,ok,82,15.913730509106655,0.10007485541755223,43,ok,82,15.913730555459125,0.10007485655298054,43
finite_fixed__N1000_K140__lognormal__biased__random,finite_fixed,0.14,1000,lognormal,2028420026,250,ok,90,18.19063535206032,0.040486838010509674,30,ok,90,18.19063620493542,0.04048685621784087,30
finite_fixed__N1000_K140__lognormal__biased__random,finite_fixed,0.14,1000,lognormal,2028420027,250,ok,85,15.286142108617861,0.04810142222798164,39,ok,85,15.286141330485806,0.04810143017705082,39
finite_fixed__N1000_K140__lognormal__biased__random,finite_fixed,0.14,1000,lognormal,2028420028,250,ok,86,15.075112329912928,0.06317439865916064,39,ok,86,15.075112015751259,0.06317439097324762,39
finite_fixed__N1000_K140__lognormal__biased__random,finite_fixed,0.14,1000,lognormal,2028420029,250,ok,83,14.4191173375525,0.10487390013780817,58,ok,83,14.41911767832535,0.10487390767286242,58
finite_fixed__N100_K14__lognormal__biased__random,finite_fixed,0.14,100,lognormal,2028120000,242,ok,10,7.860728692376996,0.12495761970703156,46,ok,10,7.8607178320656885,0.12495712421845695,46
finite_fixed__N100_K14__lognormal__biased__random,finite_fixed,0.14,100,lognormal,2028120001,239,ok,11,11.57886941191078,0.06755710339026777,42,ok,11,11.578869037535368,0.06755709049923497,42
finite_fixed__N100_K14__lognormal__biased__random,finite_fixed,0.14,100,lognormal,2028120002,237,ok,9,8.52776186207415,0.06402506473238057,38,ok,9,8.527761041342263,0.06402503047065422,38
finite_fixed__N100_K14__lognormal__biased__random,finite_fixed,0.14,100,lognormal,2028120003,237,ok,10,9.676666400142242,0.05668552295432627,48,ok,10,9.6766657324701,0.056685495906161565,48
finite_fixed__N100_K14__lognormal__biased__random,finite_fixed,0.14,100,lognormal,2028120004,234,ok,7,5.192581525267143,0.09832432783215483,80,ok,7,5.19205798500498,0.09828836168340482,80
finite_fixed__N100_K14__lognormal__biased__random,finite_fixed,0.14,100,lognormal,2028120005,235,ok,8,6.529326929158163,0.08813593271803877,71,ok,8,6.5292775961086145,0.08813316958025436,71
finite_fixed__N100_K14__lognormal__biased__random,finite_fixed,0.14,100,lognormal,2028120006,236,ok,9,7.591791172764314,0.07532539340177202,46,ok,9,7.59178117546495,0.07532493579116228,46
finite_fixed__N100_K14__lognormal__biased__random,finite_fixed,0.14,100,lognormal,2028120007,236,ok,10,8.953983027694328,0.06930685093650979,31,ok,10,8.953981841365051,0.06930680717603965,31
finite_fixed__N100_K14__lognormal__biased__random,finite_fixed,0.14,100,lognormal,2028120008,243,ok,9,7.1123457647277695,0.08455007383385849,47,ok,9,7.1123181866204535,0.08454868340313881,47
finite_fixed__N100_K14__lognormal__biased__random,finite_fixed,0.14,100,lognormal,2028120009,237,ok,8,6.523701710341935,0.08844294703151756,58,ok,8,6.523651397815225,0.08844018011122379,58
finite_fixed__N100_K14__lognormal__biased__random,finite_fixed,0.14,100,lognormal,2028120010,241,ok,8,6.7700501235014405,0.09751028546289392,58,ok,8,6.77002128343909,0.09750871383166343,58
finite_fixed__N100_K14__lognormal__biased__random,finite_fixed,0.14,100,lognormal,2028120011,235,ok,9,8.180782604250673,0.027138237091839268,50,ok,9,8.180780320357474,0.027138134978537676,50
finite_fixed__N100_K14__lognormal__biased__random,finite_fixed,0.14,100,lognormal,2028120012,237,ok,10,8.662309242291421,0.09256347107620744,46,ok,10,8.66230686219941,0.0925633773203679,46
finite_fixed__N100_K14__lognormal__biased__random,finite_fixed,0.14,100,lognormal,2028120013,240,ok,7,4.707316558904279,0.08906350321859702,104,ok,7,4.705783378289969,0.0889371515731171,104
finite_fixed__N100_K14__lognormal__biased__random,finite_fixed,0.14,100,lognormal,2028120014,233,ok,8,5.11756641803904,0.0936908377228417,114,ok,8,5.116520063202062,0.09361708918100059,114
finite_fixed__N100_K14__lognormal__biased__random,finite_fixed,0.14,100,lognormal,2028120015,239,ok,9,7.355095151324098,0.07654239817811404,50,ok,9,7.355079016433609,0.07654162613568571,50
finite_fixed__N100_K14__lognormal__biased__random,finite_fixed,0.14,100,lognormal,2028120016,239,ok,10,8.072524238547512,0.08394686522024863,57,ok,10,8.07251725833049,0.08394655304444909,57
finite_fixed__N100_K14__lognormal__biased__random,finite_fixed,0.14,100,lognormal,2028120017,241,ok,10,7.589217730270474,0.09614679829181311,39,ok,10,7.589198283342169,0.09614588657386314,39
finite_fixed__N100_K14__lognormal__biased__random,finite_fixed,0.14,100,lognormal,2028120018,230,ok,8,5.245309498147418,0.08401046638320042,92,ok,8,5.244509852488642,0.08395898035865745,92
finite_fixed__N100_K14__lognormal__biased__random,finite_fixed,0.14,100,lognormal,2028120019,236,ok,10,7.693706512475512,0.09026899788414461,48,ok,10,7.693690970836489,0.0902682768573066,48
finite_fixed__N100_K14__lognormal__biased__random,finite_fixed,0.14,100,lognormal,2028120020,239,ok,7,4.893270592033283,0.13161829805671255,99,ok,7,4.892251580488319,0.1315457463355288,99
finite_fixed__N100_K14__lognormal__biased__random,finite_fixed,0.14,100,lognormal,2028120021,235,ok,10,7.69124515954796,0.11097718154797798,40,ok,10,7.691229425310283,0.11097645091508895,40
finite_fixed__N100_K14__lognormal__biased__random,finite_fixed,0.14,100,lognormal,2028120022,241,ok,10,7.097292742027373,0.04944836333958119,37,ok,10,7.097240069211075,0.04944578310061215,37
finite_fixed__N100_K14__lognormal__biased__random,finite_fixed,0.14,100,lognormal,2028120023,233,ok,8,6.20997149939318,0.05559846887977149,80,ok,8,6.209871189303568,0.055592547535467496,80
finite_fixed__N100_K14__lognormal__biased__random,finite_fixed,0.14,100,lognormal,2028120024,237,ok,9,6.264241136957041,0.08397786945450697,70,ok,9,6.264079424815845,0.08396894518473413,70
finite_fixed__N100_K14__lognormal__biased__random,finite_fixed,0.14,100,lognormal,2028120025,240,ok,10,7.063393447051728,0.031030425418277496,49,ok,10,7.0633376903015765,0.031027521381217893,49
finite_fixed__N100_K14__lognormal__biased__random,finite_fixed,0.14,100,lognormal,2028120026,237,ok,8,6.017880367245246,0.057551295291030424,64,ok,8,6.017727618393681,0.057542233098130724,64
finite_fixed__N100_K14__lognormal__biased__random,finite_fixed,0.14,100,lognormal,2028120027,238,ok,10,9.631970269758531,0.039066760583559734,41,ok,10,9.631970441886653,0.03906676864638592,41
finite_fixed__N100_K14__lognormal__biased__random,finite_fixed,0.14,100,lognormal,2028120028,241,ok,11,9.293735956859017,0.06808015223395403,36,ok,11,9.293735015716717,0.06808011942093051,36
finite_fixed__N100_K14__lognormal__biased__random,finite_fixed,0.14,100,lognormal,2028120029,237,ok,9,6.7579926731048925,0.05577260527205563,37,ok,9,6.757935378458376,0.05577440291969182,37
finite_fixed__N200_K28__lognormal__biased__random,finite_fixed,0.14,200,lognormal,2028220000,244,ok,17,10.91600334129669,0.06494377555098751,44,ok,17,10.91600392272292,0.0649437902425033,44
finite_fixed__N200_K28__lognormal__biased__random,finite_fixed,0.14,200,lognormal,2028220001,241,ok,20,11.436310400932364,0.08263331581901512,33,ok,20,11.436309368125457,0.08263334329000493,33
finite_fixed__N200_K28__lognormal__biased__random,finite_fixed,0.14,200,lognormal,2028220002,246,ok,19,11.06439230183018,0.08792442697537078,31,ok,19,11.064393012848528,0.087924448950991,31
finite_fixed__N200_K28__lognormal__biased__random,finite_fixed,0.14,200,lognormal,2028220003,243,ok,17,8.35045767662458,0.06482449893309083,41,ok,17,8.350456646573463,0.06482446217938376,41
finite_fixed__N200_K28__lognormal__biased__random,finite_fixed,0.14,200,lognormal,2028220004,240,ok,19,10.534888700859595,0.11485077321693254,43,ok,19,10.534888421111622,0.11485076438584402,43
finite_fixed__N200_K28__lognormal__biased__random,finite_fixed,0.14,200,lognormal,2028220005,244,ok,18,7.96238721685864,0.09106281358951285,48,ok,18,7.96238237804169,0.09106259014563023,48
finite_fixed__N200_K28__lognormal__biased__random,finite_fixed,0.14,200,lognormal,2028220006,245,ok,18,9.430811705982627,0.08580081921367577,40,ok,18,9.430809976934723,0.0858007481070725,40
finite_fixed__N200_K28__lognormal__biased__random,finite_fixed,0.14,200,lognormal,2028220007,249,ok,20,11.539177119093301,0.04781565304394503,36,ok,20,11.539176497405016,0.04781563475881634,36
finite_fixed__N200_K28__lognormal__biased__random,finite_fixed,0.14,200,lognormal,2028220008,244,ok,17,7.832635833793828,0.10302704899116805,57,ok,17,7.832631799265032,0.10302685944447537,57
finite_fixed__N200_K28__lognormal__biased__random,finite_fixed,0.14,200,lognormal,2028220009,241,ok,18,8.751200302262433,0.11237575126259569,57,ok,18,8.751198819666595,0.11237569437371253,57
finite_fixed__N200_K28__lognormal__biased__random,finite_fixed,0.14,200,lognormal,2028220010,246,ok,19,11.744578977830098,0.08230234943811748,43,ok,19,11.744579872216132,0.0823023760894886,43
finite_fixed__N200_K28__lognormal__biased__random,finite_fixed,0.14,200,lognormal,2028220011,247,ok,17,9.55348625113958,0.08321484265216272,50,ok,17,9.55348611534964,0.0832148371600816,50
finite_fixed__N200_K28__lognormal__biased__random,finite_fixed,0.14,200,lognormal,2028220012,247,ok,17,8.645180925803816,0.10488055876596802,44,ok,17,8.645180523337975,0.10488054261038726,44
finite_fixed__N200_K28__lognormal__biased__random,finite_fixed,0.14,200,lognormal,2028220013,243,ok,13,5.34263473849707,0.10138285284343651,103,ok,13,5.342324453382468,0.10136024241272512,103
finite_fixed__N200_K28__lognormal__biased__random,finite_fixed,0.14,200,lognormal,2028220014,244,ok,17,8.566095575005573,0.08360103189741153,40,ok,17,8.566094617890395,0.08360099819234107,40
finite_fixed__N200_K28__lognormal__biased__random,finite_fixed,0.14,200,lognormal,2028220015,248,ok,18,8.536444669860401,0.07489692064511883,30,ok,18,8.536443647564353,0.0748968869863228,30
finite_fixed__N200_K28__lognormal__biased__random,finite_fixed,0.14,200,lognormal,2028220016,245,ok,15,5.903182004754554,0.11674017272902959,99,ok,15,5.903018283269793,0.11672949347180783,99
finite_fixed__N200_K28__lognormal__biased__random,finite_fixed,0.14,200,lognormal,2028220017,244,ok,17,10.727627220718201,0.09459136369228582,33,ok,17,10.7276281042854,0.09459139685345042,33
finite_fixed__N200_K28__lognormal__biased__random,finite_fixed,0.14,200,lognormal,2028220018,247,ok,17,9.628436454807558,0.03142956269375663,41,ok,17,9.62843623965936,0.03142955527924335,41
finite_fixed__N200_K28__lognormal__biased__random,finite_fixed,0.14,200,lognormal,2028220019,245,ok,18,7.862342979770294,0.048205660945028095,65,ok,18,7.86233700563258,0.04820540282779873,65
finite_fixed__N200_K28__lognormal__biased__random,finite_fixed,0.14,200,lognormal,2028220020,239,ok,16,9.672719580610451,0.09323976549787416,37,ok,16,9.672719541336386,0.09323976417265178,37
finite_fixed__N200_K28__lognormal__biased__random,finite_fixed,0.14,200,lognormal,2028220021,243,ok,18,8.585980035481528,0.059214791482888884,64,ok,18,8.585978428476382,0.05921472034408015,64
finite_fixed__N200_K28__lognormal__biased__random,finite_fixed,0.14,200,lognormal,2028220022,246,ok,19,10.788911754548927,0.10463739238842701,37,ok,19,10.788911866981033,0.1046373959418922,37
finite_fixed__N200_K28__lognormal__biased__random,finite_fixed,0.14,200,lognormal,2028220023,240,ok,16,9.690007936640686,0.0513815611063555,50,ok,16,9.690006931311268,0.05138153651878408,50
finite_fixed__N200_K28__lognormal__biased__random,finite_fixed,0.14,200,lognormal,2028220024,245,ok,14,5.662124814567211,0.0990926120857164,96,ok,14,5.661919697785246,0.09907941311918889,96
finite_fixed__N200_K28__lognormal__biased__random,finite_fixed,0.14,200,lognormal,2028220025,244,ok,16,8.349034784483043,0.06537768315373615,63,ok,16,8.349033318040096,0.0653776144095165,63
finite_fixed__N200_K28__lognormal__biased__random,finite_fixed,0.14,200,lognormal,2028220026,246,ok,17,9.455516654203318,0.04134934204211538,56,ok,17,9.455516755309683,0.0413493466663718,56
finite_fixed__N200_K28__lognormal__biased__random,finite_fixed,0.14,200,lognormal,2028220027,246,ok,18,10.818245514688918,0.08480966976693172,51,ok,18,10.818244277446357,0.08480962362268318,51
finite_fixed__N200_K28__lognormal__biased__random,finite_fixed,0.14,200,lognormal,2028220028,245,ok,15,8.636165657093512,0.06476271163510022,69,ok,15,8.636165698321488,0.06476271406492651,69
finite_fixed__N200_K28__lognormal__biased__random,finite_fixed,0.14,200,lognormal,2028220029,241,ok,14,6.474080528431196,0.08205043752706165,83,ok,14,6.474049105263757,0.08204905038550808,83
finite_fixed__N500_K70__lognormal__biased__random,finite_fixed,0.14,500,lognormal,2028320000,248,ok,42,12.802008238213174,0.05438483617951051,39,ok,42,12.802008561684703,0.05438482627908692,39
finite_fixed__N500_K70__lognormal__biased__random,finite_fixed,0.14,500,lognormal,2028320001,249,ok,40,12.820175203815989,0.0596030335747032,52,ok,40,12.820176868555155,0.059603084837514975,52
finite_fixed__N500_K70__lognormal__biased__random,finite_fixed,0.14,500,lognormal,2028320002,248,ok,42,10.060283647824525,0.08540791532990588,50,ok,42,10.060283857934598,0.08540792381562445,50
finite_fixed__N500_K70__lognormal__biased__random,finite_fixed,0.14,500,lognormal,2028320003,250,ok,44,13.68619528563471,0.1233249493422533,38,ok,44,13.686194315860527,0.12332492160665304,38
finite_fixed__N500_K70__lognormal__biased__random,finite_fixed,0.14,500,lognormal,2028320004,249,ok,45,16.05272358815338,0.05024402277152207,31,ok,45,16.052723630090224,0.050244023451098796,31
finite_fixed__N500_K70__lognormal__biased__random,finite_fixed,0.14,500,lognormal,2028320005,250,ok,43,10.961989607419532,0.08166384404651794,35,ok,43,10.961989525035923,0.08166384165996671,35
finite_fixed__N500_K70__lognormal__biased__random,finite_fixed,0.14,500,lognormal,2028320006,249,ok,41,9.09167275907585,0.10178709693024979,61,ok,41,9.091672662800026,0.10178709345466763,61
finite_fixed__N500_K70__lognormal__biased__random,finite_fixed,0.14,500,lognormal,2028320007,249,ok,39,9.388280181784726,0.07614860591292616,62,ok,39,9.388280376440457,0.07614861426161379,62
finite_fixed__N500_K70__lognormal__biased__random,finite_fixed,0.14,500,lognormal,2028320008,250,ok,43,12.208622086377154,0.07937856348279548,36,ok,43,12.208622078211633,0.0793785632155588,36
finite_fixed__N500_K70__lognormal__biased__random,finite_fixed,0.14,500,lognormal,2028320009,250,ok,38,7.85498659404558,0.0883376463529339,80,ok,38,7.854984811011592,0.08833756289737876,80
finite_fixed__N500_K70__lognormal__biased__random,finite_fixed,0.14,500,lognormal,2028320010,248,ok,42,12.07037479972763,0.12776892655420846,39,ok,42,12.070373534134378,0.12776888578959966,39
finite_fixed__N500_K70__lognormal__biased__random,finite_fixed,0.14,500,lognormal,2028320011,249,ok,43,13.51037513289548,0.07523265695911807,40,ok,43,13.510374121641691,0.07523262745043191,40
finite_fixed__N500_K70__lognormal__biased__random,finite_fixed,0.14,500,lognormal,2028320012,249,ok,43,13.60097902779367,0.07596740191437878,33,ok,43,13.60097869729403,0.07596739340723763,33
finite_fixed__N500_K70__lognormal__biased__random,finite_fixed,0.14,500,lognormal,2028320013,249,ok,46,26.637811094003368,0.05006309554970512,34,ok,46,26.637813362627895,0.050063127913539174,34
finite_fixed__N500_K70__lognormal__biased__random,finite_fixed,0.14,500,lognormal,2028320014,248,ok,44,11.92651645398658,0.10425026947262644,46,ok,44,11.926515441248425,0.10425023690212526,46
finite_fixed__N500_K70__lognormal__biased__random,finite_fixed,0.14,500,lognormal,2028320015,250,ok,41,10.596094986654036,0.06506874803503859,58,ok,41,10.59609545235463,0.06506876480452145,58
finite_fixed__N500_K70__lognormal__biased__random,finite_fixed,0.14,500,lognormal,2028320016,250,ok,47,15.049294146401914,0.04065924418306943,32,ok,47,15.049294500780588,0.040659234983428494,32
finite_fixed__N500_K70__lognormal__biased__random,finite_fixed,0.14,500,lognormal,2028320017,248,ok,41,12.191479344247712,0.038764063198100496,50,ok,41,12.191479621527156,0.038764068340734675,50
finite_fixed__N500_K70__lognormal__biased__random,finite_fixed,0.14,500,lognormal,2028320018,250,ok,34,7.045226532925219,0.0959113326554909,93,ok,34,7.0452186068606295,0.0959109459772921,93
finite_fixed__N500_K70__lognormal__biased__random,finite_fixed,0.14,500,lognormal,2028320019,247,ok,44,13.696764684598568,0.12418703890128291,47,ok,44,13.696765168199041,0.12418705272256869,47
finite_fixed__N500_K70__lognormal__biased__random,finite_fixed,0.14,500,lognormal,2028320020,249,ok,42,11.317714444055902,0.13666260213535353,42,ok,42,11.31771434700108,0.13666259868536346,42
finite_fixed__N500_K70__lognormal__biased__random,finite_fixed,0.14,500,lognormal,2028320021,250,ok,39,10.191154038138357,0.11200393153744836,50,ok,39,10.191154660552176,0.1120039513338521,50
finite_fixed__N500_K70__lognormal__biased__random,finite_fixed,0.14,500,lognormal,2028320022,250,ok,47,15.761500073488282,0.05885598914616985,31,ok,47,15.761499641918993,0.058855978616545346,31
finite_fixed__N500_K70__lognormal__biased__random,finite_fixed,0.14,500,lognormal,2028320023,250,ok,35,6.854999263286465,0.10488720987753863,96,ok,35,6.85498535698527,0.10488655980088518,96
finite_fixed__N500_K70__lognormal__biased__random,finite_fixed,0.14,500,lognormal,2028320024,249,ok,47,19.332818913276885,0.07100184018162092,30,ok,47,19.33281708624954,0.07100180465949013,30
finite_fixed__N500_K70__lognormal__biased__random,finite_fixed,0.14,500,lognormal,2028320025,250,ok,44,18.636257800400333,0.07654400069142164,34,ok,44,18.636258932996924,0.07654402371281444,34
finite_fixed__N500_K70__lognormal__biased__random,finite_fixed,0.14,500,lognormal,2028320026,249,ok,46,13.659992076436685,0.08642676811377908,33,ok,46,13.659992329870345,0.08642677443322255,33
finite_fixed__N500_K70__lognormal__biased__random,finite_fixed,0.14,500,lognormal,2028320027,247,ok,42,13.10248132186291,0.07143287062123305,55,ok,42,13.102482228404012,0.0714328979996286,55
finite_fixed__N500_K70__lognormal__biased__random,finite_fixed,0.14,500,lognormal,2028320028,250,ok,39,8.43252341023842,0.10768101187137863,68,ok,39,8.432522783925563,0.1076809917675558,68
finite_fixed__N500_K70__lognormal__biased__random,finite_fixed,0.14,500,lognormal,2028320029,249,ok,43,13.919058318339554,0.11875985246409404,44,ok,43,13.919057381133639,0.11875982610302194,44
finite_income__N1000_c0p18__lognormal__biased__random,finite_income,0.18,1000,lognormal,2028820000,250,ok,57,12.441846486958209,0.09371143607988547,51,ok,57,12.441844685214143,0.09371138453038319,51
finite_income__N1000_c0p18__lognormal__biased__random,finite_income,0.18,1000,lognormal,2028820001,250,ok,57,10.469997372689528,0.0820591550379417,45,ok,57,10.469996931451405,0.08205913791944952,45
finite_income__N1000_c0p18__lognormal__biased__random,finite_income,0.18,1000,lognormal,2028820002,250,ok,62,15.965201836149966,0.08264404794702318,36,ok,62,15.965202130558904,0.0826440551697043,36
finite_income__N1000_c0p18__lognormal__biased__random,finite_income,0.18,1000,lognormal,2028820003,250,ok,66,13.985112382834206,0.043121600055172515,33,ok,66,13.98511230138772,0.043121597768255415,33
finite_income__N1000_c0p18__lognormal__biased__random,finite_income,0.18,1000,lognormal,2028820004,250,ok,69,17.533683251950194,0.11215993231821508,33,ok,69,17.533683356481063,0.11215993461521534,33
finite_income__N1000_c0p18__lognormal__biased__random,finite_income,0.18,1000,lognormal,2028820005,250,ok,67,17.779701632558936,0.051243490202511954,33,ok,67,17.779699577638763,0.051243514065133305,33
finite_income__N1000_c0p18__lognormal__biased__random,finite_income,0.18,1000,lognormal,2028820006,250,ok,58,13.793109229894924,0.06641008848922947,34,ok,58,13.793110450914346,0.06641012087353082,34
finite_income__N1000_c0p18__lognormal__biased__random,finite_income,0.18,1000,lognormal,2028820007,250,ok,60,16.105890746723468,0.1298448188078129,38,ok,60,16.10589037052642,0.12984481126369424,38
finite_income__N1000_c0p18__lognormal__biased__random,finite_income,0.18,1000,lognormal,2028820008,250,ok,69,11.995164079112019,0.08413927523466469,50,ok,69,11.995162777246856,0.08413923565818171,50
finite_income__N1000_c0p18__lognormal__biased__random,finite_income,0.18,1000,lognormal,2028820009,250,ok,53,10.881928687220741,0.08459935370875704,48,ok,53,10.881927725795531,0.08459931878291271,48
finite_income__N1000_c0p18__lognormal__biased__random,finite_income,0.18,1000,lognormal,2028820010,250,ok,61,11.85769378794289,0.09269875759941093,51,ok,61,11.857693250051227,0.09269873938499795,51
finite_income__N1000_c0p18__lognormal__biased__random,finite_income,0.18,1000,lognormal,2028820011,250,ok,69,15.348097446491124,0.061251716204362205,36,ok,69,15.348096927892673,0.0612517031535148,36
finite_income__N1000_c0p18__lognormal__biased__random,finite_income,0.18,1000,lognormal,2028820012,250,ok,61,14.755067571318655,0.07724782500155786,43,ok,61,14.755067648677182,0.07724782398995192,43
finite_income__N1000_c0p18__lognormal__biased__random,finite_income,0.18,1000,lognormal,2028820013,250,ok,68,15.082735049783976,0.08737858966742451,36,ok,68,15.0827342831544,0.087378569993109,36
finite_income__N1000_c0p18__lognormal__biased__random,finite_income,0.18,1000,lognormal,2028820014,250,ok,66,13.718652881962516,0.10082040037483392,42,ok,66,13.718652377237168,0.10082038630179052,42
finite_income__N1000_c0p18__lognormal__biased__random,finite_income,0.18,1000,lognormal,2028820015,250,ok,60,12.298046868316154,0.09803237637450635,40,ok,60,12.298046372435286,0.09803236029918161,40
finite_income__N1000_c0p18__lognormal__biased__random,finite_income,0.18,1000,lognormal,2028820016,250,ok,72,16.68119035164747,0.05050107160196193,31,ok,72,16.681186179849632,0.05050111170783289,31
finite_income__N1000_c0p18__lognormal__biased__random,finite_income,0.18,1000,lognormal,2028820017,250,ok,58,9.74342727769648,0.09834244140240633,78,ok,58,9.743427120790404,0.09834243554945987,78
finite_income__N1000_c0p18__lognormal__biased__random,finite_income,0.18,1000,lognormal,2028820018,250,ok,65,15.128593174166964,0.06629053627503978,41,ok,65,15.128593835918775,0.06629055347645196,41
finite_income__N1000_c0p18__lognormal__biased__random,finite_income,0.18,1000,lognormal,2028820019,250,ok,66,18.23271430102129,0.08168229765273016,43,ok,66,18.23271357170012,0.08168228209169903,43
finite_income__N1000_c0p18__lognormal__biased__random,finite_income,0.18,1000,lognormal,2028820020,250,ok,62,11.215988570386976,0.07190022891421399,72,ok,62,11.215988389420971,0.07190022240734184,72
finite_income__N1000_c0p18__lognormal__biased__random,finite_income,0.18,1000,lognormal,2028820021,250,ok,66,11.123106087172465,0.07524823728754526,49,ok,66,11.123105817545566,0.07524822786020835,49
finite_income__N1000_c0p18__lognormal__biased__random,finite_income,0.18,1000,lognormal,2028820022,250,ok,64,12.670407391531729,0.11087700511443843,36,ok,64,12.670408745338998,0.1108770415667159,36
finite_income__N1000_c0p18__lognormal__biased__random,finite_income,0.18,1000,lognormal,2028820023,250,ok,62,14.60058885603977,0.07116951269373273,36,ok,62,14.600587278017766,0.07116947010257679,36
finite_income__N1000_c0p18__lognormal__biased__random,finite_income,0.18,1000,lognormal,2028820024,250,ok,65,12.86367180488039,0.1259735244708654,52,ok,65,12.86367020715156,0.125973475288225,52
finite_income__N1000_c0p18__lognormal__biased__random,finite_income,0.18,1000,lognormal,2028820025,250,ok,66,11.054392987352795,0.08965337803842854,60,ok,66,11.054393213347039,0.08965338630490827,60
finite_income__N1000_c0p18__lognormal__biased__random,finite_income,0.18,1000,lognormal,2028820026,250,ok,61,14.051434490397273,0.09881725219762516,32,ok,61,14.05143436655386,0.09881725055931478,32
finite_income__N1000_c0p18__lognormal__biased__random,finite_income,0.18,1000,lognormal,2028820027,250,ok,52,12.50381932342955,0.06086672038292551,37,ok,52,12.503819197626552,0.0608667163694806,37
finite_income__N1000_c0p18__lognormal__biased__random,finite_income,0.18,1000,lognormal,2028820028,250,ok,69,15.77665775442501,0.08825807316016987,31,ok,69,15.776659313514074,0.0882581024745786,31
finite_income__N1000_c0p18__lognormal__biased__random,finite_income,0.18,1000,lognormal,2028820029,250,ok,61,15.225625217942472,0.10795163198650135,30,ok,61,15.225623689589632,0.10795161215435992,30
finite_income__N100_c0p18__lognormal__biased__random,finite_income,0.18,100,lognormal,2028520000,241,ok,6,4.022921746396282,0.1136689050046481,122,ok,6,4.018649675201231,0.11324852685465658,122
finite_income__N100_c0p18__lognormal__biased__random,finite_income,0.18,100,lognormal,2028520001,234,ok,9,9.031121465448345,0.10090554112230976,37,ok,9,9.031120513754239,0.10090549965112272,37
finite_income__N100_c0p18__lognormal__biased__random,finite_income,0.18,100,lognormal,2028520002,227,ok,6,5.623039985595384,0.06815459857425088,58,ok,6,5.622940696830553,0.06814843851316299,58
finite_income__N100_c0p18__lognormal__biased__random,finite_income,0.18,100,lognormal,2028520003,233,ok,6,5.691056968370411,0.052995950560000005,35,ok,6,5.6909731716596195,0.05299031100862589,35
finite_income__N100_c0p18__lognormal__biased__random,finite_income,0.18,100,lognormal,2028520004,226,ok,7,7.044837690017786,0.09321258643408747,34,ok,7,7.044830474000795,0.09321225865458471,34
finite_income__N100_c0p18__lognormal__biased__random,finite_income,0.18,100,lognormal,2028520005,233,ok,6,5.194425561159405,0.11537347977027612,69,ok,6,5.194146072869899,0.11535379702536963,69
finite_income__N100_c0p18__lognormal__biased__random,finite_income,0.18,100,lognormal,2028520006,248,ok,6,5.148022867602813,0.12551760297927705,81,ok,6,5.147710203371767,0.1254947868650031,81
finite_income__N100_c0p18__lognormal__biased__random,finite_income,0.18,100,lognormal,2028520007,235,ok,8,6.816789447992659,0.05213681274801574,39,ok,8,6.816763902074737,0.05213550425259539,39
finite_income__N100_c0p18__lognormal__biased__random,finite_income,0.18,100,lognormal,2028520008,219,ok,6,6.58096442401512,0.0454418643340897,45,ok,6,6.580955354310644,0.04544133275656592,45
finite_income__N100_c0p18__lognormal__biased__random,finite_income,0.18,100,lognormal,2028520009,237,ok,9,9.68285382040938,0.06633957096324483,35,ok,9,9.682854148366706,0.06633958244998361,35
finite_income__N100_c0p18__lognormal__biased__random,finite_income,0.18,100,lognormal,2028520010,236,ok,8,8.833420618414271,0.07792885812177153,35,ok,8,8.833419951687814,0.07792882808142931,35
finite_income__N100_c0p18__lognormal__biased__random,finite_income,0.18,100,lognormal,2028520011,241,ok,7,8.091816072922505,0.027689213627978604,53,ok,7,8.091815695445272,0.027689230537738085,53
finite_income__N100_c0p18__lognormal__biased__random,finite_income,0.18,100,lognormal,2028520012,234,ok,6,4.345127137213343,0.08495560190955875,113,ok,6,4.343070614988974,0.0847705335748955,113
finite_income__N100_c0p18__lognormal__biased__random,finite_income,0.18,100,lognormal,2028520013,239,ok,10,9.118750201255573,0.10623948077807982,38,ok,10,9.118748654049027,0.10623941535536546,38
finite_income__N100_c0p18__lognormal__biased__random,finite_income,0.18,100,lognormal,2028520014,223,ok,6,6.905875377148207,0.05903170921256229,32,ok,6,6.905871255212923,0.05903147885342819,32
finite_income__N100_c0p18__lognormal__biased__random,finite_income,0.18,100,lognormal,2028520015,247,ok,8,7.162726423637651,0.034375569540657014,50,ok,8,7.162713973955088,0.03437491838127593,50
finite_income__N100_c0p18__lognormal__biased__random,finite_income,0.18,100,lognormal,2028520016,228,ok,7,7.597202474547713,0.09026227348009752,31,ok,7,7.597200435110547,0.0902621702517159,31
finite_income__N100_c0p18__lognormal__biased__random,finite_income,0.18,100,lognormal,2028520017,218,ok,5,4.989377964414591,0.018849108747562515,57,ok,5,4.989152320111886,0.018831442170584856,57
finite_income__N100_c0p18__lognormal__biased__random,finite_income,0.18,100,lognormal,2028520018,225,ok,6,6.008485743808651,0.1201367227159632,43,ok,6,6.008447356006177,0.12013426077245937,43
finite_income__N100_c0p18__lognormal__biased__random,finite_income,0.18,100,lognormal,2028520019,229,ok,7,6.221005275350094,0.06110062755870105,39,ok,7,6.220955367893713,0.06109761424876892,39
finite_income__N100_c0p18__lognormal__biased__random,finite_income,0.18,100,lognormal,2028520020,236,ok,7,6.5494573834856915,0.09132212694273589,53,ok,7,6.549434567961368,0.09132080908979734,53
finite_income__N100_c0p18__lognormal__biased__random,finite_income,0.18,100,lognormal,2028520021,230,ok,5,6.469037795659067,0.049055002699120775,41,ok,5,6.469033067350566,0.04905472010072143,41
finite_income__N100_c0p18__lognormal__biased__random,finite_income,0.18,100,lognormal,2028520022,234,ok,5,6.202060831144165,0.07608865733789827,70,ok,5,6.2020511220165195,0.07608821591352377,70
finite_income__N100_c0p18__lognormal__biased__random,finite_income,0.18,100,lognormal,2028520023,221,ok,6,5.353780907970622,0.07046979918798246,45,ok,6,5.353590092124157,0.0704569741985428,45
finite_income__N100_c0p18__lognormal__biased__random,finite_income,0.18,100,lognormal,2028520024,246,ok,6,4.679316905577296,0.09202054883924582,121,ok,6,4.678368690673631,0.09194655211243852,121
finite_income__N100_c0p18__lognormal__biased__random,finite_income,0.18,100,lognormal,2028520025,236,ok,6,5.88258815177029,0.06806031056412443,66,ok,6,5.882535656968367,0.06805687769843649,66
finite_income__N100_c0p18__lognormal__biased__random,finite_income,0.18,100,lognormal,2028520026,232,ok,7,7.836513684935534,0.02319255129239517,52,ok,7,7.836512826824226,0.023192510454837834,52
finite_income__N100_c0p18__lognormal__biased__random,finite_income,0.18,100,lognormal,2028520027,237,ok,7,6.092613585500219,0.07208966776423986,43,ok,7,6.092546097142491,0.07208552329932971,43
finite_income__N100_c0p18__lognormal__biased__random,finite_income,0.18,100,lognormal,2028520028,237,ok,6,6.423539860892659,0.01720175304765037,51,ok,6,6.423526030235136,0.017202586165720235,51
finite_income__N100_c0p18__lognormal__biased__random,finite_income,0.18,100,lognormal,2028520029,230,ok,6,5.884281785057423,0.07684185392008802,42,ok,6,5.884229418265556,0.07683842962468324,42
finite_income__N200_c0p18__lognormal__biased__random,finite_income,0.18,200,lognormal,2028620000,250,ok,16,10.924373428304643,0.09893941283416974,35,ok,16,10.924372186722788,0.09893936776058199,35
finite_income__N200_c0p18__lognormal__biased__random,finite_income,0.18,200,lognormal,2028620001,250,ok,17,9.2098263929011,0.029388837233447707,34,ok,17,9.209825633664925,0.02938881025753981,34
finite_income__N200_c0p18__lognormal__biased__random,finite_income,0.18,200,lognormal,2028620002,246,ok,15,9.244588761117942,0.11322095999304904,61,ok,15,9.24458870194875,0.11322095762642292,61
finite_income__N200_c0p18__lognormal__biased__random,finite_income,0.18,200,lognormal,2028620003,250,ok,14,8.299636740571223,0.08855632628567123,55,ok,14,8.299636158217861,0.08855629881688853,55
finite_income__N200_c0p18__lognormal__biased__random,finite_income,0.18,200,lognormal,2028620004,249,ok,13,8.819644276735216,0.06615267476505299,52,ok,13,8.819643820717971,0.06615265581589402,52
finite_income__N200_c0p18__lognormal__biased__random,finite_income,0.18,200,lognormal,2028620005,250,ok,10,4.882318458753825,0.09868181564816259,117,ok,10,4.881979567625598,0.09866128511748323,117
finite_income__N200_c0p18__lognormal__biased__random,finite_income,0.18,200,lognormal,2028620006,248,ok,11,5.186611505775876,0.10969560901091024,100,ok,11,5.186383008070226,0.10967844529068527,100
finite_income__N200_c0p18__lognormal__biased__random,finite_income,0.18,200,lognormal,2028620007,246,ok,13,8.27357918788893,0.07552824651394097,54,ok,13,8.273579125336703,0.07552824452183138,54
finite_income__N200_c0p18__lognormal__biased__random,finite_income,0.18,200,lognormal,2028620008,246,ok,12,7.1070915872586395,0.08631772228104839,61,ok,12,7.10708899005871,0.08631760341142597,61
finite_income__N200_c0p18__lognormal__biased__random,finite_income,0.18,200,lognormal,2028620009,247,ok,14,9.190838027053784,0.0733894663047891,38,ok,14,9.190837428374019,0.07338944271012199,38
finite_income__N200_c0p18__lognormal__biased__random,finite_income,0.18,200,lognormal,2028620010,248,ok,17,9.916593200215166,0.06450650593579754,35,ok,17,9.916593982956233,0.06450653317358462,35
finite_income__N200_c0p18__lognormal__biased__random,finite_income,0.18,200,lognormal,2028620011,241,ok,9,4.988889226624349,0.1073328470773588,76,ok,9,4.988716047814119,0.10731908532182455,76
finite_income__N200_c0p18__lognormal__biased__random,finite_income,0.18,200,lognormal,2028620012,249,ok,16,10.186166721094944,0.07146055825630282,31,ok,16,10.186166152276845,0.07146054245195022,31
finite_income__N200_c0p18__lognormal__biased__random,finite_income,0.18,200,lognormal,2028620013,248,ok,15,9.498639815624,0.04617887613474969,52,ok,15,9.498639525549734,0.04617886739566013,52
finite_income__N200_c0p18__lognormal__biased__random,finite_income,0.18,200,lognormal,2028620014,247,ok,14,8.430560571893695,0.12053117505775779,50,ok,14,8.430561004842032,0.12053119770081733,50
finite_income__N200_c0p18__lognormal__biased__random,finite_income,0.18,200,lognormal,2028620015,247,ok,15,11.073578025799106,0.055405724148945956,37,ok,15,11.073578469599607,0.05540573919427766,37
finite_income__N200_c0p18__lognormal__biased__random,finite_income,0.18,200,lognormal,2028620016,248,ok,14,8.290049285861786,0.08814521635349049,53,ok,14,8.290049515991996,0.08814522926536839,53
finite_income__N200_c0p18__lognormal__biased__random,finite_income,0.18,200,lognormal,2028620017,241,ok,11,9.61381959514563,0.09648996202435045,36,ok,11,9.613820246759317,0.09648998891586513,36
finite_income__N200_c0p18__lognormal__biased__random,finite_income,0.18,200,lognormal,2028620018,247,ok,13,7.154856092381987,0.07559275287855771,66,ok,13,7.154852259349782,0.07559259187038947,66
finite_income__N200_c0p18__lognormal__biased__random,finite_income,0.18,200,lognormal,2028620019,246,ok,12,10.569880527730483,0.07885336785923558,32,ok,12,10.569880669026686,0.07885337313049445,32
finite_income__N200_c0p18__lognormal__biased__random,finite_income,0.18,200,lognormal,2028620020,246,ok,12,6.539900988719478,0.0886239399019908,90,ok,12,6.539889300464349,0.08862328792570473,90
finite_income__N200_c0p18__lognormal__biased__random,finite_income,0.18,200,lognormal,2028620021,249,ok,11,4.965995344147126,0.08631803646981595,102,ok,11,4.9656021600342966,0.08628799661173481,102
finite_income__N200_c0p18__lognormal__biased__random,finite_income,0.18,200,lognormal,2028620022,244,ok,12,8.036185644024478,0.07870390832800633,44,ok,12,8.036185284308036,0.07870389257237598,44
finite_income__N200_c0p18__lognormal__biased__random,finite_income,0.18,200,lognormal,2028620023,248,ok,14,9.39713283819246,0.03341356444958249,60,ok,14,9.39713246980123,0.033413578757536644,60
finite_income__N200_c0p18__lognormal__biased__random,finite_income,0.18,200,lognormal,2028620024,244,ok,11,6.85929345936758,0.09601964815488351,59,ok,11,6.85928974772228,0.0960194362342166,59
finite_income__N200_c0p18__lognormal__biased__random,finite_income,0.18,200,lognormal,2028620025,245,ok,12,7.666097579472758,0.04854915701223628,61,ok,12,7.666097654602462,0.0485491646660432,61
finite_income__N200_c0p18__lognormal__biased__random,finite_income,0.18,200,lognormal,2028620026,246,ok,12,7.2579683197259035,0.06279943592246601,73,ok,12,7.257966499601557,0.06279935335166398,73
finite_income__N200_c0p18__lognormal__biased__random,finite_income,0.18,200,lognormal,2028620027,246,ok,11,6.097344553366097,0.08742397307162286,74,ok,11,6.097320819738855,0.08742245338881394,74
finite_income__N200_c0p18__lognormal__biased__random,finite_income,0.18,200,lognormal,2028620028,250,ok,18,10.228000376304953,0.047359072511504396,36,ok,18,10.228000847832734,0.04735909137541061,36
finite_income__N200_c0p18__lognormal__biased__random,finite_income,0.18,200,lognormal,2028620029,246,ok,12,9.316567326010501,0.06163894088655142,52,ok,12,9.316567438133973,0.06163894564785988,52
finite_income__N500_c0p18__lognormal__biased__random,finite_income,0.18,500,lognormal,2028720000,250,ok,33,8.821938669639211,0.11267349583981234,66,ok,33,8.821938921941072,0.11267350796977726,66
finite_income__N500_c0p18__lognormal__biased__random,finite_income,0.18,500,lognormal,2028720001,250,ok,35,18.667145047665265,0.08902590031031032,30,ok,35,18.667148855256407,0.08902596044999578,30
finite_income__N500_c0p18__lognormal__biased__random,finite_income,0.18,500,lognormal,2028720002,250,ok,31,12.428158123207375,0.10808138438299025,35,ok,31,12.42815619746541,0.10808134148491855,35
finite_income__N500_c0p18__lognormal__biased__random,finite_income,0.18,500,lognormal,2028720003,250,ok,30,10.756467211613192,0.11471537538348409,47,ok,30,10.756467157455784,0.11471537339375115,47
finite_income__N500_c0p18__lognormal__biased__random,finite_income,0.18,500,lognormal,2028720004,250,ok,30,11.189325095992215,0.04946864018831931,34,ok,30,11.189325841553536,0.049468666123442584,34
finite_income__N500_c0p18__lognormal__biased__random,finite_income,0.18,500,lognormal,2028720005,250,ok,30,12.762505780434841,0.08977733786113384,39,ok,30,12.762506896127496,0.0897773724171812,39
finite_income__N500_c0p18__lognormal__biased__random,finite_income,0.18,500,lognormal,2028720006,250,ok,26,7.182456418471903,0.08488041318844325,66,ok,26,7.182455576341445,0.08488037716525304,66
finite_income__N500_c0p18__lognormal__biased__random,finite_income,0.18,500,lognormal,2028720007,250,ok,33,11.451719753833586,0.08543068787358099,47,ok,33,11.451718982902992,0.08543066128897003,47
finite_income__N500_c0p18__lognormal__biased__random,finite_income,0.18,500,lognormal,2028720008,248,ok,30,12.66705651865666,0.07655090173745238,40,ok,30,12.667056688175558,0.0765509070366619,40
finite_income__N500_c0p18__lognormal__biased__random,finite_income,0.18,500,lognormal,2028720009,250,ok,31,11.109130077884613,0.10138804390916833,43,ok,31,11.109130594782712,0.10138806116439247,43
finite_income__N500_c0p18__lognormal__biased__random,finite_income,0.18,500,lognormal,2028720010,249,ok,30,10.668452291896921,0.03529787861927014,50,ok,30,10.668452508274388,0.03529788383731575,50
finite_income__N500_c0p18__lognormal__biased__random,finite_income,0.18,500,lognormal,2028720011,249,ok,30,11.335738563554457,0.06044119520040875,39,ok,30,11.33573828597156,0.06044118865464948,39
finite_income__N500_c0p18__lognormal__biased__random,finite_income,0.18,500,lognormal,2028720012,250,ok,28,10.711618771471596,0.08831082298157411,44,ok,28,10.711618996836174,0.08831083151058783,44
finite_income__N500_c0p18__lognormal__biased__random,finite_income,0.18,500,lognormal,2028720013,249,ok,29,10.545039595016206,0.05401562561572354,45,ok,29,10.545039695966498,0.054015629195547366,45
finite_income__N500_c0p18__lognormal__biased__random,finite_income,0.18,500,lognormal,2028720014,249,ok,34,14.65179939499964,0.11831623135189309,33,ok,34,14.651799440081303,0.11831623223795792,33
finite_income__N500_c0p18__lognormal__biased__random,finite_income,0.18,500,lognormal,2028720015,250,ok,30,9.9038495516758,0.09603118372534575,54,ok,30,9.903849176355484,0.09603116839956732,54
finite_income__N500_c0p18__lognormal__biased__random,finite_income,0.18,500,lognormal,2028720016,250,ok,33,11.510471493569067,0.0787872746873014,31,ok,33,11.510471121711326,0.07878726284559479,31
finite_income__N500_c0p18__lognormal__biased__random,finite_income,0.18,500,lognormal,2028720017,250,ok,33,10.482087666881611,0.09229049960897695,40,ok,33,10.482088175857134,0.09229051835773394,40
finite_income__N500_c0p18__lognormal__biased__random,finite_income,0.18,500,lognormal,2028720018,250,ok,34,13.601712257911576,0.060340183557596516,30,ok,34,13.601712495020966,0.06034019045271566,30
finite_income__N500_c0p18__lognormal__biased__random,finite_income,0.18,500,lognormal,2028720019,250,ok,32,13.912897232914318,0.09842579380461952,30,ok,32,13.91289700974943,0.09842578915406591,30
finite_income__N500_c0p18__lognormal__biased__random,finite_income,0.18,500,lognormal,2028720020,250,ok,26,6.055381122288348,0.10023388855576121,101,ok,26,6.055358446221664,0.10023242096946816,101
finite_income__N500_c0p18__lognormal__biased__random,finite_income,0.18,500,lognormal,2028720021,250,ok,32,10.504275636259196,0.07849606577081192,46,ok,32,10.504275209632922,0.07849604943904653,46
finite_income__N500_c0p18__lognormal__biased__random,finite_income,0.18,500,lognormal,2028720022,250,ok,29,13.19194715311279,0.10267787386150279,37,ok,29,13.191948355830297,0.10267790949259042,37
finite_income__N500_c0p18__lognormal__biased__random,finite_income,0.18,500,lognormal,2028720023,250,ok,31,12.51164968766283,0.06003438077807244,35,ok,31,12.511649693289678,0.06003438095719915,35
finite_income__N500_c0p18__lognormal__biased__random,finite_income,0.18,500,lognormal,2028720024,250,ok,33,12.411433309944803,0.09858563922039115,31,ok,33,12.411433467188168,0.09858564258750319,31
finite_income__N500_c0p18__lognormal__biased__random,finite_income,0.18,500,lognormal,2028720025,250,ok,33,10.102874116640134,0.09806673103108393,49,ok,33,10.10287386017413,0.09806672514369016,49
finite_income__N500_c0p18__lognormal__biased__random,finite_income,0.18,500,lognormal,2028720026,250,ok,36,12.380757583664854,0.1197216044310424,48,ok,36,12.380757126605177,0.11972158996074811,48
finite_income__N500_c0p18__lognormal__biased__random,finite_income,0.18,500,lognormal,2028720027,250,ok,23,7.0595408194971725,0.09027916289197324,96,ok,23,7.059539749600784,0.09027911136005357,96
finite_income__N500_c0p18__lognormal__biased__random,finite_income,0.18,500,lognormal,2028720028,250,ok,30,6.721674957029688,0.09431418824805449,82,ok,30,6.721666228949591,0.09431370385940185,82
finite_income__N500_c0p18__lognormal__biased__random,finite_income,0.18,500,lognormal,2028720029,250,ok,24,6.439279161386173,0.09178631415909827,90,ok,24,6.439273882694394,0.09178605940764367,90
fixed__K18__lognormal__biased__random,fixed,18.0,200,lognormal,2027120000,282,ok,10,7.932154614746258,0.02749267854626214,34,ok,10,7.932154227608796,0.02749265966682507,34
fixed__K18__lognormal__biased__random,fixed,18.0,200,lognormal,2027120001,268,ok,8,8.66670136230893,0.07009403082902599,35,ok,8,8.666701216934218,0.07009402393326625,35
fixed__K18__lognormal__biased__random,fixed,18.0,200,lognormal,2027120002,283,ok,12,8.297363924531709,0.07515732633303696,31,ok,12,8.297363740941087,0.07515731783710755,31
fixed__K18__lognormal__biased__random,fixed,18.0,200,lognormal,2027120003,289,ok,8,4.457496053328315,0.11097301734586312,101,ok,8,4.45702571123645,0.11093071498521517,101
fixed__K18__lognormal__biased__random,fixed,18.0,200,lognormal,2027120004,280,ok,8,5.499706574038373,0.07931408585288446,82,ok,8,5.499680468125312,0.0793122174630897,82
fixed__K18__lognormal__biased__random,fixed,18.0,200,lognormal,2027120005,286,ok,12,8.702839418317307,0.05497595446357728,32,ok,12,8.702839975977092,0.05497597144542543,32
fixed__K18__lognormal__biased__random,fixed,18.0,200,lognormal,2027120006,286,ok,7,4.9183394500045345,0.0933180041056827,101,ok,7,4.918258857793079,0.09331145206398861,101
fixed__K18__lognormal__biased__random,fixed,18.0,200,lognormal,2027120007,291,ok,8,5.958621338433501,0.05986446423110148,65,ok,8,5.958613883966565,0.05986400657325108,65
fixed__K18__lognormal__biased__random,fixed,18.0,200,lognormal,2027120008,286,ok,12,8.532554086066144,0.05848579508685703,39,ok,12,8.532554197019836,0.05848580070592324,39
fixed__K18__lognormal__biased__random,fixed,18.0,200,lognormal,2027120009,285,ok,12,8.161876337410801,0.058606614687042535,32,ok,12,8.161875794738869,0.05860659185057582,32
fixed__K18__lognormal__biased__random,fixed,18.0,200,lognormal,2027120010,285,ok,8,6.242305454217443,0.06733646170115981,90,ok,8,6.242302567223778,0.0673362921236601,90
fixed__K18__lognormal__biased__random,fixed,18.0,200,lognormal,2027120011,284,ok,10,5.979635167920315,0.08201480977454667,83,ok,10,5.979615253485351,0.0820135037863341,83
fixed__K18__lognormal__biased__random,fixed,18.0,200,lognormal,2027120012,281,ok,9,5.319592902223161,0.11600316971550745,72,ok,9,5.319521427062064,0.11599874033582763,72
fixed__K18__lognormal__biased__random,fixed,18.0,200,lognormal,2027120013,289,ok,8,5.702436522779814,0.05034618258789253,102,ok,8,5.702421379364022,0.05034522754958887,102
fixed__K18__lognormal__biased__random,fixed,18.0,200,lognormal,2027120014,295,ok,11,9.720285291981247,0.05209201377910444,33,ok,11,9.720284822610338,0.052091995931350055,33
fixed__K18__lognormal__biased__random,fixed,18.0,200,lognormal,2027120015,280,ok,8,6.884133727139661,0.04753585976408459,51,ok,8,6.8841334270431105,0.047535844089408474,51
fixed__K18__lognormal__biased__random,fixed,18.0,200,lognormal,2027120016,287,ok,8,4.738859052195614,0.08479553175269183,94,ok,8,4.7386402858964765,0.0847770050579052,94
fixed__K18__lognormal__biased__random,fixed,18.0,200,lognormal,2027120017,294,ok,11,6.287956845900244,0.06235459482936179,52,ok,11,6.287942480475317,0.06235370469693413,52
fixed__K18__lognormal__biased__random,fixed,18.0,200,lognormal,2027120018,292,ok,9,5.673738168803812,0.07449472062919571,79,ok,9,5.6737107236841355,0.074493076259665,79
fixed__K18__lognormal__biased__random,fixed,18.0,200,lognormal,2027120019,288,ok,10,6.103682818676381,0.05696314469682473,82,ok,10,6.103668444846187,0.0569623071141101,82
fixed__K18__lognormal__biased__random,fixed,18.0,200,lognormal,2027120020,291,ok,10,5.9988281797318015,0.06922816099843154,74,ok,10,5.998809139135568,0.06922701913733775,74
fixed__K18__lognormal__biased__random,fixed,18.0,200,lognormal,2027120021,285,ok,10,7.366740349989304,0.05587494160932727,48,ok,10,7.366740407085566,0.05587494748089816,48
fixed__K18__lognormal__biased__random,fixed,18.0,200,lognormal,2027120022,276,ok,10,7.869335868790379,0.08870295660477956,32,ok,10,7.869335845118658,0.08870295582743082,32
fixed__K18__lognormal__biased__random,fixed,18.0,200,lognormal,2027120023,277,ok,7,4.361369974071493,0.06149482319784877,110,ok,7,4.360974054334175,0.06146392899506692,110
fixed__K18__lognormal__biased__random,fixed,18.0,200,lognormal,2027120024,293,ok,12,9.922030729021692,0.04777207774618175,40,ok,12,9.92203049943959,0.0477720687108143,40
fixed__K18__lognormal__biased__random,fixed,18.0,200,lognormal,2027120025,282,ok,10,6.834882509316324,0.0625369249676826,79,ok,10,6.834880032171623,0.06253678309301913,79
fixed__K18__lognormal__biased__random,fixed,18.0,200,lognormal,2027120026,287,ok,10,7.528936784842243,0.09467705964022732,47,ok,10,7.528936247667054,0.09467703297596719,47
fixed__K18__lognormal__biased__random,fixed,18.0,200,lognormal,2027120027,291,ok,7,4.48369202641669,0.09708895361399761,130,ok,7,4.48341186784025,0.09706358392583969,130
fixed__K18__lognormal__biased__random,fixed,18.0,200,lognormal,2027120028,277,ok,8,5.109206154898853,0.06266791556897677,76,ok,8,5.1091276559048975,0.06266327032521068,76
fixed__K18__lognormal__biased__random,fixed,18.0,200,lognormal,2027120029,286,ok,8,4.181097640201369,0.1007580207922405,115,ok,8,4.1801127236901205,0.10066418227544194,115
fixed__K18__lognormal__biased__random,fixed,18.0,200,lognormal,2027120030,282,ok,10,7.925069784789023,0.07305102351191162,41,ok,10,7.925069674461283,0.07305101842130479,41
fixed__K18__lognormal__biased__random,fixed,18.0,200,lognormal,2027120031,281,ok,9,7.252548284606035,0.04028415738300667,48,ok,9,7.252548058036911,0.04028414625286991,48
fixed__K18__lognormal__biased__random,fixed,18.0,200,lognormal,2027120032,285,ok,10,6.87158810851856,0.07982282671635788,54,ok,10,6.871586351056028,0.07982272922573419,54
fixed__K18__lognormal__biased__random,fixed,18.0,200,lognormal,2027120033,282,ok,11,8.314339293764931,0.09007104567264312,33,ok,11,8.314339309625984,0.09007104662106041,33
fixed__K18__lognormal__biased__random,fixed,18.0,200,lognormal,2027120034,289,ok,11,9.16083844934042,0.13054832094130092,46,ok,11,9.160838470599153,0.13054832187432514,46
fixed__K18__lognormal__biased__random,fixed,18.0,200,lognormal,2027120035,293,ok,9,6.179252235642465,0.08376059885840748,71,ok,9,6.179244993262333,0.08376018405656865,71
fixed__K18__lognormal__biased__random,fixed,18.0,200,lognormal,2027120036,282,ok,13,8.641114604737542,0.04322997619781033,35,ok,13,8.641114838262556,0.0432299864048003,35
fixed__K18__lognormal__biased__random,fixed,18.0,200,lognormal,2027120037,284,ok,9,6.122158677684695,0.09016898373168525,58,ok,9,6.1221501984881375,0.09016844167718319,58
fixed__K18__lognormal__biased__random,fixed,18.0,200,lognormal,2027120038,280,ok,10,6.357585708545711,0.07371794874200088,69,ok,10,6.357578204964415,0.07371748771124886,69
fixed__K18__lognormal__biased__random,fixed,18.0,200,lognormal,2027120039,282,ok,10,7.470553638033436,0.050929545839763835,68,ok,10,7.4705537479952655,0.050929540240102544,68
fixed__K18__lognormal__biased__random,fixed,18.0,200,lognormal,2027120040,256,ok,9,6.407546748622003,0.08622025465936878,44,ok,9,6.4075431092420025,0.08622005190235199,44
fixed__K18__lognormal__biased__random,fixed,18.0,200,lognormal,2027120041,280,ok,9,6.859225452585886,0.08843300165612411,67,ok,9,6.859224287559915,0.08843293908821193,67
fixed__K18__lognormal__biased__random,fixed,18.0,200,lognormal,2027120042,287,ok,10,7.1206288591653655,0.07732447921951013,59,ok,10,7.120628178698904,0.07732444448234277,59
fixed__K18__lognormal__biased__random,fixed,18.0,200,lognormal,2027120043,283,ok,10,6.506777099108759,0.055344862666465156,60,ok,10,6.506772004582973,0.055344592667335935,60
fixed__K18__lognormal__biased__random,fixed,18.0,200,lognormal,2027120044,279,ok,6,3.521029218042719,0.11441190990698352,141,ok,6,3.5182932769173245,0.1140897481434609,141
fixed__K18__lognormal__biased__random,fixed,18.0,200,lognormal,2027120045,286,ok,10,8.027653629648709,0.026608017532020578,42,ok,10,8.027653732735725,0.026608022854247126,42
fixed__K18__lognormal__biased__random,fixed,18.0,200,lognormal,2027120046,280,ok,7,4.478999349906609,0.09632063215420672,109,ok,7,4.478715436611162,0.09629878064743852,109
fixed__K18__lognormal__biased__random,fixed,18.0,200,lognormal,2027120047,290,ok,11,10.566828180259142,0.03788277213016478,35,ok,11,10.566829163129338,0.03788280440997782,35
fixed__K18__lognormal__biased__random,fixed,18.0,200,lognormal,2027120048,281,ok,9,7.558571692379438,0.0645676680330658,41,ok,9,7.558571626598751,0.06456766533125013,41
fixed__K18__lognormal__biased__random,fixed,18.0,200,lognormal,2027120049,289,ok,9,5.511960651248077,0.09842145309843464,70,ok,9,5.511918071258036,0.09841839826724597,70
fixed__K18__lognormal__biased__random,fixed,18.0,200,lognormal,2027120050,287,ok,10,8.13739668313107,0.05619295701314786,38,ok,10,8.137396796681108,0.056192953420886704,38
fixed__K18__lognormal__biased__random,fixed,18.0,200,lognormal,2027120051,282,ok,10,8.504123528416697,0.05900510928662961,45,ok,10,8.504123588192016,0.05900511215049098,45
fixed__K18__lognormal__biased__random,fixed,18.0,200,lognormal,2027120052,283,ok,10,7.373919450777946,0.04911890412207409,52,ok,10,7.373919198412292,0.04911890791226303,52
fixed__K18__lognormal__biased__random,fixed,18.0,200,lognormal,2027120053,278,ok,7,4.030959729528268,0.10398515723995641,126,ok,7,4.029964550789088,0.10390455333026052,126
fixed__K18__lognormal__biased__random,fixed,18.0,200,lognormal,2027120054,276,ok,9,6.5514794810076955,0.06910455971792928,66,ok,9,6.5514768184942405,0.06910442941350414,66
fixed__K18__lognormal__biased__random,fixed,18.0,200,lognormal,2027120055,293,ok,11,8.506189551935337,0.06128965137630116,30,ok,11,8.506189715072876,0.06128965921906149,30
fixed__K18__lognormal__biased__random,fixed,18.0,200,lognormal,2027120056,271,ok,9,5.612084819847078,0.048547564118096354,57,ok,9,5.612052271472256,0.04854548386096813,57
fixed__K18__lognormal__biased__random,fixed,18.0,200,lognormal,2027120057,286,ok,8,5.881310943659097,0.06356684362258003,97,ok,8,5.881301802616575,0.06356624045108383,97
fixed__K18__lognormal__biased__random,fixed,18.0,200,lognormal,2027120058,286,ok,10,7.096922704763666,0.058607378468010674,53,ok,10,7.096921572173963,0.058607321233513365,53
fixed__K18__lognormal__biased__random,fixed,18.0,200,lognormal,2027120059,276,ok,8,4.776294701320829,0.08841816980243677,100,ok,8,4.776097181973053,0.08840157600781307,100
fixed__K18__pareto__biased__random,fixed,18.0,200,pareto,2027220000,207,ok,6,6.92111690675823,0.014421575906729878,45,ok,6,6.9211174419706465,0.014421602869788552,45
fixed__K18__pareto__biased__random,fixed,18.0,200,pareto,2027220001,203,ok,4,3.3731006110947988,0.10259831591678037,80,ok,4,3.3714678501412765,0.10239331156553622,80
fixed__K18__pareto__biased__random,fixed,18.0,200,pareto,2027220002,206,ok,5,4.520453796891498,0.05152840681242771,40,ok,5,4.520374198743819,0.05152145609505904,40
fixed__K18__pareto__biased__random,fixed,18.0,200,pareto,2027220003,220,ok,7,5.002155755582068,0.055503909795228235,50,ok,7,5.002092834053871,0.05549890418800374,50
fixed__K18__pareto__biased__random,fixed,18.0,200,pareto,2027220004,212,ok,7,5.798171049869231,0.09927492513630143,37,ok,7,5.79816498644732,0.09927453108439166,37
fixed__K18__pareto__biased__random,fixed,18.0,200,pareto,2027220005,212,ok,8,6.473103852201298,0.07796495155896355,31,ok,8,6.473102050051102,0.07796484667450776,31
fixed__K18__pareto__biased__random,fixed,18.0,200,pareto,2027220006,196,ok,5,4.9953442487863216,0.10480508873441585,53,ok,5,4.99532712980533,0.10480385179684903,53
fixed__K18__pareto__biased__random,fixed,18.0,200,pareto,2027220007,214,ok,7,5.831258328850215,0.031017487944253075,52,ok,7,5.83125263938159,0.031017119643079516,52
fixed__K18__pareto__biased__random,fixed,18.0,200,pareto,2027220008,221,ok,6,5.434500176695503,0.06351480050293523,75,ok,6,5.434491095744908,0.06351418296014844,75
fixed__K18__pareto__biased__random,fixed,18.0,200,pareto,2027220009,198,ok,5,4.888804317495935,0.0942888422645436,43,ok,5,4.888780112155222,0.09428686595290314,43
fixed__K18__pareto__biased__random,fixed,18.0,200,pareto,2027220010,211,ok,8,6.116040037600472,0.08142671292260784,34,ok,8,6.116035653268881,0.08142644076720396,34
fixed__K18__pareto__biased__random,fixed,18.0,200,pareto,2027220011,193,ok,4,3.341023158241174,0.13154327662369125,91,ok,4,3.3392152121694765,0.13133028359197518,91
fixed__K18__pareto__biased__random,fixed,18.0,200,pareto,2027220012,200,ok,4,3.307099688154643,0.07270971382516167,79,ok,4,3.3050868447167465,0.07245008757929883,79
fixed__K18__pareto__biased__random,fixed,18.0,200,pareto,2027220013,200,ok,5,4.193663472902926,0.08979969379901898,66,ok,5,4.193439973814056,0.08977902371861923,66
fixed__K18__pareto__biased__random,fixed,18.0,200,pareto,2027220014,214,ok,7,5.094768521996686,0.036320640976375884,48,ok,7,5.094720573559008,0.03631744066039311,48
fixed__K18__pareto__biased__random,fixed,18.0,200,pareto,2027220015,213,ok,3,2.5497913818731166,0.12642344313338955,127,ok,3,2.5368109223245687,0.1240969943915407,127
fixed__K18__pareto__biased__random,fixed,18.0,200,pareto,2027220016,207,ok,6,4.764855965775113,0.03466595995129701,56,ok,6,4.764784638999522,0.0346603103185108,56
fixed__K18__pareto__biased__random,fixed,18.0,200,pareto,2027220017,224,ok,5,3.0220011865895544,0.11345401964139212,108,ok,5,3.0144326499392773,0.11239063410055938,108
fixed__K18__pareto__biased__random,fixed,18.0,200,pareto,2027220018,207,ok,7,5.366920548114375,0.08075595715437445,42,ok,7,5.366898869521209,0.08075446193724806,42
fixed__K18__pareto__biased__random,fixed,18.0,200,pareto,2027220019,241,ok,11,8.89136387077698,0.05729136384423905,53,ok,11,8.891363484682163,0.057291346869664195,53
fixed__K18__pareto__biased__random,fixed,18.0,200,pareto,2027220020,211,ok,8,6.1832850899814025,0.08213780321785447,37,ok,8,6.1832812264301715,0.08213756501881064,37
fixed__K18__pareto__biased__random,fixed,18.0,200,pareto,2027220021,231,ok,8,6.815892932684151,0.03171757603391456,40,ok,8,6.8158929010710585,0.0317175789527242,40
fixed__K18__pareto__biased__random,fixed,18.0,200,pareto,2027220022,204,ok,6,6.252476173217617,0.042377637942447643,33,ok,6,6.2524756144729245,0.0423776092678142,33
fixed__K18__pareto__biased__random,fixed,18.0,200,pareto,2027220023,234,ok,10,6.886854075313689,0.09002712833322757,36,ok,10,6.886852393458455,0.09002703532786116,36
fixed__K18__pareto__biased__random,fixed,18.0,200,pareto,2027220024,230,ok,7,4.901200105619658,0.04640293605245971,66,ok,7,4.901115398531746,0.046396740225262356,66
fixed__K18__pareto__biased__random,fixed,18.0,200,pareto,2027220025,219,ok,8,6.295534355697316,0.08712428689275054,38,ok,8,6.295531688551901,0.08712413011194808,38
fixed__K18__pareto__biased__random,fixed,18.0,200,pareto,2027220026,222,ok,6,4.791549820699377,0.05574470353255456,61,ok,6,4.791484128596743,0.05573952128192383,61
fixed__K18__pareto__biased__random,fixed,18.0,200,pareto,2027220027,221,ok,5,3.787018518760556,0.09465425605087208,94,ok,5,3.786231527789365,0.09457628162587439,94
fixed__K18__pareto__biased__random,fixed,18.0,200,pareto,2027220028,206,ok,6,6.263749437799974,0.06556228347720205,35,ok,6,6.263748672124321,0.06556223471069811,35
fixed__K18__pareto__biased__random,fixed,18.0,200,pareto,2027220029,221,ok,8,6.586681383196366,0.09399918855972611,33,ok,8,6.586680105856305,0.09399911624859203,33
fixed__K18__pareto__biased__random,fixed,18.0,200,pareto,2027220030,213,ok,5,3.6508163159829357,0.08923641394609882,97,ok,5,3.6496257624084643,0.08911580875740016,97
fixed__K18__pareto__biased__random,fixed,18.0,200,pareto,2027220031,198,ok,7,6.671208478432245,0.08312302395035509,32,ok,7,6.67120804627178,0.08312299883507845,32
fixed__K18__pareto__biased__random,fixed,18.0,200,pareto,2027220032,186,ok,5,5.232424475389954,0.03430019586244226,47,ok,5,5.232416467842447,0.034299581208283914,47
fixed__K18__pareto__biased__random,fixed,18.0,200,pareto,2027220033,209,ok,4,3.3759077691428496,0.0773272671600978,90,ok,4,3.3742894529217136,0.07713796506378456,90
fixed__K18__pareto__biased__random,fixed,18.0,200,pareto,2027220034,205,ok,7,8.16206617256566,0.06960825297830076,30,ok,7,8.16206605048539,0.0696082467908945,30
fixed__K18__pareto__biased__random,fixed,18.0,200,pareto,2027220035,243,ok,13,9.25472155051766,0.07186816862252288,33,ok,13,9.254720976051727,0.07186814779667472,33
fixed__K18__pareto__biased__random,fixed,18.0,200,pareto,2027220036,173,ok,5,5.124769329326072,0.07130333890117363,35,ok,5,5.124757957342869,0.07130244858627982,35
fixed__K18__pareto__biased__random,fixed,18.0,200,pareto,2027220037,226,ok,10,5.656777110163829,0.06561833704763531,36,ok,10,5.65673070769802,0.06561569673361684,36
fixed__K18__pareto__biased__random,fixed,18.0,200,pareto,2027220038,212,ok,7,5.885011180183428,0.060558582892294655,51,ok,7,5.885006310701655,0.060558271825475685,51
fixed__K18__pareto__biased__random,fixed,18.0,200,pareto,2027220039,208,ok,7,5.3340797983791335,0.060173431412530176,30,ok,7,5.334055759765382,0.06017456277978972,30
fixed__K18__pareto__biased__random,fixed,18.0,200,pareto,2027220040,205,ok,7,6.281352948848721,0.06512970019830033,39,ok,7,6.281351529545997,0.06512961326897693,39
fixed__K18__pareto__biased__random,fixed,18.0,200,pareto,2027220041,217,ok,8,7.338380095593756,0.07766740532880545,30,ok,8,7.338379981676921,0.0776673994485787,30
fixed__K18__pareto__biased__random,fixed,18.0,200,pareto,2027220042,203,ok,4,3.876644351368708,0.07463091409673062,85,ok,4,3.8763254276709245,0.07459846668941938,85
fixed__K18__pareto__biased__random,fixed,18.0,200,pareto,2027220043,213,ok,6,4.390243277962086,0.08999411089641773,61,ok,6,4.390023193632566,0.08997375844811983,61
fixed__K18__pareto__biased__random,fixed,18.0,200,pareto,2027220044,217,ok,5,3.8351168625086043,0.11335902231467843,83,ok,5,3.8344374682066795,0.11328551073232085,83
fixed__K18__pareto__biased__random,fixed,18.0,200,pareto,2027220045,202,ok,5,4.23188557641127,0.09680713026368071,69,ok,5,4.231687475343654,0.09678840917894327,69
fixed__K18__pareto__biased__random,fixed,18.0,200,pareto,2027220046,193,ok,4,3.5859986932124808,0.06671537559560697,79,ok,4,3.585173801306344,0.06662301106005147,79
fixed__K18__pareto__biased__random,fixed,18.0,200,pareto,2027220047,195,ok,7,5.199209812178957,0.08967660101544894,36,ok,7,5.199174573409774,0.08967393570189808,36
fixed__K18__pareto__biased__random,fixed,18.0,200,pareto,2027220048,206,ok,6,5.958190300515191,0.09685088081422111,39,ok,6,5.958188348505104,0.0968507506869114,39
fixed__K18__pareto__biased__random,fixed,18.0,200,pareto,2027220049,193,ok,6,4.9153654768294635,0.11337425488934971,58,ok,6,4.915320689953719,0.11337070436874919,58
fixed__K18__pareto__biased__random,fixed,18.0,200,pareto,2027220050,237,ok,11,7.31678107160707,0.050584178608928054,39,ok,11,7.316779474499296,0.05058410319243267,39
fixed__K18__pareto__biased__random,fixed,18.0,200,pareto,2027220051,220,ok,8,5.679734423711508,0.05858441999038089,34,ok,8,5.679718490683836,0.05858341388520161,34
fixed__K18__pareto__biased__random,fixed,18.0,200,pareto,2027220052,211,ok,7,5.984471266999375,0.08928748192134683,33,ok,7,5.9844675171989845,0.0892873000596297,33
fixed__K18__pareto__biased__random,fixed,18.0,200,pareto,2027220053,224,ok,6,4.374338742681639,0.07288566200877233,62,ok,6,4.374108081712722,0.07286633433261491,62
fixed__K18__pareto__biased__random,fixed,18.0,200,pareto,2027220054,220,ok,6,5.068690538764995,0.09395037905539533,43,ok,6,5.068662378999604,0.09394824721159145,43
fixed__K18__pareto__biased__random,fixed,18.0,200,pareto,2027220055,205,ok,8,6.4224732370989575,0.04873361356702888,34,ok,8,6.422471297333857,0.04873350073088217,34
fixed__K18__pareto__biased__random,fixed,18.0,200,pareto,2027220056,179,ok,5,5.328086958571123,0.040804193014024714,35,ok,5,5.328080947012301,0.04080429949304254,35
fixed__K18__pareto__biased__random,fixed,18.0,200,pareto,2027220057,204,ok,5,4.772438087199149,0.06647170741392566,61,ok,5,4.7724027270763285,0.06646875765548049,61
fixed__K18__pareto__biased__random,fixed,18.0,200,pareto,2027220058,204,ok,7,4.912771226295011,0.05694422282022804,42,ok,7,4.912689393064824,0.05693837232272414,42
fixed__K18__pareto__biased__random,fixed,18.0,200,pareto,2027220059,203,ok,6,7.13767301720346,0.1042674296613797,32,ok,6,7.137672983775914,0.10426742785800935,32
fixed__K20__lognormal__biased__random,fixed,20.0,200,lognormal,2027320000,283,ok,10,5.723317386596397,0.10303188892605608,98,ok,10,5.723278067888057,0.10302918737408928,98
fixed__K20__lognormal__biased__random,fixed,20.0,200,lognormal,2027320001,292,ok,13,10.363745600333225,0.08323306307959283,42,ok,13,10.363746014209822,0.08323307848676237,42
fixed__K20__lognormal__biased__random,fixed,20.0,200,lognormal,2027320002,282,ok,10,5.651330669869277,0.059143229091147775,89,ok,10,5.651283572688539,0.05913995458371679,89
fixed__K20__lognormal__biased__random,fixed,20.0,200,lognormal,2027320003,290,ok,11,6.776031536256163,0.06445505691501008,70,ok,11,6.776027666045192,0.06445486045485782,70
fixed__K20__lognormal__biased__random,fixed,20.0,200,lognormal,2027320004,288,ok,11,7.205559053347403,0.10008933361745698,59,ok,11,7.205557811162616,0.1000892680082589,59
fixed__K20__lognormal__biased__random,fixed,20.0,200,lognormal,2027320005,292,ok,14,12.316075467021172,0.05268945812552239,30,ok,14,12.316075195584167,0.052689449532812516,30
fixed__K20__lognormal__biased__random,fixed,20.0,200,lognormal,2027320006,287,ok,10,6.5314567166617135,0.045045172419242,74,ok,10,6.531452346907159,0.04504494304691953,74
fixed__K20__lognormal__biased__random,fixed,20.0,200,lognormal,2027320007,286,ok,11,6.766588743658704,0.06945504082517029,72,ok,11,6.7665848446144325,0.0694548429780224,72
fixed__K20__lognormal__biased__random,fixed,20.0,200,lognormal,2027320008,286,ok,11,7.358582069559323,0.09017889542119839,64,ok,11,7.35858095271447,0.09017883625100065,64
fixed__K20__lognormal__biased__random,fixed,20.0,200,lognormal,2027320009,279,ok,12,9.126331491881674,0.06180423712480748,42,ok,12,9.126331076010642,0.06180421966429084,42
fixed__K20__lognormal__biased__random,fixed,20.0,200,lognormal,2027320010,285,ok,12,8.295186619397477,0.09611578301700319,49,ok,12,8.29518617997034,0.09611576182520298,49
fixed__K20__lognormal__biased__random,fixed,20.0,200,lognormal,2027320011,287,ok,11,6.788023344385458,0.04567149061484421,51,ok,11,6.788019571621508,0.04567127647506608,51
fixed__K20__lognormal__biased__random,fixed,20.0,200,lognormal,2027320012,290,ok,12,9.146295242385774,0.053261169762038096,34,ok,12,9.146294384396544,0.053261139730853,34
fixed__K20__lognormal__biased__random,fixed,20.0,200,lognormal,2027320013,287,ok,10,6.621624512238638,0.09722151355973918,59,ok,10,6.621620573158248,0.097221281386212,59
fixed__K20__lognormal__biased__random,fixed,20.0,200,lognormal,2027320014,293,ok,12,7.862201487684882,0.08338285462742312,57,ok,12,7.86220181630412,0.08338287133789551,57
fixed__K20__lognormal__biased__random,fixed,20.0,200,lognormal,2027320015,288,ok,12,7.855898159171981,0.11689191937430615,41,ok,12,7.855898063496236,0.11689191625657613,41
fixed__K20__lognormal__biased__random,fixed,20.0,200,lognormal,2027320016,289,ok,11,5.767762209718066,0.09260316479460184,85,ok,11,5.767708387420181,0.09259953733350601,85
fixed__K20__lognormal__biased__random,fixed,20.0,200,lognormal,2027320017,290,ok,9,5.024106274375609,0.08578550030930837,106,ok,9,5.023948848141231,0.085775473360296,106
fixed__K20__lognormal__biased__random,fixed,20.0,200,lognormal,2027320018,296,ok,13,7.787671005033087,0.08666325631294813,64,ok,13,7.787669977306995,0.08666320502067115,64
fixed__K20__lognormal__biased__random,fixed,20.0,200,lognormal,2027320019,291,ok,13,7.033663329400769,0.07735636837553478,58,ok,13,7.0336579117245,0.07735612758173094,58
fixed__K20__lognormal__biased__random,fixed,20.0,200,lognormal,2027320020,292,ok,11,7.211337276870322,0.06839989061015456,47,ok,11,7.211336164918865,0.06839983831580027,47
fixed__K20__lognormal__biased__random,fixed,20.0,200,lognormal,2027320021,295,ok,11,6.721306212164317,0.05389984368923795,82,ok,11,6.721301734448282,0.053899613157224247,82
fixed__K20__lognormal__biased__random,fixed,20.0,200,lognormal,2027320022,283,ok,10,5.313333879311265,0.096496097845654,82,ok,10,5.313221052638255,0.09648777666815483,82
fixed__K20__lognormal__biased__random,fixed,20.0,200,lognormal,2027320023,276,ok,8,4.688637192195055,0.10324944841981692,107,ok,8,4.688385875188908,0.1032279294123894,107
fixed__K20__lognormal__biased__random,fixed,20.0,200,lognormal,2027320024,286,ok,12,7.785450277622183,0.04970555525582232,42,ok,12,7.785449512028962,0.04970552085990604,42
fixed__K20__lognormal__biased__random,fixed,20.0,200,lognormal,2027320025,287,ok,11,6.861351074748217,0.054686228771796686,56,ok,11,6.861348128359425,0.05468608544401349,56
fixed__K20__lognormal__biased__random,fixed,20.0,200,lognormal,2027320026,285,ok,11,7.276890486174311,0.06166514554053382,78,ok,11,7.276889787373125,0.06166511387020729,78
fixed__K20__lognormal__biased__random,fixed,20.0,200,lognormal,2027320027,286,ok,11,5.996821084389773,0.07622283412061587,66,ok,11,5.996790654991156,0.07622123325907959,66
fixed__K20__lognormal__biased__random,fixed,20.0,200,lognormal,2027320028,292,ok,13,8.14866242848485,0.06077861623441311,36,ok,13,8.14866242449704,0.060778617096433785,36
fixed__K20__lognormal__biased__random,fixed,20.0,200,lognormal,2027320029,285,ok,12,7.84741649257099,0.12447704462393994,55,ok,12,7.847417348948378,0.12447708612882752,55
fixed__K20__lognormal__biased__random,fixed,20.0,200,lognormal,2027320030,289,ok,11,6.63285683245298,0.08789138279524777,77,ok,11,6.632851167198435,0.08789110058185895,77
fixed__K20__lognormal__biased__random,fixed,20.0,200,lognormal,2027320031,292,ok,12,7.379241431169197,0.11357118792130005,59,ok,12,7.3792398452641,0.11357110459321385,59
fixed__K20__lognormal__biased__random,fixed,20.0,200,lognormal,2027320032,285,ok,13,11.453840590096016,0.03852402369994734,41,ok,13,11.45384073831028,0.0385240287719103,41
fixed__K20__lognormal__biased__random,fixed,20.0,200,lognormal,2027320033,285,ok,12,8.003500905469343,0.07664254751623412,57,ok,12,8.00350058614897,0.07664253229670204,57
fixed__K20__lognormal__biased__random,fixed,20.0,200,lognormal,2027320034,286,ok,12,10.095479285676298,0.06080242456778995,32,ok,12,10.095479572595533,0.06080243570557431,32
fixed__K20__lognormal__biased__random,fixed,20.0,200,lognormal,2027320035,285,ok,11,7.285964177792935,0.032586273030335344,50,ok,11,7.285963185827041,0.032586228882961255,50
fixed__K20__lognormal__biased__random,fixed,20.0,200,lognormal,2027320036,287,ok,13,10.518211678227638,0.08508715442556203,37,ok,13,10.518210799845594,0.08508712212130276,37
fixed__K20__lognormal__biased__random,fixed,20.0,200,lognormal,2027320037,294,ok,12,10.460209753681287,0.04192653502062893,38,ok,12,10.46021014279508,0.04192654868319756,38
fixed__K20__lognormal__biased__random,fixed,20.0,200,lognormal,2027320038,290,ok,12,8.830043357133102,0.08295696457450685,46,ok,12,8.830043257901966,0.082956960192626,46
fixed__K20__lognormal__biased__random,fixed,20.0,200,lognormal,2027320039,291,ok,12,9.141807080291601,0.04153212961543706,35,ok,12,9.141806405867461,0.041532100443308684,35
fixed__K20__lognormal__biased__random,fixed,20.0,200,lognormal,2027320040,289,ok,13,9.234229788123795,0.09698869171054103,41,ok,13,9.234230218390678,0.09698870754985078,41
fixed__K20__lognormal__biased__random,fixed,20.0,200,lognormal,2027320041,288,ok,12,8.06434403605134,0.07521592362462032,38,ok,12,8.064343755487156,0.07521591148698559,38
fixed__K20__lognormal__biased__random,fixed,20.0,200,lognormal,2027320042,291,ok,13,8.247036311029904,0.05121791232441786,56,ok,13,8.247036322428835,0.0512179136225826,56
fixed__K20__lognormal__biased__random,fixed,20.0,200,lognormal,2027320043,290,ok,12,7.886394217088748,0.0509841227962019,51,ok,12,7.886394007228452,0.05098411523601343,51
fixed__K20__lognormal__biased__random,fixed,20.0,200,lognormal,2027320044,290,ok,11,6.928590670717625,0.07479979369076839,81,ok,11,6.928588638900033,0.07479968474308041,81
fixed__K20__lognormal__biased__random,fixed,20.0,200,lognormal,2027320045,288,ok,12,9.813063429776692,0.08989042732811009,35,ok,12,9.813063336598795,0.08989042363173833,35
fixed__K20__lognormal__biased__random,fixed,20.0,200,lognormal,2027320046,289,ok,12,9.24417105126776,0.06498019995185522,36,ok,12,9.244171281629658,0.0649802098175627,36
fixed__K20__lognormal__biased__random,fixed,20.0,200,lognormal,2027320047,292,ok,11,6.324613543471532,0.055721908069159,84,ok,11,6.324600367005697,0.05572109578844875,84
fixed__K20__lognormal__biased__random,fixed,20.0,200,lognormal,2027320048,292,ok,12,7.027458350491603,0.08428726491762839,42,ok,12,7.027454761968279,0.08428709800872342,42
fixed__K20__lognormal__biased__random,fixed,20.0,200,lognormal,2027320049,287,ok,13,9.508583946414758,0.04894454359650047,36,ok,13,9.508583969480528,0.04894454460292519,36
fixed__K20__lognormal__biased__random,fixed,20.0,200,lognormal,2027320050,281,ok,9,5.763269115051059,0.058658671493879155,74,ok,9,5.763247531529245,0.05865735210429557,74
fixed__K20__lognormal__biased__random,fixed,20.0,200,lognormal,2027320051,283,ok,11,6.519452682256069,0.052978877744757014,47,ok,11,6.519445063907591,0.0529784946768897,47
fixed__K20__lognormal__biased__random,fixed,20.0,200,lognormal,2027320052,286,ok,12,8.181214446805846,0.06302142174679282,57,ok,12,8.181214308234418,0.06302141599139294,57
fixed__K20__lognormal__biased__random,fixed,20.0,200,lognormal,2027320053,290,ok,11,7.267903050668039,0.05700233754861039,66,ok,11,7.267901971049744,0.05700228096905746,66
fixed__K20__lognormal__biased__random,fixed,20.0,200,lognormal,2027320054,281,ok,11,6.999923644988986,0.06499256499644879,67,ok,11,6.999921230668679,0.0649924311957425,67
fixed__K20__lognormal__biased__random,fixed,20.0,200,lognormal,2027320055,291,ok,13,8.16360724938003,0.10010398545935362,47,ok,13,8.163607011376007,0.1001039748388769,47
fixed__K20__lognormal__biased__random,fixed,20.0,200,lognormal,2027320056,294,ok,12,7.310999819632566,0.07831465000929716,45,ok,12,7.310998260426432,0.07831457782523565,45
fixed__K20__lognormal__biased__random,fixed,20.0,200,lognormal,2027320057,285,ok,12,7.031236236449327,0.06066725567332659,48,ok,12,7.031232387749359,0.0606670756373508,48
fixed__K20__lognormal__biased__random,fixed,20.0,200,lognormal,2027320058,282,ok,11,7.626151372840276,0.0642473915231001,42,ok,11,7.62615062184989,0.06424735268493409,42
fixed__K20__lognormal__biased__random,fixed,20.0,200,lognormal,2027320059,294,ok,15,10.02959191765567,0.07445850775801188,31,ok,15,10.02959213168082,0.07445851638289369,31
fixed__K20__pareto__biased__random,fixed,20.0,200,pareto,2027420000,246,ok,9,5.357391011152402,0.06238613027111439,80,ok,9,5.357326664739594,0.062382369292713014,80
fixed__K20__pareto__biased__random,fixed,20.0,200,pareto,2027420001,225,ok,6,4.015181103079596,0.06436436040313959,70,ok,6,4.014516292995664,0.06430581635731775,70
fixed__K20__pareto__biased__random,fixed,20.0,200,pareto,2027420002,214,ok,6,4.358432007575911,0.08751809631721724,62,ok,6,4.358190171646453,0.08749778672254022,62
fixed__K20__pareto__biased__random,fixed,20.0,200,pareto,2027420003,205,ok,6,4.277834567025224,0.09338425475257217,72,ok,6,4.277527272688556,0.09335490801475754,72
fixed__K20__pareto__biased__random,fixed,20.0,200,pareto,2027420004,229,ok,9,5.272789970496585,0.07810866443506659,68,ok,9,5.272708781362782,0.07810255873853944,68
fixed__K20__pareto__biased__random,fixed,20.0,200,pareto,2027420005,225,ok,8,4.828858354929531,0.08202945821497643,64,ok,8,4.828687281289767,0.08201762486809983,64
fixed__K20__pareto__biased__random,fixed,20.0,200,pareto,2027420006,241,ok,12,7.979982873009062,0.06474295147941811,32,ok,12,7.979982872368828,0.06474295241725303,32
fixed__K20__pareto__biased__random,fixed,20.0,200,pareto,2027420007,209,ok,8,7.237731813767878,0.030217899013196714,42,ok,8,7.237731410271656,0.030217878242622898,42
fixed__K20__pareto__biased__random,fixed,20.0,200,pareto,2027420008,220,ok,7,5.064920478569278,0.0696305340620551,77,ok,7,5.064867776928087,0.0696269718518665,77
fixed__K20__pareto__biased__random,fixed,20.0,200,pareto,2027420009,214,ok,7,4.882258626614965,0.047377120982113996,57,ok,7,4.882169292216166,0.04737304275517351,57
fixed__K20__pareto__biased__random,fixed,20.0,200,pareto,2027420010,204,ok,7,4.596496563575102,0.09918295585133885,58,ok,7,4.596293395768252,0.09916506264101366,58
fixed__K20__pareto__biased__random,fixed,20.0,200,pareto,2027420011,222,ok,7,4.765369612633837,0.07936382465995107,65,ok,7,4.76524437503006,0.07935324719700099,65
fixed__K20__pareto__biased__random,fixed,20.0,200,pareto,2027420012,226,ok,9,6.7251929049070736,0.07913848808762536,31,ok,9,6.725191662023804,0.0791384331747097,31
fixed__K20__pareto__biased__random,fixed,20.0,200,pareto,2027420013,220,ok,8,6.327352224363251,0.07479980922287627,44,ok,8,6.32734933836709,0.0747996378866807,44
fixed__K20__pareto__biased__random,fixed,20.0,200,pareto,2027420014,211,ok,7,5.491849507557743,0.061258583537430744,61,ok,7,5.491834336927186,0.06125755260627408,61
fixed__K20__pareto__biased__random,fixed,20.0,200,pareto,2027420015,215,ok,9,5.467795833325167,0.10910906789370722,58,ok,9,5.467748113399862,0.10910561683422992,58
fixed__K20__pareto__biased__random,fixed,20.0,200,pareto,2027420016,230,ok,9,5.0373582881039525,0.11634400165484099,68,ok,9,5.037206095656308,0.11633202099470002,68
fixed__K20__pareto__biased__random,fixed,20.0,200,pareto,2027420017,232,ok,10,5.913966501056826,0.09812918005403237,45,ok,10,5.913942647156278,0.09812785125506573,45
fixed__K20__pareto__biased__random,fixed,20.0,200,pareto,2027420018,194,ok,7,6.576383232002367,0.06015712156011416,35,ok,7,6.576382466398823,0.060157075579716,35
fixed__K20__pareto__biased__random,fixed,20.0,200,pareto,2027420019,186,ok,7,5.723817709762996,0.06872718019954277,31,ok,7,5.723810167333694,0.06872668326632386,31
fixed__K20__pareto__biased__random,fixed,20.0,200,pareto,2027420020,220,ok,10,5.521973899966522,0.12196302521383393,54,ok,10,5.521907829187061,0.12195922193649963,54
fixed__K20__pareto__biased__random,fixed,20.0,200,pareto,2027420021,215,ok,7,4.918649687270655,0.11446905068251645,60,ok,7,4.91856931571036,0.11446251886262016,60
fixed__K20__pareto__biased__random,fixed,20.0,200,pareto,2027420022,216,ok,5,3.317243505374871,0.09639692333090671,76,ok,5,3.314024981349221,0.09598419919398266,76
fixed__K20__pareto__biased__random,fixed,20.0,200,pareto,2027420023,225,ok,10,7.2916544368520855,0.050383275099254,34,ok,10,7.291654197043056,0.05038326468718157,34
fixed__K20__pareto__biased__random,fixed,20.0,200,pareto,2027420024,249,ok,10,5.944540913551313,0.05084626907919454,71,ok,10,5.9445189804114555,0.05084505089417235,71
fixed__K20__pareto__biased__random,fixed,20.0,200,pareto,2027420025,237,ok,11,6.540189641868628,0.07940577593068066,52,ok,11,6.540182328299305,0.07940534245554376,52
fixed__K20__pareto__biased__random,fixed,20.0,200,pareto,2027420026,235,ok,8,5.240483458602723,0.08494792999752965,52,ok,8,5.240429047060551,0.08494422819538172,52
fixed__K20__pareto__biased__random,fixed,20.0,200,pareto,2027420027,202,ok,6,4.994891281224926,0.07004724777511767,46,ok,6,4.994855830601819,0.07004453311477044,46
fixed__K20__pareto__biased__random,fixed,20.0,200,pareto,2027420028,243,ok,12,8.309262727573218,0.08165381478578848,30,ok,12,8.309262872354052,0.08165382164808666,30
fixed__K20__pareto__biased__random,fixed,20.0,200,pareto,2027420029,245,ok,15,9.160335474637437,0.0552039880162013,42,ok,15,9.160335268533403,0.05520397908620456,42
fixed__K20__pareto__biased__random,fixed,20.0,200,pareto,2027420030,233,ok,7,4.105201193982104,0.08603973848440127,96,ok,7,4.104390934877493,0.08596202982873058,96
fixed__K20__pareto__biased__random,fixed,20.0,200,pareto,2027420031,215,ok,9,6.644321049320888,0.05802136732373275,44,ok,9,6.6443194114147985,0.05802127539742097,44
fixed__K20__pareto__biased__random,fixed,20.0,200,pareto,2027420032,198,ok,8,6.93650398210926,0.021595517870930392,34,ok,8,6.936503236153965,0.021595540001380975,34
fixed__K20__pareto__biased__random,fixed,20.0,200,pareto,2027420033,228,ok,11,8.068113260633128,0.11282816222147218,32,ok,11,8.068113302100299,0.11282816496087134,32
fixed__K20__pareto__biased__random,fixed,20.0,200,pareto,2027420034,220,ok,6,4.977557716837903,0.0887841976298358,73,ok,6,4.9775205572317365,0.08878130371965964,73
fixed__K20__pareto__biased__random,fixed,20.0,200,pareto,2027420035,212,ok,9,8.132546184941125,0.04068459357696108,34,ok,9,8.132546190526838,0.040684593967567295,34
fixed__K20__pareto__biased__random,fixed,20.0,200,pareto,2027420036,228,ok,9,5.9686589018355045,0.11154247619140023,45,ok,9,5.9686462145588015,0.11154173533520184,45
fixed__K20__pareto__biased__random,fixed,20.0,200,pareto,2027420037,238,ok,14,8.939484246083763,0.11933186652785555,33,ok,14,8.93948419340408,0.11933186444026334,33
fixed__K20__pareto__biased__random,fixed,20.0,200,pareto,2027420038,238,ok,12,7.759769603233783,0.05643583755453385,53,ok,12,7.759769030873664,0.056435809331009223,53
fixed__K20__pareto__biased__random,fixed,20.0,200,pareto,2027420039,232,ok,9,6.777423315168734,0.07419567324138954,35,ok,9,6.777422201418018,0.07419561251138551,35
fixed__K20__pareto__biased__random,fixed,20.0,200,pareto,2027420040,218,ok,8,5.958955534465828,0.09923101101576054,61,ok,8,5.958948455218727,0.09923057835700305,61
fixed__K20__pareto__biased__random,fixed,20.0,200,pareto,2027420041,217,ok,8,5.527996418895208,0.11456728925196291,57,ok,8,5.527971989353796,0.11456572084484473,57
fixed__K20__pareto__biased__random,fixed,20.0,200,pareto,2027420042,216,ok,7,4.8547552716918085,0.09414010688180141,55,ok,7,4.854658616998772,0.0941329984436402,55
fixed__K20__pareto__biased__random,fixed,20.0,200,pareto,2027420043,237,ok,11,6.217416004781217,0.06466182512747387,32,ok,11,6.217398613617693,0.06466073369150271,32
fixed__K20__pareto__biased__random,fixed,20.0,200,pareto,2027420044,209,ok,8,6.270759481081607,0.06823522772715662,53,ok,8,6.2707562679222075,0.06823503200197123,53
fixed__K20__pareto__biased__random,fixed,20.0,200,pareto,2027420045,232,ok,10,7.961424621308449,0.10479479884522036,38,ok,10,7.961424322962753,0.10479478438876144,38
fixed__K20__pareto__biased__random,fixed,20.0,200,pareto,2027420046,236,ok,14,12.522993061064335,0.05093047584326171,31,ok,14,12.522992850960913,0.05093047859726829,31
fixed__K20__pareto__biased__random,fixed,20.0,200,pareto,2027420047,227,ok,10,6.865048165564332,0.10950972053993091,32,ok,10,6.865046057229169,0.10950960135718002,32
fixed__K20__pareto__biased__random,fixed,20.0,200,pareto,2027420048,203,ok,6,4.446898471671009,0.06880487530149804,65,ok,6,4.446712606322786,0.06878796513797647,65
fixed__K20__pareto__biased__random,fixed,20.0,200,pareto,2027420049,211,ok,5,3.908158842457878,0.07033794115606706,91,ok,5,3.907616074616407,0.07028064295096204,91
fixed__K20__pareto__biased__random,fixed,20.0,200,pareto,2027420050,230,ok,10,9.399697165306822,0.06581560034106426,36,ok,10,9.399696760424934,0.06581558299894985,36
fixed__K20__pareto__biased__random,fixed,20.0,200,pareto,2027420051,228,ok,9,6.015671544737814,0.07645682157340739,40,ok,9,6.0156607012484065,0.07645611731566704,40
fixed__K20__pareto__biased__random,fixed,20.0,200,pareto,2027420052,207,ok,7,5.528781875585314,0.1276834906946016,52,ok,7,5.5287682687416915,0.12768257037119496,52
fixed__K20__pareto__biased__random,fixed,20.0,200,pareto,2027420053,235,ok,12,6.7230754055099515,0.07749444394929772,46,ok,12,6.723067882387335,0.07749401133425993,46
fixed__K20__pareto__biased__random,fixed,20.0,200,pareto,2027420054,226,ok,9,6.721729788832676,0.09352628834726517,40,ok,9,6.721728674531778,0.0935262299871063,40
fixed__K20__pareto__biased__random,fixed,20.0,200,pareto,2027420055,237,ok,10,5.899182039241808,0.10617650809628487,52,ok,10,5.899157309960422,0.10617486189411063,52
fixed__K20__pareto__biased__random,fixed,20.0,200,pareto,2027420056,212,ok,8,6.286204840271419,0.02933733101738667,41,ok,8,6.286202378216178,0.02933727339614911,41
fixed__K20__pareto__biased__random,fixed,20.0,200,pareto,2027420057,223,ok,5,3.4757905740808304,0.11224918982923937,87,ok,5,3.473777056739349,0.11203950157363912,87
fixed__K20__pareto__biased__random,fixed,20.0,200,pareto,2027420058,234,ok,7,3.997145861647592,0.11699195689219932,90,ok,7,3.996053534304688,0.11688075373841378,90
fixed__K20__pareto__biased__random,fixed,20.0,200,pareto,2027420059,227,ok,11,8.775941881858394,0.11791120190795179,31,ok,11,8.77594120924135,0.11791117200836121,31
fixed__K22__lognormal__biased__random,fixed,22.0,200,lognormal,2027520000,293,ok,14,8.961780235094183,0.03315751564822178,49,ok,14,8.96178009091189,0.03315750935226869,49
fixed__K22__lognormal__biased__random,fixed,22.0,200,lognormal,2027520001,291,ok,12,5.7341118069777774,0.11539251740312645,81,ok,12,5.734025387454556,0.11538811988338321,81
fixed__K22__lognormal__biased__random,fixed,22.0,200,lognormal,2027520002,289,ok,12,7.7684569691749745,0.04890488315971231,63,ok,12,7.76845654868987,0.04890486506325098,63
fixed__K22__lognormal__biased__random,fixed,22.0,200,lognormal,2027520003,296,ok,15,10.28240070016838,0.07731818266909785,47,ok,15,10.282400510455366,0.07731817590086221,47
fixed__K22__lognormal__biased__random,fixed,22.0,200,lognormal,2027520004,291,ok,14,9.143963051657824,0.05813293328973135,55,ok,14,9.143961967801454,0.058132890351894784,55
fixed__K22__lognormal__biased__random,fixed,22.0,200,lognormal,2027520005,290,ok,15,11.27002213712788,0.08336734380658761,40,ok,15,11.270022559645161,0.08336735825857755,40
fixed__K22__lognormal__biased__random,fixed,22.0,200,lognormal,2027520006,284,ok,15,10.034057860618638,0.044182486712608604,40,ok,15,10.034058339000595,0.04418247938454378,40
fixed__K22__lognormal__biased__random,fixed,22.0,200,lognormal,2027520007,285,ok,14,10.178279780074625,0.041498460416385496,37,ok,14,10.178279586267903,0.04149845291349219,37
fixed__K22__lognormal__biased__random,fixed,22.0,200,lognormal,2027520008,288,ok,13,6.80341135751269,0.049751313685128085,42,ok,13,6.803401814834958,0.049750882780718875,42
fixed__K22__lognormal__biased__random,fixed,22.0,200,lognormal,2027520009,289,ok,14,9.417970607671915,0.0507322280912339,45,ok,14,9.417971058261664,0.050732245709241175,45
fixed__K22__lognormal__biased__random,fixed,22.0,200,lognormal,2027520010,294,ok,14,9.323623129992937,0.06800123356490695,40,ok,14,9.323622806954676,0.06800124753686188,40
fixed__K22__lognormal__biased__random,fixed,22.0,200,lognormal,2027520011,292,ok,15,9.63816293377522,0.06533974782314189,35,ok,15,9.638162932429527,0.06533974783506674,35
fixed__K22__lognormal__biased__random,fixed,22.0,200,lognormal,2027520012,293,ok,15,8.102383597720602,0.10557661323142825,48,ok,15,8.10238214162452,0.10557655601952226,48
fixed__K22__lognormal__biased__random,fixed,22.0,200,lognormal,2027520013,290,ok,14,8.106506008630978,0.07515515695515596,51,ok,14,8.106505163079758,0.07515511629102667,51
fixed__K22__lognormal__biased__random,fixed,22.0,200,lognormal,2027520014,294,ok,12,5.84592755283668,0.10432502507966829,115,ok,12,5.8458613273243945,0.10432068314140491,115
fixed__K22__lognormal__biased__random,fixed,22.0,200,lognormal,2027520015,284,ok,11,5.989392543371639,0.0787427383082463,91,ok,11,5.989361202732215,0.0787436138849874,91
fixed__K22__lognormal__biased__random,fixed,22.0,200,lognormal,2027520016,288,ok,16,11.892956131900839,0.05559253574189327,33,ok,16,11.892956180483955,0.05559253449005053,33
fixed__K22__lognormal__biased__random,fixed,22.0,200,lognormal,2027520017,295,ok,14,10.223057069724007,0.09096667664514235,41,ok,14,10.223055366777798,0.09096661402666717,41
fixed__K22__lognormal__biased__random,fixed,22.0,200,lognormal,2027520018,291,ok,12,5.903853128527433,0.09173155239751457,93,ok,12,5.903795621102641,0.09172781372189392,93
fixed__K22__lognormal__biased__random,fixed,22.0,200,lognormal,2027520019,285,ok,12,6.486332421785067,0.07821170033969727,89,ok,12,6.486318820085862,0.07821088968993006,89
fixed__K22__lognormal__biased__random,fixed,22.0,200,lognormal,2027520020,287,ok,14,13.362283880671802,0.04862921561302069,30,ok,14,13.362285569897205,0.04862924405993685,30
fixed__K22__lognormal__biased__random,fixed,22.0,200,lognormal,2027520021,288,ok,15,8.180092961799565,0.08352186153024421,50,ok,15,8.18009213657774,0.08352182341241865,50
fixed__K22__lognormal__biased__random,fixed,22.0,200,lognormal,2027520022,296,ok,14,8.036314638045495,0.06721994757351518,52,ok,14,8.036313757158068,0.06721991194642757,52
fixed__K22__lognormal__biased__random,fixed,22.0,200,lognormal,2027520023,292,ok,14,7.705291582742928,0.11268679500165907,51,ok,14,7.705289709187998,0.11268670126995167,51
fixed__K22__lognormal__biased__random,fixed,22.0,200,lognormal,2027520024,293,ok,15,10.69439169347184,0.09590987259106987,47,ok,15,10.69439246521768,0.09590990102565311,47
fixed__K22__lognormal__biased__random,fixed,22.0,200,lognormal,2027520025,289,ok,14,9.961935307023397,0.05291269492531442,43,ok,14,9.961935192398915,0.05291269064549414,43
fixed__K22__lognormal__biased__random,fixed,22.0,200,lognormal,2027520026,291,ok,15,10.888221958682074,0.052944517668797875,42,ok,15,10.888221988859751,0.05294451870708605,42
fixed__K22__lognormal__biased__random,fixed,22.0,200,lognormal,2027520027,294,ok,13,8.876142855371329,0.07246676780315142,52,ok,13,8.87614296190422,0.07246677292717218,52
fixed__K22__lognormal__biased__random,fixed,22.0,200,lognormal,2027520028,287,ok,14,9.279134929253111,0.07860284269874163,51,ok,14,9.279133886505218,0.07860281128207325,51
fixed__K22__lognormal__biased__random,fixed,22.0,200,lognormal,2027520029,291,ok,13,7.67042230219529,0.08616389628956689,61,ok,13,7.670421299361708,0.08616384696009338,61
fixed__K22__lognormal__biased__random,fixed,22.0,200,lognormal,2027520030,292,ok,15,8.05528382371934,0.091440032409208,53,ok,15,8.055281965838374,0.0914399587154105,53
fixed__K22__lognormal__biased__random,fixed,22.0,200,lognormal,2027520031,295,ok,18,14.114279318753685,0.04638604036964622,38,ok,18,14.114279095330154,0.04638603453033607,38
fixed__K22__lognormal__biased__random,fixed,22.0,200,lognormal,2027520032,285,ok,15,10.251027135357983,0.025841107322798096,30,ok,15,10.251026735305441,0.02584109300800863,30
fixed__K22__lognormal__biased__random,fixed,22.0,200,lognormal,2027520033,287,ok,11,6.187091818933688,0.07378494904090682,75,ok,11,6.187073330114293,0.07378378516675232,75
fixed__K22__lognormal__biased__random,fixed,22.0,200,lognormal,2027520034,287,ok,13,7.816463648281089,0.09662916417470224,65,ok,13,7.816463157474244,0.09662914169147152,65
fixed__K22__lognormal__biased__random,fixed,22.0,200,lognormal,2027520035,290,ok,15,12.31191807540306,0.0281242063708822,32,ok,15,12.311918359365837,0.028124215231921768,32
fixed__K22__lognormal__biased__random,fixed,22.0,200,lognormal,2027520036,287,ok,14,9.006829268046825,0.08312398837928553,37,ok,14,9.006829384567846,0.08312399323805797,37
fixed__K22__lognormal__biased__random,fixed,22.0,200,lognormal,2027520037,294,ok,14,9.690661823703984,0.07261428832171712,48,ok,14,9.690662074786594,0.07261429878240966,48
fixed__K22__lognormal__biased__random,fixed,22.0,200,lognormal,2027520038,292,ok,12,5.457571748540461,0.08476631666688295,100,ok,12,5.457402249927901,0.0847551266174904,100
fixed__K22__lognormal__biased__random,fixed,22.0,200,lognormal,2027520039,294,ok,12,7.386470999837946,0.03655507657254509,56,ok,12,7.386469559690476,0.03655501138631173,56
fixed__K22__lognormal__biased__random,fixed,22.0,200,lognormal,2027520040,290,ok,9,4.663485462992058,0.1084932719263001,109,ok,9,4.663078805507429,0.10845908194053977,109
fixed__K22__lognormal__biased__random,fixed,22.0,200,lognormal,2027520041,289,ok,15,11.190394823729045,0.09704568443001749,38,ok,15,11.190394623813908,0.09704567770731976,38
fixed__K22__lognormal__biased__random,fixed,22.0,200,lognormal,2027520042,285,ok,13,9.040649393778148,0.05179342466220227,49,ok,13,9.040649542235878,0.051793430877600466,49
fixed__K22__lognormal__biased__random,fixed,22.0,200,lognormal,2027520043,292,ok,15,9.491611927739909,0.05349511089924319,45,ok,15,9.491610872444342,0.053495071222981916,45
fixed__K22__lognormal__biased__random,fixed,22.0,200,lognormal,2027520044,289,ok,9,4.066403325073238,0.12099797361894743,141,ok,9,4.064527117318241,0.12082114970026919,141
fixed__K22__lognormal__biased__random,fixed,22.0,200,lognormal,2027520045,292,ok,13,5.957084912238451,0.12462585341745314,73,ok,13,5.957010530826725,0.12462229931476954,73
fixed__K22__lognormal__biased__random,fixed,22.0,200,lognormal,2027520046,290,ok,13,8.92766241743032,0.08571346765779186,46,ok,13,8.927662613243818,0.0857134759298952,46
fixed__K22__lognormal__biased__random,fixed,22.0,200,lognormal,2027520047,289,ok,15,7.967509433085682,0.07529701486750595,58,ok,15,7.967508160340025,0.07529695495135813,58
fixed__K22__lognormal__biased__random,fixed,22.0,200,lognormal,2027520048,291,ok,11,5.4843992177373035,0.08852186478715898,110,ok,11,5.484289969156987,0.08851589769392135,110
fixed__K22__lognormal__biased__random,fixed,22.0,200,lognormal,2027520049,292,ok,12,7.1062902206759375,0.06526901104364913,52,ok,12,7.106287143681228,0.06526884290565138,52
fixed__K22__lognormal__biased__random,fixed,22.0,200,lognormal,2027520050,290,ok,13,7.902350746648901,0.08603401928621679,51,ok,13,7.902349724373397,0.08603397329067819,51
fixed__K22__lognormal__biased__random,fixed,22.0,200,lognormal,2027520051,293,ok,15,10.419497173528287,0.07123491799815951,33,ok,15,10.419497158175181,0.07123491746297639,33
fixed__K22__lognormal__biased__random,fixed,22.0,200,lognormal,2027520052,292,ok,13,8.744319073338668,0.047927527265733794,71,ok,13,8.744319705146644,0.04792755721225728,71
fixed__K22__lognormal__biased__random,fixed,22.0,200,lognormal,2027520053,290,ok,14,11.119863782871827,0.024522361916808455,30,ok,14,11.119863625020393,0.024522363329349095,30
fixed__K22__lognormal__biased__random,fixed,22.0,200,lognormal,2027520054,296,ok,14,9.562886080680284,0.06482079850806133,53,ok,14,9.562885659505707,0.06482078343439701,53
fixed__K22__lognormal__biased__random,fixed,22.0,200,lognormal,2027520055,292,ok,15,10.392783515061916,0.06271321042387512,36,ok,15,10.392783736958416,0.06271321893575865,36
fixed__K22__lognormal__biased__random,fixed,22.0,200,lognormal,2027520056,289,ok,12,6.38634639905153,0.08264079985436967,91,ok,12,6.386328354545318,0.08263970402632559,91
fixed__K22__lognormal__biased__random,fixed,22.0,200,lognormal,2027520057,295,ok,16,11.431328481863009,0.10568121564733335,36,ok,16,11.43132936088931,0.10568124566400527,36
fixed__K22__lognormal__biased__random,fixed,22.0,200,lognormal,2027520058,285,ok,13,8.98010111685866,0.05914247226091207,50,ok,13,8.980101332365264,0.05914248078652273,50
fixed__K22__lognormal__biased__random,fixed,22.0,200,lognormal,2027520059,290,ok,13,6.95851578021845,0.09749189345052256,86,ok,13,6.958509409988064,0.09749154320545106,86
fixed__K22__pareto__biased__random,fixed,22.0,200,pareto,2027620000,236,ok,13,8.910597999595987,0.07619023156398763,37,ok,13,8.910597985541706,0.07619023111422735,37
fixed__K22__pareto__biased__random,fixed,22.0,200,pareto,2027620001,247,ok,15,8.904742763811953,0.07090295399041335,31,ok,15,8.904742072713145,0.07090298543970697,31
fixed__K22__pareto__biased__random,fixed,22.0,200,pareto,2027620002,226,ok,9,6.291279028069766,0.0876457812568544,36,ok,9,6.291274168995609,0.08764548426653906,36
fixed__K22__pareto__biased__random,fixed,22.0,200,pareto,2027620003,210,ok,8,5.36582754534616,0.10440113493499248,54,ok,8,5.365789038285957,0.10439829119162491,54
fixed__K22__pareto__biased__random,fixed,22.0,200,pareto,2027620004,215,ok,11,6.820897528422779,0.09149720219918317,44,ok,11,6.820894416537595,0.09149705104531153,44
fixed__K22__pareto__biased__random,fixed,22.0,200,pareto,2027620005,233,ok,11,8.370851471431246,0.08819142478183783,30,ok,11,8.370851391883892,0.08819142122404999,30
fixed__K22__pareto__biased__random,fixed,22.0,200,pareto,2027620006,232,ok,10,6.4493491795954805,0.05507586839509426,44,ok,10,6.449343562599337,0.05507557056939594,44
fixed__K22__pareto__biased__random,fixed,22.0,200,pareto,2027620007,241,ok,11,5.448135743312513,0.09121274305109928,62,ok,11,5.448016108758813,0.09120429418082843,62
fixed__K22__pareto__biased__random,fixed,22.0,200,pareto,2027620008,225,ok,10,6.127859677453495,0.09799895326457381,53,ok,10,6.127846396245465,0.09799822844981221,53
fixed__K22__pareto__biased__random,fixed,22.0,200,pareto,2027620009,235,ok,10,7.001142672435903,0.05380502654067504,48,ok,10,7.001141677031982,0.05380497745383889,48
fixed__K22__pareto__biased__random,fixed,22.0,200,pareto,2027620010,216,ok,5,3.5121827557533924,0.12316759250017062,105,ok,5,3.510376536870108,0.12295007048150464,105
fixed__K22__pareto__biased__random,fixed,22.0,200,pareto,2027620011,238,ok,12,6.994952008113423,0.08662238128210942,36,ok,12,6.994948356914694,0.08662221194587655,36
fixed__K22__pareto__biased__random,fixed,22.0,200,pareto,2027620012,239,ok,12,7.109844043673122,0.07293029372639087,40,ok,12,7.109841230414106,0.07293016404203351,40
fixed__K22__pareto__biased__random,fixed,22.0,200,pareto,2027620013,243,ok,11,6.554992488429815,0.0844322709203259,48,ok,11,6.554985365716714,0.0844318868572741,48
fixed__K22__pareto__biased__random,fixed,22.0,200,pareto,2027620014,233,ok,9,5.2986741066438166,0.08860642499227206,69,ok,9,5.298598207430508,0.08860171033107994,69
fixed__K22__pareto__biased__random,fixed,22.0,200,pareto,2027620015,247,ok,12,6.919276081927829,0.08223619229323131,49,ok,12,6.919271423038332,0.08223597405575889,49
fixed__K22__pareto__biased__random,fixed,22.0,200,pareto,2027620016,225,ok,11,7.705935861167255,0.09780526687903485,42,ok,11,7.705935508684161,0.09780525076197372,42
fixed__K22__pareto__biased__random,fixed,22.0,200,pareto,2027620017,223,ok,10,8.315137856207002,0.049344331727216084,40,ok,10,8.315138321393876,0.04934430966237424,40
fixed__K22__pareto__biased__random,fixed,22.0,200,pareto,2027620018,230,ok,11,8.452687653894563,0.06828900374160374,35,ok,11,8.45268828888582,0.0682890340539174,35
fixed__K22__pareto__biased__random,fixed,22.0,200,pareto,2027620019,231,ok,11,7.009247936611842,0.05049471620050394,33,ok,11,7.00924612528849,0.05049463165763235,33
fixed__K22__pareto__biased__random,fixed,22.0,200,pareto,2027620020,234,ok,10,9.100734549837163,0.0528133003650042,32,ok,10,9.100735040834131,0.052813322051234124,32
fixed__K22__pareto__biased__random,fixed,22.0,200,pareto,2027620021,240,ok,14,8.359892803819683,0.05906642802251544,43,ok,14,8.359892102740835,0.05906639953586501,43
fixed__K22__pareto__biased__random,fixed,22.0,200,pareto,2027620022,238,ok,13,8.069473484724416,0.05056890361512356,37,ok,13,8.069472557622184,0.05056886247175185,37
fixed__K22__pareto__biased__random,fixed,22.0,200,pareto,2027620023,223,ok,8,4.84562698702226,0.09504338788621824,54,ok,8,4.845463429349582,0.0950298483856824,54
fixed__K22__pareto__biased__random,fixed,22.0,200,pareto,2027620024,225,ok,11,6.423893498856244,0.042820612120164636,30,ok,11,6.423883223422422,0.04282003745628471,30
fixed__K22__pareto__biased__random,fixed,22.0,200,pareto,2027620025,231,ok,10,5.54435482700251,0.13646800547178062,52,ok,10,5.544292476078941,0.13646358663208602,52
fixed__K22__pareto__biased__random,fixed,22.0,200,pareto,2027620026,273,ok,21,14.248288500919404,0.03358501576521433,41,ok,21,14.248289039561875,0.03358501114038648,41
fixed__K22__pareto__biased__random,fixed,22.0,200,pareto,2027620027,226,ok,7,4.927779498393168,0.06800764245794233,62,ok,7,4.927701305911607,0.06800130324733422,62
fixed__K22__pareto__biased__random,fixed,22.0,200,pareto,2027620028,230,ok,11,6.151483658908108,0.06800745439915368,67,ok,11,6.151463498037078,0.06800625358747037,67
fixed__K22__pareto__biased__random,fixed,22.0,200,pareto,2027620029,235,ok,11,7.717842305809368,0.07957802840778361,46,ok,11,7.7178422193369265,0.079578025491995,46
fixed__K22__pareto__biased__random,fixed,22.0,200,pareto,2027620030,222,ok,9,6.984887399054904,0.11192412950259845,58,ok,9,6.984886867427951,0.11192410236250072,58
fixed__K22__pareto__biased__random,fixed,22.0,200,pareto,2027620031,242,ok,13,7.783800603394953,0.050410756516098054,39,ok,13,7.7837999247420235,0.05041077944204908,39
fixed__K22__pareto__biased__random,fixed,22.0,200,pareto,2027620032,249,ok,13,6.439949612782065,0.08122595034309044,53,ok,13,6.439926394773754,0.08122457303981268,53
fixed__K22__pareto__biased__random,fixed,22.0,200,pareto,2027620033,216,ok,8,5.351370086133617,0.043030106713877636,45,ok,8,5.351330336311582,0.04303073851391204,45
fixed__K22__pareto__biased__random,fixed,22.0,200,pareto,2027620034,229,ok,10,6.115109028773731,0.060547580134953094,39,ok,10,6.115095282670563,0.06054678341840125,39
fixed__K22__pareto__biased__random,fixed,22.0,200,pareto,2027620035,234,ok,9,6.534171405130946,0.0728446101984242,52,ok,9,6.534168738446669,0.07284446302156594,52
fixed__K22__pareto__biased__random,fixed,22.0,200,pareto,2027620036,250,ok,12,7.210532019810148,0.1206929792070055,59,ok,12,7.210529315475334,0.12069283198421155,59
fixed__K22__pareto__biased__random,fixed,22.0,200,pareto,2027620037,227,ok,7,3.7250611338145494,0.11474301330838801,92,ok,7,3.722767576222733,0.11455117648517069,92
fixed__K22__pareto__biased__random,fixed,22.0,200,pareto,2027620038,230,ok,10,5.022363188270479,0.10998593268022083,70,ok,10,5.022125564329578,0.10996753314127516,70
fixed__K22__pareto__biased__random,fixed,22.0,200,pareto,2027620039,236,ok,13,7.761728458011307,0.07120925429943298,39,ok,13,7.761727621425584,0.07120921913803246,39
fixed__K22__pareto__biased__random,fixed,22.0,200,pareto,2027620040,214,ok,6,4.214694049538047,0.08944372646072868,65,ok,6,4.214323750046895,0.08941199552324541,65
fixed__K22__pareto__biased__random,fixed,22.0,200,pareto,2027620041,252,ok,13,8.031981654186902,0.08337988668364488,48,ok,13,8.031981013663481,0.08337985955544874,48
fixed__K22__pareto__biased__random,fixed,22.0,200,pareto,2027620042,234,ok,10,6.116230878578772,0.05341754023834011,51,ok,10,6.11621690818113,0.05341664559150894,51
fixed__K22__pareto__biased__random,fixed,22.0,200,pareto,2027620043,255,ok,16,11.344884300406765,0.037354545765266645,34,ok,16,11.344884740084165,0.03735456093863432,34
fixed__K22__pareto__biased__random,fixed,22.0,200,pareto,2027620044,214,ok,9,8.019222341939859,0.11480751683105589,33,ok,9,8.019222485254218,0.11480752419954149,33
fixed__K22__pareto__biased__random,fixed,22.0,200,pareto,2027620045,219,ok,7,4.564764943833791,0.10312528488468614,68,ok,7,4.564542382643115,0.10310832797002678,68
fixed__K22__pareto__biased__random,fixed,22.0,200,pareto,2027620046,242,ok,13,10.063511413213321,0.06049745185518263,31,ok,13,10.063510770671586,0.06049742708321737,31
fixed__K22__pareto__biased__random,fixed,22.0,200,pareto,2027620047,244,ok,12,7.2982257655999785,0.07067251884010206,55,ok,12,7.2982242154133194,0.07067243836006998,55
fixed__K22__pareto__biased__random,fixed,22.0,200,pareto,2027620048,244,ok,13,8.770421985875412,0.09210846402615003,32,ok,13,8.770421667942008,0.09210845153702307,32
fixed__K22__pareto__biased__random,fixed,22.0,200,pareto,2027620049,233,ok,12,9.007256261188541,0.09140008086914009,33,ok,12,9.007256415695666,0.09140008749343503,33
fixed__K22__pareto__biased__random,fixed,22.0,200,pareto,2027620050,214,ok,11,7.54944963199677,0.044852800145797844,30,ok,11,7.549449113712319,0.0448527835726108,30
fixed__K22__pareto__biased__random,fixed,22.0,200,pareto,2027620051,234,ok,13,8.891052933059585,0.03139335655527564,35,ok,13,8.891052704248139,0.031393346273980494,35
fixed__K22__pareto__biased__random,fixed,22.0,200,pareto,2027620052,225,ok,6,4.217492103985318,0.07624752434005844,83,ok,6,4.217125048017079,0.07621547732308731,83
fixed__K22__pareto__biased__random,fixed,22.0,200,pareto,2027620053,230,ok,12,7.657843639045593,0.0716763738268939,34,ok,12,7.657842928025896,0.07167634233254921,34
fixed__K22__pareto__biased__random,fixed,22.0,200,pareto,2027620054,216,ok,9,5.556254650740825,0.07969688131411379,41,ok,9,5.556216976758632,0.07969420285817475,41
fixed__K22__pareto__biased__random,fixed,22.0,200,pareto,2027620055,217,ok,11,8.093222439820954,0.10311431854431297,33,ok,11,8.093222386407888,0.10311431698347084,33
fixed__K22__pareto__biased__random,fixed,22.0,200,pareto,2027620056,222,ok,10,6.955272147648466,0.06003563192550121,31,ok,10,6.955270692225899,0.060035558139614476,31
fixed__K22__pareto__biased__random,fixed,22.0,200,pareto,2027620057,226,ok,8,4.258032381456906,0.12040643949269603,94,ok,8,4.257229635783612,0.1203311639239798,94
fixed__K22__pareto__biased__random,fixed,22.0,200,pareto,2027620058,234,ok,7,3.424669687448971,0.13682389575573323,106,ok,7,3.4195633573387636,0.13623205600645305,106
fixed__K22__pareto__biased__random,fixed,22.0,200,pareto,2027620059,226,ok,7,4.512803371626065,0.07289494547365949,62,ok,7,4.51254528718409,0.07287356982907078,62
fixed__K24__lognormal__biased__random,fixed,24.0,200,lognormal,2027720000,285,ok,14,6.472577194661965,0.0856394859498325,50,ok,14,6.47254557827401,0.08563763346762365,50
fixed__K24__lognormal__biased__random,fixed,24.0,200,lognormal,2027720001,296,ok,17,8.624463415070895,0.06078998790341422,50,ok,17,8.624462130466398,0.06078994176841124,50
fixed__K24__lognormal__biased__random,fixed,24.0,200,lognormal,2027720002,289,ok,15,9.271205695978825,0.07962713638412,66,ok,15,9.271206259011153,0.07962716154921401,66
fixed__K24__lognormal__biased__random,fixed,24.0,200,lognormal,2027720003,294,ok,17,10.856448403127617,0.04146428203919361,39,ok,17,10.85644942426818,0.04146425591199243,39
fixed__K24__lognormal__biased__random,fixed,24.0,200,lognormal,2027720004,294,ok,14,7.605014781567342,0.03450212150407639,47,ok,14,7.6050123918561034,0.03450214566803245,47
fixed__K24__lognormal__biased__random,fixed,24.0,200,lognormal,2027720005,295,ok,17,10.825889990395279,0.0737092047730944,41,ok,17,10.825889900973698,0.0737092018996377,41
fixed__K24__lognormal__biased__random,fixed,24.0,200,lognormal,2027720006,290,ok,17,9.57835879842951,0.10155305499565848,44,ok,17,9.578358522156652,0.10155304349119532,44
fixed__K24__lognormal__biased__random,fixed,24.0,200,lognormal,2027720007,295,ok,16,10.746680292009293,0.054824993990817306,47,ok,16,10.74668056783989,0.05482500269828616,47
fixed__K24__lognormal__biased__random,fixed,24.0,200,lognormal,2027720008,295,ok,15,7.402149094586425,0.08869813759744605,93,ok,15,7.402143227084684,0.08869783517248109,93
fixed__K24__lognormal__biased__random,fixed,24.0,200,lognormal,2027720009,294,ok,16,9.940849463273201,0.09385621454125465,39,ok,16,9.940849693737025,0.09385622279490219,39
fixed__K24__lognormal__biased__random,fixed,24.0,200,lognormal,2027720010,295,ok,17,9.200386080575406,0.07062535745531062,43,ok,17,9.20038617396517,0.07062536237626837,43
fixed__K24__lognormal__biased__random,fixed,24.0,200,lognormal,2027720011,295,ok,15,7.938970723652377,0.08685257433524418,78,ok,15,7.938969353722009,0.08685251350582068,78
fixed__K24__lognormal__biased__random,fixed,24.0,200,lognormal,2027720012,294,ok,17,9.732148223113661,0.10305875658754582,47,ok,17,9.73214753907917,0.10305873273874139,47
fixed__K24__lognormal__biased__random,fixed,24.0,200,lognormal,2027720013,296,ok,16,10.061401821260453,0.028194619665634413,58,ok,16,10.061401163008547,0.028194634221749837,58
fixed__K24__lognormal__biased__random,fixed,24.0,200,lognormal,2027720014,289,ok,13,7.045107172803179,0.06019971633408999,74,ok,13,7.045101575429116,0.06019946653085673,74
fixed__K24__lognormal__biased__random,fixed,24.0,200,lognormal,2027720015,294,ok,13,5.983085225497658,0.08608173073763142,101,ok,13,5.983015354896628,0.08607731474342645,101
fixed__K24__lognormal__biased__random,fixed,24.0,200,lognormal,2027720016,292,ok,18,10.978174840503,0.09294984726443367,30,ok,18,10.97817543034978,0.09294986651726489,30
fixed__K24__lognormal__biased__random,fixed,24.0,200,lognormal,2027720017,299,ok,15,8.836902690284127,0.05605281780139426,60,ok,15,8.836901589610644,0.05605277493850269,60
fixed__K24__lognormal__biased__random,fixed,24.0,200,lognormal,2027720018,289,ok,17,13.609475540104397,0.06790728854972544,33,ok,17,13.609475275216063,0.06790728116099592,33
fixed__K24__lognormal__biased__random,fixed,24.0,200,lognormal,2027720019,294,ok,16,8.05357526306995,0.06798634000961251,66,ok,16,8.05357313191119,0.06798625976939698,66
fixed__K24__lognormal__biased__random,fixed,24.0,200,lognormal,2027720020,293,ok,15,7.6353891223164485,0.06408144367630497,71,ok,15,7.635386683598058,0.06408133158078078,71
fixed__K24__lognormal__biased__random,fixed,24.0,200,lognormal,2027720021,290,ok,14,8.930074356272952,0.06733829739608566,67,ok,14,8.930074435977046,0.06733830141205899,67
fixed__K24__lognormal__biased__random,fixed,24.0,200,lognormal,2027720022,297,ok,17,10.213339702626737,0.05588543141759306,37,ok,17,10.213338883027374,0.055885398880345605,37
fixed__K24__lognormal__biased__random,fixed,24.0,200,lognormal,2027720023,294,ok,16,8.846817931650703,0.09962526845940622,60,ok,16,8.846817906209152,0.09962526877011635,60
fixed__K24__lognormal__biased__random,fixed,24.0,200,lognormal,2027720024,293,ok,16,11.572703347883609,0.04501353442388267,30,ok,16,11.572702672299094,0.045013516016122135,30
fixed__K24__lognormal__biased__random,fixed,24.0,200,lognormal,2027720025,293,ok,14,7.370534360769693,0.09651084469709148,82,ok,14,7.370530751330231,0.09651069444368204,82
fixed__K24__lognormal__biased__random,fixed,24.0,200,lognormal,2027720026,287,ok,15,7.821144115382817,0.08774493307109132,65,ok,15,7.821142843559463,0.08774488556818877,65
fixed__K24__lognormal__biased__random,fixed,24.0,200,lognormal,2027720027,292,ok,16,9.277393156571323,0.05462720170752666,64,ok,16,9.277393055472528,0.05462719762749846,64
fixed__K24__lognormal__biased__random,fixed,24.0,200,lognormal,2027720028,291,ok,17,11.087690917988427,0.11836316094434951,46,ok,17,11.087691286228644,0.11836317420786568,46
fixed__K24__lognormal__biased__random,fixed,24.0,200,lognormal,2027720029,286,ok,15,9.454180926227854,0.0798606186168529,40,ok,15,9.454180593749157,0.07986060615581075,40
fixed__K24__lognormal__biased__random,fixed,24.0,200,lognormal,2027720030,298,ok,14,7.025371244135377,0.061704151062641044,72,ok,14,7.025362438141798,0.06170368608239929,72
fixed__K24__lognormal__biased__random,fixed,24.0,200,lognormal,2027720031,290,ok,16,8.76261515216605,0.05032412486739929,48,ok,16,8.76261521732007,0.05032412827399396,48
fixed__K24__lognormal__biased__random,fixed,24.0,200,lognormal,2027720032,284,ok,16,10.75002272372052,0.10643762264467643,43,ok,16,10.750023294698776,0.10643764197045519,43
fixed__K24__lognormal__biased__random,fixed,24.0,200,lognormal,2027720033,290,ok,18,11.849214129229585,0.053479705675293254,33,ok,18,11.849213677704919,0.05347969060509594,33
fixed__K24__lognormal__biased__random,fixed,24.0,200,lognormal,2027720034,297,ok,15,8.845871079530575,0.0853073749033052,69,ok,15,8.845870127840454,0.08530733112459521,69
fixed__K24__lognormal__biased__random,fixed,24.0,200,lognormal,2027720035,289,ok,18,10.530877883479711,0.07700806632354656,42,ok,18,10.530878391294179,0.07700808291258593,42
fixed__K24__lognormal__biased__random,fixed,24.0,200,lognormal,2027720036,283,ok,16,9.437386177962297,0.061155353200167406,69,ok,16,9.437385288235886,0.061155320684011916,69
fixed__K24__lognormal__biased__random,fixed,24.0,200,lognormal,2027720037,295,ok,16,9.139495139869213,0.04791496173603815,35,ok,16,9.139495143801982,0.047914962589734156,35
fixed__K24__lognormal__biased__random,fixed,24.0,200,lognormal,2027720038,285,ok,17,11.279422834963956,0.04819717147010971,32,ok,17,11.279422209626174,0.04819715688630555,32
fixed__K24__lognormal__biased__random,fixed,24.0,200,lognormal,2027720039,294,ok,17,11.992249188766335,0.02161319907101611,30,ok,17,11.992249030313866,0.02161320136210465,30
fixed__K24__lognormal__biased__random,fixed,24.0,200,lognormal,2027720040,292,ok,16,9.762287402762777,0.0571611116041536,44,ok,16,9.762287686906369,0.05716112191027389,44
fixed__K24__lognormal__biased__random,fixed,24.0,200,lognormal,2027720041,293,ok,14,7.956460343472922,0.052462334807622746,68,ok,14,7.956458929588155,0.05246227642041462,68
fixed__K24__lognormal__biased__random,fixed,24.0,200,lognormal,2027720042,294,ok,17,13.297140701126626,0.0724833745969552,34,ok,17,13.297141527576155,0.07248339807816118,34
fixed__K24__lognormal__biased__random,fixed,24.0,200,lognormal,2027720043,297,ok,18,15.566401720100997,0.01727122385134705,36,ok,18,15.566401050475564,0.017271234438196115,36
fixed__K24__lognormal__biased__random,fixed,24.0,200,lognormal,2027720044,287,ok,16,9.988112869238126,0.07803545786592825,53,ok,16,9.988113130305909,0.07803546855259946,53
fixed__K24__lognormal__biased__random,fixed,24.0,200,lognormal,2027720045,291,ok,15,7.800308526381945,0.10533932267510149,65,ok,15,7.800307123340665,0.1053392620693352,65
fixed__K24__lognormal__biased__random,fixed,24.0,200,lognormal,2027720046,291,ok,17,9.673445486415043,0.07533966749709603,34,ok,17,9.673445273478801,0.07533966016249571,34
fixed__K24__lognormal__biased__random,fixed,24.0,200,lognormal,2027720047,285,ok,16,10.786627706146199,0.10693955195323912,46,ok,16,10.786627764595682,0.10693955412048606,46
fixed__K24__lognormal__biased__random,fixed,24.0,200,lognormal,2027720048,291,ok,13,6.273470114376126,0.08600895868140876,77,ok,13,6.273435074030972,0.08600731741485748,77
fixed__K24__lognormal__biased__random,fixed,24.0,200,lognormal,2027720049,285,ok,17,12.78441235412732,0.04172685873153309,35,ok,17,12.784413032567429,0.04172687859918939,35
fixed__K24__lognormal__biased__random,fixed,24.0,200,lognormal,2027720050,295,ok,14,7.180094590801471,0.1048125234952742,79,ok,14,7.18008862173588,0.1048122065435157,79
fixed__K24__lognormal__biased__random,fixed,24.0,200,lognormal,2027720051,294,ok,18,11.769742150087204,0.056410704356263275,39,ok,18,11.769742212985879,0.05641070223576583,39
fixed__K24__lognormal__biased__random,fixed,24.0,200,lognormal,2027720052,295,ok,18,10.054759280103214,0.04234097093420963,43,ok,18,10.054759266390962,0.042340970540865386,43
fixed__K24__lognormal__biased__random,fixed,24.0,200,lognormal,2027720053,297,ok,16,11.372070001339534,0.047345133489519575,42,ok,16,11.372070137626919,0.04734513792581224,42
fixed__K24__lognormal__biased__random,fixed,24.0,200,lognormal,2027720054,289,ok,17,11.545944253741544,0.04747794351369705,46,ok,17,11.545943973506269,0.04747793394328115,46
fixed__K24__lognormal__biased__random,fixed,24.0,200,lognormal,2027720055,298,ok,15,8.21393838433738,0.09730635971597801,63,ok,15,8.213937698551913,0.09730632853220378,63
fixed__K24__lognormal__biased__random,fixed,24.0,200,lognormal,2027720056,287,ok,14,8.363196861350735,0.019153615543379077,54,ok,14,8.36319661552898,0.019153606187190808,54
fixed__K24__lognormal__biased__random,fixed,24.0,200,lognormal,2027720057,289,ok,16,9.493849740794946,0.07890693728316867,43,ok,16,9.493848888340858,0.07890690404306266,43
fixed__K24__lognormal__biased__random,fixed,24.0,200,lognormal,2027720058,291,ok,16,10.290622257000807,0.04458718783591109,46,ok,16,10.290621527722564,0.04458715927480783,46
fixed__K24__lognormal__biased__random,fixed,24.0,200,lognormal,2027720059,299,ok,18,13.827635378703992,0.1043806384935525,31,ok,18,13.827636333223587,0.1043806125975697,31
fixed__K24__pareto__biased__random,fixed,24.0,200,pareto,2027820000,251,ok,11,5.328841280717563,0.07218526343607645,78,ok,11,5.328680120843829,0.07217355247676971,78
fixed__K24__pareto__biased__random,fixed,24.0,200,pareto,2027820001,243,ok,13,7.904648176134094,0.10545499380244361,36,ok,13,7.904647129931587,0.10545494870558092,36
fixed__K24__pareto__biased__random,fixed,24.0,200,pareto,2027820002,224,ok,10,6.167546044334381,0.08974290290497222,48,ok,10,6.167533822989693,0.08974223694558164,48
fixed__K24__pareto__biased__random,fixed,24.0,200,pareto,2027820003,224,ok,11,7.148625962676568,0.05604191330759101,40,ok,11,7.148624620949143,0.056041842380278095,40
fixed__K24__pareto__biased__random,fixed,24.0,200,pareto,2027820004,228,ok,12,6.846736416149222,0.05021890295358278,31,ok,12,6.846731038279731,0.05021866881179704,31
fixed__K24__pareto__biased__random,fixed,24.0,200,pareto,2027820005,241,ok,12,6.490342750193189,0.10651907859493437,49,ok,12,6.490328699480784,0.1065182791075594,49
fixed__K24__pareto__biased__random,fixed,24.0,200,pareto,2027820006,240,ok,12,7.450235951989352,0.06300943897311873,52,ok,12,7.450234894602054,0.06300939182015464,52
fixed__K24__pareto__biased__random,fixed,24.0,200,pareto,2027820007,268,ok,20,10.618695026454029,0.052717158395440555,63,ok,20,10.618694806971572,0.05271715014724465,63
fixed__K24__pareto__biased__random,fixed,24.0,200,pareto,2027820008,242,ok,13,6.025873829810766,0.11564706369866734,66,ok,13,6.025810881886553,0.11564310943440409,66
fixed__K24__pareto__biased__random,fixed,24.0,200,pareto,2027820009,242,ok,16,10.84489447441153,0.0508784062330625,31,ok,16,10.844895455250679,0.05087844219872284,31
fixed__K24__pareto__biased__random,fixed,24.0,200,pareto,2027820010,236,ok,15,7.854078247698452,0.12143689194480772,43,ok,15,7.854076694808874,0.12143681840170689,43
fixed__K24__pareto__biased__random,fixed,24.0,200,pareto,2027820011,231,ok,13,8.203365421107211,0.026749848480783545,35,ok,13,8.203365034766716,0.02674983023923272,35
fixed__K24__pareto__biased__random,fixed,24.0,200,pareto,2027820012,229,ok,8,4.038277208180149,0.11957717719494163,87,ok,8,4.036841551636622,0.11946991635655049,87
fixed__K24__pareto__biased__random,fixed,24.0,200,pareto,2027820013,235,ok,12,8.002606007316748,0.053693139561894254,31,ok,12,8.002605960284649,0.053693138296546705,31
fixed__K24__pareto__biased__random,fixed,24.0,200,pareto,2027820014,249,ok,12,6.061440889091974,0.09704637892623869,59,ok,12,6.061401600323758,0.09704388165260036,59
fixed__K24__pareto__biased__random,fixed,24.0,200,pareto,2027820015,243,ok,11,5.268293196297469,0.1001775576681539,85,ok,11,5.268106182068592,0.10016392115155576,85
fixed__K24__pareto__biased__random,fixed,24.0,200,pareto,2027820016,235,ok,12,7.438591535648829,0.10047331694662043,49,ok,12,7.438590668249989,0.10047327978823395,49
fixed__K24__pareto__biased__random,fixed,24.0,200,pareto,2027820017,244,ok,13,8.830109183995473,0.11787336889159189,33,ok,13,8.830108979031781,0.11787336047191943,33
fixed__K24__pareto__biased__random,fixed,24.0,200,pareto,2027820018,239,ok,13,6.463873918104649,0.07799205131362086,57,ok,13,6.463851942589779,0.0779909185839992,57
fixed__K24__pareto__biased__random,fixed,24.0,200,pareto,2027820019,250,ok,17,10.482794630008351,0.0630414759818152,33,ok,17,10.482794442550443,0.06304146971605612,33
fixed__K24__pareto__biased__random,fixed,24.0,200,pareto,2027820020,232,ok,10,5.260722001803584,0.07269019430525359,65,ok,10,5.260592768644554,0.07268078708685932,65
fixed__K24__pareto__biased__random,fixed,24.0,200,pareto,2027820021,249,ok,17,11.82480294696709,0.10902769989301642,35,ok,17,11.824802259309049,0.10902767714007122,35
fixed__K24__pareto__biased__random,fixed,24.0,200,pareto,2027820022,237,ok,12,6.613852528196058,0.06492677798228819,55,ok,12,6.613842605207901,0.06492619764267549,55
fixed__K24__pareto__biased__random,fixed,24.0,200,pareto,2027820023,250,ok,11,4.531548543884464,0.08886684761419511,108,ok,11,4.530427718041612,0.08880151048871499,108
fixed__K24__pareto__biased__random,fixed,24.0,200,pareto,2027820024,226,ok,11,6.6086618342275,0.04097285821699381,43,ok,11,6.6086554770576535,0.04097248411218968,43
fixed__K24__pareto__biased__random,fixed,24.0,200,pareto,2027820025,240,ok,15,7.758799999634082,0.08858016957480719,39,ok,15,7.758797361246684,0.08858006165998378,39
fixed__K24__pareto__biased__random,fixed,24.0,200,pareto,2027820026,229,ok,12,5.6923757694092485,0.10056420059172433,57,ok,12,5.692279369804649,0.10055768440086299,57
fixed__K24__pareto__biased__random,fixed,24.0,200,pareto,2027820027,252,ok,14,6.610306066978691,0.1305961491072608,68,ok,14,6.610283327325421,0.1305948529285874,68
fixed__K24__pareto__biased__random,fixed,24.0,200,pareto,2027820028,233,ok,11,7.685405674475476,0.05984730382878434,34,ok,11,7.685405571444735,0.059847302440613315,34
fixed__K24__pareto__biased__random,fixed,24.0,200,pareto,2027820029,225,ok,9,6.914303850833931,0.059982699051174926,43,ok,9,6.914303396244798,0.059982677164775566,43
fixed__K24__pareto__biased__random,fixed,24.0,200,pareto,2027820030,233,ok,8,4.099888510245418,0.11325718081277714,89,ok,8,4.098667855996884,0.11313893401945707,89
fixed__K24__pareto__biased__random,fixed,24.0,200,pareto,2027820031,229,ok,9,4.259742953515271,0.11412917124943833,90,ok,9,4.258592245466704,0.11405091102068854,90
fixed__K24__pareto__biased__random,fixed,24.0,200,pareto,2027820032,228,ok,11,7.105250883761317,0.08527052969723037,44,ok,11,7.10524868981608,0.08527040826285481,44
fixed__K24__pareto__biased__random,fixed,24.0,200,pareto,2027820033,256,ok,16,8.59883194225993,0.06481074888323934,41,ok,16,8.598831161934122,0.06481071348634881,41
fixed__K24__pareto__biased__random,fixed,24.0,200,pareto,2027820034,226,ok,8,5.417092898109786,0.04721112951523021,69,ok,8,5.417059537999602,0.04720898536000184,69
fixed__K24__pareto__biased__random,fixed,24.0,200,pareto,2027820035,226,ok,13,9.457683511372661,0.07687398145652058,35,ok,13,9.45768399692755,0.07687400086911822,35
fixed__K24__pareto__biased__random,fixed,24.0,200,pareto,2027820036,240,ok,12,7.0734383736928566,0.11189292910462034,55,ok,12,7.073435669648837,0.111892784073231,55
fixed__K24__pareto__biased__random,fixed,24.0,200,pareto,2027820037,247,ok,13,7.018128768334246,0.11890247397379883,51,ok,13,7.018122934307283,0.1189021538968843,51
fixed__K24__pareto__biased__random,fixed,24.0,200,pareto,2027820038,214,ok,9,6.213790140547809,0.03145654119897878,48,ok,9,6.213783442949389,0.031456256425694384,48
fixed__K24__pareto__biased__random,fixed,24.0,200,pareto,2027820039,239,ok,12,6.69933915033552,0.06830362803997847,51,ok,12,6.699331372491529,0.0683031804822789,51
fixed__K24__pareto__biased__random,fixed,24.0,200,pareto,2027820040,234,ok,14,7.987303940685025,0.07953075040467672,32,ok,14,7.9873035801519325,0.07953073741651956,32
fixed__K24__pareto__biased__random,fixed,24.0,200,pareto,2027820041,234,ok,15,9.562587467350895,0.10060775971357666,36,ok,15,9.562586880539746,0.10060773778106147,36
fixed__K24__pareto__biased__random,fixed,24.0,200,pareto,2027820042,243,ok,17,8.179373710846015,0.08584094562055655,31,ok,17,8.179371405274052,0.08584086266903079,31
fixed__K24__pareto__biased__random,fixed,24.0,200,pareto,2027820043,240,ok,12,7.410211184436519,0.04702023310288117,32,ok,12,7.410209815259747,0.047020161978095665,32
fixed__K24__pareto__biased__random,fixed,24.0,200,pareto,2027820044,243,ok,12,8.38209231717233,0.07612525605533893,31,ok,12,8.382092317949619,0.07612525665918313,31
fixed__K24__pareto__biased__random,fixed,24.0,200,pareto,2027820045,254,ok,17,11.673233705195475,0.07103132158756498,40,ok,17,11.673233691180704,0.07103132205750429,40
fixed__K24__pareto__biased__random,fixed,24.0,200,pareto,2027820046,213,ok,9,5.597226695802904,0.06636807951460444,47,ok,9,5.597192834329445,0.06636569018072491,47
fixed__K24__pareto__biased__random,fixed,24.0,200,pareto,2027820047,225,ok,10,5.203388503048041,0.0985811134979177,73,ok,10,5.2032388739023165,0.09856986592013967,73
fixed__K24__pareto__biased__random,fixed,24.0,200,pareto,2027820048,231,ok,13,10.597289122779271,0.0658736735853403,33,ok,13,10.597289507424742,0.0658736876476596,33
fixed__K24__pareto__biased__random,fixed,24.0,200,pareto,2027820049,236,ok,12,5.563631608125749,0.09622499845771637,54,ok,12,5.563500116892335,0.0962158580184933,54
fixed__K24__pareto__biased__random,fixed,24.0,200,pareto,2027820050,238,ok,14,7.180211566206131,0.09144931199243195,34,ok,14,7.180205600198014,0.09144905964989097,34
fixed__K24__pareto__biased__random,fixed,24.0,200,pareto,2027820051,248,ok,10,5.114309371815153,0.0770679592854559,88,ok,10,5.114121197413233,0.07705359285108099,88
fixed__K24__pareto__biased__random,fixed,24.0,200,pareto,2027820052,239,ok,12,7.3221882680296195,0.09723970138681814,39,ok,12,7.322187054537311,0.09723964015321662,39
fixed__K24__pareto__biased__random,fixed,24.0,200,pareto,2027820053,227,ok,12,5.692221267138228,0.10055215640710413,57,ok,12,5.6921251275705105,0.10054566064099857,57
fixed__K24__pareto__biased__random,fixed,24.0,200,pareto,2027820054,233,ok,12,7.237586690406528,0.11017370529606485,49,ok,12,7.2375848176026905,0.11017361716708485,49
fixed__K24__pareto__biased__random,fixed,24.0,200,pareto,2027820055,242,ok,12,5.297675224886774,0.11604227846078485,63,ok,12,5.297426795530236,0.11602465818066798,63
fixed__K24__pareto__biased__random,fixed,24.0,200,pareto,2027820056,226,ok,10,5.956090030507844,0.08522634611510882,46,ok,10,5.956068658622396,0.08522515980422252,46
fixed__K24__pareto__biased__random,fixed,24.0,200,pareto,2027820057,223,ok,9,5.5521745854675,0.08577811762408549,50,ok,9,5.552136185921466,0.08577561852762416,50
fixed__K24__pareto__biased__random,fixed,24.0,200,pareto,2027820058,227,ok,11,6.379922642753538,0.057120106270139415,40,ok,11,6.3799113527636875,0.057119417551647844,40
fixed__K24__pareto__biased__random,fixed,24.0,200,pareto,2027820059,232,ok,13,8.729122180330428,0.035194224327989576,34,ok,13,8.729121698513081,0.0351942042025265,34
fixed__K26__lognormal__biased__random,fixed,26.0,200,lognormal,2027920000,296,ok,15,6.646753609154378,0.07339660714180207,100,ok,15,6.646722876241168,0.07339485017120384,100
fixed__K26__lognormal__biased__random,fixed,26.0,200,lognormal,2027920001,289,ok,19,9.92786872585019,0.0802106486050927,34,ok,19,9.927867626562321,0.08021061276988811,34
fixed__K26__lognormal__biased__random,fixed,26.0,200,lognormal,2027920002,297,ok,17,8.681035678032371,0.07052514837287294,66,ok,17,8.681034306769464,0.07052508836881877,66
fixed__K26__lognormal__biased__random,fixed,26.0,200,lognormal,2027920003,293,ok,18,11.778401341585976,0.051106815050247056,33,ok,18,11.778402432568551,0.0511068517511446,33
fixed__K26__lognormal__biased__random,fixed,26.0,200,lognormal,2027920004,293,ok,14,5.872821084183203,0.09831585854871067,123,ok,14,5.8726936267278225,0.09831002840495362,123
fixed__K26__lognormal__biased__random,fixed,26.0,200,lognormal,2027920005,295,ok,19,9.9420764931409,0.060508374071341464,70,ok,19,9.94207664427415,0.06050837923509894,70
fixed__K26__lognormal__biased__random,fixed,26.0,200,lognormal,2027920006,292,ok,17,9.237660272722989,0.07880635482755549,49,ok,17,9.237660234693445,0.07880635385241119,49
fixed__K26__lognormal__biased__random,fixed,26.0,200,lognormal,2027920007,292,ok,19,11.067416175009273,0.05797482740697102,41,ok,19,11.067416503883074,0.057974839417804236,41
fixed__K26__lognormal__biased__random,fixed,26.0,200,lognormal,2027920008,292,ok,18,9.26790985844338,0.10393094467881536,48,ok,18,9.267909669658609,0.10393093790513419,48
fixed__K26__lognormal__biased__random,fixed,26.0,200,lognormal,2027920009,293,ok,20,15.738493912862117,0.07339742448072295,32,ok,20,15.738493483732245,0.07339743471108051,32
fixed__K26__lognormal__biased__random,fixed,26.0,200,lognormal,2027920010,293,ok,16,9.908751199581323,0.08826914351047366,49,ok,16,9.90875091585573,0.08826913194253994,49
fixed__K26__lognormal__biased__random,fixed,26.0,200,lognormal,2027920011,296,ok,18,9.920304085220527,0.062167910462093245,36,ok,18,9.920303659240247,0.062167896788548616,36
fixed__K26__lognormal__biased__random,fixed,26.0,200,lognormal,2027920012,293,ok,18,10.744843395934417,0.07517028349970917,38,ok,18,10.744843644414189,0.07517029152466115,38
fixed__K26__lognormal__biased__random,fixed,26.0,200,lognormal,2027920013,291,ok,16,6.916157280628054,0.08721044984602899,82,ok,16,6.916133722788086,0.08720916156912983,82
fixed__K26__lognormal__biased__random,fixed,26.0,200,lognormal,2027920014,290,ok,13,5.20307680096713,0.10221858914336976,121,ok,13,5.202648962762297,0.10219723907062442,121
fixed__K26__lognormal__biased__random,fixed,26.0,200,lognormal,2027920015,290,ok,16,8.899294513610155,0.044611738906395415,61,ok,16,8.899294269502485,0.04461173027932569,61
fixed__K26__lognormal__biased__random,fixed,26.0,200,lognormal,2027920016,291,ok,12,5.0201940946322825,0.113602710798895,120,ok,12,5.01971434812992,0.1135652394806202,120
fixed__K26__lognormal__biased__random,fixed,26.0,200,lognormal,2027920017,291,ok,15,9.092359163217333,0.06819895413444543,69,ok,15,9.092359210505153,0.06819895621242988,69
fixed__K26__lognormal__biased__random,fixed,26.0,200,lognormal,2027920018,285,ok,15,8.40443418108018,0.050066966703458615,62,ok,15,8.404434283010687,0.05006697224201295,62
fixed__K26__lognormal__biased__random,fixed,26.0,200,lognormal,2027920019,296,ok,18,9.897498753846236,0.06175245309882604,45,ok,18,9.897497937313474,0.061752419672583714,45
fixed__K26__lognormal__biased__random,fixed,26.0,200,lognormal,2027920020,294,ok,14,6.726545770571831,0.07583144071051912,83,ok,14,6.72652795516745,0.07583043535527528,83
fixed__K26__lognormal__biased__random,fixed,26.0,200,lognormal,2027920021,295,ok,18,14.326654902811654,0.09573311350576219,30,ok,18,14.326655232888465,0.09573312193699135,30
fixed__K26__lognormal__biased__random,fixed,26.0,200,lognormal,2027920022,296,ok,18,9.329885503337236,0.08337036904894968,51,ok,18,9.329885377741363,0.08337036444627832,51
fixed__K26__lognormal__biased__random,fixed,26.0,200,lognormal,2027920023,292,ok,17,8.478609298332126,0.1318413118507824,52,ok,17,8.478608520347827,0.13184127859270822,52
fixed__K26__lognormal__biased__random,fixed,26.0,200,lognormal,2027920024,298,ok,18,13.92803862242594,0.06984073806488655,30,ok,18,13.928037554894889,0.06984071621346943,30
fixed__K26__lognormal__biased__random,fixed,26.0,200,lognormal,2027920025,295,ok,19,14.371200875150445,0.11027618663056482,33,ok,19,14.371200754172115,0.11027618349266988,33
fixed__K26__lognormal__biased__random,fixed,26.0,200,lognormal,2027920026,291,ok,16,7.6583015682490325,0.07666751793485188,76,ok,16,7.658297359455022,0.0766673585833661,76
fixed__K26__lognormal__biased__random,fixed,26.0,200,lognormal,2027920027,287,ok,17,11.630256001800483,0.04927019390984455,41,ok,17,11.630255887825157,0.04927019068922878,41
fixed__K26__lognormal__biased__random,fixed,26.0,200,lognormal,2027920028,299,ok,18,8.353209484350238,0.0764252273405091,89,ok,18,8.353207287032651,0.0764251519523183,89
fixed__K26__lognormal__biased__random,fixed,26.0,200,lognormal,2027920029,294,ok,17,11.714764084306442,0.057937512098174215,31,ok,17,11.71476449471443,0.057937523543883596,31
fixed__K26__lognormal__biased__random,fixed,26.0,200,lognormal,2027920030,292,ok,17,9.507832034651326,0.06569565542126055,63,ok,17,9.507831470262916,0.06569563145508683,63
fixed__K26__lognormal__biased__random,fixed,26.0,200,lognormal,2027920031,290,ok,16,8.160991704386223,0.08367838060713872,71,ok,16,8.160990068522155,0.0836783071157089,71
fixed__K26__lognormal__biased__random,fixed,26.0,200,lognormal,2027920032,297,ok,19,11.360335772732805,0.05479535712750405,43,ok,19,11.360335177243046,0.05479536623877512,43
fixed__K26__lognormal__biased__random,fixed,26.0,200,lognormal,2027920033,296,ok,20,15.090767641970498,0.09008400010538509,32,ok,20,15.09076683053108,0.09008398012142582,32
fixed__K26__lognormal__biased__random,fixed,26.0,200,lognormal,2027920034,293,ok,19,12.102797832567026,0.025675263733353382,55,ok,19,12.102797707596327,0.025675267269154034,55
fixed__K26__lognormal__biased__random,fixed,26.0,200,lognormal,2027920035,287,ok,18,11.28921250623758,0.07784575327444088,40,ok,18,11.289213792943496,0.07784579322529395,40
fixed__K26__lognormal__biased__random,fixed,26.0,200,lognormal,2027920036,294,ok,19,14.234121913335905,0.09567718229048894,30,ok,19,14.234123063304589,0.09567720594660079,30
fixed__K26__lognormal__biased__random,fixed,26.0,200,lognormal,2027920037,294,ok,18,10.658241169943675,0.0508425622615285,44,ok,18,10.658242509812759,0.05084260565892845,44
fixed__K26__lognormal__biased__random,fixed,26.0,200,lognormal,2027920038,290,ok,17,10.172794423519571,0.04344433274963089,39,ok,17,10.172795097422645,0.043444305742695866,39
fixed__K26__lognormal__biased__random,fixed,26.0,200,lognormal,2027920039,295,ok,19,10.127882775919277,0.05410989246130271,36,ok,19,10.127883189101842,0.05410990630666612,36
fixed__K26__lognormal__biased__random,fixed,26.0,200,lognormal,2027920040,291,ok,17,9.947452138824174,0.0997403890412123,50,ok,17,9.947451423175501,0.09974035982131069,50
fixed__K26__lognormal__biased__random,fixed,26.0,200,lognormal,2027920041,291,ok,18,9.638398171923146,0.05042517123925061,49,ok,18,9.638397418877839,0.05042514143503962,49
fixed__K26__lognormal__biased__random,fixed,26.0,200,lognormal,2027920042,296,ok,19,11.334287345982448,0.07717742835368135,33,ok,19,11.334287724520069,0.07717744179043429,33
fixed__K26__lognormal__biased__random,fixed,26.0,200,lognormal,2027920043,294,ok,18,9.077420222766547,0.086673405085546,65,ok,18,9.077419776860465,0.08667338996867147,65
fixed__K26__lognormal__biased__random,fixed,26.0,200,lognormal,2027920044,296,ok,19,14.73362736256669,0.06352682096014667,40,ok,19,14.733627205738426,0.06352681696939827,40
fixed__K26__lognormal__biased__random,fixed,26.0,200,lognormal,2027920045,293,ok,13,5.336982338491856,0.10733904069022063,91,ok,13,5.336667903156442,0.10732346602725565,91
fixed__K26__lognormal__biased__random,fixed,26.0,200,lognormal,2027920046,295,ok,18,12.340257476454855,0.03446728288449197,42,ok,18,12.340258037999932,0.034467274699974126,42
fixed__K26__lognormal__biased__random,fixed,26.0,200,lognormal,2027920047,295,ok,19,12.552164983625007,0.1213622176294496,57,ok,19,12.552165069883328,0.12136222009271658,57
fixed__K26__lognormal__biased__random,fixed,26.0,200,lognormal,2027920048,294,ok,18,11.338864403115966,0.06767726115591738,38,ok,18,11.338865344882924,0.06767729051119642,38
fixed__K26__lognormal__biased__random,fixed,26.0,200,lognormal,2027920049,292,ok,18,9.159772067225047,0.10035382524547382,68,ok,18,9.159771432082167,0.10035379823479335,68
fixed__K26__lognormal__biased__random,fixed,26.0,200,lognormal,2027920050,297,ok,17,10.272899897379174,0.042671835132629066,59,ok,17,10.272899781202023,0.042671830600372385,59
fixed__K26__lognormal__biased__random,fixed,26.0,200,lognormal,2027920051,289,ok,17,10.880729116497836,0.03163135435257858,38,ok,17,10.88072830719348,0.03163133867365753,38
fixed__K26__lognormal__biased__random,fixed,26.0,200,lognormal,2027920052,298,ok,19,13.73592329830935,0.1090803364701406,37,ok,19,13.73592421075843,0.1090803609436346,37
fixed__K26__lognormal__biased__random,fixed,26.0,200,lognormal,2027920053,296,ok,14,6.082871975689076,0.11444243518388256,95,ok,14,6.082793504475361,0.11443888891528628,95
fixed__K26__lognormal__biased__random,fixed,26.0,200,lognormal,2027920054,293,ok,14,6.8966035154450855,0.10166231483018767,88,ok,14,6.896591991372435,0.1016616809726541,88
fixed__K26__lognormal__biased__random,fixed,26.0,200,lognormal,2027920055,293,ok,18,9.290058581313955,0.100245788738755,54,ok,18,9.290057532037284,0.10024574529781882,54
fixed__K26__lognormal__biased__random,fixed,26.0,200,lognormal,2027920056,296,ok,17,7.8588514141501244,0.0866801968714459,103,ok,17,7.8588475140030845,0.08668001366256517,103
fixed__K26__lognormal__biased__random,fixed,26.0,200,lognormal,2027920057,294,ok,16,6.986480340285792,0.07474246261660178,90,ok,16,6.986459646530634,0.0747413403553796,90
fixed__K26__lognormal__biased__random,fixed,26.0,200,lognormal,2027920058,295,ok,17,9.656625825835732,0.08215886139058481,33,ok,17,9.656626238043454,0.08215887912578401,33
fixed__K26__lognormal__biased__random,fixed,26.0,200,lognormal,2027920059,296,ok,14,5.831697399055426,0.0812837321308725,119,ok,14,5.831557595954706,0.08127732366311755,119
fixed__K26__pareto__biased__random,fixed,26.0,200,pareto,2028020000,242,ok,19,9.700143353275237,0.04123312619259778,43,ok,19,9.700142466963039,0.04123309713946016,43
fixed__K26__pareto__biased__random,fixed,26.0,200,pareto,2028020001,264,ok,23,10.931341209182722,0.06227791121187376,37,ok,23,10.931341829045797,0.06227793383605695,37
fixed__K26__pareto__biased__random,fixed,26.0,200,pareto,2028020002,240,ok,15,8.869654620316828,0.08952339775541596,42,ok,15,8.86965436493572,0.08952338653078651,42
fixed__K26__pareto__biased__random,fixed,26.0,200,pareto,2028020003,243,ok,15,6.926270292445557,0.11303244059838366,47,ok,15,6.926254311399073,0.11303178243294856,47
fixed__K26__pareto__biased__random,fixed,26.0,200,pareto,2028020004,257,ok,20,13.25899808893251,0.07279766236081858,39,ok,20,13.258997992387505,0.07279765975485242,39
fixed__K26__pareto__biased__random,fixed,26.0,200,pareto,2028020005,240,ok,13,5.754356665154191,0.1024368148150594,54,ok,13,5.754237810776955,0.10242883833783045,54
fixed__K26__pareto__biased__random,fixed,26.0,200,pareto,2028020006,246,ok,12,4.863978229066886,0.08595288077579866,80,ok,12,4.863285749689268,0.08590071890126488,80
fixed__K26__pareto__biased__random,fixed,26.0,200,pareto,2028020007,238,ok,14,6.697035773886475,0.06431280307007103,58,ok,14,6.697017236071541,0.06431187135691963,58
fixed__K26__pareto__biased__random,fixed,26.0,200,pareto,2028020008,231,ok,13,7.88461167529026,0.0940241297150628,62,ok,13,7.884610728943164,0.09402408742452606,62
fixed__K26__pareto__biased__random,fixed,26.0,200,pareto,2028020009,245,ok,13,7.486353893969859,0.05615671265478783,45,ok,13,7.486351959678116,0.05615663683536498,45
fixed__K26__pareto__biased__random,fixed,26.0,200,pareto,2028020010,238,ok,15,6.477240060282832,0.09385885566862986,52,ok,15,6.477194834230849,0.0938569434623974,52
fixed__K26__pareto__biased__random,fixed,26.0,200,pareto,2028020011,229,ok,11,4.654858772565883,0.14400357478096354,68,ok,11,4.654024382147813,0.1439326684941173,68
fixed__K26__pareto__biased__random,fixed,26.0,200,pareto,2028020012,239,ok,14,7.937900621446974,0.09037061827068082,40,ok,14,7.9378992454794615,0.0903705502035006,40
fixed__K26__pareto__biased__random,fixed,26.0,200,pareto,2028020013,232,ok,10,4.9859717281413936,0.12095159785238385,70,ok,10,4.985710773997653,0.1209311972192445,70
fixed__K26__pareto__biased__random,fixed,26.0,200,pareto,2028020014,248,ok,15,8.821001672979776,0.0803856924384505,45,ok,15,8.8210013818302,0.08038568080751052,45
fixed__K26__pareto__biased__random,fixed,26.0,200,pareto,2028020015,268,ok,25,15.819798739217013,0.07601618841878655,35,ok,25,15.819798090153604,0.07601617488937706,35
fixed__K26__pareto__biased__random,fixed,26.0,200,pareto,2028020016,244,ok,10,4.119472686196172,0.11618555922781798,107,ok,10,4.117236127454286,0.11596835452620752,107
fixed__K26__pareto__biased__random,fixed,26.0,200,pareto,2028020017,236,ok,19,10.564570763986069,0.10538885335975867,38,ok,19,10.564570371949408,0.10538884097820428,38
fixed__K26__pareto__biased__random,fixed,26.0,200,pareto,2028020018,247,ok,15,7.556813660458137,0.09676104025338444,38,ok,15,7.556810005315315,0.09676085745078816,38
fixed__K26__pareto__biased__random,fixed,26.0,200,pareto,2028020019,248,ok,15,7.888579091793783,0.07482074964208046,41,ok,15,7.8885774131728,0.07482068436434947,41
fixed__K26__pareto__biased__random,fixed,26.0,200,pareto,2028020020,262,ok,21,13.166460929620852,0.0955444753564878,43,ok,21,13.166460623699487,0.09554446619815804,43
fixed__K26__pareto__biased__random,fixed,26.0,200,pareto,2028020021,240,ok,10,4.718690099126521,0.12576191412877696,76,ok,10,4.718178553194448,0.1257201550858577,76
fixed__K26__pareto__biased__random,fixed,26.0,200,pareto,2028020022,239,ok,17,10.459226538843417,0.10330606032025541,31,ok,17,10.45922698228544,0.10330607523985658,31
fixed__K26__pareto__biased__random,fixed,26.0,200,pareto,2028020023,240,ok,11,5.312004970591229,0.07841389297526369,67,ok,11,5.311837405794817,0.07840167349434857,67
fixed__K26__pareto__biased__random,fixed,26.0,200,pareto,2028020024,229,ok,11,4.7308869496562505,0.09700489315858662,96,ok,11,4.730191770646125,0.09694683067978704,96
fixed__K26__pareto__biased__random,fixed,26.0,200,pareto,2028020025,234,ok,13,6.885159684775571,0.05076897049451268,48,ok,13,6.885151687396493,0.05076861066672106,48
fixed__K26__pareto__biased__random,fixed,26.0,200,pareto,2028020026,239,ok,14,6.744743122241451,0.09219405305485595,44,ok,14,6.7447261341054405,0.09219320600389402,44
fixed__K26__pareto__biased__random,fixed,26.0,200,pareto,2028020027,243,ok,18,8.639107188447442,0.07862725409005983,30,ok,18,8.639106781956205,0.07862724219119055,30
fixed__K26__pareto__biased__random,fixed,26.0,200,pareto,2028020028,253,ok,17,8.776990652502851,0.0691773501995579,37,ok,17,8.77699015183342,0.0691773329831642,37
fixed__K26__pareto__biased__random,fixed,26.0,200,pareto,2028020029,239,ok,18,10.22749489646843,0.06183483066624318,33,ok,18,10.22749505538929,0.061834835707048064,33
fixed__K26__pareto__biased__random,fixed,26.0,200,pareto,2028020030,253,ok,17,7.784690461677496,0.07365478791766766,51,ok,17,7.784685634663716,0.07365461249615429,51
fixed__K26__pareto__biased__random,fixed,26.0,200,pareto,2028020031,238,ok,13,9.4498167250853,0.08946310155225123,31,ok,13,9.449817459823366,0.08946313092972286,31
fixed__K26__pareto__biased__random,fixed,26.0,200,pareto,2028020032,240,ok,13,5.665945292810105,0.07021731552644855,91,ok,13,5.665798655076326,0.07020765415288166,91
fixed__K26__pareto__biased__random,fixed,26.0,200,pareto,2028020033,257,ok,18,9.840553989201057,0.10143966860682985,37,ok,18,9.8405540913349,0.10143967311320568,37
fixed__K26__pareto__biased__random,fixed,26.0,200,pareto,2028020034,249,ok,13,4.589343991348356,0.09275506136104783,97,ok,13,4.587630885104155,0.09262582410777254,97
fixed__K26__pareto__biased__random,fixed,26.0,200,pareto,2028020035,237,ok,14,8.297158231904392,0.08286588794793825,49,ok,14,8.297158733376675,0.08286591496574447,49
fixed__K26__pareto__biased__random,fixed,26.0,200,pareto,2028020036,245,ok,12,5.785903038982356,0.06915830036595766,58,ok,12,5.785826284892315,0.06915322311182898,58
fixed__K26__pareto__biased__random,fixed,26.0,200,pareto,2028020037,247,ok,19,9.473759295274506,0.07371972594942666,34,ok,19,9.473758742256484,0.0737197067364711,34
fixed__K26__pareto__biased__random,fixed,26.0,200,pareto,2028020038,222,ok,12,6.564781766706246,0.08808997572618893,39,ok,12,6.564770185592785,0.0880894179302002,39
fixed__K26__pareto__biased__random,fixed,26.0,200,pareto,2028020039,241,ok,12,6.08130062214126,0.0945425426194374,78,ok,12,6.081263191609366,0.09454017032732365,78
fixed__K26__pareto__biased__random,fixed,26.0,200,pareto,2028020040,243,ok,13,6.621915792399623,0.06477267688779964,46,ok,13,6.621900323873862,0.06477177884084839,46
fixed__K26__pareto__biased__random,fixed,26.0,200,pareto,2028020041,237,ok,13,7.6546911008583045,0.11017778125270339,38,ok,13,7.65469034289279,0.11017775033935773,38
fixed__K26__pareto__biased__random,fixed,26.0,200,pareto,2028020042,238,ok,14,8.522997181893931,0.049380181948698754,36,ok,14,8.522997036341906,0.04938018803977273,36
fixed__K26__pareto__biased__random,fixed,26.0,200,pareto,2028020043,239,ok,14,8.749904271349822,0.11295898172398311,45,ok,14,8.749904190132106,0.11295897876149974,45
fixed__K26__pareto__biased__random,fixed,26.0,200,pareto,2028020044,238,ok,11,6.100520150478411,0.07901591553937981,48,ok,11,6.100496617826256,0.07901742150382485,48
fixed__K26__pareto__biased__random,fixed,26.0,200,pareto,2028020045,252,ok,17,11.444008819245946,0.06408412101484628,33,ok,17,11.444007281417079,0.0640840722770511,33
fixed__K26__pareto__biased__random,fixed,26.0,200,pareto,2028020046,246,ok,12,5.18201056210833,0.0936653399450556,75,ok,12,5.1816835857798775,0.09364808862185114,75
fixed__K26__pareto__biased__random,fixed,26.0,200,pareto,2028020047,245,ok,16,7.934444340503879,0.058919221471094185,51,ok,16,7.934442615925006,0.05891914604818327,51
fixed__K26__pareto__biased__random,fixed,26.0,200,pareto,2028020048,239,ok,15,9.725763248191505,0.026354333572085054,32,ok,15,9.725762921809462,0.026354342968569755,32
fixed__K26__pareto__biased__random,fixed,26.0,200,pareto,2028020049,250,ok,15,6.736265866293922,0.1044493189888232,55,ok,15,6.73624051924333,0.10444791286745597,55
fixed__K26__pareto__biased__random,fixed,26.0,200,pareto,2028020050,230,ok,14,8.481507333269358,0.044400599308141664,41,ok,14,8.481507004455507,0.04440058596907015,41
fixed__K26__pareto__biased__random,fixed,26.0,200,pareto,2028020051,253,ok,19,11.311587722686271,0.047870889884887635,30,ok,19,11.311588553634872,0.04787086033567123,30
fixed__K26__pareto__biased__random,fixed,26.0,200,pareto,2028020052,230,ok,13,8.81707786603901,0.07915779788521127,37,ok,13,8.817077419343908,0.07915781543949763,37
fixed__K26__pareto__biased__random,fixed,26.0,200,pareto,2028020053,271,ok,25,14.551858176658357,0.06495431791303069,34,ok,25,14.551857756254368,0.06495430815917946,34
fixed__K26__pareto__biased__random,fixed,26.0,200,pareto,2028020054,236,ok,14,5.824111769045632,0.11168740590060933,65,ok,14,5.823970017901031,0.11167800872412292,65
fixed__K26__pareto__biased__random,fixed,26.0,200,pareto,2028020055,247,ok,10,4.806129683880957,0.11068900366081491,84,ok,10,4.805718832061429,0.11065595065059086,84
fixed__K26__pareto__biased__random,fixed,26.0,200,pareto,2028020056,247,ok,14,6.711988570429997,0.0743685174507478,50,ok,14,6.711970812788293,0.0743677455529253,50
fixed__K26__pareto__biased__random,fixed,26.0,200,pareto,2028020057,238,ok,14,7.941767025576459,0.07577580094355807,35,ok,14,7.94176580277581,0.07577575087668165,35
fixed__K26__pareto__biased__random,fixed,26.0,200,pareto,2028020058,237,ok,13,5.468126993420032,0.08114691302979182,72,ok,13,5.46789479785267,0.08113121615914237,72
fixed__K26__pareto__biased__random,fixed,26.0,200,pareto,2028020059,253,ok,15,6.570989342517276,0.100055813876612,62,ok,15,6.570952541001895,0.10005367886746486,62
income__c0p12__lognormal__biased__random,income,0.12,200,lognormal,2026120000,277,ok,8,7.8453904136511685,0.08616458943215394,35,ok,8,7.845390690691612,0.08616460411160415,35
income__c0p12__lognormal__biased__random,income,0.12,200,lognormal,2026120001,287,ok,7,6.397928891765479,0.067880677479497,49,ok,7,6.397927716712734,0.06788061085730823,49
income__c0p12__lognormal__biased__random,income,0.12,200,lognormal,2026120002,291,ok,8,7.781322359629056,0.0836454959785996,33,ok,8,7.781322642438192,0.08364551110436003,33
income__c0p12__lognormal__biased__random,income,0.12,200,lognormal,2026120003,270,ok,7,5.3831288114171905,0.0772213787759169,70,ok,7,5.383107881700964,0.07721993640786362,70
income__c0p12__lognormal__biased__random,income,0.12,200,lognormal,2026120004,274,ok,5,4.894357525615622,0.07113463064554554,58,ok,5,4.8943336785301526,0.07113268490413599,58
income__c0p12__lognormal__biased__random,income,0.12,200,lognormal,2026120005,279,ok,7,6.379199987596223,0.06290415471603039,43,ok,7,6.379198964645384,0.06290409779310246,43
income__c0p12__lognormal__biased__random,income,0.12,200,lognormal,2026120006,269,ok,7,8.238467942008866,0.051899942581146385,34,ok,7,8.23846771055096,0.0518999309611714,34
income__c0p12__lognormal__biased__random,income,0.12,200,lognormal,2026120007,281,ok,7,7.01814957671399,0.06572685586938454,53,ok,7,7.018149279809849,0.06572684535788764,53
income__c0p12__lognormal__biased__random,income,0.12,200,lognormal,2026120008,280,ok,6,4.983269693016277,0.08573527589985852,50,ok,6,4.9832330439493715,0.08573242496044398,50
income__c0p12__lognormal__biased__random,income,0.12,200,lognormal,2026120009,282,ok,5,4.247815879065078,0.09641964523657642,90,ok,5,4.247627447291251,0.09640238314632776,90
income__c0p12__lognormal__biased__random,income,0.12,200,lognormal,2026120010,250,ok,5,5.072055784430475,0.03036298206595789,53,ok,5,5.072042297493041,0.030363277987287773,53
income__c0p12__lognormal__biased__random,income,0.12,200,lognormal,2026120011,289,ok,8,5.72727021300546,0.0793457542860832,74,ok,8,5.727256362899425,0.07934488473650225,74
income__c0p12__lognormal__biased__random,income,0.12,200,lognormal,2026120012,286,ok,8,5.73819573735846,0.08496017247022092,50,ok,8,5.738181990785337,0.08495930859783052,50
income__c0p12__lognormal__biased__random,income,0.12,200,lognormal,2026120013,276,ok,8,6.214123167821491,0.10566323587014226,62,ok,8,6.214119200617549,0.10566299737957896,62
income__c0p12__lognormal__biased__random,income,0.12,200,lognormal,2026120014,289,ok,7,6.142158584936528,0.048572094789271714,64,ok,7,6.142156612151676,0.04857197273000935,64
income__c0p12__lognormal__biased__random,income,0.12,200,lognormal,2026120015,276,ok,7,5.9205068184908765,0.08532571468646066,45,ok,7,5.920502515692195,0.08532544294798394,45
income__c0p12__lognormal__biased__random,income,0.12,200,lognormal,2026120016,274,ok,6,7.116684827821141,0.08881861530531843,44,ok,6,7.116685026513697,0.08881862729338763,44
income__c0p12__lognormal__biased__random,income,0.12,200,lognormal,2026120017,286,ok,6,5.331032530575316,0.08409041458783612,75,ok,6,5.331019900990999,0.08408949483794909,75
income__c0p12__lognormal__biased__random,income,0.12,200,lognormal,2026120018,263,ok,4,4.552799894955577,0.07226593030405515,100,ok,4,4.552767144800373,0.07226297171615548,100
income__c0p12__lognormal__biased__random,income,0.12,200,lognormal,2026120019,279,ok,7,6.483915621389338,0.041292811779751526,62,ok,7,6.483914756935422,0.04129276410507976,62
income__c0p12__lognormal__biased__random,income,0.12,200,lognormal,2026120020,270,ok,6,6.246508244799521,0.07866611366097065,42,ok,6,6.24650773712153,0.07866608267889397,42
income__c0p12__lognormal__biased__random,income,0.12,200,lognormal,2026120021,265,ok,7,6.570262450124066,0.07673120587006554,32,ok,7,6.570261664893736,0.07673115865235147,32
income__c0p12__lognormal__biased__random,income,0.12,200,lognormal,2026120022,281,ok,7,5.354106174175985,0.10779479947167042,68,ok,7,5.354083343673028,0.10779322004738556,68
income__c0p12__lognormal__biased__random,income,0.12,200,lognormal,2026120023,264,ok,8,7.84946030956214,0.11495012621767836,35,ok,8,7.84946010921061,0.11495011578026132,35
income__c0p12__lognormal__biased__random,income,0.12,200,lognormal,2026120024,268,ok,6,7.206184402565748,0.019952834795676222,53,ok,6,7.206184126552679,0.01995282247129193,53
income__c0p12__lognormal__biased__random,income,0.12,200,lognormal,2026120025,283,ok,5,3.9538447857683465,0.08682829533179759,146,ok,5,3.953373321520802,0.086782864443127,146
income__c0p12__lognormal__biased__random,income,0.12,200,lognormal,2026120026,278,ok,6,5.208667457031111,0.04958759279991187,74,ok,6,5.2086494759112565,0.049586288147770885,74
income__c0p12__lognormal__biased__random,income,0.12,200,lognormal,2026120027,279,ok,8,8.996045250224498,0.04762771654273046,31,ok,8,8.996044585534024,0.0476276862539422,31
income__c0p12__lognormal__biased__random,income,0.12,200,lognormal,2026120028,283,ok,8,10.468466961727101,0.02566531843825104,37,ok,8,10.468467351540754,0.025665328309362412,37
income__c0p12__lognormal__biased__random,income,0.12,200,lognormal,2026120029,270,ok,6,5.8056803922185605,0.03246012276168786,48,ok,6,5.805677323824796,0.03246021497318963,48
income__c0p12__lognormal__biased__random,income,0.12,200,lognormal,2026120030,270,ok,6,6.159274756916028,0.0848289638010723,41,ok,6,6.159273734128396,0.08482889779130642,41
income__c0p12__lognormal__biased__random,income,0.12,200,lognormal,2026120031,273,ok,5,5.882654678148352,0.038053543605842566,67,ok,5,5.88265341191933,0.03805347408636761,67
income__c0p12__lognormal__biased__random,income,0.12,200,lognormal,2026120032,274,ok,6,5.39183308794142,0.07914610986098969,59,ok,6,5.391822556420351,0.07914538282222372,59
income__c0p12__lognormal__biased__random,income,0.12,200,lognormal,2026120033,279,ok,5,4.450028583641871,0.06127847924682028,90,ok,5,4.449929220251047,0.06126969561600826,90
income__c0p12__lognormal__biased__random,income,0.12,200,lognormal,2026120034,276,ok,6,6.253371007187742,0.030970960820368987,37,ok,6,6.253370376268406,0.030970938619479638,37
income__c0p12__lognormal__biased__random,income,0.12,200,lognormal,2026120035,273,ok,6,5.733823599298204,0.03130842248795562,39,ok,6,5.73382001676236,0.03130846340768245,39
income__c0p12__lognormal__biased__random,income,0.12,200,lognormal,2026120036,280,ok,9,8.160829064493738,0.05507318212500112,36,ok,9,8.160829178981828,0.05507318755803148,36
income__c0p12__lognormal__biased__random,income,0.12,200,lognormal,2026120037,278,ok,5,4.484253744226267,0.07611039221328297,64,ok,5,4.484164491386349,0.07610254875858208,64
income__c0p12__lognormal__biased__random,income,0.12,200,lognormal,2026120038,274,ok,6,6.132105239751067,0.07073703448711732,46,ok,6,6.132103836314034,0.07073694203421232,46
income__c0p12__lognormal__biased__random,income,0.12,200,lognormal,2026120039,257,ok,4,4.162220095957733,0.06299592325446413,94,ok,4,4.162096855465518,0.06298482584191833,94
income__c0p12__lognormal__biased__random,income,0.12,200,lognormal,2026120040,268,ok,6,6.151764366547629,0.029039798629494906,51,ok,6,6.151763379235335,0.029039744279066304,51
income__c0p12__lognormal__biased__random,income,0.12,200,lognormal,2026120041,264,ok,7,6.355230037125661,0.057869054287160215,38,ok,7,6.3552288585814,0.05786898258596901,38
income__c0p12__lognormal__biased__random,income,0.12,200,lognormal,2026120042,278,ok,8,7.15752568162028,0.0940773622419126,50,ok,8,7.1575254516216384,0.09407734994984202,50
income__c0p12__lognormal__biased__random,income,0.12,200,lognormal,2026120043,281,ok,7,5.843103354409113,0.055921417347353175,59,ok,7,5.843097946018648,0.05592106576875655,59
income__c0p12__lognormal__biased__random,income,0.12,200,lognormal,2026120044,273,ok,7,6.206185840126776,0.06218487283357094,37,ok,7,6.206183732619059,0.062184740718374376,37
income__c0p12__lognormal__biased__random,income,0.12,200,lognormal,2026120045,276,ok,5,4.768706627957014,0.08514208838947163,75,ok,5,4.768670691169675,0.08513908711639534,75
income__c0p12__lognormal__biased__random,income,0.12,200,lognormal,2026120046,280,ok,8,7.32025793561061,0.07272207566968936,40,ok,8,7.320258032788487,0.07272208157544813,40
income__c0p12__lognormal__biased__random,income,0.12,200,lognormal,2026120047,278,ok,6,5.383415434271779,0.03765703001180898,44,ok,6,5.3834047148954625,0.03765625567945696,44
income__c0p12__lognormal__biased__random,income,0.12,200,lognormal,2026120048,291,ok,11,8.579281297981703,0.09362796785102878,41,ok,11,8.579281230005186,0.09362796547789853,41
income__c0p12__lognormal__biased__random,income,0.12,200,lognormal,2026120049,266,ok,4,4.218755429958055,0.08106661892933387,103,ok,4,4.218653632148454,0.08105669738349597,103
income__c0p12__lognormal__biased__random,income,0.12,200,lognormal,2026120050,287,ok,7,8.019516405447655,0.07013550108638311,34,ok,7,8.019516380001809,0.07013549979050626,34
income__c0p12__lognormal__biased__random,income,0.12,200,lognormal,2026120051,282,ok,7,7.055363771089238,0.06254924251098493,39,ok,7,7.055363588985826,0.06254923225162412,39
income__c0p12__lognormal__biased__random,income,0.12,200,lognormal,2026120052,284,ok,5,4.485495886159887,0.07114110115002586,89,ok,5,4.485406741875108,0.07113326644613321,89
income__c0p12__lognormal__biased__random,income,0.12,200,lognormal,2026120053,280,ok,7,6.560077628413085,0.027039011711737726,40,ok,7,6.560077231479207,0.027039013353851393,40
income__c0p12__lognormal__biased__random,income,0.12,200,lognormal,2026120054,284,ok,6,5.294859456081938,0.0356319518362852,72,ok,6,5.294845248867598,0.03563091091785631,72
income__c0p12__lognormal__biased__random,income,0.12,200,lognormal,2026120055,271,ok,5,5.329794782468661,0.044952859850575844,51,ok,5,5.3297892547298815,0.04495244530827347,51
income__c0p12__lognormal__biased__random,income,0.12,200,lognormal,2026120056,280,ok,7,6.9976096974942195,0.0719192345198667,38,ok,7,6.9976091999308405,0.07191920536679286,38
income__c0p12__lognormal__biased__random,income,0.12,200,lognormal,2026120057,287,ok,10,6.720258231490776,0.07315340379778978,39,ok,10,6.720256033803947,0.07315328147591782,39
income__c0p12__lognormal__biased__random,income,0.12,200,lognormal,2026120058,286,ok,8,7.761302936139845,0.038443878834126366,42,ok,8,7.76130220232451,0.03844391365481459,42
income__c0p12__lognormal__biased__random,income,0.12,200,lognormal,2026120059,286,ok,7,5.718885263202057,0.07985374324619143,74,ok,7,5.718877706232845,0.07985324309133901,74
income__c0p12__pareto__biased__random,income,0.12,200,pareto,2026220000,196,ok,3,3.5538371399428774,0.05921687271408127,86,ok,3,3.5533941993071565,0.059170268774307866,86
income__c0p12__pareto__biased__random,income,0.12,200,pareto,2026220001,161,ok,3,4.17828733311904,0.08695314581797153,40,ok,3,4.178240016121163,0.08694963718275261,40
income__c0p12__pareto__biased__random,income,0.12,200,pareto,2026220002,200,ok,5,5.167852662790162,0.0495425427477727,37,ok,5,5.16784289544817,0.0495418788481683,37
income__c0p12__pareto__biased__random,income,0.12,200,pareto,2026220003,200,ok,4,4.377858590781911,0.052581684140226015,43,ok,4,4.377799009830279,0.05257608087276866,43
income__c0p12__pareto__biased__random,income,0.12,200,pareto,2026220004,206,ok,4,4.21423633985026,0.062214610071648746,64,ok,4,4.214132783952508,0.06220450447248649,64
income__c0p12__pareto__biased__random,income,0.12,200,pareto,2026220005,175,ok,4,4.887352707431059,0.07181474827610479,35,ok,4,4.887342304795191,0.07181387784922211,35
income__c0p12__pareto__biased__random,income,0.12,200,pareto,2026220006,168,ok,3,4.194253454547541,0.07865049268811086,60,ok,3,4.1942091959925065,0.07864610212616052,60
income__c0p12__pareto__biased__random,income,0.12,200,pareto,2026220007,235,ok,7,5.79948431058786,0.07099335045567334,40,ok,7,5.799478156783386,0.07099294966902847,40
income__c0p12__pareto__biased__random,income,0.12,200,pareto,2026220008,186,ok,3,3.15787514755544,0.07303872255872901,90,ok,3,3.1561286523089858,0.07280294656425035,90
income__c0p12__pareto__biased__random,income,0.12,200,pareto,2026220009,208,ok,5,6.195998499132697,0.11198254122870221,53,ok,5,6.195997912162299,0.11198250215408545,53
income__c0p12__pareto__biased__random,income,0.12,200,pareto,2026220010,218,ok,6,7.5945774629203395,0.06673701534519194,35,ok,6,7.5945774776019,0.06673701598254134,35
income__c0p12__pareto__biased__random,income,0.12,200,pareto,2026220011,161,ok,3,3.566456177603909,0.07373024298874953,56,ok,3,3.56603240356913,0.0736859647046787,56
income__c0p12__pareto__biased__random,income,0.12,200,pareto,2026220012,159,ok,3,4.930989616489577,0.042311199318835646,34,ok,3,4.9309865867124305,0.04231095860904477,34
income__c0p12__pareto__biased__random,income,0.12,200,pareto,2026220013,163,ok,3,3.5828692854803785,0.07798153492311966,57,ok,3,3.5824693850401776,0.07793380007600836,57
income__c0p12__pareto__biased__random,income,0.12,200,pareto,2026220014,167,ok,3,3.341093675274203,0.09493654644523897,59,ok,3,3.3401627165193917,0.09482640375039986,59
income__c0p12__pareto__biased__random,income,0.12,200,pareto,2026220015,196,ok,5,5.167852662790162,0.0495425427477727,37,ok,5,5.16784289544817,0.0495418788481683,37
income__c0p12__pareto__biased__random,income,0.12,200,pareto,2026220016,255,ok,9,5.487182849785968,0.09123265493266014,60,ok,9,5.4871373180440495,0.09122987750828798,60
income__c0p12__pareto__biased__random,income,0.12,200,pareto,2026220017,154,ok,3,4.256303342791658,0.03682921845597531,39,ok,3,4.256267849252559,0.0368257608982514,39
income__c0p12__pareto__biased__random,income,0.12,200,pareto,2026220018,154,ok,2,2.830587746662423,0.07584932043611048,88,ok,2,2.8280974303315327,0.07545008654600927,88
income__c0p12__pareto__biased__random,income,0.12,200,pareto,2026220019,224,ok,6,5.149803022580484,0.07217028662240355,46,ok,6,5.1497811179031885,0.07216900355550282,46
income__c0p12__pareto__biased__random,income,0.12,200,pareto,2026220020,178,ok,4,5.085974065797842,0.0360436852229129,40,ok,4,5.085968781382574,0.03604336637487493,40
income__c0p12__pareto__biased__random,income,0.12,200,pareto,2026220021,164,ok,3,3.5100566074298265,0.05906913732541863,72,ok,3,3.509540029294133,0.05900613669723065,72
income__c0p12__pareto__biased__random,income,0.12,200,pareto,2026220022,180,ok,4,4.345994068100898,0.07194578182272943,45,ok,4,4.345927836654743,0.07193950961191392,45
income__c0p12__pareto__biased__random,income,0.12,200,pareto,2026220023,189,ok,3,3.289337337616013,0.11861182546260851,98,ok,3,3.288224124115373,0.11846705693396675,98
income__c0p12__pareto__biased__random,income,0.12,200,pareto,2026220024,154,ok,2,2.7501802947614156,0.09459944663057046,86,ok,2,2.7468349052401604,0.09404441438512173,86
income__c0p12__pareto__biased__random,income,0.12,200,pareto,2026220025,190,ok,4,4.320089251423902,0.07531240604868011,58,ok,4,4.320017020725581,0.07530552629398041,58
income__c0p12__pareto__biased__random,income,0.12,200,pareto,2026220026,154,ok,3,3.5533156666988996,0.09143926203050862,38,ok,3,3.5528717952463498,0.09142298514404146,38
income__c0p12__pareto__biased__random,income,0.12,200,pareto,2026220027,150,ok,3,4.400249951817037,0.05229517533850214,52,ok,3,4.400229054129139,0.05229322796207614,52
income__c0p12__pareto__biased__random,income,0.12,200,pareto,2026220028,148,ok,3,3.6471811168996697,0.07796329492630472,50,ok,3,3.646862532434116,0.07792598558351205,50
income__c0p12__pareto__biased__random,income,0.12,200,pareto,2026220029,191,ok,4,3.9264761544240963,0.07554395573954964,69,ok,4,3.9262058816484937,0.0755170386333831,69
income__c0p12__pareto__biased__random,income,0.12,200,pareto,2026220030,201,ok,3,3.5558014040737556,0.09608095627063934,98,ok,3,3.5553615130948186,0.09602802636931601,98
income__c0p12__pareto__biased__random,income,0.12,200,pareto,2026220031,167,ok,3,3.2853079117494652,0.05745573128465553,70,ok,3,3.28417913255313,0.05734725487878345,70
income__c0p12__pareto__biased__random,income,0.12,200,pareto,2026220032,201,ok,4,4.070224469546,0.08602647639420491,63,ok,4,4.070056833594172,0.08600958423624783,63
income__c0p12__pareto__biased__random,income,0.12,200,pareto,2026220033,200,ok,5,5.040779788246455,0.06897962242516886,50,ok,5,5.040764788108737,0.06897855317411938,50
income__c0p12__pareto__biased__random,income,0.12,200,pareto,2026220034,153,ok,3,3.517713781485642,0.0818863196951628,46,ok,3,3.5172107878798964,0.0818251117706279,46
income__c0p12__pareto__biased__random,income,0.12,200,pareto,2026220035,175,ok,4,4.737266466071936,0.04720557448977103,42,ok,4,4.737249146295044,0.047204361022111785,42
income__c0p12__pareto__biased__random,income,0.12,200,pareto,2026220036,160,ok,3,3.628094168425631,0.09390341217785453,54,ok,3,3.6277533620584834,0.09386327414817836,54
income__c0p12__pareto__biased__random,income,0.12,200,pareto,2026220037,206,ok,5,4.455362427668493,0.07722865469306073,67,ok,5,4.4552643857688645,0.07721999242511868,67
income__c0p12__pareto__biased__random,income,0.12,200,pareto,2026220038,198,ok,4,3.787316662658503,0.11899248648155436,71,ok,4,3.7868886979333167,0.11894726580194614,71
income__c0p12__pareto__biased__random,income,0.12,200,pareto,2026220039,172,ok,4,4.313510623156036,0.045738417762689054,43,ok,4,4.313436808150437,0.04573137712238129,43
income__c0p12__pareto__biased__random,income,0.12,200,pareto,2026220040,218,ok,6,5.990886285339835,0.12484073627376757,39,ok,6,5.990884474514527,0.1248406159078983,39
income__c0p12__pareto__biased__random,income,0.12,200,pareto,2026220041,175,ok,4,4.929871990456396,0.06596842611043863,38,ok,4,4.929863184379284,0.06596769806179659,38
income__c0p12__pareto__biased__random,income,0.12,200,pareto,2026220042,215,ok,6,6.087671266769331,0.05962994881288952,35,ok,6,6.087669818572174,0.059629890172473665,35
income__c0p12__pareto__biased__random,income,0.12,200,pareto,2026220043,176,ok,3,3.569193352002572,0.07399043017494172,75,ok,3,3.568773700113758,0.07394013453758636,75
income__c0p12__pareto__biased__random,income,0.12,200,pareto,2026220044,165,ok,3,3.3817876425005626,0.08296173275538632,71,ok,3,3.3809790634773425,0.08286817651397782,71
income__c0p12__pareto__biased__random,income,0.12,200,pareto,2026220045,153,ok,3,4.214582135882413,0.07427059811334402,47,ok,3,4.214540755246913,0.07426759332183297,47
income__c0p12__pareto__biased__random,income,0.12,200,pareto,2026220046,151,ok,3,3.4160783442577602,0.054907588686096576,59,ok,3,3.415360546408181,0.05482608386959853,59
income__c0p12__pareto__biased__random,income,0.12,200,pareto,2026220047,181,ok,4,4.439632562206571,0.04357066651166985,42,ok,4,4.4395844065094066,0.043567925888450154,42
income__c0p12__pareto__biased__random,income,0.12,200,pareto,2026220048,172,ok,4,5.319068018110648,0.04559016314135833,37,ok,4,5.319065771490051,0.045590235308532456,37
income__c0p12__pareto__biased__random,income,0.12,200,pareto,2026220049,184,ok,4,4.281267012032718,0.07047070819955381,34,ok,4,4.281184492683065,0.0704655183275642,34
income__c0p12__pareto__biased__random,income,0.12,200,pareto,2026220050,185,ok,3,3.3535195163838907,0.0781790127104014,83,ok,3,3.3526277710164436,0.07807422523259466,83
income__c0p12__pareto__biased__random,income,0.12,200,pareto,2026220051,174,ok,3,4.113185522002422,0.08847191425279655,42,ok,3,4.11312580382308,0.0884658381707295,42
income__c0p12__pareto__biased__random,income,0.12,200,pareto,2026220052,153,ok,3,3.7563494588465387,0.11239925685830054,50,ok,3,3.7561332632310105,0.1123747491129723,50
income__c0p12__pareto__biased__random,income,0.12,200,pareto,2026220053,150,ok,3,4.3309378906546,0.07103860165825748,56,ok,3,4.330910974337421,0.0710360399863893,56
income__c0p12__pareto__biased__random,income,0.12,200,pareto,2026220054,157,ok,3,3.5781460355281687,0.10047416050311586,47,ok,3,3.5777394747958997,0.1004255637615985,47
income__c0p12__pareto__biased__random,income,0.12,200,pareto,2026220055,159,ok,2,2.6370538374412478,0.10808062850602007,86,ok,2,2.6320087222748514,0.10728607775816468,86
income__c0p12__pareto__biased__random,income,0.12,200,pareto,2026220056,172,ok,3,4.074077099311013,0.03652011103273489,56,ok,3,4.074008200792021,0.03652132527715268,56
income__c0p12__pareto__biased__random,income,0.12,200,pareto,2026220057,159,ok,4,4.52315071583629,0.045927794987507764,30,ok,4,4.523114579614304,0.045924509419549286,30
income__c0p12__pareto__biased__random,income,0.12,200,pareto,2026220058,258,ok,10,7.167238693272728,0.058829475261354514,45,ok,10,7.167237387252468,0.05882941498818095,45
income__c0p12__pareto__biased__random,income,0.12,200,pareto,2026220059,183,ok,3,3.541149055278149,0.09284129769914307,68,ok,3,3.5406857361285664,0.09278530420889364,68
income__c0p14__lognormal__biased__random,income,0.14,200,lognormal,2026320000,279,ok,9,7.136521470309804,0.043931064916295615,35,ok,9,7.136520421924495,0.043931111249697286,35
income__c0p14__lognormal__biased__random,income,0.14,200,lognormal,2026320001,287,ok,10,9.702930931662811,0.04527856891010873,45,ok,10,9.702930300311962,0.04527854267161624,45
income__c0p14__lognormal__biased__random,income,0.14,200,lognormal,2026320002,293,ok,12,9.076344730015077,0.0554313723276576,38,ok,12,9.07634420395839,0.05543135365477381,38
income__c0p14__lognormal__biased__random,income,0.14,200,lognormal,2026320003,295,ok,9,5.894613087342848,0.04479660415538117,67,ok,9,5.89459768666547,0.044795698996197175,67
income__c0p14__lognormal__biased__random,income,0.14,200,lognormal,2026320004,285,ok,9,8.198628538398344,0.05404296515291884,40,ok,9,8.198628671431472,0.054042971384774985,40
income__c0p14__lognormal__biased__random,income,0.14,200,lognormal,2026320005,289,ok,8,5.819774390201408,0.0807483694381137,62,ok,8,5.819763705335705,0.08074765630456804,62
income__c0p14__lognormal__biased__random,income,0.14,200,lognormal,2026320006,286,ok,11,8.714726952752082,0.08132499438982477,32,ok,11,8.714727358856386,0.08132501288303495,32
income__c0p14__lognormal__biased__random,income,0.14,200,lognormal,2026320007,281,ok,11,11.430186839411485,0.06421785557689574,35,ok,11,11.430187349937214,0.06421787001396018,35
income__c0p14__lognormal__biased__random,income,0.14,200,lognormal,2026320008,290,ok,10,6.558002276809181,0.04993841949976707,48,ok,10,6.55799799282737,0.049938194171067374,48
income__c0p14__lognormal__biased__random,income,0.14,200,lognormal,2026320009,282,ok,7,6.894535563455686,0.06371161970379402,55,ok,7,6.894535538889118,0.06371161972215644,55
income__c0p14__lognormal__biased__random,income,0.14,200,lognormal,2026320010,288,ok,9,7.692740428943003,0.05350377073984702,32,ok,9,7.692740574048044,0.05350377869107226,32
income__c0p14__lognormal__biased__random,income,0.14,200,lognormal,2026320011,289,ok,10,6.750570417483842,0.10927009416543165,63,ok,10,6.75056783088444,0.10926994644693933,63
income__c0p14__lognormal__biased__random,income,0.14,200,lognormal,2026320012,295,ok,8,6.780254522921393,0.043629163713131525,73,ok,8,6.780253830984073,0.04362912645624639,73
income__c0p14__lognormal__biased__random,income,0.14,200,lognormal,2026320013,278,ok,10,7.789754625991519,0.03641644287367124,33,ok,10,7.789754349463815,0.03641642946199669,33
income__c0p14__lognormal__biased__random,income,0.14,200,lognormal,2026320014,292,ok,7,5.713031293406152,0.051181379365295876,101,ok,7,5.713023263621339,0.05118084401025469,101
income__c0p14__lognormal__biased__random,income,0.14,200,lognormal,2026320015,286,ok,8,8.28050674302406,0.07630587771452513,56,ok,8,8.280506541037377,0.07630586767419945,56
income__c0p14__lognormal__biased__random,income,0.14,200,lognormal,2026320016,282,ok,6,4.952325917133354,0.08711690188591992,93,ok,6,4.952285680401468,0.08711433334543572,93
income__c0p14__lognormal__biased__random,income,0.14,200,lognormal,2026320017,289,ok,8,5.724018654589413,0.067489288713523,73,ok,8,5.724004766900732,0.06748834290880645,73
income__c0p14__lognormal__biased__random,income,0.14,200,lognormal,2026320018,288,ok,10,7.149626324067617,0.05029019874769003,48,ok,10,7.149625352743496,0.050290165828204225,48
income__c0p14__lognormal__biased__random,income,0.14,200,lognormal,2026320019,295,ok,13,8.739477981061084,0.05960408287600227,56,ok,13,8.739477655594849,0.059604070026277656,56
income__c0p14__lognormal__biased__random,income,0.14,200,lognormal,2026320020,291,ok,10,8.25666512356301,0.0636761663963672,38,ok,10,8.25666459441918,0.06367614138746625,38
income__c0p14__lognormal__biased__random,income,0.14,200,lognormal,2026320021,288,ok,8,5.390313006660186,0.07772241318674034,70,ok,8,5.390277118681141,0.07772007488703425,70
income__c0p14__lognormal__biased__random,income,0.14,200,lognormal,2026320022,287,ok,9,6.593149704717943,0.053557455341692484,54,ok,9,6.593147773304623,0.053557350829551376,54
income__c0p14__lognormal__biased__random,income,0.14,200,lognormal,2026320023,279,ok,10,7.968913842797387,0.06259785077020574,32,ok,10,7.96891396081636,0.06259784463156831,32
income__c0p14__lognormal__biased__random,income,0.14,200,lognormal,2026320024,292,ok,12,6.362604570576469,0.09667026840502896,71,ok,12,6.362586034319698,0.09666914273804589,71
income__c0p14__lognormal__biased__random,income,0.14,200,lognormal,2026320025,282,ok,12,9.874741199636883,0.04868412916448239,36,ok,12,9.874740919116215,0.048684118080287164,36
income__c0p14__lognormal__biased__random,income,0.14,200,lognormal,2026320026,289,ok,11,7.292262710634191,0.09001090453595817,47,ok,11,7.29226198690491,0.09001086844244666,47
income__c0p14__lognormal__biased__random,income,0.14,200,lognormal,2026320027,279,ok,9,6.19343751710968,0.0402088654576207,44,ok,9,6.193430672289968,0.04020849531802284,44
income__c0p14__lognormal__biased__random,income,0.14,200,lognormal,2026320028,273,ok,8,6.515950206164057,0.05382637848594507,33,ok,8,6.515948983051874,0.05382632576122859,33
income__c0p14__lognormal__biased__random,income,0.14,200,lognormal,2026320029,287,ok,10,6.905603951761188,0.06925426024641823,38,ok,10,6.905602655331959,0.06925419076207817,38
income__c0p14__lognormal__biased__random,income,0.14,200,lognormal,2026320030,292,ok,9,8.069681117825347,0.07817710945227213,41,ok,9,8.069680781818542,0.07817709268429657,41
income__c0p14__lognormal__biased__random,income,0.14,200,lognormal,2026320031,285,ok,9,6.928093666656472,0.06183247188597335,43,ok,9,6.928092109902734,0.06183238664879592,43
income__c0p14__lognormal__biased__random,income,0.14,200,lognormal,2026320032,282,ok,9,11.11382301198302,0.09555998516317388,33,ok,9,11.11382346433368,0.09556000136796439,33
income__c0p14__lognormal__biased__random,income,0.14,200,lognormal,2026320033,291,ok,8,5.213895628956311,0.09015412588957838,85,ok,8,5.213836893843795,0.09015022586222982,85
income__c0p14__lognormal__biased__random,income,0.14,200,lognormal,2026320034,289,ok,11,9.321403067825734,0.08718453013420169,34,ok,11,9.32140323767592,0.08718453707512064,34
income__c0p14__lognormal__biased__random,income,0.14,200,lognormal,2026320035,275,ok,7,7.048259534412728,0.11340838700276101,39,ok,7,7.048259372590489,0.11340837795401737,39
income__c0p14__lognormal__biased__random,income,0.14,200,lognormal,2026320036,294,ok,12,9.140389254352728,0.03603562396806592,40,ok,12,9.140389262465828,0.036035624254905474,40
income__c0p14__lognormal__biased__random,income,0.14,200,lognormal,2026320037,285,ok,8,7.516514715432104,0.05421173934587031,38,ok,8,7.516514631328823,0.05421173502232279,38
income__c0p14__lognormal__biased__random,income,0.14,200,lognormal,2026320038,290,ok,10,7.1656737611987795,0.07077724832025267,49,ok,10,7.165672605888188,0.07077718957729123,49
income__c0p14__lognormal__biased__random,income,0.14,200,lognormal,2026320039,298,ok,11,6.781916269660729,0.09278484768072598,54,ok,11,6.781912121044835,0.09278464222083854,54
income__c0p14__lognormal__biased__random,income,0.14,200,lognormal,2026320040,295,ok,11,8.296495297326965,0.060958627903135054,45,ok,11,8.296495020978162,0.060958615267517724,45
income__c0p14__lognormal__biased__random,income,0.14,200,lognormal,2026320041,284,ok,9,7.074689277739872,0.09399617633154944,38,ok,9,7.074688299155795,0.09399612370104266,38
income__c0p14__lognormal__biased__random,income,0.14,200,lognormal,2026320042,287,ok,7,6.060115447286229,0.053391962141591864,72,ok,7,6.060112680873302,0.053391787667355695,72
income__c0p14__lognormal__biased__random,income,0.14,200,lognormal,2026320043,291,ok,9,7.93033029276384,0.05901610676770819,41,ok,9,7.930330098905259,0.05901609756540027,41
income__c0p14__lognormal__biased__random,income,0.14,200,lognormal,2026320044,289,ok,7,6.026882612818224,0.028863746358601006,32,ok,7,6.0268795550397,0.02886384799820274,32
income__c0p14__lognormal__biased__random,income,0.14,200,lognormal,2026320045,282,ok,10,11.733811502286766,0.011925091928688625,35,ok,10,11.733812084131571,0.011925106250413764,35
income__c0p14__lognormal__biased__random,income,0.14,200,lognormal,2026320046,289,ok,8,6.486200578914892,0.07012444468474033,52,ok,8,6.486198911831648,0.07012434838336046,52
income__c0p14__lognormal__biased__random,income,0.14,200,lognormal,2026320047,279,ok,7,5.977514572172636,0.04415213485845215,58,ok,7,5.977510742974655,0.04415189494936933,58
income__c0p14__lognormal__biased__random,income,0.14,200,lognormal,2026320048,283,ok,9,7.158001733358686,0.09338752928757177,45,ok,9,7.158001138905981,0.09338749801305812,45
income__c0p14__lognormal__biased__random,income,0.14,200,lognormal,2026320049,297,ok,15,9.301844721081709,0.08777266116799953,58,ok,15,9.301845919479035,0.08777271422783173,58
income__c0p14__lognormal__biased__random,income,0.14,200,lognormal,2026320050,292,ok,11,7.985606105162055,0.08141139041401346,31,ok,11,7.985606009030583,0.08141138635141942,31
income__c0p14__lognormal__biased__random,income,0.14,200,lognormal,2026320051,290,ok,6,4.9877427085654915,0.05695332856031016,94,ok,6,4.987706863730774,0.05695058394617725,94
income__c0p14__lognormal__biased__random,income,0.14,200,lognormal,2026320052,286,ok,10,8.40542457829663,0.08820447997578251,36,ok,10,8.405424388340714,0.08820447130361364,36
income__c0p14__lognormal__biased__random,income,0.14,200,lognormal,2026320053,293,ok,8,5.5742870668856215,0.08439969745384013,63,ok,8,5.574265471104024,0.08439831704277861,63
income__c0p14__lognormal__biased__random,income,0.14,200,lognormal,2026320054,293,ok,11,9.197990098093902,0.04844750786086027,40,ok,11,9.197990510720913,0.048447525561034155,40
income__c0p14__lognormal__biased__random,income,0.14,200,lognormal,2026320055,289,ok,10,7.0886654293528455,0.05294544228449771,49,ok,10,7.088664506687011,0.052945393439471355,49
income__c0p14__lognormal__biased__random,income,0.14,200,lognormal,2026320056,289,ok,9,7.236641237433838,0.03926606889297923,35,ok,9,7.236641125990013,0.0392660716218205,35
income__c0p14__lognormal__biased__random,income,0.14,200,lognormal,2026320057,277,ok,6,4.482815311480649,0.07765515344471052,88,ok,6,4.482648650940676,0.07764015088283749,88
income__c0p14__lognormal__biased__random,income,0.14,200,lognormal,2026320058,287,ok,8,6.200587002154726,0.034736819224265636,38,ok,8,6.200583320992052,0.03473663602236621,38
income__c0p14__lognormal__biased__random,income,0.14,200,lognormal,2026320059,284,ok,9,8.592498591187663,0.09651587422970043,34,ok,9,8.592498525362856,0.0965158711324241,34
income__c0p14__pareto__biased__random,income,0.14,200,pareto,2026420000,215,ok,6,5.351898187993227,0.06307275179416638,46,ok,6,5.35188650170561,0.06307193775006015,46
income__c0p14__pareto__biased__random,income,0.14,200,pareto,2026420001,198,ok,5,3.9026338417689788,0.09650695632303985,63,ok,5,3.902081636153791,0.09644855035596811,63
income__c0p14__pareto__biased__random,income,0.14,200,pareto,2026420002,211,ok,7,5.8268630336722795,0.10908470616658095,44,ok,7,5.8268576916507,0.10908436011304934,44
income__c0p14__pareto__biased__random,income,0.14,200,pareto,2026420003,196,ok,5,4.397696082478111,0.08669689058715824,45,ok,5,4.397578540953418,0.08668640011426731,45
income__c0p14__pareto__biased__random,income,0.14,200,pareto,2026420004,237,ok,7,4.893296269915503,0.06557531612931472,78,ok,7,4.8932095996022476,0.06556897049387311,78
income__c0p14__pareto__biased__random,income,0.14,200,pareto,2026420005,210,ok,6,5.0632090820177496,0.06896307500306131,39,ok,6,5.063180372236297,0.06896177842163953,39
income__c0p14__pareto__biased__random,income,0.14,200,pareto,2026420006,179,ok,4,4.210264252598633,0.07960342017966704,50,ok,4,4.210159502840324,0.07959418294866705,50
income__c0p14__pareto__biased__random,income,0.14,200,pareto,2026420007,191,ok,4,4.094914321829247,0.10044014660541384,67,ok,4,4.09475996443458,0.10042467783511783,67
income__c0p14__pareto__biased__random,income,0.14,200,pareto,2026420008,211,ok,6,5.3132867278766,0.06720977645926074,36,ok,6,5.313273303372712,0.06720882784617033,36
income__c0p14__pareto__biased__random,income,0.14,200,pareto,2026420009,201,ok,6,5.28355276329086,0.0434436544470328,42,ok,6,5.283538462313599,0.043443905311256414,42
income__c0p14__pareto__biased__random,income,0.14,200,pareto,2026420010,243,ok,5,3.1681734916426345,0.11217017426290748,122,ok,5,3.163201789654591,0.11162836463480497,122
income__c0p14__pareto__biased__random,income,0.14,200,pareto,2026420011,168,ok,3,3.4924482421511573,0.07831868706053724,69,ok,3,3.4918987115619537,0.0782513187526358,69
income__c0p14__pareto__biased__random,income,0.14,200,pareto,2026420012,195,ok,5,4.688877132793124,0.08331664286857787,55,ok,5,4.688830916904326,0.08331292011963931,55
income__c0p14__pareto__biased__random,income,0.14,200,pareto,2026420013,200,ok,5,4.307320548914353,0.10529143178508693,56,ok,5,4.307164097939831,0.10527724536099864,56
income__c0p14__pareto__biased__random,income,0.14,200,pareto,2026420014,196,ok,7,5.7170770144808145,0.0696913897904674,31,ok,7,5.717069768493209,0.06969091320387932,31
income__c0p14__pareto__biased__random,income,0.14,200,pareto,2026420015,219,ok,8,6.483577978756237,0.06820715587504161,47,ok,8,6.4835761925882665,0.06820705195255078,47
income__c0p14__pareto__biased__random,income,0.14,200,pareto,2026420016,189,ok,3,3.010936470387233,0.09412245314310924,103,ok,3,3.008066355121235,0.09371884423627946,103
income__c0p14__pareto__biased__random,income,0.14,200,pareto,2026420017,210,ok,6,4.701183563837361,0.04584041606679934,51,ok,6,4.701097217324491,0.045833514148432675,51
income__c0p14__pareto__biased__random,income,0.14,200,pareto,2026420018,190,ok,3,3.1347238486067592,0.09146958978911207,107,ok,3,3.132834231690441,0.09121282667989755,107
income__c0p14__pareto__biased__random,income,0.14,200,pareto,2026420019,209,ok,6,5.917978385623882,0.07548292529046663,50,ok,6,5.917976190499427,0.07548277814553561,50
income__c0p14__pareto__biased__random,income,0.14,200,pareto,2026420020,212,ok,4,3.7239466821525418,0.08343859528278708,69,ok,4,3.7234200289541666,0.08338133809774684,69
income__c0p14__pareto__biased__random,income,0.14,200,pareto,2026420021,189,ok,4,4.015262108012776,0.041928627429034804,79,ok,4,4.015060801201707,0.04190932321613372,79
income__c0p14__pareto__biased__random,income,0.14,200,pareto,2026420022,201,ok,6,6.651944781461019,0.03864832979367361,35,ok,6,6.651944811961201,0.0386483320553872,35
income__c0p14__pareto__biased__random,income,0.14,200,pareto,2026420023,208,ok,4,3.608589434274313,0.10443557509895307,91,ok,4,3.6078229172253238,0.10434826836035527,91
income__c0p14__pareto__biased__random,income,0.14,200,pareto,2026420024,220,ok,8,8.074859810413948,0.03443949111068978,32,ok,8,8.074859597097944,0.03443950049756572,32
income__c0p14__pareto__biased__random,income,0.14,200,pareto,2026420025,186,ok,5,4.8069451144130095,0.07867561129341988,40,ok,5,4.80691333454014,0.07867297541655699,40
income__c0p14__pareto__biased__random,income,0.14,200,pareto,2026420026,222,ok,5,4.452987666539171,0.043922362316439645,82,ok,5,4.4528890936234715,0.043913733234054675,82
income__c0p14__pareto__biased__random,income,0.14,200,pareto,2026420027,192,ok,5,4.54295221595942,0.08266478169335056,38,ok,5,4.542878316089342,0.0826583563134391,38
income__c0p14__pareto__biased__random,income,0.14,200,pareto,2026420028,234,ok,7,6.455289950011161,0.047943453000020564,46,ok,7,6.455288828896667,0.04794338958003219,46
income__c0p14__pareto__biased__random,income,0.14,200,pareto,2026420029,200,ok,5,4.486214101035603,0.0853920639221375,49,ok,5,4.486125613023563,0.08538440987660745,49
income__c0p14__pareto__biased__random,income,0.14,200,pareto,2026420030,226,ok,6,5.958302737307713,0.05839744165093996,40,ok,6,5.958300877663479,0.05839731817564231,40
income__c0p14__pareto__biased__random,income,0.14,200,pareto,2026420031,194,ok,4,3.7133849479940984,0.1095421517369185,74,ok,4,3.7128397457469875,0.10948274204088082,74
income__c0p14__pareto__biased__random,income,0.14,200,pareto,2026420032,204,ok,6,6.439598142198555,0.04332315731896352,31,ok,6,6.439597883318255,0.04332314209216381,31
income__c0p14__pareto__biased__random,income,0.14,200,pareto,2026420033,207,ok,6,5.5061483523207135,0.05137064367752464,43,ok,6,5.506140926889617,0.05137014786329952,43
income__c0p14__pareto__biased__random,income,0.14,200,pareto,2026420034,202,ok,5,5.1267251481061376,0.07000700924496944,39,ok,5,5.126714020588514,0.07000613977099862,39
income__c0p14__pareto__biased__random,income,0.14,200,pareto,2026420035,300,ok,15,12.045899961748782,0.017015721905653702,136,ok,15,12.04590075133383,0.017015696824911997,136
income__c0p14__pareto__biased__random,income,0.14,200,pareto,2026420036,226,ok,5,3.9279384670670194,0.11485159326925681,83,ok,5,3.9274278062980215,0.11480217075813537,83
income__c0p14__pareto__biased__random,income,0.14,200,pareto,2026420037,231,ok,7,4.534320218359529,0.11654388275460531,77,ok,7,4.5340775339575465,0.11652217730319397,77
income__c0p14__pareto__biased__random,income,0.14,200,pareto,2026420038,212,ok,5,4.555711560605435,0.12183182236780843,63,ok,5,4.555640741110377,0.1218258447477506,63
income__c0p14__pareto__biased__random,income,0.14,200,pareto,2026420039,218,ok,6,4.909141705363425,0.1097249034920631,56,ok,6,4.909095776117271,0.10972125224098139,56
income__c0p14__pareto__biased__random,income,0.14,200,pareto,2026420040,204,ok,5,4.279765959294689,0.03522525831805978,62,ok,5,4.2795955768700855,0.03521222899694254,62
income__c0p14__pareto__biased__random,income,0.14,200,pareto,2026420041,201,ok,5,4.202738187546381,0.0935452937072967,69,ok,5,4.202520959477511,0.09352455533521009,69
income__c0p14__pareto__biased__random,income,0.14,200,pareto,2026420042,213,ok,7,6.953934100126173,0.036248799168491774,35,ok,7,6.95393377166571,0.03624878736641246,35
income__c0p14__pareto__biased__random,income,0.14,200,pareto,2026420043,206,ok,5,5.228166177175327,0.05850342505700501,51,ok,5,5.228158217239807,0.05850289614876547,51
income__c0p14__pareto__biased__random,income,0.14,200,pareto,2026420044,205,ok,6,5.338369030695584,0.04075545964892602,34,ok,6,5.338356933213253,0.04075458140848176,34
income__c0p14__pareto__biased__random,income,0.14,200,pareto,2026420045,266,ok,12,6.552051344821138,0.06392135658733256,72,ok,12,6.552039246156426,0.06392077274818819,72
income__c0p14__pareto__biased__random,income,0.14,200,pareto,2026420046,207,ok,6,5.13612311637191,0.028904272989382362,42,ok,6,5.136100271550964,0.028905984744276525,42
income__c0p14__pareto__biased__random,income,0.14,200,pareto,2026420047,214,ok,5,4.6919560350412395,0.03646712332787938,47,ok,5,4.691910349098568,0.036464293125702874,47
income__c0p14__pareto__biased__random,income,0.14,200,pareto,2026420048,194,ok,5,5.755442663943085,0.03543434796992295,42,ok,5,5.755441489556669,0.03543428536659521,42
income__c0p14__pareto__biased__random,income,0.14,200,pareto,2026420049,296,ok,15,11.657957387250699,0.03334589633828133,108,ok,15,11.657958395489365,0.03334592913971535,108
income__c0p14__pareto__biased__random,income,0.14,200,pareto,2026420050,227,ok,6,3.874574580867195,0.10730341584145081,70,ok,6,3.873574737538581,0.10721370260955498,70
income__c0p14__pareto__biased__random,income,0.14,200,pareto,2026420051,208,ok,6,6.088862426502597,0.06249726564621938,44,ok,6,6.088861264322629,0.062497200766975514,44
income__c0p14__pareto__biased__random,income,0.14,200,pareto,2026420052,224,ok,7,4.941799600769736,0.10093509591508343,51,ok,7,4.941724429449342,0.10092902195042552,51
income__c0p14__pareto__biased__random,income,0.14,200,pareto,2026420053,202,ok,3,3.4657657095519943,0.1145766957839282,89,ok,3,3.465162325029614,0.1145021430051279,89
income__c0p14__pareto__biased__random,income,0.14,200,pareto,2026420054,197,ok,6,4.729550661781937,0.08512183748681035,32,ok,6,4.729471191680483,0.08511550944298968,32
income__c0p14__pareto__biased__random,income,0.14,200,pareto,2026420055,184,ok,4,4.480947857262003,0.06554808329357886,43,ok,4,4.480905870545166,0.06554478871201452,43
income__c0p14__pareto__biased__random,income,0.14,200,pareto,2026420056,196,ok,6,6.387160307423576,0.05424715340137898,35,ok,6,6.387159942612677,0.054247160196904565,35
income__c0p14__pareto__biased__random,income,0.14,200,pareto,2026420057,190,ok,6,5.244557028896539,0.04924254850037585,44,ok,6,5.24454076655539,0.0492413503662647,44
income__c0p14__pareto__biased__random,income,0.14,200,pareto,2026420058,215,ok,7,5.085533602296936,0.05758523879848676,34,ok,7,5.085484219390829,0.05758171004527185,34
income__c0p14__pareto__biased__random,income,0.14,200,pareto,2026420059,214,ok,5,4.3299663220305895,0.07673444099751325,56,ok,5,4.329820878487742,0.07672115451368,56
income__c0p16__lognormal__biased__random,income,0.16,200,lognormal,2026520000,290,ok,10,6.813976074006,0.0643401838289267,72,ok,10,6.81397378721076,0.06434006574367368,72
income__c0p16__lognormal__biased__random,income,0.16,200,lognormal,2026520001,297,ok,13,9.057148108689283,0.06815668118276808,43,ok,13,9.057148112226638,0.06815668147930354,43
income__c0p16__lognormal__biased__random,income,0.16,200,lognormal,2026520002,290,ok,12,8.880557436274458,0.0675355857711274,54,ok,12,8.880556835251504,0.067535558731324,54
income__c0p16__lognormal__biased__random,income,0.16,200,lognormal,2026520003,298,ok,14,10.09031695390201,0.05375985932916627,46,ok,14,10.09031576218037,0.053759897887848074,46
income__c0p16__lognormal__biased__random,income,0.16,200,lognormal,2026520004,293,ok,9,5.53186196255684,0.10686392322981153,87,ok,9,5.531821442777849,0.10686146103559246,87
income__c0p16__lognormal__biased__random,income,0.16,200,lognormal,2026520005,293,ok,13,10.85729828984579,0.0793012925549823,32,ok,13,10.857298568163214,0.0793013021004908,32
income__c0p16__lognormal__biased__random,income,0.16,200,lognormal,2026520006,289,ok,15,9.532915981639238,0.06139861495307952,35,ok,15,9.53291569281948,0.061398604180788185,35
income__c0p16__lognormal__biased__random,income,0.16,200,lognormal,2026520007,291,ok,14,11.28583271914651,0.059383763771953146,37,ok,14,11.28583326066095,0.0593837822267102,37
income__c0p16__lognormal__biased__random,income,0.16,200,lognormal,2026520008,292,ok,10,5.5891553206339815,0.08320544453988066,76,ok,10,5.589099919888764,0.08320174332686003,76
income__c0p16__lognormal__biased__random,income,0.16,200,lognormal,2026520009,291,ok,15,9.295381379433334,0.06485523842512747,39,ok,15,9.295381317333955,0.06485523620229039,39
income__c0p16__lognormal__biased__random,income,0.16,200,lognormal,2026520010,294,ok,12,9.915348344024714,0.1058422162779547,48,ok,12,9.915347536409147,0.10584218446463162,48
income__c0p16__lognormal__biased__random,income,0.16,200,lognormal,2026520011,290,ok,9,5.889602378007582,0.07071292083145653,77,ok,9,5.889586783382142,0.07071187985328187,77
income__c0p16__lognormal__biased__random,income,0.16,200,lognormal,2026520012,290,ok,10,6.222508388680796,0.06377543952495324,79,ok,10,6.222497879956641,0.06377484623270868,79
income__c0p16__lognormal__biased__random,income,0.16,200,lognormal,2026520013,291,ok,12,8.570953724227007,0.05496109963555107,48,ok,12,8.570953787309186,0.05496110249922603,48
income__c0p16__lognormal__biased__random,income,0.16,200,lognormal,2026520014,292,ok,9,5.618968981039644,0.10404585875688066,87,ok,9,5.618937166416913,0.10404362445749826,87
income__c0p16__lognormal__biased__random,income,0.16,200,lognormal,2026520015,298,ok,14,11.483247033484313,0.0567735841935606,32,ok,14,11.483246323680307,0.056773560343928886,32
income__c0p16__lognormal__biased__random,income,0.16,200,lognormal,2026520016,289,ok,9,6.348056981818799,0.07311279151966404,67,ok,9,6.348052520851203,0.07311254068667561,67
income__c0p16__lognormal__biased__random,income,0.16,200,lognormal,2026520017,297,ok,14,8.335624429826558,0.0678605376442648,38,ok,14,8.335624019952522,0.06786054542404096,38
income__c0p16__lognormal__biased__random,income,0.16,200,lognormal,2026520018,291,ok,12,8.233363204337067,0.051356429998905107,40,ok,12,8.23336334833956,0.0513564370112331,40
income__c0p16__lognormal__biased__random,income,0.16,200,lognormal,2026520019,295,ok,15,9.90763802968036,0.05963678153425511,31,ok,15,9.907638234985766,0.05963678908955783,31
income__c0p16__lognormal__biased__random,income,0.16,200,lognormal,2026520020,285,ok,10,5.94074083228393,0.09027865961533632,79,ok,10,5.940718672012524,0.0902771954127255,79
income__c0p16__lognormal__biased__random,income,0.16,200,lognormal,2026520021,292,ok,9,6.617486619998207,0.05499698932297631,54,ok,9,6.617484853234236,0.054996894145531716,54
income__c0p16__lognormal__biased__random,income,0.16,200,lognormal,2026520022,295,ok,12,8.037745309082089,0.054657073107591714,49,ok,12,8.037745068627164,0.05465706284837746,49
income__c0p16__lognormal__biased__random,income,0.16,200,lognormal,2026520023,292,ok,11,7.517554076427472,0.07464924893346381,62,ok,11,7.517554055294487,0.07464924991181626,62
income__c0p16__lognormal__biased__random,income,0.16,200,lognormal,2026520024,292,ok,11,6.383269786633737,0.07111575831608985,69,ok,11,6.383258372157239,0.07111506083979324,69
income__c0p16__lognormal__biased__random,income,0.16,200,lognormal,2026520025,293,ok,9,5.081197156352485,0.09022251562480377,142,ok,9,5.081062009919333,0.09021196981899948,142
income__c0p16__lognormal__biased__random,income,0.16,200,lognormal,2026520026,295,ok,11,5.5468124189409025,0.07519801508319857,129,ok,11,5.546718708663752,0.07519154870594702,129
income__c0p16__lognormal__biased__random,income,0.16,200,lognormal,2026520027,291,ok,12,7.301607017409317,0.044477305289527425,72,ok,12,7.301605430533717,0.04447723173926377,72
income__c0p16__lognormal__biased__random,income,0.16,200,lognormal,2026520028,294,ok,10,5.8480533569380055,0.11453691463960503,82,ok,10,5.84802538709301,0.11453503822047972,82
income__c0p16__lognormal__biased__random,income,0.16,200,lognormal,2026520029,297,ok,18,11.839012995974963,0.0575308186747816,33,ok,18,11.839012696490531,0.05753080959946988,33
income__c0p16__lognormal__biased__random,income,0.16,200,lognormal,2026520030,293,ok,12,7.500349522916445,0.06284822890396069,42,ok,12,7.500348063215836,0.0628481607346344,42
income__c0p16__lognormal__biased__random,income,0.16,200,lognormal,2026520031,293,ok,12,8.051786009609817,0.09011787586720482,34,ok,12,8.051785876049205,0.09011787051165143,34
income__c0p16__lognormal__biased__random,income,0.16,200,lognormal,2026520032,290,ok,14,10.42346404205691,0.038814867171400924,53,ok,14,10.42346355540656,0.03881488190192972,53
income__c0p16__lognormal__biased__random,income,0.16,200,lognormal,2026520033,296,ok,12,10.658450383679588,0.05813046211143669,32,ok,12,10.658451234724708,0.0581304331627327,32
income__c0p16__lognormal__biased__random,income,0.16,200,lognormal,2026520034,298,ok,14,10.016082783128493,0.08581332782213313,40,ok,14,10.016083037800003,0.08581333794131729,40
income__c0p16__lognormal__biased__random,income,0.16,200,lognormal,2026520035,288,ok,11,8.958554479936376,0.045715785919286045,45,ok,11,8.958554229655812,0.045715790274612256,45
income__c0p16__lognormal__biased__random,income,0.16,200,lognormal,2026520036,289,ok,13,9.431583976988348,0.054474078646064905,38,ok,13,9.431583482373842,0.05447405774946401,38
income__c0p16__lognormal__biased__random,income,0.16,200,lognormal,2026520037,295,ok,13,8.75100737779801,0.056577945430062615,46,ok,13,8.751007192302543,0.05657793781806375,46
income__c0p16__lognormal__biased__random,income,0.16,200,lognormal,2026520038,299,ok,21,12.884003472764078,0.04255199452026176,36,ok,21,12.884003810142524,0.042552003615112965,36
income__c0p16__lognormal__biased__random,income,0.16,200,lognormal,2026520039,282,ok,10,6.683908152273221,0.05997556173477392,43,ok,10,6.6839055606226365,0.059975428937240616,43
income__c0p16__lognormal__biased__random,income,0.16,200,lognormal,2026520040,290,ok,11,6.211512401899526,0.12278772387420134,71,ok,11,6.211494842070471,0.12278681561632737,71
income__c0p16__lognormal__biased__random,income,0.16,200,lognormal,2026520041,284,ok,10,7.716038176149834,0.08723639149479534,40,ok,10,7.716037431407669,0.08723635435300753,40
income__c0p16__lognormal__biased__random,income,0.16,200,lognormal,2026520042,283,ok,9,6.514828591084691,0.036921651583357695,47,ok,9,6.514825577844532,0.036921691454030126,47
income__c0p16__lognormal__biased__random,income,0.16,200,lognormal,2026520043,294,ok,12,7.891186953105927,0.14092493437932518,57,ok,12,7.891186740497515,0.14092492501469078,57
income__c0p16__lognormal__biased__random,income,0.16,200,lognormal,2026520044,293,ok,9,5.234083833158619,0.08949969646556699,114,ok,9,5.233993923369213,0.08949288524985644,114
income__c0p16__lognormal__biased__random,income,0.16,200,lognormal,2026520045,294,ok,9,6.0256371928024945,0.04376609552701205,87,ok,9,6.025626715498856,0.04376550345983177,87
income__c0p16__lognormal__biased__random,income,0.16,200,lognormal,2026520046,292,ok,9,5.127341508273674,0.08962292025112617,111,ok,9,5.127221910361093,0.08961411770278749,111
income__c0p16__lognormal__biased__random,income,0.16,200,lognormal,2026520047,294,ok,15,8.786247816522945,0.03458181800049187,30,ok,15,8.786247116343036,0.03458183315115082,30
income__c0p16__lognormal__biased__random,income,0.16,200,lognormal,2026520048,286,ok,10,6.5255442015825365,0.07211357109624483,64,ok,10,6.5255397548278555,0.072113308394129,64
income__c0p16__lognormal__biased__random,income,0.16,200,lognormal,2026520049,294,ok,12,9.318582883110738,0.05840165250196333,50,ok,12,9.318582308599494,0.058401628733994404,50
income__c0p16__lognormal__biased__random,income,0.16,200,lognormal,2026520050,295,ok,14,9.400841415067221,0.0716775574898072,31,ok,14,9.400841272758118,0.07167755232048312,31
income__c0p16__lognormal__biased__random,income,0.16,200,lognormal,2026520051,289,ok,12,8.700100673895419,0.10254933823012091,46,ok,12,8.700100003069458,0.10254930910725124,46
income__c0p16__lognormal__biased__random,income,0.16,200,lognormal,2026520052,290,ok,12,6.630140356290796,0.07354088730673386,70,ok,12,6.630130347415051,0.0735404068507991,70
income__c0p16__lognormal__biased__random,income,0.16,200,lognormal,2026520053,293,ok,14,12.620700569876018,0.04609947389155611,31,ok,14,12.620700648700959,0.04609947633310563,31
income__c0p16__lognormal__biased__random,income,0.16,200,lognormal,2026520054,295,ok,9,5.879499122171455,0.08930084379998926,96,ok,9,5.87948327935897,0.08929978565601804,96
income__c0p16__lognormal__biased__random,income,0.16,200,lognormal,2026520055,281,ok,9,5.933829068469381,0.0484227550041314,67,ok,9,5.933815312510355,0.04842184533226401,67
income__c0p16__lognormal__biased__random,income,0.16,200,lognormal,2026520056,294,ok,11,7.2283307628128775,0.07248388652353072,53,ok,11,7.228329479924722,0.07248382532219722,53
income__c0p16__lognormal__biased__random,income,0.16,200,lognormal,2026520057,290,ok,11,8.585105233364498,0.08163732043498007,40,ok,11,8.585105182135733,0.08163731820593989,40
income__c0p16__lognormal__biased__random,income,0.16,200,lognormal,2026520058,296,ok,10,6.7500765827177736,0.06992604268210101,82,ok,10,6.750073728807107,0.06992589390471987,82
income__c0p16__lognormal__biased__random,income,0.16,200,lognormal,2026520059,298,ok,12,8.064003909145955,0.08137866847211805,40,ok,12,8.064004105521267,0.08137865867142968,40
income__c0p16__pareto__biased__random,income,0.16,200,pareto,2026620000,266,ok,14,8.964481325341751,0.05777346140190298,32,ok,14,8.964481099717887,0.057773452525219815,32
income__c0p16__pareto__biased__random,income,0.16,200,pareto,2026620001,221,ok,9,6.152056076607432,0.06275497163442711,35,ok,9,6.15204852658305,0.06275453926386076,35
income__c0p16__pareto__biased__random,income,0.16,200,pareto,2026620002,265,ok,14,7.855423604224155,0.11044780995793557,58,ok,14,7.855422467738679,0.11044776404797202,58
income__c0p16__pareto__biased__random,income,0.16,200,pareto,2026620003,243,ok,13,7.833825738174732,0.06124401193690521,33,ok,13,7.833824534959792,0.06124396683166933,33
income__c0p16__pareto__biased__random,income,0.16,200,pareto,2026620004,218,ok,6,4.550978177928399,0.09073115777203233,68,ok,6,4.550842123280251,0.09071914654707858,68
income__c0p16__pareto__biased__random,income,0.16,200,pareto,2026620005,216,ok,8,6.209199219913933,0.08052712808335272,43,ok,8,6.2091957333589285,0.08052695597193893,43
income__c0p16__pareto__biased__random,income,0.16,200,pareto,2026620006,235,ok,10,7.799200589184503,0.04330809860195617,44,ok,10,7.799200520885445,0.04330809578835515,44
income__c0p16__pareto__biased__random,income,0.16,200,pareto,2026620007,228,ok,7,4.572368218458193,0.05824491759441763,66,ok,7,4.5721505363403505,0.05822727832505625,66
income__c0p16__pareto__biased__random,income,0.16,200,pareto,2026620008,249,ok,11,5.729644007145686,0.1009223231437939,59,ok,11,5.729584910143463,0.10091842137361973,59
income__c0p16__pareto__biased__random,income,0.16,200,pareto,2026620009,194,ok,7,6.796989343563886,0.07322261989082313,37,ok,7,6.796988926880744,0.07322259551840182,37
income__c0p16__pareto__biased__random,income,0.16,200,pareto,2026620010,214,ok,9,6.654908733059553,0.08623191872509905,37,ok,9,6.6549069449369815,0.08623182174329852,37
income__c0p16__pareto__biased__random,income,0.16,200,pareto,2026620011,232,ok,8,5.930007626792485,0.046994092625844086,73,ok,8,5.929999742246077,0.04699360808943981,73
income__c0p16__pareto__biased__random,income,0.16,200,pareto,2026620012,299,ok,18,12.564791885767152,0.027644729815397007,54,ok,18,12.564792269657962,0.02764474167691322,54
income__c0p16__pareto__biased__random,income,0.16,200,pareto,2026620013,224,ok,7,4.576946675052569,0.08577872749335702,64,ok,7,4.576732032213596,0.08576240049677492,64
income__c0p16__pareto__biased__random,income,0.16,200,pareto,2026620014,235,ok,10,7.800544640774133,0.05907246354745266,37,ok,10,7.800544427035556,0.05907245329297128,37
income__c0p16__pareto__biased__random,income,0.16,200,pareto,2026620015,222,ok,9,6.0736031990179,0.048032243157687615,31,ok,9,6.073593948438526,0.0480324030270155,31
income__c0p16__pareto__biased__random,income,0.16,200,pareto,2026620016,221,ok,5,3.210931516275408,0.11133190475663146,96,ok,5,3.2065400777875666,0.11076623098069682,96
income__c0p16__pareto__biased__random,income,0.16,200,pareto,2026620017,229,ok,8,5.842768518426874,0.03541586860935003,48,ok,8,5.842758152986132,0.03541522392541585,48
income__c0p16__pareto__biased__random,income,0.16,200,pareto,2026620018,216,ok,6,4.1165490926716215,0.0724906348305615,68,ok,6,4.116054663874395,0.07244120149520372,68
income__c0p16__pareto__biased__random,income,0.16,200,pareto,2026620019,200,ok,6,4.262419957686235,0.08377541438364938,57,ok,6,4.262098316336204,0.08374803492940286,57
income__c0p16__pareto__biased__random,income,0.16,200,pareto,2026620020,212,ok,6,5.21031870842586,0.1054013817642957,50,ok,6,5.210300599787805,0.10540006607394925,50
income__c0p16__pareto__biased__random,income,0.16,200,pareto,2026620021,216,ok,6,5.228072827042614,0.05380500971194668,52,ok,6,5.228055538315533,0.05380375861102005,52
income__c0p16__pareto__biased__random,income,0.16,200,pareto,2026620022,245,ok,10,5.1259208969836365,0.12092548036248096,74,ok,10,5.125738386742757,0.12091463296636534,74
income__c0p16__pareto__biased__random,income,0.16,200,pareto,2026620023,222,ok,9,6.795745653735838,0.0665799277101311,32,ok,9,6.79574480062169,0.06657988366388035,32
income__c0p16__pareto__biased__random,income,0.16,200,pareto,2026620024,234,ok,9,6.020343720632024,0.06205372343981297,39,ok,9,6.020332921885877,0.06205302200091922,39
income__c0p16__pareto__biased__random,income,0.16,200,pareto,2026620025,224,ok,9,5.8155262516169675,0.05118541553081224,41,ok,9,5.815506986942165,0.051184108987562316,41
income__c0p16__pareto__biased__random,income,0.16,200,pareto,2026620026,228,ok,7,4.143634771791316,0.11509379634521827,84,ok,7,4.14290658431142,0.1150221973866356,84
income__c0p16__pareto__biased__random,income,0.16,200,pareto,2026620027,227,ok,9,6.708082236320939,0.048103816402286115,34,ok,9,6.70808050381693,0.04810384632499454,34
income__c0p16__pareto__biased__random,income,0.16,200,pareto,2026620028,214,ok,9,5.908118165373911,0.07349345722724854,41,ok,9,5.908103700310481,0.07349384832020522,41
income__c0p16__pareto__biased__random,income,0.16,200,pareto,2026620029,235,ok,8,5.630005443457876,0.05945792098304914,58,ok,8,5.629987225929085,0.05945665310377779,58
income__c0p16__pareto__biased__random,income,0.16,200,pareto,2026620030,229,ok,9,6.279111322934039,0.046288120961404555,48,ok,9,6.27910554993007,0.046288301213144756,48
income__c0p16__pareto__biased__random,income,0.16,200,pareto,2026620031,235,ok,10,6.927421362702241,0.10349997479997425,38,ok,10,6.927420276419887,0.1034999215610447,38
income__c0p16__pareto__biased__random,income,0.16,200,pareto,2026620032,220,ok,6,5.4663602691801865,0.05848903194273869,64,ok,6,5.466352252383248,0.05848849399214118,64
income__c0p16__pareto__biased__random,income,0.16,200,pareto,2026620033,226,ok,8,5.049499091878708,0.11390786051084034,48,ok,8,5.049406177784389,0.11390050550743602,48
income__c0p16__pareto__biased__random,income,0.16,200,pareto,2026620034,223,ok,8,5.186360530185179,0.10148156003272091,61,ok,8,5.1862973216793264,0.10147670765867645,61
income__c0p16__pareto__biased__random,income,0.16,200,pareto,2026620035,214,ok,7,5.649099000956589,0.0668274037145602,42,ok,7,5.64908957890824,0.0668267676904728,42
income__c0p16__pareto__biased__random,income,0.16,200,pareto,2026620036,214,ok,5,4.452894556840552,0.06632377709366405,56,ok,5,4.452796023529479,0.06631507052706453,56
income__c0p16__pareto__biased__random,income,0.16,200,pareto,2026620037,238,ok,9,6.385929261348491,0.08188110307575941,60,ok,9,6.385925198744672,0.08188087529924243,60
income__c0p16__pareto__biased__random,income,0.16,200,pareto,2026620038,225,ok,9,6.845796389382054,0.05992355226278179,34,ok,9,6.845795287328365,0.05992349164333444,34
income__c0p16__pareto__biased__random,income,0.16,200,pareto,2026620039,238,ok,9,6.986587192891753,0.051193241350640406,30,ok,9,6.986586109166995,0.05119330130833988,30
income__c0p16__pareto__biased__random,income,0.16,200,pareto,2026620040,214,ok,8,7.290582572984576,0.041645926447373305,30,ok,8,7.290582412561524,0.04164591798845774,30
income__c0p16__pareto__biased__random,income,0.16,200,pareto,2026620041,245,ok,11,5.778313490105006,0.07783833517012051,50,ok,11,5.7782607861052595,0.07783489162031809,50
income__c0p16__pareto__biased__random,income,0.16,200,pareto,2026620042,232,ok,4,3.1222181375429816,0.09015115457979428,115,ok,4,3.1186265355856553,0.08965217444052864,115
income__c0p16__pareto__biased__random,income,0.16,200,pareto,2026620043,212,ok,7,6.301113788346543,0.03368609088544838,36,ok,7,6.301112555048867,0.033686068919067114,36
income__c0p16__pareto__biased__random,income,0.16,200,pareto,2026620044,221,ok,8,8.499179667836085,0.05729352337346816,42,ok,8,8.499179158795316,0.05729349870297784,42
income__c0p16__pareto__biased__random,income,0.16,200,pareto,2026620045,243,ok,11,8.678793940861254,0.07879950544751313,35,ok,11,8.67879474063611,0.07879954200925599,35
income__c0p16__pareto__biased__random,income,0.16,200,pareto,2026620046,205,ok,6,5.102896910995099,0.07187665513901342,47,ok,6,5.102871546125761,0.07187744472860214,47
income__c0p16__pareto__biased__random,income,0.16,200,pareto,2026620047,212,ok,7,5.546813907653177,0.04547922187052211,32,ok,7,5.546801175898382,0.04547833985347982,32
income__c0p16__pareto__biased__random,income,0.16,200,pareto,2026620048,244,ok,11,7.729700633065989,0.08891178750351536,40,ok,11,7.729700209475441,0.08891176641720155,40
income__c0p16__pareto__biased__random,income,0.16,200,pareto,2026620049,216,ok,10,7.404734140728272,0.06283363211680926,38,ok,10,7.404733587484717,0.06283360872664823,38
income__c0p16__pareto__biased__random,income,0.16,200,pareto,2026620050,236,ok,9,5.969200863968079,0.10805187152344753,50,ok,9,5.969188362885143,0.1080510505406902,50
income__c0p16__pareto__biased__random,income,0.16,200,pareto,2026620051,232,ok,5,3.3124098923103595,0.13476782029925632,90,ok,5,3.3091453508006343,0.13441935358249069,90
income__c0p16__pareto__biased__random,income,0.16,200,pareto,2026620052,205,ok,7,5.0626660468509845,0.057204473471572315,53,ok,7,5.062612959933285,0.05720031048018648,53
income__c0p16__pareto__biased__random,income,0.16,200,pareto,2026620053,208,ok,6,5.173656529101988,0.03881840314253904,49,ok,6,5.173636178299775,0.038817223412078716,49
income__c0p16__pareto__biased__random,income,0.16,200,pareto,2026620054,231,ok,9,5.26605460310824,0.08477697966557074,67,ok,9,5.265971966454821,0.08477075725679672,67
income__c0p16__pareto__biased__random,income,0.16,200,pareto,2026620055,211,ok,9,6.482320745249862,0.04283509287524678,39,ok,9,6.48231749788512,0.04283489909506788,39
income__c0p16__pareto__biased__random,income,0.16,200,pareto,2026620056,238,ok,10,6.616313980599526,0.05225666464840151,48,ok,10,6.616310246428197,0.05225677825742514,48
income__c0p16__pareto__biased__random,income,0.16,200,pareto,2026620057,230,ok,9,5.819908969030859,0.059961375721951926,52,ok,9,5.819890014302117,0.0599600919880956,52
income__c0p16__pareto__biased__random,income,0.16,200,pareto,2026620058,238,ok,11,6.898334069791446,0.03577477446457766,39,ok,11,6.898331320596398,0.0357748026003154,39
income__c0p16__pareto__biased__random,income,0.16,200,pareto,2026620059,232,ok,9,6.517338009225612,0.07807702194624033,37,ok,9,6.517335310764255,0.07807687318869183,37
income__c0p18__lognormal__biased__random,income,0.18,200,lognormal,2026720000,299,ok,17,8.331891454657287,0.072589226718215,89,ok,17,8.33189014798981,0.0725891686402571,89
income__c0p18__lognormal__biased__random,income,0.18,200,lognormal,2026720001,296,ok,15,10.588696872260277,0.07113248067486366,45,ok,15,10.588697571568538,0.0711325051666058,45
income__c0p18__lognormal__biased__random,income,0.18,200,lognormal,2026720002,296,ok,15,7.84164843496804,0.09129744851357757,57,ok,15,7.841646192120075,0.09129734364348585,57
income__c0p18__lognormal__biased__random,income,0.18,200,lognormal,2026720003,294,ok,14,9.992075849573446,0.0532906553920281,31,ok,14,9.992075846986632,0.05329065530932453,31
income__c0p18__lognormal__biased__random,income,0.18,200,lognormal,2026720004,297,ok,11,8.098004946317225,0.08580136589629139,67,ok,11,8.09800425733224,0.08580133364375153,67
income__c0p18__lognormal__biased__random,income,0.18,200,lognormal,2026720005,297,ok,11,7.206511257181934,0.06930350359256798,61,ok,11,7.206510127570087,0.06930344460332194,61
income__c0p18__lognormal__biased__random,income,0.18,200,lognormal,2026720006,296,ok,15,11.037852618017999,0.029654686474018588,46,ok,15,11.037851988947192,0.029654664307984246,46
income__c0p18__lognormal__biased__random,income,0.18,200,lognormal,2026720007,298,ok,14,8.030902436522199,0.10126493760833732,79,ok,14,8.030902226079998,0.10126493025904026,79
income__c0p18__lognormal__biased__random,income,0.18,200,lognormal,2026720008,297,ok,11,6.346063174083983,0.06634935016135957,91,ok,11,6.346050597570537,0.06634857684983808,91
income__c0p18__lognormal__biased__random,income,0.18,200,lognormal,2026720009,298,ok,15,10.416476843135518,0.07797056639964817,62,ok,15,10.416476672986953,0.07797056038146111,62
income__c0p18__lognormal__biased__random,income,0.18,200,lognormal,2026720010,298,ok,17,9.09889045356903,0.06153062957796129,48,ok,17,9.098889931906271,0.0615306070070164,48
income__c0p18__lognormal__biased__random,income,0.18,200,lognormal,2026720011,291,ok,13,9.930739239358898,0.08003117388307074,65,ok,13,9.930738986563936,0.08003116416312306,65
income__c0p18__lognormal__biased__random,income,0.18,200,lognormal,2026720012,293,ok,17,10.108861934313197,0.07347170453882623,41,ok,17,10.108861474740394,0.07347168789607939,41
income__c0p18__lognormal__biased__random,income,0.18,200,lognormal,2026720013,299,ok,13,8.853819984079859,0.03979589168059472,54,ok,13,8.853819917743598,0.03979589345477097,54
income__c0p18__lognormal__biased__random,income,0.18,200,lognormal,2026720014,299,ok,23,12.3243591932488,0.07522510494513435,44,ok,23,12.3243590602954,0.07522510092921841,44
income__c0p18__lognormal__biased__random,income,0.18,200,lognormal,2026720015,294,ok,12,10.058660725574256,0.06420910578164118,40,ok,12,10.058660346334724,0.06420909158981658,40
income__c0p18__lognormal__biased__random,income,0.18,200,lognormal,2026720016,300,ok,14,7.715040929302599,0.08802550543476667,89,ok,14,7.715039473164891,0.08802544653154254,89
income__c0p18__lognormal__biased__random,income,0.18,200,lognormal,2026720017,296,ok,12,6.682317601782867,0.08144818009599686,97,ok,12,6.682309456993582,0.08144774049900683,97
income__c0p18__lognormal__biased__random,income,0.18,200,lognormal,2026720018,298,ok,16,12.070964212723295,0.05209409425366629,35,ok,16,12.070963959461622,0.0520940862509518,35
income__c0p18__lognormal__biased__random,income,0.18,200,lognormal,2026720019,296,ok,13,8.539557265586648,0.035618575958922816,44,ok,13,8.539557043896542,0.03561856580368972,44
income__c0p18__lognormal__biased__random,income,0.18,200,lognormal,2026720020,299,ok,14,7.926790287113655,0.10369815450419084,70,ok,14,7.926789110012308,0.10369810647631472,70
income__c0p18__lognormal__biased__random,income,0.18,200,lognormal,2026720021,298,ok,14,11.285942498168282,0.1070822584966612,34,ok,14,11.285942663803452,0.10708226414177313,34
income__c0p18__lognormal__biased__random,income,0.18,200,lognormal,2026720022,295,ok,16,9.655789410280772,0.07052314632417855,48,ok,16,9.655790342253658,0.0705231758707453,48
income__c0p18__lognormal__biased__random,income,0.18,200,lognormal,2026720023,298,ok,12,6.546246656077045,0.09353061591200035,87,ok,12,6.546234839135592,0.09352991727263699,87
income__c0p18__lognormal__biased__random,income,0.18,200,lognormal,2026720024,299,ok,16,11.686547157582295,0.052716264236985944,30,ok,16,11.686547219833852,0.052716266223791,30
income__c0p18__lognormal__biased__random,income,0.18,200,lognormal,2026720025,298,ok,16,9.099148717982814,0.08927263082878867,73,ok,16,9.099147818796814,0.08927259367665086,73
income__c0p18__lognormal__biased__random,income,0.18,200,lognormal,2026720026,298,ok,13,7.139905988936113,0.06649734820511588,66,ok,13,7.139901881310758,0.06649712791071971,66
income__c0p18__lognormal__biased__random,income,0.18,200,lognormal,2026720027,297,ok,15,11.7744322084108,0.05390445418262141,35,ok,15,11.774431785792823,0.05390444051296356,35
income__c0p18__lognormal__biased__random,income,0.18,200,lognormal,2026720028,300,ok,20,10.439523898377855,0.04796988784000322,65,ok,20,10.439523996048218,0.04796989166568533,65
income__c0p18__lognormal__biased__random,income,0.18,200,lognormal,2026720029,296,ok,14,7.45906631410151,0.07406806304440716,66,ok,14,7.459063207542055,0.07406790379370098,66
income__c0p18__lognormal__biased__random,income,0.18,200,lognormal,2026720030,297,ok,13,8.27784933043664,0.08013710298663601,57,ok,13,8.277848431261434,0.08013705894123235,57
income__c0p18__lognormal__biased__random,income,0.18,200,lognormal,2026720031,296,ok,11,8.015122508924764,0.04089530837818611,48,ok,11,8.015122290623504,0.04089530198827729,48
income__c0p18__lognormal__biased__random,income,0.18,200,lognormal,2026720032,297,ok,12,6.214590610763732,0.08922194301324271,84,ok,12,6.214563682642903,0.08922026989905374,84
income__c0p18__lognormal__biased__random,income,0.18,200,lognormal,2026720033,287,ok,13,6.7501427751719945,0.10024877097483376,78,ok,13,6.750131912301315,0.10024827870903319,78
income__c0p18__lognormal__biased__random,income,0.18,200,lognormal,2026720034,295,ok,15,9.642722145187216,0.09697259762363775,47,ok,15,9.642722229400047,0.09697260127091878,47
income__c0p18__lognormal__biased__random,income,0.18,200,lognormal,2026720035,295,ok,10,6.769533810020124,0.05408626690598983,67,ok,10,6.769531354097663,0.0540861271495604,67
income__c0p18__lognormal__biased__random,income,0.18,200,lognormal,2026720036,299,ok,18,13.83464432055656,0.061992458862844435,48,ok,18,13.834644343167028,0.06199245947191767,48
income__c0p18__lognormal__biased__random,income,0.18,200,lognormal,2026720037,298,ok,13,7.928465516473923,0.05493863384708825,84,ok,13,7.9284647381842746,0.054938600750263356,84
income__c0p18__lognormal__biased__random,income,0.18,200,lognormal,2026720038,297,ok,13,8.75183884512607,0.044691536637474605,62,ok,13,8.751838802400354,0.044691535043665964,62
income__c0p18__lognormal__biased__random,income,0.18,200,lognormal,2026720039,298,ok,20,9.679522151268126,0.080605840695049,51,ok,20,9.679521439366908,0.08060581191574662,51
income__c0p18__lognormal__biased__random,income,0.18,200,lognormal,2026720040,297,ok,14,10.501563837968666,0.029435757036504695,30,ok,14,10.501564215356652,0.029435771039135084,30
income__c0p18__lognormal__biased__random,income,0.18,200,lognormal,2026720041,294,ok,18,9.876104514133665,0.07097045214126874,55,ok,18,9.87610457769548,0.07097045501574906,55
income__c0p18__lognormal__biased__random,income,0.18,200,lognormal,2026720042,293,ok,13,7.9320092125113755,0.05770180265517688,44,ok,13,7.9320082590590015,0.057701767842200824,44
income__c0p18__lognormal__biased__random,income,0.18,200,lognormal,2026720043,294,ok,13,9.114330049675111,0.04287487609205376,61,ok,13,9.114329774791408,0.04287486400912732,61
income__c0p18__lognormal__biased__random,income,0.18,200,lognormal,2026720044,297,ok,16,8.991576155789227,0.06361863130597833,65,ok,16,8.99157514910365,0.06361858904219009,65
income__c0p18__lognormal__biased__random,income,0.18,200,lognormal,2026720045,300,ok,15,8.21147485262081,0.05824285330563739,64,ok,15,8.211474797665106,0.05824285415062325,64
income__c0p18__lognormal__biased__random,income,0.18,200,lognormal,2026720046,294,ok,13,7.747898528150062,0.0656776045357449,68,ok,13,7.747897680949252,0.06567756895895932,68
income__c0p18__lognormal__biased__random,income,0.18,200,lognormal,2026720047,296,ok,14,8.70515144255994,0.05205278701926275,51,ok,14,8.705151943567486,0.0520527625911994,51
income__c0p18__lognormal__biased__random,income,0.18,200,lognormal,2026720048,291,ok,10,7.925073955656366,0.06489350896670759,67,ok,10,7.925073648405346,0.06489349404879508,67
income__c0p18__lognormal__biased__random,income,0.18,200,lognormal,2026720049,287,ok,11,6.30897462614983,0.0879800443948966,70,ok,11,6.308960692166831,0.08797918167576335,70
income__c0p18__lognormal__biased__random,income,0.18,200,lognormal,2026720050,293,ok,13,9.02216200601593,0.04584479977302691,37,ok,13,9.022161723738698,0.045844787223204175,37
income__c0p18__lognormal__biased__random,income,0.18,200,lognormal,2026720051,296,ok,16,11.345583860620996,0.03299820747705928,47,ok,16,11.34558446866361,0.03299822845808642,47
income__c0p18__lognormal__biased__random,income,0.18,200,lognormal,2026720052,295,ok,15,10.239445351798302,0.061524813709045945,41,ok,15,10.239444783081112,0.061524791513867805,41
income__c0p18__lognormal__biased__random,income,0.18,200,lognormal,2026720053,296,ok,14,9.527196692032382,0.05497111596342086,55,ok,14,9.52719590385235,0.05497108554228752,55
income__c0p18__lognormal__biased__random,income,0.18,200,lognormal,2026720054,295,ok,17,8.564152300105018,0.10555139444183687,55,ok,17,8.56415162982713,0.10555136588992825,55
income__c0p18__lognormal__biased__random,income,0.18,200,lognormal,2026720055,298,ok,15,8.706782435962209,0.08383417681444066,82,ok,15,8.706782142979478,0.08383416583470765,82
income__c0p18__lognormal__biased__random,income,0.18,200,lognormal,2026720056,292,ok,11,6.448667754635095,0.09986205175642016,84,ok,11,6.448657965184468,0.09986145901742483,84
income__c0p18__lognormal__biased__random,income,0.18,200,lognormal,2026720057,296,ok,14,10.38485779947508,0.058405515725698076,36,ok,14,10.384858536398838,0.05840554350853844,36
income__c0p18__lognormal__biased__random,income,0.18,200,lognormal,2026720058,297,ok,12,7.362197649399502,0.0699316195414631,70,ok,12,7.362196133762712,0.06993154913505051,70
income__c0p18__lognormal__biased__random,income,0.18,200,lognormal,2026720059,294,ok,16,11.540718635817182,0.06425287259664558,32,ok,16,11.540718194233497,0.06425285771842781,32
income__c0p18__pareto__biased__random,income,0.18,200,pareto,2026820000,230,ok,10,5.310986789396729,0.08193029317888578,77,ok,10,5.310873278281929,0.08192213868588105,77
income__c0p18__pareto__biased__random,income,0.18,200,pareto,2026820001,245,ok,15,9.705217384135807,0.10740004894512656,30,ok,15,9.705216589107803,0.10740001575324365,30
income__c0p18__pareto__biased__random,income,0.18,200,pareto,2026820002,243,ok,13,7.722456596760484,0.061843652903834034,44,ok,13,7.722455593242142,0.06184361032704444,44
income__c0p18__pareto__biased__random,income,0.18,200,pareto,2026820003,243,ok,10,5.308226258670487,0.07670366261796113,65,ok,10,5.308111854058619,0.07669543699794024,65
income__c0p18__pareto__biased__random,income,0.18,200,pareto,2026820004,253,ok,16,7.201772442801361,0.08054717053456883,59,ok,16,7.2017592828813966,0.08054654097898928,59
income__c0p18__pareto__biased__random,income,0.18,200,pareto,2026820005,253,ok,17,10.554008676419954,0.058327697609728,42,ok,17,10.554008964009547,0.05832770737521131,42
income__c0p18__pareto__biased__random,income,0.18,200,pareto,2026820006,247,ok,10,5.295997563221036,0.07697969909125785,81,ok,10,5.2958794179905695,0.07697095770101453,81
income__c0p18__pareto__biased__random,income,0.18,200,pareto,2026820007,238,ok,12,8.669692540111816,0.08368993910004019,31,ok,12,8.669693103545638,0.08368996387972777,31
income__c0p18__pareto__biased__random,income,0.18,200,pareto,2026820008,242,ok,12,7.91799642216429,0.046649707626675085,55,ok,12,7.917996339570436,0.04664970767795651,55
income__c0p18__pareto__biased__random,income,0.18,200,pareto,2026820009,230,ok,9,6.40399287254758,0.07864188459038057,50,ok,9,6.403989192332466,0.07864166378646187,50
income__c0p18__pareto__biased__random,income,0.18,200,pareto,2026820010,259,ok,16,8.02751470387933,0.10420220458341722,61,ok,16,8.027512746050535,0.10420211586100347,61
income__c0p18__pareto__biased__random,income,0.18,200,pareto,2026820011,231,ok,10,6.658676356522381,0.07754890441059648,43,ok,10,6.658673026625178,0.0775487108957611,43
income__c0p18__pareto__biased__random,income,0.18,200,pareto,2026820012,251,ok,10,4.909469317803633,0.08137791723546417,73,ok,10,4.909152863585161,0.08135269104330367,73
income__c0p18__pareto__biased__random,income,0.18,200,pareto,2026820013,241,ok,13,8.502436604905343,0.08436118131443965,34,ok,13,8.502436743462667,0.0843611876724345,34
income__c0p18__pareto__biased__random,income,0.18,200,pareto,2026820014,233,ok,7,4.217270748887736,0.05860271843232512,87,ok,7,4.2166776389894185,0.058545420462338904,87
income__c0p18__pareto__biased__random,income,0.18,200,pareto,2026820015,233,ok,11,7.10307003740004,0.08575406298562582,37,ok,11,7.103068187603392,0.08575396219576104,37
income__c0p18__pareto__biased__random,income,0.18,200,pareto,2026820016,227,ok,8,5.275251672370845,0.06307128593472167,63,ok,8,5.275201838973341,0.06306799638306337,63
income__c0p18__pareto__biased__random,income,0.18,200,pareto,2026820017,249,ok,13,7.807210813764817,0.07007640055463871,62,ok,13,7.807210536617219,0.07007638964521434,62
income__c0p18__pareto__biased__random,income,0.18,200,pareto,2026820018,233,ok,13,7.52246104211813,0.10644704493295398,32,ok,13,7.5224598619880725,0.10644709414815695,32
income__c0p18__pareto__biased__random,income,0.18,200,pareto,2026820019,259,ok,16,9.788563240619744,0.05318105850486976,49,ok,16,9.78856272144211,0.05318103925830753,49
income__c0p18__pareto__biased__random,income,0.18,200,pareto,2026820020,218,ok,7,3.4735016409906265,0.12397065880920571,89,ok,7,3.4690120993897127,0.12343480676088187,89
income__c0p18__pareto__biased__random,income,0.18,200,pareto,2026820021,251,ok,13,10.577814886894531,0.06256384754528937,35,ok,13,10.577814195394978,0.06256382223077567,35
income__c0p18__pareto__biased__random,income,0.18,200,pareto,2026820022,243,ok,14,8.727557924122092,0.07684401787372797,32,ok,14,8.727557594146766,0.07684403100415538,32
income__c0p18__pareto__biased__random,income,0.18,200,pareto,2026820023,244,ok,8,4.824564866714638,0.06772500078879418,81,ok,8,4.824391847262582,0.06771151674241616,81
income__c0p18__pareto__biased__random,income,0.18,200,pareto,2026820024,248,ok,11,5.656737316822131,0.07644868879133926,69,ok,11,5.6566665272835355,0.07644383562062451,69
income__c0p18__pareto__biased__random,income,0.18,200,pareto,2026820025,222,ok,12,7.862629071352473,0.04807827349288418,34,ok,12,7.862628745879089,0.04807825822985645,34
income__c0p18__pareto__biased__random,income,0.18,200,pareto,2026820026,238,ok,12,8.309040842447326,0.09773020947962141,44,ok,12,8.30904079362267,0.09773020765436613,44
income__c0p18__pareto__biased__random,income,0.18,200,pareto,2026820027,249,ok,12,8.657635527451495,0.10359261263191571,30,ok,12,8.657635541860733,0.1035926134121739,30
income__c0p18__pareto__biased__random,income,0.18,200,pareto,2026820028,246,ok,14,9.378128393790726,0.021514400546410073,34,ok,14,9.378128094100314,0.021514413418087353,34
income__c0p18__pareto__biased__random,income,0.18,200,pareto,2026820029,266,ok,14,8.272782756550948,0.06509128628103134,37,ok,14,8.27278243333382,0.06509127190518249,37
income__c0p18__pareto__biased__random,income,0.18,200,pareto,2026820030,229,ok,10,5.6188849765758935,0.08468622629975497,44,ok,10,5.618833901766619,0.08468265639206207,44
income__c0p18__pareto__biased__random,income,0.18,200,pareto,2026820031,242,ok,11,5.295305552029579,0.09469594307157225,81,ok,11,5.295130760822671,0.0946842362374497,81
income__c0p18__pareto__biased__random,income,0.18,200,pareto,2026820032,216,ok,12,9.813125425704747,0.0851309860031555,30,ok,12,9.813124953318562,0.0851309672388233,30
income__c0p18__pareto__biased__random,income,0.18,200,pareto,2026820033,256,ok,11,7.464485164446362,0.05969262858603819,46,ok,11,7.464484247344025,0.059692652562543747,46
income__c0p18__pareto__biased__random,income,0.18,200,pareto,2026820034,236,ok,10,6.296733930697165,0.04353494962768345,53,ok,10,6.296725610623829,0.04353466196416578,53
income__c0p18__pareto__biased__random,income,0.18,200,pareto,2026820035,244,ok,13,8.944168323512136,0.0659635833889054,32,ok,13,8.944167861069785,0.06596356252596547,32
income__c0p18__pareto__biased__random,income,0.18,200,pareto,2026820036,232,ok,9,6.457311848283974,0.054936358313752987,44,ok,9,6.457308990228401,0.05493641037322372,44
income__c0p18__pareto__biased__random,income,0.18,200,pareto,2026820037,241,ok,11,6.648180496873777,0.06353804908599092,57,ok,11,6.648174863294349,0.06353772040416261,57
income__c0p18__pareto__biased__random,income,0.18,200,pareto,2026820038,226,ok,9,5.73970359693409,0.09625525950576386,58,ok,9,5.739680751157903,0.09625369360656955,58
income__c0p18__pareto__biased__random,income,0.18,200,pareto,2026820039,242,ok,13,7.726281157338677,0.06357488087545604,40,ok,13,7.726280157632753,0.06357483640078287,40
income__c0p18__pareto__biased__random,income,0.18,200,pareto,2026820040,233,ok,9,4.27609241910571,0.11843898246735263,79,ok,9,4.274988346153788,0.11833874871800654,79
income__c0p18__pareto__biased__random,income,0.18,200,pareto,2026820041,237,ok,11,5.991918663778274,0.1252780404283777,66,ok,11,5.991888318939081,0.12527606914342765,66
income__c0p18__pareto__biased__random,income,0.18,200,pareto,2026820042,234,ok,9,5.739980333474949,0.11290226198688902,56,ok,9,5.7399571537090015,0.11290067021276706,56
income__c0p18__pareto__biased__random,income,0.18,200,pareto,2026820043,249,ok,14,9.363497951926938,0.08472754476402722,30,ok,14,9.363497788227981,0.08472755109447339,30
income__c0p18__pareto__biased__random,income,0.18,200,pareto,2026820044,242,ok,9,5.506125897167886,0.059167826487626474,51,ok,9,5.5060824578781515,0.059165180400474526,51
income__c0p18__pareto__biased__random,income,0.18,200,pareto,2026820045,228,ok,9,6.835914443327782,0.06489426812235943,39,ok,9,6.835913520641575,0.06489421967302211,39
income__c0p18__pareto__biased__random,income,0.18,200,pareto,2026820046,242,ok,11,7.164587948348328,0.047082121887949135,46,ok,11,7.164586947171148,0.04708207865725378,46
income__c0p18__pareto__biased__random,income,0.18,200,pareto,2026820047,233,ok,12,8.104691802003538,0.07273860774237229,45,ok,12,8.104691748263715,0.0727386065870066,45
income__c0p18__pareto__biased__random,income,0.18,200,pareto,2026820048,248,ok,12,5.765557117684272,0.07938907865428091,68,ok,12,5.765476525811868,0.07938371892192553,68
income__c0p18__pareto__biased__random,income,0.18,200,pareto,2026820049,251,ok,13,6.898876196586378,0.11553672268485848,60,ok,13,6.898868463076795,0.11553629165797996,60
income__c0p18__pareto__biased__random,income,0.18,200,pareto,2026820050,248,ok,12,6.434797139650971,0.1095072853159863,71,ok,12,6.434781370012461,0.10950637964321097,71
income__c0p18__pareto__biased__random,income,0.18,200,pareto,2026820051,218,ok,9,6.10116581868863,0.04865487921129108,68,ok,9,6.101157047318726,0.04865437392195343,68
income__c0p18__pareto__biased__random,income,0.18,200,pareto,2026820052,241,ok,9,6.088222843322889,0.06847114251367659,51,ok,9,6.0882137689647,0.06847056018169706,51
income__c0p18__pareto__biased__random,income,0.18,200,pareto,2026820053,265,ok,16,9.102487036365373,0.06620178251169428,36,ok,16,9.102486654186713,0.06620176716244186,36
income__c0p18__pareto__biased__random,income,0.18,200,pareto,2026820054,239,ok,12,7.9274143923094655,0.058042036945366804,36,ok,12,7.927414275415218,0.058042032502991336,36
income__c0p18__pareto__biased__random,income,0.18,200,pareto,2026820055,226,ok,11,6.505624731717829,0.04328524115359145,31,ok,11,6.505616739825342,0.04328495536730681,31
income__c0p18__pareto__biased__random,income,0.18,200,pareto,2026820056,248,ok,10,5.201052662451655,0.05812904529897689,65,ok,10,5.200902248207859,0.05811773528427,65
income__c0p18__pareto__biased__random,income,0.18,200,pareto,2026820057,247,ok,10,6.382150867546237,0.07116677789617198,72,ok,10,6.382144036064832,0.07116636138391152,72
income__c0p18__pareto__biased__random,income,0.18,200,pareto,2026820058,242,ok,11,6.633175860428454,0.0707750922825271,47,ok,11,6.633170095607236,0.0707747557116084,47
income__c0p18__pareto__biased__random,income,0.18,200,pareto,2026820059,257,ok,12,6.079788354123668,0.0943231529408538,60,ok,12,6.079751064506295,0.0943212989933448,60
income__c0p20__lognormal__biased__random,income,0.2,200,lognormal,2026920000,297,ok,14,8.007749635985219,0.050055684747568274,70,ok,14,8.007748807238595,0.05005565146452484,70
income__c0p20__lognormal__biased__random,income,0.2,200,lognormal,2026920001,299,ok,18,12.866385097445198,0.10335501787327306,37,ok,18,12.866385922864552,0.10335504149841018,37
income__c0p20__lognormal__biased__random,income,0.2,200,lognormal,2026920002,300,ok,18,14.99457435261256,0.08225104074269596,36,ok,18,14.994574157968295,0.08225104536870342,36
income__c0p20__lognormal__biased__random,income,0.2,200,lognormal,2026920003,299,ok,18,13.408347640793771,0.04352699298170537,37,ok,18,13.408347348732024,0.04352700109243485,37
income__c0p20__lognormal__biased__random,income,0.2,200,lognormal,2026920004,298,ok,19,11.944982890222917,0.0633095079170114,35,ok,19,11.944982822324699,0.06330950595232876,35
income__c0p20__lognormal__biased__random,income,0.2,200,lognormal,2026920005,299,ok,20,12.654098477635696,0.040298939207059625,47,ok,20,12.654099476282358,0.040298970398665035,47
income__c0p20__lognormal__biased__random,income,0.2,200,lognormal,2026920006,296,ok,18,12.125039535688936,0.08278671501639656,35,ok,18,12.125039402304294,0.08278671899433637,35
income__c0p20__lognormal__biased__random,income,0.2,200,lognormal,2026920007,297,ok,16,10.160766260526211,0.08575785826187254,63,ok,16,10.16076616923347,0.08575785508552342,63
income__c0p20__lognormal__biased__random,income,0.2,200,lognormal,2026920008,298,ok,16,8.93120880479507,0.09184004173406163,57,ok,16,8.931208583064583,0.09184003392521178,57
income__c0p20__lognormal__biased__random,income,0.2,200,lognormal,2026920009,299,ok,16,8.668091225882952,0.0897009420530655,62,ok,16,8.668090562046462,0.08970091760312776,62
income__c0p20__lognormal__biased__random,income,0.2,200,lognormal,2026920010,299,ok,17,11.136892764445482,0.06358562590943434,39,ok,17,11.136892981220784,0.06358563291021602,39
income__c0p20__lognormal__biased__random,income,0.2,200,lognormal,2026920011,294,ok,14,8.742056922399307,0.08111068965836077,47,ok,14,8.742057327819541,0.08111070938914056,47
income__c0p20__lognormal__biased__random,income,0.2,200,lognormal,2026920012,299,ok,16,7.062331608457621,0.0945520096873555,94,ok,16,7.062314276802634,0.09455109960217994,94
income__c0p20__lognormal__biased__random,income,0.2,200,lognormal,2026920013,300,ok,15,7.741729403180274,0.05361980170609937,65,ok,15,7.741727130617956,0.05361971285895867,65
income__c0p20__lognormal__biased__random,income,0.2,200,lognormal,2026920014,299,ok,18,11.780868449190686,0.060933200800245,47,ok,18,11.780868329727612,0.06093320443096162,47
income__c0p20__lognormal__biased__random,income,0.2,200,lognormal,2026920015,298,ok,16,8.759930101259021,0.07389009516227851,64,ok,16,8.759929483058805,0.07389006926564057,64
income__c0p20__lognormal__biased__random,income,0.2,200,lognormal,2026920016,300,ok,22,13.539335552867552,0.021452044718838992,31,ok,22,13.53933593615857,0.021452037016530756,31
income__c0p20__lognormal__biased__random,income,0.2,200,lognormal,2026920017,299,ok,19,12.887297972941127,0.07884423983739408,48,ok,19,12.887297385131582,0.07884422206242714,48
income__c0p20__lognormal__biased__random,income,0.2,200,lognormal,2026920018,298,ok,17,10.22353970155497,0.09099122229275619,52,ok,17,10.223539740487288,0.09099122366086765,52
income__c0p20__lognormal__biased__random,income,0.2,200,lognormal,2026920019,299,ok,19,8.047005953187641,0.061289458525275675,115,ok,19,8.046999848238842,0.0612891742391416,115
income__c0p20__lognormal__biased__random,income,0.2,200,lognormal,2026920020,298,ok,18,8.399311243141858,0.08013698724165164,78,ok,18,8.399309432813611,0.08013692571173181,78
income__c0p20__lognormal__biased__random,income,0.2,200,lognormal,2026920021,299,ok,21,13.883907275397226,0.04554447666537609,46,ok,21,13.883906259424833,0.04554444821180059,46
income__c0p20__lognormal__biased__random,income,0.2,200,lognormal,2026920022,296,ok,16,11.287587103573195,0.08427126009231939,36,ok,16,11.287587700068284,0.08427127960744546,36
income__c0p20__lognormal__biased__random,income,0.2,200,lognormal,2026920023,297,ok,16,8.68414240087181,0.03572462922554176,77,ok,16,8.684142152209924,0.03572462184481917,77
income__c0p20__lognormal__biased__random,income,0.2,200,lognormal,2026920024,300,ok,22,10.435469786213986,0.05122122331552448,62,ok,22,10.435470325093132,0.05122124439192466,62
income__c0p20__lognormal__biased__random,income,0.2,200,lognormal,2026920025,295,ok,21,12.444829198363607,0.08012521979106746,47,ok,21,12.44482959592486,0.08012523252316639,47
income__c0p20__lognormal__biased__random,income,0.2,200,lognormal,2026920026,300,ok,15,8.32226087229964,0.06832776373667271,59,ok,15,8.32226034456176,0.06832774007509101,59
income__c0p20__lognormal__biased__random,income,0.2,200,lognormal,2026920027,296,ok,16,10.006896716969743,0.08592645364557994,45,ok,16,10.006897061870866,0.08592646770689916,45
income__c0p20__lognormal__biased__random,income,0.2,200,lognormal,2026920028,298,ok,15,10.362055086892612,0.06627659867292879,41,ok,15,10.362055332466458,0.06627660813008485,41
income__c0p20__lognormal__biased__random,income,0.2,200,lognormal,2026920029,300,ok,20,10.025111551537721,0.044007695101876854,61,ok,20,10.025110857180014,0.04400766750476781,61
income__c0p20__lognormal__biased__random,income,0.2,200,lognormal,2026920030,299,ok,22,9.037925179313035,0.0895087654978467,75,ok,22,9.037923196675631,0.0895086854739261,75
income__c0p20__lognormal__biased__random,income,0.2,200,lognormal,2026920031,298,ok,16,9.031086629837942,0.0744174043271224,72,ok,16,9.03108582339986,0.07441737440254048,72
income__c0p20__lognormal__biased__random,income,0.2,200,lognormal,2026920032,297,ok,19,9.548958689917864,0.08621014979687092,55,ok,19,9.548958110310359,0.08621012675854989,55
income__c0p20__lognormal__biased__random,income,0.2,200,lognormal,2026920033,299,ok,17,11.913661605359861,0.06093960125527287,34,ok,17,11.913662938868583,0.06093964236492799,34
income__c0p20__lognormal__biased__random,income,0.2,200,lognormal,2026920034,297,ok,17,14.952199561732064,0.058463028193130095,30,ok,17,14.952198751232949,0.05846300730484166,30
income__c0p20__lognormal__biased__random,income,0.2,200,lognormal,2026920035,299,ok,17,9.304407823920425,0.05240765343812409,69,ok,17,9.304407930170706,0.05240765764306071,69
income__c0p20__lognormal__biased__random,income,0.2,200,lognormal,2026920036,299,ok,18,10.00287708141472,0.06089758488753949,43,ok,18,10.00287721136411,0.06089759005409312,43
income__c0p20__lognormal__biased__random,income,0.2,200,lognormal,2026920037,300,ok,19,11.406196332438881,0.05547560023111642,35,ok,19,11.40619665014909,0.055475611425988114,35
income__c0p20__lognormal__biased__random,income,0.2,200,lognormal,2026920038,297,ok,17,12.844918876254665,0.0422186996681404,35,ok,17,12.84491947775811,0.04221868211626301,35
income__c0p20__lognormal__biased__random,income,0.2,200,lognormal,2026920039,299,ok,18,9.137130270308157,0.07300780238589266,43,ok,18,9.13712913249252,0.07300775287945072,43
income__c0p20__lognormal__biased__random,income,0.2,200,lognormal,2026920040,298,ok,16,8.506305665947137,0.040604001043939686,62,ok,16,8.506305444774272,0.04060399403936643,62
income__c0p20__lognormal__biased__random,income,0.2,200,lognormal,2026920041,297,ok,18,11.277173610601189,0.08372169961618903,32,ok,18,11.277173472019602,0.08372169531694507,32
income__c0p20__lognormal__biased__random,income,0.2,200,lognormal,2026920042,299,ok,20,10.06103792560255,0.09104889607314937,44,ok,20,10.061037475379345,0.09104888205232381,44
income__c0p20__lognormal__biased__random,income,0.2,200,lognormal,2026920043,299,ok,21,13.397086726331255,0.04611151721374529,39,ok,21,13.397086439567996,0.046111510013782886,39
income__c0p20__lognormal__biased__random,income,0.2,200,lognormal,2026920044,300,ok,18,10.759147843458498,0.06382260466039424,44,ok,18,10.759148867899533,0.06382258243073169,44
income__c0p20__lognormal__biased__random,income,0.2,200,lognormal,2026920045,295,ok,16,12.28918802957015,0.06183766094427323,31,ok,16,12.289187701855806,0.06183767102979176,31
income__c0p20__lognormal__biased__random,income,0.2,200,lognormal,2026920046,299,ok,17,12.432841853107934,0.017669235345723844,60,ok,17,12.432841298368682,0.017669221621628317,60
income__c0p20__lognormal__biased__random,income,0.2,200,lognormal,2026920047,298,ok,14,9.039546041909922,0.0924351059822276,52,ok,14,9.03954566405646,0.09243508909555309,52
income__c0p20__lognormal__biased__random,income,0.2,200,lognormal,2026920048,299,ok,15,7.2348944837057365,0.06561197169997612,117,ok,15,7.2348866287149,0.06561156881751107,117
income__c0p20__lognormal__biased__random,income,0.2,200,lognormal,2026920049,300,ok,19,13.900587707298552,0.06761374461159958,33,ok,19,13.90058927832481,0.06761378638476095,33
income__c0p20__lognormal__biased__random,income,0.2,200,lognormal,2026920050,300,ok,22,15.707683465116052,0.058112845353742226,35,ok,22,15.707683765359864,0.058112852324648134,35
income__c0p20__lognormal__biased__random,income,0.2,200,lognormal,2026920051,299,ok,16,9.654229611451012,0.061150539158389305,97,ok,16,9.654229659011543,0.06115054116631646,97
income__c0p20__lognormal__biased__random,income,0.2,200,lognormal,2026920052,299,ok,19,11.109266114485518,0.05265220162894768,47,ok,19,11.109266779976346,0.05265221966892697,47
income__c0p20__lognormal__biased__random,income,0.2,200,lognormal,2026920053,297,ok,21,14.898951799924612,0.04849320484308872,31,ok,21,14.898952608040037,0.04849319632879123,31
income__c0p20__lognormal__biased__random,income,0.2,200,lognormal,2026920054,299,ok,17,14.955494854351299,0.04751265939849958,33,ok,17,14.95549503666944,0.04751265470068422,33
income__c0p20__lognormal__biased__random,income,0.2,200,lognormal,2026920055,299,ok,22,13.676198938485118,0.0786455867806587,37,ok,22,13.676199557849486,0.07864560222026662,37
income__c0p20__lognormal__biased__random,income,0.2,200,lognormal,2026920056,296,ok,17,10.966109344073264,0.052036297323493574,64,ok,17,10.966108887896917,0.052036282458726435,64
income__c0p20__lognormal__biased__random,income,0.2,200,lognormal,2026920057,297,ok,16,9.96513988733532,0.07511238516256818,51,ok,16,9.965140180722713,0.07511239563731059,51
income__c0p20__lognormal__biased__random,income,0.2,200,lognormal,2026920058,300,ok,18,9.206836214949714,0.08967912365984776,87,ok,18,9.206835639269123,0.0896791042036959,87
income__c0p20__lognormal__biased__random,income,0.2,200,lognormal,2026920059,297,ok,17,9.003586923678387,0.06553376186181314,60,ok,17,9.003586615203103,0.06553374903159936,60
income__c0p20__pareto__biased__random,income,0.2,200,pareto,2027020000,251,ok,16,8.80045290986743,0.030181475039697703,46,ok,16,8.800452470435399,0.03018145711536424,46
income__c0p20__pareto__biased__random,income,0.2,200,pareto,2027020001,263,ok,16,6.876579476423288,0.09760370137573052,86,ok,16,6.876553002635757,0.0976026493828637,86
income__c0p20__pareto__biased__random,income,0.2,200,pareto,2027020002,265,ok,18,8.961400709793779,0.10860945007670364,47,ok,18,8.96139989951056,0.10860941526560264,47
income__c0p20__pareto__biased__random,income,0.2,200,pareto,2027020003,238,ok,11,4.2631908966247,0.1524497664563601,96,ok,11,4.261078003352435,0.15225373942495357,96
income__c0p20__pareto__biased__random,income,0.2,200,pareto,2027020004,272,ok,22,14.505016458736183,0.0829822099877714,32,ok,22,14.505017098043371,0.0829822256669816,32
income__c0p20__pareto__biased__random,income,0.2,200,pareto,2027020005,257,ok,15,8.374644321599177,0.05562037980766665,52,ok,15,8.374643733392766,0.05562035297721002,52
income__c0p20__pareto__biased__random,income,0.2,200,pareto,2027020006,240,ok,14,8.497496940032585,0.06365924552668834,40,ok,14,8.497496292212295,0.06365921925155094,40
income__c0p20__pareto__biased__random,income,0.2,200,pareto,2027020007,251,ok,17,9.716866596654478,0.07752699775676886,38,ok,17,9.71686603568921,0.07752697436165412,38
income__c0p20__pareto__biased__random,income,0.2,200,pareto,2027020008,254,ok,19,11.978823826057189,0.07030319173269495,38,ok,19,11.978824974954554,0.07030322487697982,38
income__c0p20__pareto__biased__random,income,0.2,200,pareto,2027020009,240,ok,11,6.25744671723814,0.06222295592658511,60,ok,11,6.257430899387847,0.06222213979266317,60
income__c0p20__pareto__biased__random,income,0.2,200,pareto,2027020010,264,ok,16,8.764616820835151,0.07409982766659406,64,ok,16,8.764616487919856,0.07409981453348025,64
income__c0p20__pareto__biased__random,income,0.2,200,pareto,2027020011,248,ok,13,7.292597468344089,0.07327807042723677,42,ok,13,7.292594056068969,0.07327791950700341,42
income__c0p20__pareto__biased__random,income,0.2,200,pareto,2027020012,239,ok,13,7.9683677765485745,0.09478514351740697,62,ok,13,7.968367037502342,0.0947851072485727,62
income__c0p20__pareto__biased__random,income,0.2,200,pareto,2027020013,252,ok,13,5.595725991888601,0.10293743143080336,64,ok,13,5.595553439292451,0.10292595911813335,64
income__c0p20__pareto__biased__random,income,0.2,200,pareto,2027020014,273,ok,17,9.135317576319368,0.08817329622855186,60,ok,17,9.13531757472616,0.08817329707456067,60
income__c0p20__pareto__biased__random,income,0.2,200,pareto,2027020015,249,ok,13,6.048735096616354,0.09750164826999855,76,ok,13,6.048675477775863,0.09749881683179382,76
income__c0p20__pareto__biased__random,income,0.2,200,pareto,2027020016,260,ok,20,11.562914152397454,0.07843590703420655,35,ok,20,11.562914719937273,0.07843588912010091,35
income__c0p20__pareto__biased__random,income,0.2,200,pareto,2027020017,256,ok,14,5.713386648924668,0.07707067866432982,86,ok,14,5.713204131038462,0.07705888380287618,86
income__c0p20__pareto__biased__random,income,0.2,200,pareto,2027020018,246,ok,15,8.612859561745553,0.07363587816878431,34,ok,15,8.612859556399583,0.07363587878726818,34
income__c0p20__pareto__biased__random,income,0.2,200,pareto,2027020019,246,ok,14,8.538281540231555,0.0405341191608537,42,ok,14,8.538281025255275,0.04053409757951243,42
income__c0p20__pareto__biased__random,income,0.2,200,pareto,2027020020,247,ok,15,9.540367960382376,0.048491767002097064,52,ok,15,9.540367786109766,0.0484917605360769,52
income__c0p20__pareto__biased__random,income,0.2,200,pareto,2027020021,253,ok,13,6.4669762271049445,0.06984240536185982,66,ok,13,6.466954393302761,0.06984139615710283,66
income__c0p20__pareto__biased__random,income,0.2,200,pareto,2027020022,246,ok,12,6.72891864460536,0.07226752986502105,65,ok,12,6.728910923838339,0.07226711377651562,65
income__c0p20__pareto__biased__random,income,0.2,200,pareto,2027020023,248,ok,15,6.9396432190802075,0.07814677604304099,64,ok,15,6.939627340960505,0.07814591401214799,64
income__c0p20__pareto__biased__random,income,0.2,200,pareto,2027020024,259,ok,18,8.897502898917061,0.028327892361850515,41,ok,18,8.897502725225431,0.02832789033726446,41
income__c0p20__pareto__biased__random,income,0.2,200,pareto,2027020025,247,ok,15,8.168873471085824,0.07726694501454517,53,ok,15,8.168872641967829,0.07726691342251246,53
income__c0p20__pareto__biased__random,income,0.2,200,pareto,2027020026,233,ok,12,5.384404201697619,0.09862182331635838,65,ok,12,5.384202347080222,0.09860724037691115,65
income__c0p20__pareto__biased__random,income,0.2,200,pareto,2027020027,255,ok,18,10.540451333532067,0.09636771135670064,35,ok,18,10.540451593832808,0.09636771987113196,35
income__c0p20__pareto__biased__random,income,0.2,200,pareto,2027020028,256,ok,17,10.659728520732175,0.05258212725073974,50,ok,17,10.659728675627214,0.05258213240727522,50
income__c0p20__pareto__biased__random,income,0.2,200,pareto,2027020029,264,ok,21,17.527940913726134,0.08217561936239937,39,ok,21,17.527940672497497,0.08217561415262398,39
income__c0p20__pareto__biased__random,income,0.2,200,pareto,2027020030,258,ok,19,9.96420532291222,0.06951907754944653,32,ok,19,9.964204985528944,0.06951906409977371,32
income__c0p20__pareto__biased__random,income,0.2,200,pareto,2027020031,242,ok,15,8.946074341495429,0.09375816953790395,47,ok,15,8.946073162047623,0.09375812049678389,47
income__c0p20__pareto__biased__random,income,0.2,200,pareto,2027020032,259,ok,17,10.08860383546924,0.08548238427971733,50,ok,17,10.088603127435295,0.08548235579979857,50
income__c0p20__pareto__biased__random,income,0.2,200,pareto,2027020033,242,ok,14,6.718126996197721,0.11462931638783469,72,ok,14,6.7181093853470895,0.11462832488310803,72
income__c0p20__pareto__biased__random,income,0.2,200,pareto,2027020034,256,ok,13,6.981990959453458,0.06616923570074906,71,ok,13,6.981984876648126,0.06616890194357139,71
income__c0p20__pareto__biased__random,income,0.2,200,pareto,2027020035,256,ok,16,8.428602221408106,0.07071928311275938,40,ok,16,8.428601537273515,0.07071925839742488,40
income__c0p20__pareto__biased__random,income,0.2,200,pareto,2027020036,247,ok,13,5.05058936756347,0.10990207770170213,85,ok,13,5.049982729180106,0.1098588203198746,85
income__c0p20__pareto__biased__random,income,0.2,200,pareto,2027020037,250,ok,15,7.568064653562936,0.04072660504492842,38,ok,15,7.568060375574961,0.040726451774311334,38
income__c0p20__pareto__biased__random,income,0.2,200,pareto,2027020038,250,ok,15,8.410460143140847,0.046915560568044745,38,ok,15,8.410459481246939,0.046915535138846554,38
income__c0p20__pareto__biased__random,income,0.2,200,pareto,2027020039,259,ok,17,8.66778297499436,0.07141112163432173,46,ok,17,8.667782516526438,0.07141113041369451,46
income__c0p20__pareto__biased__random,income,0.2,200,pareto,2027020040,247,ok,15,8.91560579771568,0.08045470019498469,34,ok,15,8.91560622679357,0.08045472068448445,34
income__c0p20__pareto__biased__random,income,0.2,200,pareto,2027020041,239,ok,13,6.4522320012822885,0.07690915326461523,47,ok,13,6.452209101837782,0.07690796632427699,47
income__c0p20__pareto__biased__random,income,0.2,200,pareto,2027020042,240,ok,16,8.049841848287935,0.05891688037307197,33,ok,16,8.049840048040688,0.058916796160695895,33
income__c0p20__pareto__biased__random,income,0.2,200,pareto,2027020043,247,ok,13,7.89552281795664,0.05108419667232089,51,ok,13,7.8955222634124675,0.05108417035661539,51
income__c0p20__pareto__biased__random,income,0.2,200,pareto,2027020044,253,ok,16,11.77343189189468,0.08881414342537708,45,ok,16,11.773432336610131,0.08881415753760397,45
income__c0p20__pareto__biased__random,income,0.2,200,pareto,2027020045,248,ok,12,5.225905351095907,0.1116629187636431,84,ok,12,5.225610734186887,0.11164089638953889,84
income__c0p20__pareto__biased__random,income,0.2,200,pareto,2027020046,256,ok,17,12.607896184980603,0.06618519194679351,30,ok,17,12.607897553049233,0.0661851505508444,30
income__c0p20__pareto__biased__random,income,0.2,200,pareto,2027020047,250,ok,15,9.696748155622618,0.054125601448744676,40,ok,15,9.696747762113556,0.05412558713803184,40
income__c0p20__pareto__biased__random,income,0.2,200,pareto,2027020048,250,ok,14,5.8739705624934375,0.11697559614510145,70,ok,14,5.873843898945489,0.11696773159068774,70
income__c0p20__pareto__biased__random,income,0.2,200,pareto,2027020049,230,ok,10,5.4534739281181075,0.1008654258033348,68,ok,10,5.453395449430102,0.10085977859246475,68
income__c0p20__pareto__biased__random,income,0.2,200,pareto,2027020050,256,ok,18,14.995080888275293,0.07252131581714405,30,ok,18,14.995080391135966,0.07252130317837135,30
income__c0p20__pareto__biased__random,income,0.2,200,pareto,2027020051,254,ok,12,5.170668713989127,0.11935169106236626,98,ok,12,5.170332801186634,0.11932743892452702,98
income__c0p20__pareto__biased__random,income,0.2,200,pareto,2027020052,266,ok,20,10.053106315962127,0.09512786085780667,45,ok,20,10.053107042092785,0.0951278824597207,45
income__c0p20__pareto__biased__random,income,0.2,200,pareto,2027020053,263,ok,18,10.015878498195812,0.03580581064275423,39,ok,18,10.01587838156666,0.035805814852168605,39
income__c0p20__pareto__biased__random,income,0.2,200,pareto,2027020054,251,ok,16,8.827050579434733,0.09657834857718217,46,ok,16,8.827049983873652,0.09657832373368958,46
income__c0p20__pareto__biased__random,income,0.2,200,pareto,2027020055,256,ok,16,8.208374975561478,0.09158171582977226,53,ok,16,8.208373208051167,0.09158163230807637,53
income__c0p20__pareto__biased__random,income,0.2,200,pareto,2027020056,242,ok,16,9.700193309499344,0.05492145744256027,33,ok,16,9.70019334724398,0.054921458896834974,33
income__c0p20__pareto__biased__random,income,0.2,200,pareto,2027020057,250,ok,14,7.678132533882424,0.04600150416834925,68,ok,14,7.678130715661606,0.04600141993296436,68
income__c0p20__pareto__biased__random,income,0.2,200,pareto,2027020058,241,ok,12,5.243459325847204,0.10281133698620445,72,ok,12,5.243176698387019,0.10279648201597938,72
income__c0p20__pareto__biased__random,income,0.2,200,pareto,2027020059,258,ok,13,5.623851937018649,0.12482792157075528,92,ok,13,5.62369032076616,0.12482004755088222,92
