scenario_id,scenario_base_id,c,n_nodes,money_distribution,income_distribution_rule,growth_rule,spending_label,a,b,topology_label,topology_family,target_mean_degree_requested,runs,run_default_rate,run_large_event_rate,mean_periods_completed,mean_time_steps_completed,mean_avalanche_count,event_count,events_per_run,event_occupancy,event_large_event_rate,mean_event_size,mean_event_fraction,median_event_size,p90_event_size,p99_event_size,max_event_size,mean_initial_default_count,mean_propagated_default_count,propagated_share_total,initial_share_total,mean_first_cascade_credit,mean_final_active_credit,mean_initial_gini,mean_final_net_worth_gini,mean_topology_degree,mean_topology_clustering,mean_topology_degree_cv,fit_status,alpha,bootstrap_p,bounded_alpha,bounded_bootstrap_p,pl_vs_exponential_R,pl_vs_lognormal_R,gate_event_count,gate_not_saturated,gate_has_transition,gate_propagation,gate_tail_plausible,gate_alternative_not_better,soc_screen_score,quick_soc_candidate
stage2__c-0p780__money-equal__income-uniform__growth-random__spend-high_wealth__topo-complete,money-equal__income-uniform__growth-random__spend-high_wealth__topo-complete,0.78,120,equal,uniform,random,high_wealth,0.04,0.2,complete,complete,0,24,1.0,1.0,240.0,237987.9583333333,191.08333333333331,4586,191.08333333333331,0.7961805555555556,0.0274749236807675,3.7071522023549934,0.0308929350196249,3.0,8.0,14.0,33,2.0311818578281726,1.6759703445268208,0.4520910534674431,0.547908946532557,5126.25,16051.5,0.0,0.2977719907407407,119.0,1.0,0.0,ok,6.3323083917074054,0.3333333333333333,6.332059778667165,0.2857142857142857,0.04272745033837455,-0.4937972090507774,True,True,True,True,True,True,6,True
stage2__c-0p770__money-normal__income-uniform__growth-random__spend-high_wealth__topo-complete,money-normal__income-uniform__growth-random__spend-high_wealth__topo-complete,0.77,120,normal,uniform,random,high_wealth,0.04,0.2,complete,complete,0,24,1.0,1.0,240.0,219969.375,189.375,4545,189.375,0.7890625,0.0206820682068206,3.435863586358636,0.0286321965529885,3.0,7.0,13.0,26,1.961936193619362,1.473927392739274,0.4289830942622951,0.5710169057377049,1254.1666666666667,16802.083333333332,0.2755196951714814,0.2981955938240591,119.0,1.0,0.0,ok,7.088749603351159,0.8095238095238095,7.088694580186371,0.7619047619047619,0.7810323548326314,-0.01830746505367742,True,True,True,True,True,True,6,True
stage2__c-0p590__money-equal__income-uniform__growth-random__spend-high_both__topo-complete,money-equal__income-uniform__growth-random__spend-high_both__topo-complete,0.59,120,equal,uniform,random,high_both,0.04,0.4,complete,complete,0,24,1.0,1.0,240.0,216904.7083333333,189.20833333333331,4541,189.20833333333331,0.7883680555555556,0.0204800704690596,3.573221757322176,0.0297768479776847,3.0,7.0,13.0,25,2.0251046025104604,1.5481171548117154,0.4332552693208431,0.5667447306791569,5203.25,14248.041666666666,0.0,0.2909933449074074,119.0,1.0,0.0,ok,7.667849360099413,0.3333333333333333,7.6678210757072485,0.38095238095238093,0.9614817677553369,0.003191982908660407,True,True,True,True,True,True,6,True
stage2__c-0p795__money-normal__income-uniform__growth-random__spend-high_wealth__topo-complete,money-normal__income-uniform__growth-random__spend-high_wealth__topo-complete,0.795,120,normal,uniform,random,high_wealth,0.04,0.2,complete,complete,0,24,1.0,1.0,240.0,266015.7083333333,205.29166666666663,4927,205.29166666666663,0.8553819444444445,0.0332859752384818,4.072457885122793,0.0339371490426899,3.0,8.0,14.0,24,2.22265070022326,1.8498071848995328,0.4542237727385995,0.5457762272614004,1242.7083333333333,14792.041666666666,0.2804975263317488,0.3003752301904441,119.0,1.0,0.0,ok,7.066377222950279,0.8095238095238095,7.066318759692951,0.7142857142857143,0.2985811446689399,-0.27372423562306203,True,False,True,True,True,True,5,True
stage2__c-0p775__money-equal__income-uniform__growth-random__spend-high_wealth__topo-complete,money-equal__income-uniform__growth-random__spend-high_wealth__topo-complete,0.775,120,equal,uniform,random,high_wealth,0.04,0.2,complete,complete,0,24,1.0,0.9583333333333334,240.0,227612.29166666663,189.625,4551,189.625,0.7901041666666667,0.023291584267194,3.5891012964183697,0.029909177470153,3.0,7.0,14.0,22,2.004834102395078,1.5842671940232915,0.4414105546712379,0.5585894453287621,5205.5,15511.25,0.0,0.3016446759259259,119.0,1.0,0.0,ok,8.034319441199397,0.3333333333333333,8.03429633575807,0.2857142857142857,-0.5256057239597367,-0.48891624734633865,True,True,True,True,True,False,5,True
stage2__c-0p600__money-equal__income-uniform__growth-random__spend-high_both__topo-complete,money-equal__income-uniform__growth-random__spend-high_both__topo-complete,0.6,120,equal,uniform,random,high_both,0.04,0.4,complete,complete,0,24,1.0,1.0,240.0,234748.04166666663,195.70833333333331,4697,195.70833333333331,0.8154513888888889,0.0217159889291036,3.8341494571002768,0.0319512454758356,3.0,8.0,14.0,25,2.140941026186928,1.693208430913349,0.4416125270697984,0.5583874729302015,5238.166666666667,13701.875,0.0,0.2890353009259259,119.0,1.0,0.0,ok,8.265191363134072,1.0,8.265176007703507,1.0,0.21047274755576795,-0.016922546311693765,True,False,True,True,True,True,5,True
stage2__c-0p765__money-pareto__income-uniform__growth-random__spend-high_wealth__topo-complete,money-pareto__income-uniform__growth-random__spend-high_wealth__topo-complete,0.765,120,pareto,uniform,random,high_wealth,0.04,0.2,complete,complete,0,24,1.0,1.0,240.0,208530.375,185.08333333333331,4442,185.08333333333331,0.7711805555555555,0.0166591625393966,3.333183250787933,0.0277765270898994,2.0,7.0,13.0,28,1.8905898244034216,1.4425934263845115,0.43279751452114,0.5672024854788599,2875.125,15622.958333333334,0.3135375392006465,0.2931124730116515,119.0,1.0,0.0,ok,4.7116671921527695,0.47619047619047616,4.710345170322047,0.5238095238095238,1.680044504206899,-1.5796125580167555,True,True,False,True,True,True,5,True
stage2__c-0p760__money-pareto__income-uniform__growth-random__spend-high_wealth__topo-complete,money-pareto__income-uniform__growth-random__spend-high_wealth__topo-complete,0.76,120,pareto,uniform,random,high_wealth,0.04,0.2,complete,complete,0,24,1.0,1.0,240.0,199294.41666666663,179.58333333333334,4310,179.58333333333334,0.7482638888888888,0.0153132250580046,3.212529002320186,0.0267710750193348,2.0,7.0,13.0,29,1.8392111368909512,1.3733178654292344,0.4274880832009244,0.5725119167990755,2680.458333333333,16201.0,0.3028083909459466,0.2976450900738069,119.0,1.0,0.0,ok,4.784500340333159,0.9047619047619048,4.78278712293163,0.9047619047619048,4.196667199260553,-0.14159000591471838,True,True,False,True,True,True,5,True
stage2__c-0p745__money-normal__income-uniform__growth-random__spend-high_wealth__topo-complete,money-normal__income-uniform__growth-random__spend-high_wealth__topo-complete,0.745,120,normal,uniform,random,high_wealth,0.04,0.2,complete,complete,0,24,1.0,0.9166666666666666,240.0,174597.95833333334,168.875,4053,168.875,0.7036458333333333,0.0152973106340981,2.916358253145818,0.0243029854428817,2.0,6.0,12.0,25,1.6827041697508018,1.233654083395016,0.4230118443316413,0.5769881556683587,1674.375,17517.25,0.2756271939913305,0.2982807503193988,119.0,1.0,0.0,ok,6.109093713512444,0.5714285714285714,6.108708095921334,0.8095238095238095,0.13161213952163964,-0.13539256499037577,True,True,False,True,True,True,5,True
stage2__c-0p585__money-equal__income-uniform__growth-random__spend-high_both__topo-complete,money-equal__income-uniform__growth-random__spend-high_both__topo-complete,0.585,120,equal,uniform,random,high_both,0.04,0.4,complete,complete,0,24,1.0,0.9166666666666666,240.0,207759.91666666663,184.08333333333331,4418,184.08333333333331,0.7670138888888889,0.0140334993209597,3.416930737890448,0.0284744228157537,3.0,7.0,12.0,26,1.9244001810774105,1.4925305568130376,0.4368044515103338,0.5631955484896661,5166.833333333333,15306.083333333334,0.0,0.2969510995370371,119.0,1.0,0.0,ok,5.6544864613865915,0.9047619047619048,5.6540708658666645,1.0,0.7486732030467564,-0.34567754690530883,True,True,False,True,True,True,5,True
stage2__c-0p740__money-normal__income-uniform__growth-random__spend-high_wealth__topo-complete,money-normal__income-uniform__growth-random__spend-high_wealth__topo-complete,0.74,120,normal,uniform,random,high_wealth,0.04,0.2,complete,complete,0,24,1.0,0.875,240.0,166290.75,162.375,3897,162.375,0.6765625,0.0138568129330254,2.8398768283294844,0.023665640236079,2.0,6.0,13.0,29,1.6458814472671286,1.1939953810623556,0.4204391433992952,0.5795608566007048,1368.5416666666667,18041.33333333333,0.2834266726167953,0.2973385086174518,119.0,1.0,0.0,ok,4.926274393953006,0.8095238095238095,4.924403021436383,0.3333333333333333,0.33189838217850043,-0.5314529517536819,True,True,False,True,True,True,5,True
stage2__c-0p750__money-equal__income-uniform__growth-random__spend-high_wealth__topo-complete,money-equal__income-uniform__growth-random__spend-high_wealth__topo-complete,0.75,120,equal,uniform,random,high_wealth,0.04,0.2,complete,complete,0,24,1.0,0.875,240.0,183713.91666666663,169.125,4059,169.125,0.7046875,0.0123183050012318,3.0288248337028825,0.0252402069475239,2.0,6.0,12.0,24,1.7309682187730968,1.2978566149297857,0.4285017081503172,0.5714982918496828,5356.75,16787.583333333332,0.0,0.2959817708333334,119.0,1.0,0.0,ok,5.5372666392327705,0.47619047619047616,5.536929659043303,0.42857142857142855,0.916652467654548,-0.3838916702872881,True,True,False,True,True,True,5,True
stage2__c-0p575__money-pareto__income-uniform__growth-random__spend-high_both__topo-complete,money-pareto__income-uniform__growth-random__spend-high_both__topo-complete,0.575,120,pareto,uniform,random,high_both,0.04,0.4,complete,complete,0,24,1.0,0.875,240.0,188483.4583333333,178.33333333333334,4280,178.33333333333334,0.7430555555555556,0.0121495327102803,3.1266355140186914,0.0260552959501557,2.0,6.0,12.0,23,1.817289719626168,1.3093457943925233,0.4187714840830967,0.5812285159169033,3084.083333333333,16290.166666666666,0.3102111394291309,0.2866682196124272,119.0,1.0,0.0,ok,5.458284739749113,0.3333333333333333,5.457883789366166,0.38095238095238093,0.2788200445020952,-0.7376653538115763,True,True,False,True,True,True,5,True
stage2__c-0p570__money-pareto__income-uniform__growth-random__spend-high_both__topo-complete,money-pareto__income-uniform__growth-random__spend-high_both__topo-complete,0.57,120,pareto,uniform,random,high_both,0.04,0.4,complete,complete,0,24,1.0,0.875,240.0,179748.625,177.16666666666666,4252,177.16666666666666,0.7381944444444445,0.0119943555973659,2.987770460959549,0.0248980871746628,2.0,6.0,12.0,20,1.7638758231420508,1.2238946378174975,0.4096347607052896,0.5903652392947103,2380.1666666666665,16197.208333333334,0.3227146385708268,0.2977220218367071,119.0,1.0,0.0,ok,8.675212401382675,0.38095238095238093,8.675209006153603,0.47619047619047616,0.17803080788748127,-0.0011220709626940106,True,True,False,True,True,True,5,True
stage2__c-0p480__money-equal__income-uniform__growth-random__spend-high_both__topo-complete,money-equal__income-uniform__growth-random__spend-high_both__topo-complete,0.48,120,equal,uniform,random,high_both,0.04,0.4,complete,complete,0,24,1.0,0.5416666666666666,240.0,74813.58333333333,59.208333333333336,1421,59.208333333333336,0.2467013888888889,0.011963406052076,1.8233638282899367,0.0151946985690827,1.0,3.0,12.0,39,1.167487684729064,0.6558761435608726,0.3597066769587032,0.6402933230412968,6109.416666666667,26806.875,0.0,0.277333912037037,119.0,1.0,0.0,ok,2.7965134702890495,0.6666666666666666,2.7901340617181574,0.7142857142857143,59.99692001234169,-0.5889856740819277,True,True,False,True,True,True,5,True
stage2__c-0p570__money-normal__income-uniform__growth-random__spend-high_both__topo-complete,money-normal__income-uniform__growth-random__spend-high_both__topo-complete,0.57,120,normal,uniform,random,high_both,0.04,0.4,complete,complete,0,24,1.0,0.8333333333333334,240.0,180379.2083333333,171.41666666666666,4114,171.41666666666666,0.7142361111111111,0.0114244044725328,2.99708313077297,0.0249756927564413,2.0,6.0,12.0,26,1.7467185221195916,1.2503646086533786,0.4171938361719383,0.5828061638280616,1644.0,16226.583333333334,0.2709176010624137,0.2882679805768913,119.0,1.0,0.0,ok,7.248673347365202,0.9047619047619048,7.248609057571595,0.8095238095238095,0.24475153004165806,-0.014156970482556375,True,True,False,True,True,True,5,True
stage2__c-0p560__money-pareto__income-uniform__growth-random__spend-high_both__topo-complete,money-pareto__income-uniform__growth-random__spend-high_both__topo-complete,0.56,120,pareto,uniform,random,high_both,0.04,0.4,complete,complete,0,24,1.0,0.875,240.0,163124.41666666666,160.79166666666666,3859,160.79166666666666,0.6699652777777778,0.0108836486136304,2.794506348795025,0.0232875529066251,2.0,6.0,12.0,23,1.6398030577869915,1.1547032910080333,0.4132047477744807,0.5867952522255193,2873.5416666666665,15887.75,0.3081138532604355,0.2926661316298591,119.0,1.0,0.0,ok,5.048202607013189,0.47619047619047616,5.047226933589332,0.47619047619047616,1.1847706751382077,-0.21360676586811778,True,True,False,True,True,True,5,True
stage2__c-0p565__money-equal__income-uniform__growth-random__spend-high_both__topo-complete,money-equal__income-uniform__growth-random__spend-high_both__topo-complete,0.565,120,equal,uniform,random,high_both,0.04,0.4,complete,complete,0,24,1.0,0.8333333333333334,240.0,172740.54166666666,164.95833333333334,3959,164.95833333333334,0.6873263888888889,0.0108613286183379,2.9497347815104824,0.0245811231792539,2.0,6.0,12.0,29,1.7080070724930538,1.2417277090174286,0.4209624935776674,0.5790375064223325,5177.666666666667,16821.916666666668,0.0,0.2934988425925926,119.0,1.0,0.0,ok,6.35779915990607,0.3333333333333333,6.357647587768755,0.23809523809523808,1.027908264313796,-0.008365778625204712,True,True,False,True,True,True,5,True
stage2__c-0p710__money-normal__income-uniform__growth-random__spend-high_wealth__topo-complete,money-normal__income-uniform__growth-random__spend-high_wealth__topo-complete,0.71,120,normal,uniform,random,high_wealth,0.04,0.2,complete,complete,0,24,1.0,0.875,240.0,129984.66666666669,134.95833333333334,3239,134.95833333333334,0.5623263888888889,0.0104970669959864,2.36091386230318,0.0196742821858597,2.0,5.0,12.0,25,1.4424205001543686,0.9184933621488114,0.389041454165032,0.610958545834968,1178.5,19425.666666666668,0.2760095604416194,0.2892089005975229,119.0,1.0,0.0,ok,3.690340462645956,0.7619047619047619,3.6867181890769687,0.6666666666666666,8.806034837021013,-1.1915419537001384,True,True,False,True,True,True,5,True
stage2__c-0p560__money-normal__income-uniform__growth-random__spend-high_both__topo-complete,money-normal__income-uniform__growth-random__spend-high_both__topo-complete,0.56,120,normal,uniform,random,high_both,0.04,0.4,complete,complete,0,24,1.0,0.875,240.0,162317.25,162.625,3903,162.625,0.6776041666666667,0.0102485267742761,2.7747886241352804,0.0231232385344606,2.0,6.0,11.980000000000018,22,1.6295157571099157,1.1452728670253651,0.4127423822714681,0.5872576177285319,1628.375,16748.75,0.2746681864425607,0.2931943731730835,119.0,1.0,0.0,ok,5.63439124794295,0.38095238095238093,5.6339570785528394,0.47619047619047616,0.04626469697784841,-0.3130201815030267,True,True,False,True,True,True,5,True
stage2__c-0p465__money-normal__income-uniform__growth-random__spend-high_both__topo-complete,money-normal__income-uniform__growth-random__spend-high_both__topo-complete,0.465,120,normal,uniform,random,high_both,0.04,0.4,complete,complete,0,24,1.0,0.5,240.0,66953.0,49.125,1179,49.125,0.2046875,0.010178117048346,1.670907548770144,0.0139242295730844,1.0,3.0,10.440000000000056,30,1.1153519932145886,0.5555555555555556,0.33248730964467,0.6675126903553299,1728.5,30214.95833333333,0.2721842495191286,0.2727889426465226,119.0,1.0,0.0,ok,2.941682581862373,0.8571428571428571,2.937685851861894,0.7142857142857143,50.90015102240364,-0.12319382966576109,True,True,False,True,True,True,5,True
stage2__c-0p745__money-equal__income-uniform__growth-random__spend-high_wealth__topo-complete,money-equal__income-uniform__growth-random__spend-high_wealth__topo-complete,0.745,120,equal,uniform,random,high_wealth,0.04,0.2,complete,complete,0,24,1.0,0.875,240.0,175884.95833333334,165.79166666666666,3979,165.79166666666666,0.6907986111111111,0.0098014576526765,2.842674038703192,0.0236889503225265,2.0,6.0,11.0,28,1.6682583563709474,1.1744156823322442,0.4131376536115286,0.5868623463884713,5428.166666666667,17883.875,0.0,0.2995405092592593,119.0,1.0,0.0,ok,5.73466174012393,0.47619047619047616,5.7343109937428185,0.5714285714285714,0.4573122117526265,-0.2134611864462972,True,True,False,True,True,True,5,True
stage2__c-0p740__money-equal__income-uniform__growth-random__spend-high_wealth__topo-complete,money-equal__income-uniform__growth-random__spend-high_wealth__topo-complete,0.74,120,equal,uniform,random,high_wealth,0.04,0.2,complete,complete,0,24,1.0,0.8333333333333334,240.0,168656.29166666666,163.20833333333334,3917,163.20833333333334,0.6800347222222223,0.0097013020168496,2.776359458769466,0.0231363288230788,2.0,6.0,11.0,27,1.6293081439877457,1.1470513147817207,0.4131494252873563,0.5868505747126437,4440.041666666667,17519.916666666668,0.0,0.2919389467592593,119.0,1.0,0.0,ok,6.0437756627571995,0.6666666666666666,6.04348709088357,0.7142857142857143,0.35842830333808084,-0.09515713067679599,True,True,False,True,True,True,5,True
stage2__c-0p685__money-pareto__income-uniform__growth-random__spend-high_wealth__topo-complete,money-pareto__income-uniform__growth-random__spend-high_wealth__topo-complete,0.685,120,pareto,uniform,random,high_wealth,0.04,0.2,complete,complete,0,24,1.0,0.6666666666666666,240.0,106685.58333333331,104.29166666666669,2503,104.29166666666669,0.4345486111111111,0.0091889732321214,2.127846584099081,0.0177320548674923,1.0,4.0,10.980000000000018,32,1.3004394726328403,0.8274071114662405,0.388847164851671,0.611152835148329,2437.958333333333,21917.45833333333,0.318243869574471,0.2859806100516501,119.0,1.0,0.0,ok,3.1989490036074715,0.047619047619047616,3.1912756835889473,0.19047619047619047,7.175160454929985,-3.4300049918640476,True,True,False,True,True,True,5,True
stage2__c-0p475__money-equal__income-uniform__growth-random__spend-high_both__topo-complete,money-equal__income-uniform__growth-random__spend-high_both__topo-complete,0.475,120,equal,uniform,random,high_both,0.04,0.4,complete,complete,0,24,1.0,0.4583333333333333,240.0,71476.29166666667,55.083333333333336,1322,55.083333333333336,0.2295138888888888,0.0090771558245083,1.7844175491679273,0.014870146243066,1.0,3.0,10.789999999999964,31,1.140695915279879,0.6437216338880484,0.3607460788469691,0.6392539211530309,5703.208333333333,26581.58333333333,0.0,0.2778579282407407,119.0,1.0,0.0,ok,2.9484026452032532,0.7619047619047619,2.9398491312092703,0.6666666666666666,24.76297352855833,-0.055053242546935444,True,True,False,True,True,True,5,True
stage2__c-0p520__money-equal__income-uniform__growth-random__spend-high_both__topo-complete,money-equal__income-uniform__growth-random__spend-high_both__topo-complete,0.52,120,equal,uniform,random,high_both,0.04,0.4,complete,complete,0,24,1.0,0.625,240.0,109372.5,110.29166666666669,2647,110.29166666666669,0.4595486111111111,0.0090668681526256,2.1605591235360784,0.0180046593628006,1.0,4.0,11.0,25,1.3358519078201738,0.8247072157159048,0.3817100891764294,0.6182899108235705,5195.291666666667,19927.416666666668,0.0,0.2847473958333333,119.0,1.0,0.0,ok,3.050849566315464,0.19047619047619047,3.0444782193243887,0.047619047619047616,20.994392657029163,-5.427408459211574,True,True,False,True,True,True,5,True
stage2__c-0p470__money-equal__income-uniform__growth-random__spend-high_both__topo-complete,money-equal__income-uniform__growth-random__spend-high_both__topo-complete,0.47,120,equal,uniform,random,high_both,0.04,0.4,complete,complete,0,24,1.0,0.4166666666666667,240.0,68941.66666666667,52.208333333333336,1253,52.208333333333336,0.2175347222222222,0.00877893056664,1.790901835594573,0.014924181963288,1.0,3.0,9.960000000000036,38,1.1468475658419792,0.6440542697525937,0.3596256684491978,0.6403743315508021,6194.208333333333,26925.166666666668,0.0,0.272947337962963,119.0,1.0,0.0,ok,3.0488270419306045,0.9523809523809523,3.0424183569789887,0.9523809523809523,21.510191600761694,-0.08877209893711724,True,True,False,True,True,True,5,True
stage2__c-0p725__money-normal__income-uniform__growth-random__spend-high_wealth__topo-complete,money-normal__income-uniform__growth-random__spend-high_wealth__topo-complete,0.725,120,normal,uniform,random,high_wealth,0.04,0.2,complete,complete,0,24,1.0,0.75,240.0,148403.58333333334,147.58333333333334,3542,147.58333333333334,0.6149305555555555,0.0087521174477696,2.531620553359684,0.0210968379446639,2.0,5.0,11.0,23,1.5172219085262564,1.0143986448334277,0.4006914241106278,0.5993085758893721,1099.0416666666667,19195.625,0.2750982834329142,0.296042445357238,119.0,1.0,0.0,ok,4.291985183820126,0.19047619047619047,4.290630458603092,0.19047619047619047,1.2710219871199167,-1.938689314334626,True,True,False,True,True,True,5,True
stage2__c-0p485__money-equal__income-uniform__growth-random__spend-high_both__topo-complete,money-equal__income-uniform__growth-random__spend-high_both__topo-complete,0.485,120,equal,uniform,random,high_both,0.04,0.4,complete,complete,0,24,1.0,0.4583333333333333,240.0,78071.25,66.70833333333333,1601,66.70833333333333,0.2779513888888889,0.0087445346658338,1.8226108682073705,0.015188423901728,1.0,3.0,10.0,36,1.1623985009369144,0.660212367270456,0.3622344071281699,0.63776559287183,5560.5,24986.5,0.0,0.277160300925926,119.0,1.0,0.0,ok,2.957872704257609,0.6190476190476191,2.9495479366993957,0.6190476190476191,25.358176416547686,-0.23131962287338936,True,True,False,True,True,True,5,True
stage2__c-0p715__money-equal__income-uniform__growth-random__spend-high_wealth__topo-complete,money-equal__income-uniform__growth-random__spend-high_wealth__topo-complete,0.715,120,equal,uniform,random,high_wealth,0.04,0.2,complete,complete,0,24,1.0,0.6666666666666666,240.0,136461.875,135.625,3255,135.625,0.5651041666666666,0.0086021505376344,2.470660522273425,0.0205888376856118,2.0,5.0,11.0,22,1.4599078341013825,1.010752688172043,0.4091022133797563,0.5908977866202437,4716.708333333333,18134.041666666668,0.0,0.2856331018518518,119.0,1.0,0.0,ok,4.612435471234966,0.6190476190476191,4.611393286385485,0.6666666666666666,2.547945437514552,-0.4220815952749506,True,True,False,True,True,True,5,True
stage2__c-0p735__money-pareto__income-uniform__growth-random__spend-high_wealth__topo-complete,money-pareto__income-uniform__growth-random__spend-high_wealth__topo-complete,0.735,120,pareto,uniform,random,high_wealth,0.04,0.2,complete,complete,0,24,1.0,0.6666666666666666,240.0,160702.75,157.16666666666666,3772,157.16666666666666,0.6548611111111111,0.0084835630965005,2.6903499469777308,0.022419582891481,2.0,6.0,11.0,25,1.6155885471898197,1.0747613997879109,0.3994875837603469,0.6005124162396531,2195.7916666666665,18015.58333333333,0.3108327737269808,0.2980569811157041,119.0,1.0,0.0,ok,4.258083280677878,0.23809523809523808,4.256610450841642,0.14285714285714285,0.023152582849740533,-2.9485571577256318,True,True,False,True,True,True,5,True
stage2__c-0p550__money-equal__income-uniform__growth-random__spend-high_both__topo-complete,money-equal__income-uniform__growth-random__spend-high_both__topo-complete,0.55,120,equal,uniform,random,high_both,0.04,0.4,complete,complete,0,24,1.0,0.7083333333333334,240.0,148098.375,148.66666666666666,3568,148.66666666666666,0.6194444444444445,0.0081278026905829,2.568665919282511,0.0214055493273542,2.0,5.0,11.0,24,1.5299887892376682,1.038677130044843,0.4043644298963448,0.5956355701036552,5216.75,17595.208333333332,0.0,0.2889140625,119.0,1.0,0.0,ok,4.368213444714848,0.2857142857142857,4.366370330200158,0.42857142857142855,2.394774224584311,-0.5209861326461223,True,True,False,True,True,True,5,True
stage2__c-0p685__money-equal__income-uniform__growth-random__spend-high_wealth__topo-complete,money-equal__income-uniform__growth-random__spend-high_wealth__topo-complete,0.685,120,equal,uniform,random,high_wealth,0.04,0.2,complete,complete,0,24,1.0,0.625,240.0,107165.20833333331,103.25,2478,103.25,0.4302083333333333,0.0080710250201775,2.1218724778046814,0.0176822706483723,1.0,4.0,11.0,23,1.3276836158192091,0.7941888619854721,0.3742868010650437,0.6257131989349562,5366.875,22858.75,0.0,0.2833365162037037,119.0,1.0,0.0,ok,3.3367315926353145,0.09523809523809523,3.331417144205257,0.14285714285714285,1.693990008767921,-3.835349241679651,True,True,False,True,True,True,5,True
stage2__c-0p500__money-normal__income-uniform__growth-random__spend-high_both__topo-complete,money-normal__income-uniform__growth-random__spend-high_both__topo-complete,0.5,120,normal,uniform,random,high_both,0.04,0.4,complete,complete,0,24,1.0,0.5833333333333334,240.0,91000.95833333331,82.70833333333333,1985,82.70833333333333,0.3446180555555556,0.0080604534005037,1.9304785894206549,0.0160873215785054,1.0,4.0,10.160000000000082,36,1.224685138539043,0.705793450881612,0.3656054279749478,0.6343945720250522,1042.4583333333333,24554.916666666668,0.2735824588067261,0.2800909556466308,119.0,1.0,0.0,ok,2.9623007720924277,0.09523809523809523,2.9540809983017784,0.14285714285714285,17.17109589316784,-2.642041677326135,True,True,False,True,True,True,5,True
stage2__c-0p495__money-equal__income-uniform__growth-random__spend-high_both__topo-complete,money-equal__income-uniform__growth-random__spend-high_both__topo-complete,0.495,120,equal,uniform,random,high_both,0.04,0.4,complete,complete,0,24,1.0,0.4583333333333333,240.0,86437.33333333333,77.79166666666667,1867,77.79166666666667,0.3241319444444444,0.0080342795929298,1.9732190680235675,0.0164434922335296,1.0,4.0,11.0,22,1.2447777182645956,0.7284413497589716,0.3691639522258415,0.6308360477741585,5802.041666666667,23704.08333333333,0.0,0.2777965856481482,119.0,1.0,0.0,ok,3.0560925565012296,0.14285714285714285,3.0498170761417396,0.09523809523809523,8.819094799619187,-3.622613163958404,True,True,False,True,True,True,5,True
stage2__c-0p725__money-pareto__income-uniform__growth-random__spend-high_wealth__topo-complete,money-pareto__income-uniform__growth-random__spend-high_wealth__topo-complete,0.725,120,pareto,uniform,random,high_wealth,0.04,0.2,complete,complete,0,24,1.0,0.6666666666666666,240.0,147181.41666666666,149.5,3588,149.5,0.6229166666666667,0.007803790412486,2.550167224080268,0.0212513935340021,2.0,5.0,11.0,29,1.5320512820512822,1.0181159420289856,0.3992349726775956,0.6007650273224043,2656.5,18944.916666666668,0.3209071472940265,0.2945938529894995,119.0,1.0,0.0,ok,5.373784128676821,0.7619047619047619,5.37330168792838,0.7619047619047619,1.2284162682556485,-0.12806678035102514,True,True,False,True,True,True,5,True
stage2__c-0p675__money-normal__income-uniform__growth-random__spend-high_wealth__topo-complete,money-normal__income-uniform__growth-random__spend-high_wealth__topo-complete,0.675,120,normal,uniform,random,high_wealth,0.04,0.2,complete,complete,0,24,1.0,0.625,240.0,100399.75,98.45833333333331,2363,98.45833333333331,0.4102430555555555,0.0076174354633939,1.9911129919593735,0.016592608266328,1.0,4.0,10.0,22,1.2699957680914091,0.7211172238679645,0.3621679064824654,0.6378320935175346,1257.1666666666667,22811.666666666668,0.2710317906083979,0.2871434118022442,119.0,1.0,0.0,ok,3.256409963966053,0.09523809523809523,3.2498228620645118,0.23809523809523808,3.8784775531901587,-2.642388048466753,True,True,False,True,True,True,5,True
stage2__c-0p710__money-pareto__income-uniform__growth-random__spend-high_wealth__topo-complete,money-pareto__income-uniform__growth-random__spend-high_wealth__topo-complete,0.71,120,pareto,uniform,random,high_wealth,0.04,0.2,complete,complete,0,24,1.0,0.625,240.0,130223.5,132.25,3174,132.25,0.5510416666666667,0.0075614366729678,2.388468809073724,0.0199039067422809,2.0,5.0,11.0,24,1.4521109010712034,0.9363579080025204,0.3920327133623532,0.6079672866376468,2612.125,20579.541666666668,0.3046584052252503,0.2975641801468923,119.0,1.0,0.0,ok,4.152824026858022,0.8095238095238095,4.150918438179673,0.7619047619047619,4.371567997870596,-0.6764210897017975,True,True,False,True,True,True,5,True
stage2__c-0p545__money-equal__income-uniform__growth-random__spend-high_both__topo-complete,money-equal__income-uniform__growth-random__spend-high_both__topo-complete,0.545,120,equal,uniform,random,high_both,0.04,0.4,complete,complete,0,24,1.0,0.625,240.0,140386.20833333334,138.29166666666666,3319,138.29166666666666,0.5762152777777778,0.0075323892738776,2.5423320277191923,0.0211861002309932,2.0,5.0,11.0,23,1.507080445917445,1.0352515818017476,0.4072054989333965,0.5927945010666035,5704.5,17560.25,0.0,0.2846626157407407,119.0,1.0,0.0,ok,4.897252506607179,0.8571428571428571,4.89638027652415,0.7619047619047619,1.805818013609741,-0.19543381048263164,True,True,False,True,True,True,5,True
stage2__c-0p515__money-equal__income-uniform__growth-random__spend-high_both__topo-complete,money-equal__income-uniform__growth-random__spend-high_both__topo-complete,0.515,120,equal,uniform,random,high_both,0.04,0.4,complete,complete,0,24,1.0,0.6666666666666666,240.0,103995.41666666669,101.95833333333331,2447,101.95833333333331,0.4248263888888889,0.0073559460563955,2.1025745811197383,0.0175214548426644,1.0,4.0,9.539999999999964,25,1.2913771965672252,0.8111973845525133,0.3858114674441205,0.6141885325558795,4853.333333333333,21130.875,0.0,0.2816044560185185,119.0,1.0,0.0,ok,3.7087871547414077,0.3333333333333333,3.705330546738967,0.3333333333333333,0.4270415894906985,-2.199796434913501,True,True,False,True,True,True,5,True
stage2__c-0p490__money-normal__income-uniform__growth-random__spend-high_both__topo-complete,money-normal__income-uniform__growth-random__spend-high_both__topo-complete,0.49,120,normal,uniform,random,high_both,0.04,0.4,complete,complete,0,24,1.0,0.5,240.0,82322.54166666667,74.04166666666667,1777,74.04166666666667,0.3085069444444444,0.0073157006190208,1.8137310073157007,0.0151144250609641,1.0,3.0,9.240000000000007,25,1.18458075407991,0.6291502532357907,0.3468817871548247,0.6531182128451753,1377.5833333333333,24808.916666666668,0.2722873639132723,0.2763086117412082,119.0,1.0,0.0,ok,3.076870410527038,0.8571428571428571,3.0709610343952454,0.8571428571428571,23.68884630415585,-0.35383692674063427,True,True,False,True,True,True,5,True
stage2__c-0p490__money-pareto__income-uniform__growth-random__spend-high_both__topo-complete,money-pareto__income-uniform__growth-random__spend-high_both__topo-complete,0.49,120,pareto,uniform,random,high_both,0.04,0.4,complete,complete,0,24,1.0,0.4583333333333333,240.0,81910.04166666667,74.54166666666667,1789,74.54166666666667,0.3105902777777777,0.0072666294019005,1.854108440469536,0.0154509036705794,1.0,3.0,10.0,26,1.2062604807154835,0.6478479597540525,0.3494121193849864,0.6505878806150136,2289.625,25401.08333333333,0.3427685242416829,0.2848990946028292,119.0,1.0,0.0,ok,2.780022789922432,0.23809523809523808,2.7732983750186078,0.14285714285714285,40.68308646150013,-4.10140358307947,True,True,False,True,True,True,5,True
stage2__c-0p680__money-normal__income-uniform__growth-random__spend-high_wealth__topo-complete,money-normal__income-uniform__growth-random__spend-high_wealth__topo-complete,0.68,120,normal,uniform,random,high_wealth,0.04,0.2,complete,complete,0,24,1.0,0.5,240.0,103131.83333333331,103.79166666666669,2491,103.79166666666669,0.4324652777777777,0.0072260136491368,2.028101164191088,0.0169008430349256,1.0,4.0,10.0,21,1.2966680048173425,0.7314331593737455,0.3606492478226445,0.6393507521773555,1143.4166666666667,22866.416666666668,0.2735245510093605,0.2859538524566771,119.0,1.0,0.0,ok,3.8215420175895445,0.8571428571428571,3.817304608212602,0.8571428571428571,1.0198830557192082,-0.7245492035262062,True,True,False,True,True,True,5,True
stage2__c-0p525__money-normal__income-uniform__growth-random__spend-high_both__topo-complete,money-normal__income-uniform__growth-random__spend-high_both__topo-complete,0.525,120,normal,uniform,random,high_both,0.04,0.4,complete,complete,0,24,1.0,0.5416666666666666,240.0,115779.75,115.70833333333331,2777,115.70833333333331,0.4821180555555555,0.007202016564638,2.1908534389629097,0.0182571119913575,1.0,4.0,10.0,21,1.3510983075261074,0.8397551314368024,0.3833004602235371,0.6166995397764629,1447.375,20899.291666666668,0.2734413457112228,0.2909643499543578,119.0,1.0,0.0,ok,3.3251807371167565,0.14285714285714285,3.3196991825082125,0.047619047619047616,2.8661169557453094,-4.7447961849392275,True,True,False,True,True,True,5,True
stage2__c-0p705__money-pareto__income-uniform__growth-random__spend-high_wealth__topo-complete,money-pareto__income-uniform__growth-random__spend-high_wealth__topo-complete,0.705,120,pareto,uniform,random,high_wealth,0.04,0.2,complete,complete,0,24,1.0,0.5833333333333334,240.0,125296.29166666669,127.79166666666669,3067,127.79166666666669,0.5324652777777777,0.0071731333550701,2.2712748614281058,0.0189272905119008,2.0,5.0,10.0,26,1.4059341375937398,0.8653407238343658,0.3809933964972725,0.6190066035027275,2525.4166666666665,22236.75,0.3124427928167037,0.2843917659997086,119.0,1.0,0.0,ok,4.128551728771502,0.3333333333333333,4.1265296850216195,0.5714285714285714,3.490497205103355,-0.7999543630029136,True,True,False,True,True,True,5,True
stage2__c-0p705__money-normal__income-uniform__growth-random__spend-high_wealth__topo-complete,money-normal__income-uniform__growth-random__spend-high_wealth__topo-complete,0.705,120,normal,uniform,random,high_wealth,0.04,0.2,complete,complete,0,24,1.0,0.625,240.0,125238.20833333331,127.875,3069,127.875,0.5328125,0.007168458781362,2.2639296187683287,0.0188660801564027,2.0,4.0,10.0,25,1.3884001303356142,0.8755294884327143,0.3867299942429476,0.6132700057570524,1181.4583333333333,21062.166666666668,0.2746864518732814,0.2921598302909157,119.0,1.0,0.0,ok,4.274707612866575,0.42857142857142855,4.272420062695302,0.19047619047619047,0.4141606050609221,-0.9268737575233326,True,True,False,True,True,True,5,True
stage2__c-0p510__money-normal__income-uniform__growth-random__spend-high_both__topo-complete,money-normal__income-uniform__growth-random__spend-high_both__topo-complete,0.51,120,normal,uniform,random,high_both,0.04,0.4,complete,complete,0,24,1.0,0.5416666666666666,240.0,98189.33333333331,99.08333333333331,2378,99.08333333333331,0.4128472222222222,0.0071488645920941,2.037005887300252,0.0169750490608354,1.0,4.0,10.0,26,1.28174936921783,0.7552565180824222,0.3707679603633361,0.629232039636664,1934.8333333333333,21250.0,0.2737386184335007,0.2832065875461877,119.0,1.0,0.0,ok,4.21406361153958,0.6190476190476191,4.211433476178237,0.5714285714285714,1.279463168814325,-0.29178164624345193,True,True,False,True,True,True,5,True
stage2__c-0p685__money-normal__income-uniform__growth-random__spend-high_wealth__topo-complete,money-normal__income-uniform__growth-random__spend-high_wealth__topo-complete,0.685,120,normal,uniform,random,high_wealth,0.04,0.2,complete,complete,0,24,1.0,0.6666666666666666,240.0,106160.41666666669,111.70833333333331,2681,111.70833333333331,0.4654513888888889,0.0070869078701976,2.068258112644536,0.0172354842720377,1.0,4.0,9.199999999999818,33,1.3155538977993286,0.752704214845207,0.3639314697926059,0.6360685302073941,1472.4166666666667,20277.20833333333,0.27849095920145,0.288998692098517,119.0,1.0,0.0,ok,3.381143063033029,0.5238095238095238,3.376426650125616,0.3333333333333333,12.702911483265124,-1.4808630313129418,True,True,False,True,True,True,5,True
stage2__c-0p535__money-pareto__income-uniform__growth-random__spend-high_both__topo-complete,money-pareto__income-uniform__growth-random__spend-high_both__topo-complete,0.535,120,pareto,uniform,random,high_both,0.04,0.4,complete,complete,0,24,1.0,0.7083333333333334,240.0,126390.375,131.08333333333334,3146,131.08333333333334,0.5461805555555556,0.0069930069930069,2.3566433566433567,0.0196386946386946,2.0,5.0,11.0,31,1.4221233312142405,0.9345200254291164,0.3965470731049366,0.6034529268950634,2707.75,19251.33333333333,0.3082937758782664,0.28865578013173,119.0,1.0,0.0,ok,3.6592369228573447,0.42857142857142855,3.6553174360971274,0.47619047619047616,7.342961841311361,-1.526579336580041,True,True,False,True,True,True,5,True
stage2__c-0p475__money-pareto__income-uniform__growth-random__spend-high_both__topo-complete,money-pareto__income-uniform__growth-random__spend-high_both__topo-complete,0.475,120,pareto,uniform,random,high_both,0.04,0.4,complete,complete,0,24,1.0,0.4166666666666667,240.0,71542.16666666667,59.625,1431,59.625,0.2484375,0.0069881201956673,1.7330538085255067,0.0144421150710458,1.0,3.0,9.0,33,1.1516422082459818,0.5814116002795248,0.3354838709677419,0.6645161290322581,3007.875,26428.70833333333,0.321259544333576,0.2736938628613983,119.0,1.0,0.0,ok,3.026843185164099,0.38095238095238093,3.0200147062568194,0.23809523809523808,26.7729182467223,0.006120402705409145,True,True,False,True,True,True,5,True
stage2__c-0p540__money-equal__income-uniform__growth-random__spend-high_both__topo-complete,money-equal__income-uniform__growth-random__spend-high_both__topo-complete,0.54,120,equal,uniform,random,high_both,0.04,0.4,complete,complete,0,24,1.0,0.625,240.0,133213.70833333334,132.75,3186,132.75,0.553125,0.0069052102950408,2.4579409918392967,0.0204828415986607,2.0,5.0,11.0,20,1.4783427495291903,0.9795982423101068,0.3985442472225769,0.601455752777423,5573.0,18655.875,0.0,0.2884976851851852,119.0,1.0,0.0,ok,6.064757182080094,0.8571428571428571,6.064582577504474,1.0,0.22400953934159462,-0.11184187599697815,True,True,False,True,True,True,5,True
stage2__c-0p520__money-normal__income-uniform__growth-random__spend-high_both__topo-complete,money-normal__income-uniform__growth-random__spend-high_both__topo-complete,0.52,120,normal,uniform,random,high_both,0.04,0.4,complete,complete,0,24,1.0,0.6666666666666666,240.0,110616.66666666669,111.125,2667,111.125,0.4630208333333333,0.0067491563554555,2.100112485939257,0.0175009373828271,1.0,4.0,10.0,28,1.328458942632171,0.7716535433070866,0.3674343867166577,0.6325656132833423,1237.625,21521.916666666668,0.2728131899710637,0.2811555147702077,119.0,1.0,0.0,ok,3.7359402427933524,1.0,3.7327148207977823,1.0,8.950127190666173,-0.3138655251901419,True,True,False,True,True,True,5,True
stage2__c-0p500__money-pareto__income-uniform__growth-random__spend-high_both__topo-complete,money-pareto__income-uniform__growth-random__spend-high_both__topo-complete,0.5,120,pareto,uniform,random,high_both,0.04,0.4,complete,complete,0,24,1.0,0.4583333333333333,240.0,89599.0,86.70833333333333,2081,86.70833333333333,0.3612847222222222,0.0067275348390197,1.897645362806343,0.0158137113567194,1.0,4.0,9.199999999999818,29,1.2200864968765015,0.6775588659298414,0.3570524183337554,0.6429475816662447,2594.833333333333,24082.875,0.328591474268075,0.2791343788269026,119.0,1.0,0.0,ok,3.4638288425480104,0.23809523809523808,3.460056909791812,0.19047619047619047,19.065398762468995,-0.0258579949219504,True,True,False,True,True,True,5,True
stage2__c-0p485__money-normal__income-uniform__growth-random__spend-high_both__topo-complete,money-normal__income-uniform__growth-random__spend-high_both__topo-complete,0.485,120,normal,uniform,random,high_both,0.04,0.4,complete,complete,0,24,1.0,0.375,240.0,79025.16666666667,68.29166666666667,1639,68.29166666666667,0.2845486111111111,0.0067114093959731,1.8023184868822453,0.0150193207240186,1.0,3.0,10.0,35,1.1702257474069555,0.6320927394752898,0.3507109004739336,0.6492890995260664,2282.875,26715.0,0.2744167278378964,0.2703416783248127,119.0,1.0,0.0,ok,3.0043134600164803,0.5238095238095238,2.9970274008921765,0.42857142857142855,17.423209381680792,-1.0673142711581014,True,True,False,True,True,True,5,True
stage2__c-0p505__money-pareto__income-uniform__growth-random__spend-high_both__topo-complete,money-pareto__income-uniform__growth-random__spend-high_both__topo-complete,0.505,120,pareto,uniform,random,high_both,0.04,0.4,complete,complete,0,24,1.0,0.5,240.0,93973.79166666669,93.79166666666669,2251,93.79166666666669,0.3907986111111111,0.0066637050199911,1.96756996890271,0.0163964164075225,1.0,4.0,10.0,28,1.245224344735673,0.7223456241670368,0.36712576202303,0.63287423797697,3256.458333333333,21533.541666666668,0.319039703904989,0.2772468247969568,119.0,1.0,0.0,ok,3.527732563063724,0.6666666666666666,3.5222735574787754,0.8571428571428571,3.0606066360488278,-0.9339534678321018,True,True,False,True,True,True,5,True
stage2__c-0p700__money-normal__income-uniform__growth-random__spend-high_wealth__topo-complete,money-normal__income-uniform__growth-random__spend-high_wealth__topo-complete,0.7,120,normal,uniform,random,high_wealth,0.04,0.2,complete,complete,0,24,1.0,0.6666666666666666,240.0,120910.0,125.83333333333331,3020,125.83333333333331,0.5243055555555556,0.0066225165562913,2.2552980132450333,0.0187941501103752,2.0,4.0,10.0,25,1.4026490066225166,0.8526490066225165,0.3780648950227573,0.6219351049772427,1417.9583333333333,19444.125,0.2779070311988762,0.2859929643234041,119.0,1.0,0.0,ok,5.571247244070585,0.8095238095238095,5.5704995188568605,0.5238095238095238,0.6232795234947341,-0.0011611678975800288,True,True,False,True,True,True,5,True
stage2__c-0p480__money-pareto__income-uniform__growth-random__spend-high_both__topo-complete,money-pareto__income-uniform__growth-random__spend-high_both__topo-complete,0.48,120,pareto,uniform,random,high_both,0.04,0.4,complete,complete,0,24,1.0,0.2916666666666667,240.0,74654.25,63.125,1515,63.125,0.2630208333333333,0.0066006600660066,1.741254125412541,0.0145104510451044,1.0,3.0,9.0,36,1.1524752475247524,0.5887788778877888,0.3381349507202426,0.6618650492797574,2947.75,26739.166666666668,0.3473439095443204,0.2837354475197209,119.0,1.0,0.0,ok,3.059796526322234,0.7619047619047619,3.053587915204397,0.8095238095238095,19.485214401793368,-0.2946735336398545,True,True,False,True,True,True,5,True
stage2__c-0p680__money-equal__income-uniform__growth-random__spend-high_wealth__topo-complete,money-equal__income-uniform__growth-random__spend-high_wealth__topo-complete,0.68,120,equal,uniform,random,high_wealth,0.04,0.2,complete,complete,0,24,1.0,0.5,240.0,103538.5,101.58333333333331,2438,101.58333333333331,0.4232638888888889,0.0065627563576702,2.068498769483183,0.0172374897456931,1.0,4.0,9.0,25,1.284659557013946,0.783839212469237,0.3789411064842355,0.6210588935157644,5329.208333333333,22166.25,0.0,0.2849528356481481,119.0,1.0,0.0,ok,3.983390176729006,0.7619047619047619,3.980515625425241,0.6190476190476191,2.468366587114196,-0.5244094264539019,True,True,False,True,True,True,5,True
stage2__c-0p540__money-normal__income-uniform__growth-random__spend-high_both__topo-complete,money-normal__income-uniform__growth-random__spend-high_both__topo-complete,0.54,120,normal,uniform,random,high_both,0.04,0.4,complete,complete,0,24,1.0,0.7916666666666666,240.0,130731.29166666669,140.41666666666666,3370,140.41666666666666,0.5850694444444444,0.0065281899109792,2.4044510385756674,0.0200370919881305,2.0,5.0,10.0,20,1.4804154302670622,0.9240356083086052,0.3843021103295075,0.6156978896704924,1112.4583333333333,18315.70833333333,0.2770614730019005,0.2833469144202415,119.0,1.0,0.0,ok,4.200920228227554,0.19047619047619047,4.199225812835853,0.19047619047619047,0.4472275138531083,-1.7471955310639808,True,True,False,True,True,True,5,True
stage2__c-0p710__money-equal__income-uniform__growth-random__spend-high_wealth__topo-complete,money-equal__income-uniform__growth-random__spend-high_wealth__topo-complete,0.71,120,equal,uniform,random,high_wealth,0.04,0.2,complete,complete,0,24,1.0,0.5416666666666666,240.0,130825.5,130.54166666666666,3133,130.54166666666666,0.5439236111111111,0.0063836578359399,2.3999361634216405,0.0199994680285136,2.0,5.0,11.0,30,1.4443025853814235,0.9556335780402172,0.3981912488362814,0.6018087511637186,4508.958333333333,18574.0,0.0,0.2905381944444444,119.0,1.0,0.0,ok,4.701003665283163,0.14285714285714285,4.70015810329863,0.2857142857142857,5.393468514484466,-0.01319095189335684,True,True,False,True,True,True,5,True
stage2__c-0p675__money-equal__income-uniform__growth-random__spend-high_wealth__topo-complete,money-equal__income-uniform__growth-random__spend-high_wealth__topo-complete,0.675,120,equal,uniform,random,high_wealth,0.04,0.2,complete,complete,0,24,1.0,0.4583333333333333,240.0,99412.70833333331,93.45833333333331,2243,93.45833333333331,0.3894097222222222,0.0062416406598305,2.0445831475702185,0.0170381928964184,1.0,4.0,10.0,34,1.273294694605439,0.7712884529647793,0.3772350632359355,0.6227649367640645,5387.166666666667,23541.75,0.0,0.2742997685185185,119.0,1.0,0.0,ok,3.9635857405870856,0.7619047619047619,3.958935918578738,0.6190476190476191,3.054615503820162,-0.07266803039366376,True,True,False,True,True,True,5,True
stage2__c-0p680__money-pareto__income-uniform__growth-random__spend-high_wealth__topo-complete,money-pareto__income-uniform__growth-random__spend-high_wealth__topo-complete,0.68,120,pareto,uniform,random,high_wealth,0.04,0.2,complete,complete,0,24,1.0,0.4583333333333333,240.0,103422.95833333331,103.04166666666669,2473,103.04166666666669,0.4293402777777778,0.0060655074807925,2.0618681763040843,0.017182234802534,1.0,4.0,10.0,22,1.31257581884351,0.7492923574605742,0.3634045891351245,0.6365954108648755,2753.083333333333,22237.291666666668,0.3234032126197744,0.2875956601303073,119.0,1.0,0.0,ok,4.955540577497265,0.6666666666666666,4.953777100150306,0.5714285714285714,0.04613528555488333,-0.11080652751889275,True,True,False,True,True,True,5,True
stage2__c-0p525__money-pareto__income-uniform__growth-random__spend-high_both__topo-complete,money-pareto__income-uniform__growth-random__spend-high_both__topo-complete,0.525,120,pareto,uniform,random,high_both,0.04,0.4,complete,complete,0,24,1.0,0.4583333333333333,240.0,114160.70833333331,117.91666666666669,2830,117.91666666666669,0.4913194444444444,0.0060070671378091,2.2056537102473497,0.0183804475853945,1.0,5.0,10.0,19,1.3618374558303887,0.8438162544169612,0.3825696892021787,0.6174303107978212,2896.5,20776.83333333333,0.325736907941552,0.2864002504906401,119.0,1.0,0.0,ok,3.9416773489783634,0.47619047619047616,3.939775774491992,0.5238095238095238,1.3761872048908095,-2.078251842807468,True,True,False,True,True,True,5,True
stage2__c-0p715__money-pareto__income-uniform__growth-random__spend-high_wealth__topo-complete,money-pareto__income-uniform__growth-random__spend-high_wealth__topo-complete,0.715,120,pareto,uniform,random,high_wealth,0.04,0.2,complete,complete,0,24,1.0,0.5,240.0,135750.70833333334,139.91666666666666,3358,139.91666666666666,0.5829861111111111,0.0056581298391899,2.4163192376414533,0.020135993647012,2.0,5.0,10.0,24,1.4776652769505658,0.9386539606908876,0.3884643825486812,0.6115356174513187,2785.458333333333,18993.416666666668,0.3292198066366549,0.2906791201526372,119.0,1.0,0.0,ok,4.5907079817117316,0.8095238095238095,4.5896116925235715,0.6666666666666666,3.7070261935997877,-0.15570109631509155,True,True,False,True,True,True,5,True
stage2__c-0p480__money-normal__income-uniform__growth-random__spend-high_both__topo-complete,money-normal__income-uniform__growth-random__spend-high_both__topo-complete,0.48,120,normal,uniform,random,high_both,0.04,0.4,complete,complete,0,24,1.0,0.3333333333333333,240.0,76238.41666666667,62.54166666666666,1501,62.54166666666666,0.2605902777777777,0.0053297801465689,1.7614923384410393,0.0146791028203419,1.0,3.0,10.0,29,1.1685542971352432,0.5929380413057961,0.3366111951588502,0.6633888048411498,1824.3333333333333,27727.791666666668,0.2704428721068962,0.2783582372957083,119.0,1.0,0.0,ok,3.2068576731472263,0.7619047619047619,3.2028116922686323,0.6666666666666666,17.396614839435365,-0.25785159794615176,True,True,False,True,True,True,5,True
stage2__c-0p500__money-equal__income-uniform__growth-random__spend-high_both__topo-complete,money-equal__income-uniform__growth-random__spend-high_both__topo-complete,0.5,120,equal,uniform,random,high_both,0.04,0.4,complete,complete,0,24,1.0,0.4166666666666667,240.0,89520.20833333333,81.91666666666667,1966,81.91666666666667,0.3413194444444444,0.005086469989827,1.915055951169888,0.0159587995930823,1.0,4.0,9.0,30,1.21617497456765,0.698880976602238,0.3649402390438247,0.6350597609561753,5423.125,23048.33333333333,0.0,0.2765402199074074,119.0,1.0,0.0,ok,3.8610117701977544,0.42857142857142855,3.8551571956214157,0.38095238095238093,1.9785782389742246,-0.09358253429073127,True,True,False,True,True,True,5,True
stage2__c-0p510__money-pareto__income-uniform__growth-random__spend-high_both__topo-complete,money-pareto__income-uniform__growth-random__spend-high_both__topo-complete,0.51,120,pareto,uniform,random,high_both,0.04,0.4,complete,complete,0,24,1.0,0.375,240.0,98713.08333333331,98.5,2364,98.5,0.4104166666666666,0.0050761421319796,1.9851945854483928,0.0165432882120699,1.0,4.0,8.0,22,1.277072758037225,0.7081218274111675,0.3567014702748775,0.6432985297251225,3234.375,22582.70833333333,0.311507969703057,0.2866035482864645,119.0,1.0,0.0,ok,4.021705036029022,0.42857142857142855,4.020160020183592,0.5714285714285714,6.132704925379548,-0.15723286246355084,True,True,False,True,True,True,5,True
stage2__c-0p475__money-normal__income-uniform__growth-random__spend-high_both__topo-complete,money-normal__income-uniform__growth-random__spend-high_both__topo-complete,0.475,120,normal,uniform,random,high_both,0.04,0.4,complete,complete,0,24,1.0,0.25,240.0,72110.875,57.54166666666666,1381,57.54166666666666,0.2397569444444444,0.005068790731354,1.6915278783490224,0.0140960656529084,1.0,3.0,8.200000000000045,22,1.1390296886314264,0.5524981897175959,0.3266267123287671,0.6733732876712328,1075.5833333333333,29023.95833333333,0.2774902281940336,0.2739822771574486,119.0,1.0,0.0,ok,3.199973174359022,0.23809523809523808,3.1958447221171,0.14285714285714285,7.744940193594391,-1.1135993749375763,True,True,False,True,True,True,5,True
stage2__c-0p470__money-pareto__income-uniform__growth-random__spend-high_both__topo-complete,money-pareto__income-uniform__growth-random__spend-high_both__topo-complete,0.47,120,pareto,uniform,random,high_both,0.04,0.4,complete,complete,0,24,1.0,0.25,240.0,68576.875,54.29166666666666,1303,54.29166666666666,0.2262152777777777,0.0046047582501918,1.6400613967766693,0.0136671783064722,1.0,3.0,8.0,21,1.1396776669224866,0.5003837298541827,0.3051006083294338,0.6948993916705662,3324.375,30458.33333333333,0.3358471009578845,0.2685610767485505,119.0,1.0,0.0,ok,2.9665442698927116,0.5238095238095238,2.962857581403654,0.5238095238095238,23.47678204605067,-1.6909402746455804,True,True,False,True,True,True,5,True
stage2__c-0p505__money-normal__income-uniform__growth-random__spend-high_both__topo-complete,money-normal__income-uniform__growth-random__spend-high_both__topo-complete,0.505,120,normal,uniform,random,high_both,0.04,0.4,complete,complete,0,24,1.0,0.375,240.0,93543.83333333331,93.29166666666669,2239,93.29166666666669,0.3887152777777777,0.0044662795891022,1.9495310406431443,0.0162460920053594,1.0,4.0,8.61999999999989,34,1.2518981688253683,0.6976328718177758,0.3578465063001145,0.6421534936998855,1166.2916666666667,22528.58333333333,0.2763518936347025,0.2798567774697881,119.0,1.0,0.0,ok,3.5294985247082113,0.38095238095238093,3.526343679595656,0.3333333333333333,11.473977821432323,-0.6474843096740601,True,True,False,True,True,True,5,True
stage2__c-0p495__money-normal__income-uniform__growth-random__spend-high_both__topo-complete,money-normal__income-uniform__growth-random__spend-high_both__topo-complete,0.495,120,normal,uniform,random,high_both,0.04,0.4,complete,complete,0,24,1.0,0.3333333333333333,240.0,85973.25,78.625,1887,78.625,0.3276041666666666,0.0042395336512983,1.8659247482776893,0.015549372902314,1.0,3.0,10.0,18,1.208267090620032,0.6576576576576577,0.3524566884407838,0.6475433115592162,1048.0833333333333,25092.58333333333,0.276137012889584,0.2757371034409593,119.0,1.0,0.0,ok,3.2188775307946282,0.5238095238095238,3.2149717800637205,0.38095238095238093,8.962294776576863,-2.332993057934376,True,True,False,True,True,True,5,True
stage2__c-0p675__money-pareto__income-uniform__growth-random__spend-high_wealth__topo-complete,money-pareto__income-uniform__growth-random__spend-high_wealth__topo-complete,0.675,120,pareto,uniform,random,high_wealth,0.04,0.2,complete,complete,0,24,1.0,0.375,240.0,99359.58333333331,98.66666666666669,2368,98.66666666666669,0.4111111111111111,0.0042229729729729,1.9911317567567568,0.0165927646396396,1.0,4.0,9.329999999999927,20,1.288851351351351,0.7022804054054054,0.3527041357370095,0.6472958642629905,2502.2916666666665,23110.58333333333,0.3169521083819347,0.283968915875922,119.0,1.0,0.0,ok,3.7353599140717333,0.23809523809523808,3.7321295427728933,0.38095238095238093,1.4330439362966088,-1.262131005124052,True,True,False,True,True,True,5,True
stage2__c-0p485__money-pareto__income-uniform__growth-random__spend-high_both__topo-complete,money-pareto__income-uniform__growth-random__spend-high_both__topo-complete,0.485,120,pareto,uniform,random,high_both,0.04,0.4,complete,complete,0,24,1.0,0.2916666666666667,240.0,78444.29166666667,70.29166666666667,1687,70.29166666666667,0.2928819444444444,0.0041493775933609,1.7877889745109663,0.014898241454258,1.0,3.0,9.0,20,1.1819798458802608,0.6058091286307054,0.3388594164456233,0.6611405835543767,2805.0,25182.166666666668,0.3190674907802106,0.278960364705078,119.0,1.0,0.0,ok,3.226746980233296,0.42857142857142855,3.2229304452455785,0.7619047619047619,14.548074513156248,-0.8315646505130752,True,True,False,True,True,True,5,True
stage2__c-0p470__money-normal__income-uniform__growth-random__spend-high_both__topo-complete,money-normal__income-uniform__growth-random__spend-high_both__topo-complete,0.47,120,normal,uniform,random,high_both,0.04,0.4,complete,complete,0,24,1.0,0.125,240.0,70382.33333333333,50.833333333333336,1220,50.833333333333336,0.2118055555555555,0.0024590163934426,1.6655737704918032,0.0138797814207649,1.0,3.0,9.0,17,1.1229508196721312,0.5426229508196722,0.3257874015748031,0.6742125984251969,1480.0,30409.83333333333,0.2707662481320735,0.2778581124540344,119.0,1.0,0.0,ok,2.790694662953035,0.3333333333333333,2.7841954904390955,0.23809523809523808,15.196946217871005,-2.871525242539861,True,True,False,True,True,True,5,True
stage2__c-0p800__money-normal__income-uniform__growth-random__spend-high_wealth__topo-complete,money-normal__income-uniform__growth-random__spend-high_wealth__topo-complete,0.8,120,normal,uniform,random,high_wealth,0.04,0.2,complete,complete,0,24,1.0,1.0,240.0,279604.0833333333,208.16666666666663,4996,208.16666666666663,0.8673611111111111,0.0350280224179343,4.130904723779024,0.0344242060314918,3.0,8.0,15.0,25,2.254603682946357,1.876301040832666,0.4542106793293924,0.5457893206706076,971.25,15134.083333333334,0.2730494858832356,0.2948815869842589,119.0,1.0,0.0,ok,7.685846044306668,0.9047619047619048,7.685801957900009,1.0,-0.5984433514156609,-0.532843179288311,True,False,True,True,True,False,4,False
stage2__c-0p795__money-pareto__income-uniform__growth-random__spend-high_wealth__topo-complete,money-pareto__income-uniform__growth-random__spend-high_wealth__topo-complete,0.795,120,pareto,uniform,random,high_wealth,0.04,0.2,complete,complete,0,24,1.0,1.0,240.0,264051.5416666667,205.875,4941,205.875,0.8578125,0.0311677798016595,4.050799433313094,0.0337566619442757,3.0,8.0,15.0,27,2.2232341631248733,1.827565270188221,0.4511616287784162,0.5488383712215839,2705.625,14517.166666666666,0.3208587679304615,0.301123911903345,119.0,1.0,0.0,ok,6.461274151030028,0.8095238095238095,6.460845119378703,0.9047619047619048,-0.46710876353747155,-0.4820635380558205,True,False,True,True,True,False,4,False
stage2__c-0p795__money-equal__income-uniform__growth-random__spend-high_wealth__topo-complete,money-equal__income-uniform__growth-random__spend-high_wealth__topo-complete,0.795,120,equal,uniform,random,high_wealth,0.04,0.2,complete,complete,0,24,1.0,1.0,240.0,267168.1666666667,203.54166666666663,4885,203.54166666666663,0.8480902777777778,0.0282497441146366,4.079426816786079,0.0339952234732173,3.0,8.0,14.0,21,2.2472876151484136,1.8321392016376663,0.4491168205539944,0.5508831794460056,5264.375,15137.75,0.0,0.3002725694444444,119.0,1.0,0.0,ok,5.584641928114557,0.047619047619047616,5.584160921933963,0.23809523809523808,-4.847847369976588,-4.3048856356807175,True,False,True,True,True,False,4,False
stage2__c-0p790__money-normal__income-uniform__growth-random__spend-high_wealth__topo-complete,money-normal__income-uniform__growth-random__spend-high_wealth__topo-complete,0.79,120,normal,uniform,random,high_wealth,0.04,0.2,complete,complete,0,24,1.0,1.0,240.0,257953.7083333333,201.83333333333331,4844,201.83333333333331,0.8409722222222222,0.0272502064409578,3.888934764657308,0.0324077897054775,3.0,8.0,14.0,31,2.151527663088357,1.7374071015689512,0.4467565558976537,0.5532434441023463,1590.4166666666667,15365.5,0.2713083609788407,0.297101018110415,119.0,1.0,0.0,ok,5.4107513537782665,0.14285714285714285,5.410059356429259,0.14285714285714285,-3.384911316741125,-3.4958587231723492,True,False,True,True,True,False,4,False
stage2__c-0p785__money-equal__income-uniform__growth-random__spend-high_wealth__topo-complete,money-equal__income-uniform__growth-random__spend-high_wealth__topo-complete,0.785,120,equal,uniform,random,high_wealth,0.04,0.2,complete,complete,0,24,1.0,1.0,240.0,247585.54166666663,196.29166666666663,4711,196.29166666666663,0.8178819444444444,0.0241986839312247,3.861388240288686,0.032178235335739,3.0,8.0,15.0,27,2.136276798981108,1.725111441307578,0.4467593865098125,0.5532406134901875,4316.166666666667,15267.0,0.0,0.291326099537037,119.0,1.0,0.0,ok,8.962141004054228,0.8571428571428571,8.962133915919502,0.8095238095238095,-0.11933360029420859,-0.1661610601198964,True,False,True,True,True,False,4,False
stage2__c-0p780__money-pareto__income-uniform__growth-random__spend-high_wealth__topo-complete,money-pareto__income-uniform__growth-random__spend-high_wealth__topo-complete,0.78,120,pareto,uniform,random,high_wealth,0.04,0.2,complete,complete,0,24,1.0,1.0,240.0,235098.25,193.25,4638,193.25,0.8052083333333333,0.0239327296248382,3.653945666235446,0.0304495472186286,3.0,7.0,14.0,24,2.034928848641656,1.6190168175937905,0.4430872720835546,0.5569127279164454,2714.875,16095.666666666666,0.304631324756448,0.2976501474776203,119.0,1.0,0.0,ok,7.037045105816909,0.3333333333333333,7.036895350520391,0.42857142857142855,-0.680756083756576,-0.5860008526953688,True,False,True,True,True,False,4,False
stage2__c-0p780__money-normal__income-uniform__growth-random__spend-high_wealth__topo-complete,money-normal__income-uniform__growth-random__spend-high_wealth__topo-complete,0.78,120,normal,uniform,random,high_wealth,0.04,0.2,complete,complete,0,24,1.0,1.0,240.0,237919.66666666663,196.91666666666663,4726,196.91666666666663,0.8204861111111111,0.0239102835378755,3.631612357173085,0.0302634363097756,3.0,7.0,14.0,23,2.0467625899280577,1.5848497672450277,0.4364038920934568,0.5635961079065431,1568.8333333333333,15802.333333333334,0.2763456546263597,0.2988998064974617,119.0,1.0,0.0,ok,6.447743111671066,0.5238095238095238,6.447544425117635,0.7142857142857143,-1.8378619474731575,-1.752391407638589,True,False,True,True,True,False,4,False
stage2__c-0p785__money-pareto__income-uniform__growth-random__spend-high_wealth__topo-complete,money-pareto__income-uniform__growth-random__spend-high_wealth__topo-complete,0.785,120,pareto,uniform,random,high_wealth,0.04,0.2,complete,complete,0,24,1.0,0.9583333333333334,240.0,244656.8333333333,199.875,4797,199.875,0.8328125,0.0227225349176568,3.766103814884303,0.0313841984573691,3.0,8.0,14.0,25,2.101313320825516,1.6647904940587868,0.4420458319495184,0.5579541680504816,2561.6666666666665,15206.583333333334,0.3201324973925289,0.2988959026546809,119.0,1.0,0.0,ok,5.365347812853787,0.19047619047619047,5.36458767684292,0.047619047619047616,-1.2369301378171005,-1.5507355652019026,True,False,True,True,True,False,4,False
stage2__c-0p595__money-pareto__income-uniform__growth-random__spend-high_both__topo-complete,money-pareto__income-uniform__growth-random__spend-high_both__topo-complete,0.595,120,pareto,uniform,random,high_both,0.04,0.4,complete,complete,0,24,1.0,1.0,240.0,224467.75,197.875,4749,197.875,0.8244791666666667,0.0204253527058328,3.6336070751737206,0.0302800589597809,3.0,7.0,13.0,25,2.060433775531691,1.57317329964203,0.4329508576726935,0.5670491423273064,2023.3333333333333,14094.333333333334,0.3320888104686975,0.2923219772031696,119.0,1.0,0.0,ok,5.533838727609372,0.14285714285714285,5.5333034836186785,0.14285714285714285,-1.4272029454390034,-1.6181858072766548,True,False,True,True,True,False,4,False
stage2__c-0p760__money-equal__income-uniform__growth-random__spend-high_wealth__topo-complete,money-equal__income-uniform__growth-random__spend-high_wealth__topo-complete,0.76,120,equal,uniform,random,high_wealth,0.04,0.2,complete,complete,0,24,1.0,0.9583333333333334,240.0,200646.75,177.83333333333334,4268,177.83333333333334,0.7409722222222223,0.0173383317713214,3.224695407685098,0.0268724617307091,2.0,7.0,13.0,23,1.8226335520149952,1.402061855670103,0.4347889268328126,0.5652110731671874,4931.083333333333,15935.125,0.0,0.2962471064814815,119.0,1.0,0.0,ok,6.618114826697078,0.23809523809523808,6.617973587525758,0.23809523809523808,-0.2854814188916892,-0.3536541187828637,True,True,False,True,True,False,4,False
stage2__c-0p585__money-normal__income-uniform__growth-random__spend-high_both__topo-complete,money-normal__income-uniform__growth-random__spend-high_both__topo-complete,0.585,120,normal,uniform,random,high_both,0.04,0.4,complete,complete,0,24,1.0,1.0,240.0,204688.7083333333,187.83333333333331,4508,187.83333333333331,0.7826388888888889,0.0170807453416149,3.354702750665484,0.0279558562555456,3.0,7.0,13.0,22,1.9263531499556343,1.428349600709849,0.425775309131786,0.5742246908682139,1142.875,14860.291666666666,0.2809507195543216,0.2962559085294183,119.0,1.0,0.0,ok,8.290412275793352,0.23809523809523808,8.290398347888278,0.47619047619047616,-0.483490885984196,-0.5233617839154547,True,True,False,True,True,False,4,False
stage2__c-0p580__money-pareto__income-uniform__growth-random__spend-high_both__topo-complete,money-pareto__income-uniform__growth-random__spend-high_both__topo-complete,0.58,120,pareto,uniform,random,high_both,0.04,0.4,complete,complete,0,24,1.0,1.0,240.0,196563.375,183.5,4404,183.5,0.7645833333333333,0.016802906448683,3.2658946412352408,0.0272157886769603,2.0,7.0,13.0,22,1.8769300635785648,1.3889645776566757,0.4252937495654592,0.5747062504345408,2614.333333333333,14845.375,0.3181426631644719,0.2928448141872552,119.0,1.0,0.0,ok,7.451897206976658,0.6190476190476191,7.451870918482179,0.6190476190476191,-0.5427090473542613,-0.5311501474092735,True,True,False,True,True,False,4,False
stage2__c-0p755__money-pareto__income-uniform__growth-random__spend-high_wealth__topo-complete,money-pareto__income-uniform__growth-random__spend-high_wealth__topo-complete,0.755,120,pareto,uniform,random,high_wealth,0.04,0.2,complete,complete,0,24,1.0,1.0,240.0,191306.5833333333,175.95833333333334,4223,175.95833333333334,0.7331597222222223,0.0158654984608098,3.114847264977504,0.0259570605414791,2.0,6.0,12.779999999999744,21,1.801562869997632,1.313284394979872,0.421620799756728,0.578379200243272,2268.2916666666665,16619.041666666668,0.3386553373512938,0.2933352922535037,119.0,1.0,0.0,ok,7.14109123677439,0.14285714285714285,7.14104132009482,0.14285714285714285,-1.2501188459300279,-1.433364025601602,True,True,False,True,True,False,4,False
stage2__c-0p750__money-normal__income-uniform__growth-random__spend-high_wealth__topo-complete,money-normal__income-uniform__growth-random__spend-high_wealth__topo-complete,0.75,120,normal,uniform,random,high_wealth,0.04,0.2,complete,complete,0,24,1.0,0.9583333333333334,240.0,185879.54166666663,169.5,4068,169.5,0.70625,0.0152409046214355,3.001229105211406,0.0250102425434283,2.0,6.0,12.329999999999927,23,1.725417895771878,1.275811209439528,0.4250962404783356,0.5749037595216644,1313.75,17024.416666666668,0.2743713187245959,0.3020233459836592,119.0,1.0,0.0,ok,6.4222201704936825,0.7142857142857143,6.422011426841005,0.3333333333333333,-0.4547667683448715,-0.4041116965000908,True,True,False,True,True,False,4,False
stage2__c-0p575__money-equal__income-uniform__growth-random__spend-high_both__topo-complete,money-equal__income-uniform__growth-random__spend-high_both__topo-complete,0.575,120,equal,uniform,random,high_both,0.04,0.4,complete,complete,0,24,1.0,1.0,240.0,190100.0833333333,174.58333333333334,4190,174.58333333333334,0.7274305555555556,0.015035799522673,3.158233890214797,0.0263186157517899,2.0,6.0,13.0,22,1.8040572792362768,1.3541766109785205,0.4287765434897604,0.5712234565102395,5470.75,16091.5,0.0,0.2913680555555556,119.0,1.0,0.0,ok,5.673362334657939,0.6666666666666666,5.672962955471252,0.5714285714285714,-0.9399374879431619,-0.9975170373339197,True,True,False,True,True,False,4,False
stage2__c-0p755__money-normal__income-uniform__growth-random__spend-high_wealth__topo-complete,money-normal__income-uniform__growth-random__spend-high_wealth__topo-complete,0.755,120,normal,uniform,random,high_wealth,0.04,0.2,complete,complete,0,24,1.0,1.0,240.0,189361.125,177.625,4263,177.625,0.7401041666666667,0.0140745953553835,3.0919540229885056,0.0257662835249041,2.0,6.0,12.38000000000011,26,1.77762139338494,1.3143326296035656,0.4250815567862833,0.5749184432137168,1192.0,16817.916666666668,0.2793302513175698,0.3011153838792095,119.0,1.0,0.0,ok,5.511323266644491,0.09523809523809523,5.51076234013739,0.2857142857142857,-2.007256330574734,-1.9738066150066031,True,True,False,True,True,False,4,False
stage2__c-0p585__money-pareto__income-uniform__growth-random__spend-high_both__topo-complete,money-pareto__income-uniform__growth-random__spend-high_both__topo-complete,0.585,120,pareto,uniform,random,high_both,0.04,0.4,complete,complete,0,24,1.0,0.9583333333333334,240.0,206461.3333333333,187.0,4488,187.0,0.7791666666666667,0.0140374331550802,3.4024064171122994,0.0283533868092691,3.0,7.0,13.0,21,1.943404634581105,1.4590017825311945,0.428814669286182,0.5711853307138179,2718.75,15138.75,0.3198192559343347,0.2933750687306609,119.0,1.0,0.0,ok,5.694440649292511,0.09523809523809523,5.694058314522966,0.19047619047619047,-1.8911659552554776,-1.6543340643819278,True,True,False,True,True,False,4,False
stage2__c-0p580__money-normal__income-uniform__growth-random__spend-high_both__topo-complete,money-normal__income-uniform__growth-random__spend-high_both__topo-complete,0.58,120,normal,uniform,random,high_both,0.04,0.4,complete,complete,0,24,1.0,0.9166666666666666,240.0,199970.5,184.58333333333331,4430,184.58333333333331,0.7690972222222222,0.0139954853273137,3.2507900677200903,0.0270899172310007,2.0,7.0,12.0,23,1.875846501128668,1.374943566591422,0.4229567391153392,0.5770432608846607,1797.6666666666667,15719.125,0.2738226258519499,0.2900757484380606,119.0,1.0,0.0,ok,6.261679809274574,0.42857142857142855,6.261494643662426,0.5238095238095238,-0.30319011695007436,-0.4453705244975126,True,True,False,True,True,False,4,False
stage2__c-0p755__money-equal__income-uniform__growth-random__spend-high_wealth__topo-complete,money-equal__income-uniform__growth-random__spend-high_wealth__topo-complete,0.755,120,equal,uniform,random,high_wealth,0.04,0.2,complete,complete,0,24,1.0,0.875,240.0,192351.66666666663,172.08333333333334,4130,172.08333333333334,0.7170138888888888,0.0135593220338983,3.1300242130750604,0.0260835351089588,2.0,6.0,12.0,20,1.7878934624697336,1.3421307506053268,0.4287924499110389,0.5712075500889611,5383.25,16017.041666666666,0.0,0.299935474537037,119.0,1.0,0.0,ok,4.88308794536881,0.14285714285714285,4.882187446216352,0.14285714285714285,-3.204358711033402,-3.0851249657333293,True,True,False,True,True,False,4,False
stage2__c-0p565__money-normal__income-uniform__growth-random__spend-high_both__topo-complete,money-normal__income-uniform__growth-random__spend-high_both__topo-complete,0.565,120,normal,uniform,random,high_both,0.04,0.4,complete,complete,0,24,1.0,0.9166666666666666,240.0,171044.79166666666,169.58333333333334,4070,169.58333333333334,0.7065972222222222,0.0132678132678132,2.887714987714988,0.0240642915642915,2.0,6.0,12.0,23,1.693120393120393,1.1945945945945946,0.4136816132051391,0.5863183867948609,1201.0,15522.291666666666,0.2789170145079659,0.2844065440375734,119.0,1.0,0.0,ok,7.478812834768661,0.42857142857142855,7.47877165997506,0.6190476190476191,-0.3132000698316131,-0.29312662621297925,True,True,False,True,True,False,4,False
stage2__c-0p750__money-pareto__income-uniform__growth-random__spend-high_wealth__topo-complete,money-pareto__income-uniform__growth-random__spend-high_wealth__topo-complete,0.75,120,pareto,uniform,random,high_wealth,0.04,0.2,complete,complete,0,24,1.0,0.9166666666666666,240.0,181500.0833333333,171.75,4122,171.75,0.715625,0.0128578360019408,2.959970887918486,0.0246664240659873,2.0,6.0,12.0,22,1.720524017467249,1.2394468704512374,0.4187361691664618,0.5812638308335383,2902.9166666666665,17063.791666666668,0.3008090429048244,0.2944877747695089,119.0,1.0,0.0,ok,4.599072181878103,0.6190476190476191,4.597374257544284,0.8571428571428571,-1.5520073264262457,-2.054366867417743,True,True,False,True,True,False,4,False
stage2__c-0p565__money-pareto__income-uniform__growth-random__spend-high_both__topo-complete,money-pareto__income-uniform__growth-random__spend-high_both__topo-complete,0.565,120,pareto,uniform,random,high_both,0.04,0.4,complete,complete,0,24,1.0,0.9166666666666666,240.0,171466.95833333334,166.875,4005,166.875,0.6953125,0.0124843945068664,2.9540574282147314,0.0246171452351227,2.0,6.0,12.0,23,1.7101123595505618,1.2439450686641698,0.4210971177415264,0.5789028822584735,2592.4166666666665,16279.291666666666,0.3398012773391099,0.2924904736215524,119.0,1.0,0.0,ok,5.39007676545431,0.14285714285714285,5.38935463959894,0.09523809523809523,-0.8667598442882722,-1.0194976323822589,True,True,False,True,True,False,4,False
stage2__c-0p735__money-equal__income-uniform__growth-random__spend-high_wealth__topo-complete,money-equal__income-uniform__growth-random__spend-high_wealth__topo-complete,0.735,120,equal,uniform,random,high_wealth,0.04,0.2,complete,complete,0,24,1.0,0.875,240.0,161873.29166666666,154.66666666666666,3712,154.66666666666666,0.6444444444444445,0.011853448275862,2.7505387931034484,0.0229211566091953,2.0,5.0,12.0,23,1.6344288793103448,1.1161099137931034,0.4057786483839373,0.5942213516160627,5339.291666666667,17890.583333333332,0.0,0.3004100115740741,119.0,1.0,0.0,ok,5.06789850291091,0.47619047619047616,5.066496057881504,0.47619047619047616,-1.3902733152589386,-1.1507232088240116,True,True,False,True,True,False,4,False
stage2__c-0p570__money-equal__income-uniform__growth-random__spend-high_both__topo-complete,money-equal__income-uniform__growth-random__spend-high_both__topo-complete,0.57,120,equal,uniform,random,high_both,0.04,0.4,complete,complete,0,24,1.0,0.9166666666666666,240.0,180337.79166666663,172.16666666666666,4132,172.16666666666666,0.7173611111111111,0.0113746369796708,3.01621490803485,0.0251351242336237,2.0,6.0,12.0,21,1.7754114230396902,1.2408034849951597,0.4113776779266629,0.5886223220733371,5695.041666666667,16359.208333333334,0.0,0.2941588541666667,119.0,1.0,0.0,ok,6.190000585613113,0.5238095238095238,6.189786413975667,0.7142857142857143,-0.5574132219363612,-0.48670727343633136,True,True,False,True,True,False,4,False
stage2__c-0p740__money-pareto__income-uniform__growth-random__spend-high_wealth__topo-complete,money-pareto__income-uniform__growth-random__spend-high_wealth__topo-complete,0.74,120,pareto,uniform,random,high_wealth,0.04,0.2,complete,complete,0,24,1.0,0.9166666666666666,240.0,168350.83333333334,165.375,3969,165.375,0.6890625,0.0113378684807256,2.7838246409674983,0.0231985386747291,2.0,6.0,13.0,24,1.6449987402368356,1.1388259007306627,0.4090867951850846,0.5909132048149154,2748.583333333333,17349.541666666668,0.3157709789589278,0.2959505543883144,119.0,1.0,0.0,ok,6.506210973814809,0.8095238095238095,6.505942428709725,0.7619047619047619,-0.3607727319483629,-0.3190554267712127,True,True,False,True,True,False,4,False
stage2__c-0p730__money-normal__income-uniform__growth-random__spend-high_wealth__topo-complete,money-normal__income-uniform__growth-random__spend-high_wealth__topo-complete,0.73,120,normal,uniform,random,high_wealth,0.04,0.2,complete,complete,0,24,1.0,0.9166666666666666,240.0,154647.95833333334,152.04166666666666,3649,152.04166666666666,0.6335069444444444,0.0112359550561797,2.676075637160866,0.0223006303096738,2.0,5.0,12.0,23,1.5974239517676077,1.0786516853932584,0.4030721966205837,0.5969278033794163,1044.7916666666667,18745.08333333333,0.2753185927713066,0.2954852640847291,119.0,1.0,0.0,ok,4.669269955793063,0.047619047619047616,4.667817161946426,0.047619047619047616,1.2214612334528834,-0.5062398725367174,True,True,False,True,False,True,4,False
stage2__c-0p550__money-pareto__income-uniform__growth-random__spend-high_both__topo-complete,money-pareto__income-uniform__growth-random__spend-high_both__topo-complete,0.55,120,pareto,uniform,random,high_both,0.04,0.4,complete,complete,0,24,1.0,0.8333333333333334,240.0,147248.04166666666,150.08333333333334,3602,150.08333333333334,0.6253472222222223,0.0102720710716268,2.5777345918933925,0.0214811215991115,2.0,5.0,11.989999999999782,19,1.5430316490838425,1.0347029428095502,0.4014001077005923,0.5985998922994077,2635.5,17281.333333333332,0.3079082249754883,0.2961637784664249,119.0,1.0,0.0,ok,7.133731102837528,0.14285714285714285,7.133680440008178,0.09523809523809523,-0.5153703189995047,-0.4553749189415095,True,True,False,True,True,False,4,False
stage2__c-0p545__money-normal__income-uniform__growth-random__spend-high_both__topo-complete,money-normal__income-uniform__growth-random__spend-high_both__topo-complete,0.545,120,normal,uniform,random,high_both,0.04,0.4,complete,complete,0,24,1.0,0.875,240.0,138584.16666666666,144.125,3459,144.125,0.6005208333333333,0.0101185313674472,2.5169124024284475,0.020974270020237,2.0,5.0,11.420000000000073,25,1.5206707140792135,0.996241688349234,0.3958189754192511,0.604181024580749,1428.0,17930.666666666668,0.2782536658840224,0.2881049525263539,119.0,1.0,0.0,ok,3.90590443814236,0.09523809523809523,3.9024409836201834,0.19047619047619047,-1.7225499443665515,-3.5723458637232994,True,True,False,True,True,False,4,False
stage2__c-0p735__money-normal__income-uniform__growth-random__spend-high_wealth__topo-complete,money-normal__income-uniform__growth-random__spend-high_wealth__topo-complete,0.735,120,normal,uniform,random,high_wealth,0.04,0.2,complete,complete,0,24,1.0,0.7083333333333334,240.0,160646.29166666666,156.91666666666666,3766,156.91666666666666,0.6538194444444444,0.0100902814657461,2.7073818374933616,0.0225615153124446,2.0,6.0,11.349999999999907,24,1.619490175252257,1.0878916622411046,0.4018242448018831,0.5981757551981169,1348.4166666666667,18674.58333333333,0.2750764592899681,0.2989955022649116,119.0,1.0,0.0,ok,5.1192164216826805,0.14285714285714285,5.118379037866396,0.14285714285714285,-0.8032382356445622,-0.9609577665629581,True,True,False,True,True,False,4,False
stage2__c-0p720__money-pareto__income-uniform__growth-random__spend-high_wealth__topo-complete,money-pareto__income-uniform__growth-random__spend-high_wealth__topo-complete,0.72,120,pareto,uniform,random,high_wealth,0.04,0.2,complete,complete,0,24,1.0,0.7916666666666666,240.0,141912.375,143.70833333333334,3449,143.70833333333334,0.5987847222222222,0.0098579298347347,2.487097709481009,0.020725814245675,2.0,5.0,11.0,27,1.5053638735865469,0.9817338358944622,0.3947307064583819,0.6052692935416181,2364.25,20164.58333333333,0.3352972125131954,0.2903835395630918,119.0,1.0,0.0,ok,4.18080766712683,0.3333333333333333,4.177969406175461,0.5238095238095238,-0.22453095193939454,-1.5670654523932654,True,True,False,True,True,False,4,False
stage2__c-0p725__money-equal__income-uniform__growth-random__spend-high_wealth__topo-complete,money-equal__income-uniform__growth-random__spend-high_wealth__topo-complete,0.725,120,equal,uniform,random,high_wealth,0.04,0.2,complete,complete,0,24,1.0,0.6666666666666666,240.0,148335.91666666666,146.125,3507,146.125,0.6088541666666667,0.0094097519247219,2.550042771599658,0.0212503564299971,2.0,5.0,11.0,20,1.5349301397205588,1.0151126318790988,0.3980767080398076,0.6019232919601923,5032.291666666667,20269.875,0.0,0.2979094328703703,119.0,1.0,0.0,ok,4.255371375161637,0.23809523809523808,4.25297947163099,0.19047619047619047,-2.2258905757668463,-2.4863152203119516,True,True,False,True,True,False,4,False
stage2__c-0p720__money-normal__income-uniform__growth-random__spend-high_wealth__topo-complete,money-normal__income-uniform__growth-random__spend-high_wealth__topo-complete,0.72,120,normal,uniform,random,high_wealth,0.04,0.2,complete,complete,0,24,1.0,0.625,240.0,141349.0,144.04166666666666,3457,144.04166666666666,0.6001736111111111,0.0086780445472953,2.5036158518947063,0.0208634654324558,2.0,5.0,11.0,25,1.4998553659242118,1.0037604859704947,0.4009243212016176,0.5990756787983824,1127.0833333333333,18527.125,0.2793404860287051,0.2946214762887268,119.0,1.0,0.0,ok,3.9990188884991875,0.14285714285714285,3.9962506020918735,0.09523809523809523,-0.8126605650739411,-3.006422329400007,True,True,False,True,True,False,4,False
stage2__c-0p545__money-pareto__income-uniform__growth-random__spend-high_both__topo-complete,money-pareto__income-uniform__growth-random__spend-high_both__topo-complete,0.545,120,pareto,uniform,random,high_both,0.04,0.4,complete,complete,0,24,1.0,0.6666666666666666,240.0,139840.58333333334,141.75,3402,141.75,0.590625,0.0085243974132863,2.584950029394474,0.0215412502449539,2.0,5.0,11.0,20,1.5467372134038802,1.0382128159905937,0.4016374801000682,0.5983625198999317,2947.6666666666665,17317.5,0.3050818286367879,0.2905226503671612,119.0,1.0,0.0,ok,4.662296204582718,0.14285714285714285,4.661369865841322,0.2857142857142857,-2.6037729844623554,-2.5027625863760363,True,True,False,True,True,False,4,False
stage2__c-0p690__money-equal__income-uniform__growth-random__spend-high_wealth__topo-complete,money-equal__income-uniform__growth-random__spend-high_wealth__topo-complete,0.69,120,equal,uniform,random,high_wealth,0.04,0.2,complete,complete,0,24,1.0,0.75,240.0,111255.95833333331,110.25,2646,110.25,0.459375,0.0083144368858654,2.1602418745275886,0.0180020156210632,1.0,4.0,11.0,23,1.32010582010582,0.8401360544217688,0.3889083275017495,0.6110916724982505,4455.916666666667,20613.33333333333,0.0,0.2883449074074074,119.0,1.0,0.0,ok,3.048956985336775,0.09523809523809523,3.0425506561624216,0.09523809523809523,15.259781619600444,-6.577836686151011,True,True,False,True,False,True,4,False
stage2__c-0p510__money-equal__income-uniform__growth-random__spend-high_both__topo-complete,money-equal__income-uniform__growth-random__spend-high_both__topo-complete,0.51,120,equal,uniform,random,high_both,0.04,0.4,complete,complete,0,24,1.0,0.6666666666666666,240.0,99422.58333333331,96.66666666666669,2320,96.66666666666669,0.4027777777777778,0.0081896551724137,2.0668103448275863,0.0172234195402298,1.0,4.0,10.809999999999944,21,1.2991379310344828,0.7676724137931035,0.3714285714285714,0.6285714285714286,5737.666666666667,22290.70833333333,0.0,0.2849574652777777,119.0,1.0,0.0,ok,3.065862560538057,0.047619047619047616,3.059761926020541,0.047619047619047616,4.6139252937385224,-7.256256297212115,True,True,False,True,False,True,4,False
stage2__c-0p690__money-normal__income-uniform__growth-random__spend-high_wealth__topo-complete,money-normal__income-uniform__growth-random__spend-high_wealth__topo-complete,0.69,120,normal,uniform,random,high_wealth,0.04,0.2,complete,complete,0,24,1.0,0.625,240.0,111604.75,115.5,2772,115.5,0.48125,0.0075757575757575,2.130952380952381,0.0177579365079364,1.0,4.0,10.0,25,1.3556998556998556,0.7752525252525253,0.3638056543084476,0.6361943456915524,1129.5416666666667,21774.125,0.274398674251247,0.2879246701941937,119.0,1.0,0.0,ok,3.4039927036452604,0.047619047619047616,3.3995580319760994,0.047619047619047616,4.756740599460109,-3.7414681938988426,True,True,False,True,False,True,4,False
stage2__c-0p560__money-equal__income-uniform__growth-random__spend-high_both__topo-complete,money-equal__income-uniform__growth-random__spend-high_both__topo-complete,0.56,120,equal,uniform,random,high_both,0.04,0.4,complete,complete,0,24,1.0,0.6666666666666666,240.0,163796.54166666666,158.45833333333334,3803,158.45833333333334,0.6602430555555555,0.0073626084669997,2.816460688929792,0.0234705057410815,2.0,6.0,11.0,20,1.6623718117275834,1.1540888772022089,0.4097656614695173,0.5902343385304827,5195.041666666667,16840.916666666668,0.0,0.2957251157407407,119.0,1.0,0.0,ok,6.89523707783704,0.47619047619047616,6.895186905419943,0.6190476190476191,-0.32652489818910646,-0.31525533812271256,True,True,False,True,True,False,4,False
stage2__c-0p715__money-normal__income-uniform__growth-random__spend-high_wealth__topo-complete,money-normal__income-uniform__growth-random__spend-high_wealth__topo-complete,0.715,120,normal,uniform,random,high_wealth,0.04,0.2,complete,complete,0,24,1.0,0.6666666666666666,240.0,134627.0,138.375,3321,138.375,0.5765625,0.007226738934056,2.421258657031015,0.0201771554752584,2.0,5.0,10.0,21,1.4570912375790424,0.9641674194519724,0.3982091779629399,0.60179082203706,987.9166666666666,19132.791666666668,0.2777572056579009,0.2898283856518611,119.0,1.0,0.0,ok,4.110892401619572,0.14285714285714285,4.108781562343923,0.23809523809523808,-1.0289329391015203,-2.474544645227285,True,True,False,True,True,False,4,False
stage2__c-0p700__money-equal__income-uniform__growth-random__spend-high_wealth__topo-complete,money-equal__income-uniform__growth-random__spend-high_wealth__topo-complete,0.7,120,equal,uniform,random,high_wealth,0.04,0.2,complete,complete,0,24,1.0,0.625,240.0,121262.20833333331,119.875,2877,119.875,0.4994791666666666,0.0069516857838025,2.282933611400765,0.019024446761673,2.0,5.0,10.0,33,1.370177267987487,0.9127563434132776,0.3998172959805116,0.6001827040194885,4780.083333333333,21035.95833333333,0.0,0.2839415509259259,119.0,1.0,0.0,ok,3.801611437523772,0.047619047619047616,3.20080707755857,0.047619047619047616,4.777411667321456,-0.8741899649623193,True,True,False,True,False,True,4,False
stage2__c-0p695__money-normal__income-uniform__growth-random__spend-high_wealth__topo-complete,money-normal__income-uniform__growth-random__spend-high_wealth__topo-complete,0.695,120,normal,uniform,random,high_wealth,0.04,0.2,complete,complete,0,24,1.0,0.5416666666666666,240.0,114012.66666666669,120.91666666666669,2902,120.91666666666669,0.5038194444444445,0.0068917987594762,2.2370778773259823,0.0186423156443831,1.0,4.0,11.0,23,1.392487939352171,0.8445899379738112,0.3775415896487985,0.6224584103512015,1295.5,19461.625,0.2799028721724759,0.2868686481022373,119.0,1.0,0.0,ok,3.626039778724806,0.14285714285714285,3.6217769955382746,0.047619047619047616,-4.329846355190309,-5.222184273677016,True,True,False,True,True,False,4,False
stage2__c-0p695__money-equal__income-uniform__growth-random__spend-high_wealth__topo-complete,money-equal__income-uniform__growth-random__spend-high_wealth__topo-complete,0.695,120,equal,uniform,random,high_wealth,0.04,0.2,complete,complete,0,24,1.0,0.5833333333333334,240.0,116788.33333333331,115.16666666666669,2764,115.16666666666669,0.4798611111111111,0.0068740955137481,2.240231548480463,0.0186685962373371,2.0,4.0,11.0,23,1.3614327062228655,0.8787988422575976,0.3922803617571059,0.6077196382428941,5471.416666666667,20426.58333333333,0.0,0.289107349537037,119.0,1.0,0.0,ok,3.0535459925728174,0.047619047619047616,3.047224098016777,0.09523809523809523,10.972814729946307,-8.934707920382264,True,True,False,True,False,True,4,False
stage2__c-0p495__money-pareto__income-uniform__growth-random__spend-high_both__topo-complete,money-pareto__income-uniform__growth-random__spend-high_both__topo-complete,0.495,120,pareto,uniform,random,high_both,0.04,0.4,complete,complete,0,24,1.0,0.4583333333333333,240.0,85481.33333333333,79.0,1896,79.0,0.3291666666666666,0.0068565400843881,1.8876582278481011,0.0157304852320674,1.0,4.0,10.0,17,1.2178270042194093,0.669831223628692,0.3548477228276054,0.6451522771723945,2821.25,24894.0,0.3329628063488854,0.2779728568578756,119.0,1.0,0.0,ok,3.048379425102779,0.047619047619047616,3.0419624976262334,0.09523809523809523,2.5425618988839256,-4.956467223965259,True,True,False,True,False,True,4,False
stage2__c-0p525__money-equal__income-uniform__growth-random__spend-high_both__topo-complete,money-equal__income-uniform__growth-random__spend-high_both__topo-complete,0.525,120,equal,uniform,random,high_both,0.04,0.4,complete,complete,0,24,1.0,0.5416666666666666,240.0,114951.25,116.29166666666669,2791,116.29166666666669,0.4845486111111111,0.0060910068075958,2.2300250806162665,0.0185835423384688,2.0,4.0,10.099999999999907,23,1.3704765317090648,0.8595485489072017,0.3854434447300771,0.6145565552699229,5255.083333333333,19551.291666666668,0.0,0.2844563078703704,119.0,1.0,0.0,ok,3.6897782475224616,0.19047619047619047,3.6861507410903953,0.23809523809523808,-2.146070982614421,-3.6698639495756162,True,True,False,True,True,False,4,False
stage2__c-0p505__money-equal__income-uniform__growth-random__spend-high_both__topo-complete,money-equal__income-uniform__growth-random__spend-high_both__topo-complete,0.505,120,equal,uniform,random,high_both,0.04,0.4,complete,complete,0,24,1.0,0.4166666666666667,240.0,94355.25,88.95833333333333,2135,88.95833333333333,0.3706597222222222,0.0060889929742388,2.008430913348946,0.0167369242779078,1.0,4.0,10.0,29,1.2491803278688525,0.7592505854800937,0.3780317164179104,0.6219682835820896,5449.0,22578.70833333333,0.0,0.2749502314814815,119.0,1.0,0.0,ok,3.2986028688438944,0.09523809523809523,3.2927171606602945,0.047619047619047616,0.4999557472796017,-3.6508355723719985,True,True,False,True,False,True,4,False
stage2__c-0p515__money-normal__income-uniform__growth-random__spend-high_both__topo-complete,money-normal__income-uniform__growth-random__spend-high_both__topo-complete,0.515,120,normal,uniform,random,high_both,0.04,0.4,complete,complete,0,24,1.0,0.4583333333333333,240.0,105141.75,103.29166666666669,2479,103.29166666666669,0.4303819444444444,0.0056474384832593,2.075837031060912,0.0172986419255075,1.0,4.0,10.0,20,1.2944735780556675,0.781363453005244,0.3764088612514574,0.6235911387485426,1346.125,22526.041666666668,0.275611224776862,0.2869328170787418,119.0,1.0,0.0,ok,4.38264975942677,0.47619047619047616,4.380867154328407,0.42857142857142855,-0.5607536533795259,-0.8379385832627406,True,True,False,True,True,False,4,False
stage2__c-0p490__money-equal__income-uniform__growth-random__spend-high_both__topo-complete,money-equal__income-uniform__growth-random__spend-high_both__topo-complete,0.49,120,equal,uniform,random,high_both,0.04,0.4,complete,complete,0,24,1.0,0.3333333333333333,240.0,82432.25,71.75,1722,71.75,0.2989583333333333,0.0052264808362369,1.9099883855981417,0.0159165698799844,1.0,4.0,10.0,19,1.1980255516840883,0.7119628339140535,0.3727576771055031,0.6272423228944968,5916.0,25011.791666666668,0.0,0.2792314814814815,119.0,1.0,0.0,ok,3.5915996394102923,0.14285714285714285,3.586949816931072,0.14285714285714285,-0.10062139068889242,-1.3589036814215247,True,True,False,True,True,False,4,False
stage2__c-0p540__money-pareto__income-uniform__growth-random__spend-high_both__topo-complete,money-pareto__income-uniform__growth-random__spend-high_both__topo-complete,0.54,120,pareto,uniform,random,high_both,0.04,0.4,complete,complete,0,24,1.0,0.625,240.0,133063.125,137.54166666666666,3301,137.54166666666666,0.5730902777777778,0.0051499545592244,2.4013935171160257,0.0200116126426335,2.0,5.0,10.0,17,1.467737049378976,0.9336564677370494,0.3887977797401287,0.6112022202598714,2673.958333333333,19039.70833333333,0.3236221837256889,0.2874993560188301,119.0,1.0,0.0,ok,5.6446538345802075,0.47619047619047616,5.644496184484051,0.7142857142857143,-1.0980932564068722,-0.9968019792619902,True,True,False,True,True,False,4,False
stage2__c-0p800__money-pareto__income-uniform__growth-random__spend-high_wealth__topo-complete,money-pareto__income-uniform__growth-random__spend-high_wealth__topo-complete,0.8,120,pareto,uniform,random,high_wealth,0.04,0.2,complete,complete,0,24,1.0,1.0,240.0,273738.1666666667,208.625,5007,208.625,0.8692708333333333,0.0329538645895746,4.139005392450569,0.0344917116037547,3.0,8.0,15.0,24,2.276812462552426,1.8621929298981423,0.4499131441806601,0.5500868558193399,3050.208333333333,15451.791666666666,0.3382117323291516,0.3004199932169358,119.0,1.0,0.0,ok,4.985671052552057,0.047619047619047616,4.984554864054773,0.047619047619047616,-6.939169534951827,-6.195417168998592,True,False,True,True,False,False,3,False
stage2__c-0p800__money-equal__income-uniform__growth-random__spend-high_wealth__topo-complete,money-equal__income-uniform__growth-random__spend-high_wealth__topo-complete,0.8,120,equal,uniform,random,high_wealth,0.04,0.2,complete,complete,0,24,1.0,1.0,240.0,276848.9166666667,204.75,4914,204.75,0.853125,0.0303215303215303,4.265974765974766,0.0355497897164563,3.0,9.0,14.0,23,2.327635327635328,1.9383394383394383,0.4543719887420693,0.5456280112579306,4716.875,14418.458333333334,0.0,0.2949409722222222,119.0,1.0,0.0,ok,5.711139404577478,0.047619047619047616,5.710770443459871,0.047619047619047616,-5.960559055719466,-5.783788441338983,True,False,True,True,False,False,3,False
stage2__c-0p790__money-equal__income-uniform__growth-random__spend-high_wealth__topo-complete,money-equal__income-uniform__growth-random__spend-high_wealth__topo-complete,0.79,120,equal,uniform,random,high_wealth,0.04,0.2,complete,complete,0,24,1.0,1.0,240.0,257383.7083333333,199.04166666666663,4777,199.04166666666663,0.8293402777777777,0.0278417416788779,3.969855557881516,0.0330821296490126,3.0,8.0,14.0,20,2.15700230270044,1.812853255181076,0.4566547141953174,0.5433452858046826,4709.875,14530.125,0.0,0.2960931712962962,119.0,1.0,0.0,ok,5.567044578401205,0.047619047619047616,5.566545244724468,0.047619047619047616,-7.540006949704537,-8.148410415592354,True,False,True,True,False,False,3,False
stage2__c-0p790__money-pareto__income-uniform__growth-random__spend-high_wealth__topo-complete,money-pareto__income-uniform__growth-random__spend-high_wealth__topo-complete,0.79,120,pareto,uniform,random,high_wealth,0.04,0.2,complete,complete,0,24,1.0,1.0,240.0,254603.04166666663,203.375,4881,203.375,0.8473958333333333,0.0262241343986887,3.917434951854128,0.032645291265451,3.0,8.0,14.0,21,2.1770129071911493,1.740422044662979,0.4442759269912661,0.5557240730087338,2197.458333333333,15419.958333333334,0.3422935406232043,0.2988458409129284,119.0,1.0,0.0,ok,5.725702362685427,0.047619047619047616,5.725344466866634,0.09523809523809523,-5.723628883578538,-5.461350526357544,True,False,True,True,False,False,3,False
stage2__c-0p785__money-normal__income-uniform__growth-random__spend-high_wealth__topo-complete,money-normal__income-uniform__growth-random__spend-high_wealth__topo-complete,0.785,120,normal,uniform,random,high_wealth,0.04,0.2,complete,complete,0,24,1.0,1.0,240.0,249689.8333333333,200.70833333333331,4817,200.70833333333331,0.8362847222222223,0.0249117708117085,3.720157774548474,0.0310013147879039,3.0,7.0,14.0,23,2.0797176665974675,1.640440107951007,0.4409598214285714,0.5590401785714286,1479.0,16407.375,0.2762029415259646,0.2985846492251038,119.0,1.0,0.0,ok,4.9162710348911665,0.047619047619047616,4.9149763468940435,0.047619047619047616,-7.667297609255544,-7.071129064169397,True,False,True,True,False,False,3,False
stage2__c-0p595__money-normal__income-uniform__growth-random__spend-high_both__topo-complete,money-normal__income-uniform__growth-random__spend-high_both__topo-complete,0.595,120,normal,uniform,random,high_both,0.04,0.4,complete,complete,0,24,1.0,1.0,240.0,226990.75,194.79166666666663,4675,194.79166666666663,0.8116319444444444,0.0237433155080213,3.6132620320855615,0.0301105169340463,3.0,7.0,14.0,22,2.0357219251336898,1.5775401069518715,0.436597205777883,0.563402794222117,1663.0,14655.0,0.2757403849741295,0.2891407940524277,119.0,1.0,0.0,ok,4.626603397794791,0.047619047619047616,4.625006044470613,0.047619047619047616,-8.12739056679805,-7.428115496329674,True,False,True,True,False,False,3,False
stage2__c-0p775__money-pareto__income-uniform__growth-random__spend-high_wealth__topo-complete,money-pareto__income-uniform__growth-random__spend-high_wealth__topo-complete,0.775,120,pareto,uniform,random,high_wealth,0.04,0.2,complete,complete,0,24,1.0,1.0,240.0,226342.79166666663,192.79166666666663,4627,192.79166666666663,0.8032986111111111,0.0205316619840069,3.5470066998054897,0.0295583891650457,3.0,7.0,14.0,24,1.9987032634536417,1.5483034363518478,0.4365098708262247,0.5634901291737753,2705.833333333333,16043.416666666666,0.3222452494045476,0.3004612242427262,119.0,1.0,0.0,ok,4.2569684975928,0.047619047619047616,4.254585634397944,0.047619047619047616,-15.84071637567424,-14.915639375245988,True,False,True,True,False,False,3,False
stage2__c-0p775__money-normal__income-uniform__growth-random__spend-high_wealth__topo-complete,money-normal__income-uniform__growth-random__spend-high_wealth__topo-complete,0.775,120,normal,uniform,random,high_wealth,0.04,0.2,complete,complete,0,24,1.0,1.0,240.0,228871.8333333333,193.08333333333331,4634,193.08333333333331,0.8045138888888889,0.018990073370738,3.5062580923608118,0.02921881743634,3.0,7.0,13.0,22,1.9736728528269316,1.53258523953388,0.4370999507631709,0.5629000492368291,1541.2083333333333,16704.375,0.2721145684263534,0.2970122747683345,119.0,1.0,0.0,ok,7.302120040684911,0.47619047619047616,7.302061662159954,0.3333333333333333,-0.4279514746265236,-0.36726606645398174,True,False,False,True,True,False,3,False
stage2__c-0p590__money-normal__income-uniform__growth-random__spend-high_both__topo-complete,money-normal__income-uniform__growth-random__spend-high_both__topo-complete,0.59,120,normal,uniform,random,high_both,0.04,0.4,complete,complete,0,24,1.0,1.0,240.0,213532.04166666663,193.16666666666663,4636,193.16666666666663,0.8048611111111111,0.0189818809318377,3.5127264883520275,0.0292727207362668,3.0,7.0,13.0,21,1.9855478861087144,1.5271786022433131,0.434755910346945,0.565244089653055,1352.25,14122.166666666666,0.2793748634900212,0.2938640761091033,119.0,1.0,0.0,ok,5.531590764259295,0.14285714285714285,5.531053295933362,0.19047619047619047,-3.7376747280553575,-3.480652411092561,True,False,False,True,True,False,3,False
stage2__c-0p770__money-equal__income-uniform__growth-random__spend-high_wealth__topo-complete,money-equal__income-uniform__growth-random__spend-high_wealth__topo-complete,0.77,120,equal,uniform,random,high_wealth,0.04,0.2,complete,complete,0,24,1.0,1.0,240.0,218965.625,185.66666666666663,4456,185.66666666666663,0.7736111111111111,0.018850987432675,3.4311041292639137,0.0285925344105325,3.0,7.0,13.0,29,1.9176391382405744,1.513464991023339,0.4411014454836811,0.5588985545163189,5243.083333333333,16640.291666666668,0.0,0.3027514467592593,119.0,1.0,0.0,ok,4.272192118399691,0.047619047619047616,4.26989120603991,0.047619047619047616,-7.766362488042199,-8.687701321134847,True,True,False,True,False,False,3,False
stage2__c-0p595__money-equal__income-uniform__growth-random__spend-high_both__topo-complete,money-equal__income-uniform__growth-random__spend-high_both__topo-complete,0.595,120,equal,uniform,random,high_both,0.04,0.4,complete,complete,0,24,1.0,1.0,240.0,226720.3333333333,194.66666666666663,4672,194.66666666666663,0.8111111111111111,0.0186215753424657,3.685359589041096,0.0307113299086757,3.0,7.0,13.0,20,2.0877568493150687,1.5976027397260273,0.4334998257637356,0.5665001742362644,5406.791666666667,14438.666666666666,0.0,0.3021519097222222,119.0,1.0,0.0,ok,6.346669935310638,0.2857142857142857,6.346514973927614,0.2857142857142857,-0.9994912826499753,-0.8933907719681491,True,False,False,True,True,False,3,False
stage2__c-0p770__money-pareto__income-uniform__growth-random__spend-high_wealth__topo-complete,money-pareto__income-uniform__growth-random__spend-high_wealth__topo-complete,0.77,120,pareto,uniform,random,high_wealth,0.04,0.2,complete,complete,0,24,1.0,1.0,240.0,217002.4583333333,187.41666666666663,4498,187.41666666666663,0.7809027777777777,0.0184526456202756,3.4406402845709203,0.0286720023714243,3.0,7.0,13.0,20,1.9413072476656288,1.4993330369052913,0.4357715171879038,0.5642284828120961,2682.208333333333,16238.416666666666,0.3074296046248336,0.2979544481433949,119.0,1.0,0.0,ok,4.699193458133445,0.047619047619047616,4.697834241437335,0.047619047619047616,-8.769154747590107,-7.860757125068419,True,True,False,True,False,False,3,False
stage2__c-0p765__money-equal__income-uniform__growth-random__spend-high_wealth__topo-complete,money-equal__income-uniform__growth-random__spend-high_wealth__topo-complete,0.765,120,equal,uniform,random,high_wealth,0.04,0.2,complete,complete,0,24,1.0,0.9583333333333334,240.0,208405.5833333333,180.08333333333334,4322,180.08333333333334,0.7503472222222223,0.0182785747339194,3.3660342434058306,0.0280502853617152,3.0,7.0,13.0,25,1.896344285053216,1.4696899583526146,0.4366235908715974,0.5633764091284025,4913.166666666667,16083.958333333334,0.0,0.3036495949074074,119.0,1.0,0.0,ok,4.660867301428823,0.047619047619047616,4.659386842858647,0.047619047619047616,-7.35263748695593,-6.962141409418268,True,True,False,True,False,False,3,False
stage2__c-0p590__money-pareto__income-uniform__growth-random__spend-high_both__topo-complete,money-pareto__income-uniform__growth-random__spend-high_both__topo-complete,0.59,120,pareto,uniform,random,high_both,0.04,0.4,complete,complete,0,24,1.0,1.0,240.0,214966.41666666663,193.125,4635,193.125,0.8046875,0.0166127292340884,3.495577130528587,0.0291298094210715,3.0,7.0,12.659999999999854,23,1.9939590075512408,1.5016181229773462,0.4295765954820392,0.5704234045179607,2805.625,14314.083333333334,0.319115720734828,0.2904453946540155,119.0,1.0,0.0,ok,6.129606784339889,0.3333333333333333,6.12936412163546,0.3333333333333333,-0.6252357951118925,-0.6898699812522553,True,False,False,True,True,False,3,False
stage2__c-0p760__money-normal__income-uniform__growth-random__spend-high_wealth__topo-complete,money-normal__income-uniform__growth-random__spend-high_wealth__topo-complete,0.76,120,normal,uniform,random,high_wealth,0.04,0.2,complete,complete,0,24,1.0,0.9583333333333334,240.0,205791.5833333333,177.125,4251,177.125,0.7380208333333333,0.0164667137144201,3.1557280639849448,0.0262977338665411,2.0,6.0,13.0,26,1.7859327217125385,1.3697953422724063,0.4340663436451733,0.5659336563548267,1830.6666666666667,16956.416666666668,0.2708848321178884,0.3036452740526297,119.0,1.0,0.0,ok,4.094105959698909,0.047619047619047616,4.090646583395526,0.047619047619047616,-4.037573757537809,-5.453255896218545,True,True,False,True,False,False,3,False
stage2__c-0p765__money-normal__income-uniform__growth-random__spend-high_wealth__topo-complete,money-normal__income-uniform__growth-random__spend-high_wealth__topo-complete,0.765,120,normal,uniform,random,high_wealth,0.04,0.2,complete,complete,0,24,1.0,1.0,240.0,210918.0,185.08333333333331,4442,185.08333333333331,0.7711805555555555,0.0155335434488968,3.2780279153534444,0.027316899294612,3.0,6.0,12.0,27,1.8768572714993248,1.4011706438541198,0.4274431701119429,0.5725568298880571,1006.9583333333334,16878.416666666668,0.279078703615343,0.3028121172428743,119.0,1.0,0.0,ok,4.758373567546329,0.09523809523809523,4.7571825152721745,0.047619047619047616,-3.143180727070229,-3.6268819224956315,True,True,False,True,False,False,3,False
stage2__c-0p580__money-equal__income-uniform__growth-random__spend-high_both__topo-complete,money-equal__income-uniform__growth-random__spend-high_both__topo-complete,0.58,120,equal,uniform,random,high_both,0.04,0.4,complete,complete,0,24,1.0,0.9583333333333334,240.0,199086.875,178.25,4278,178.25,0.7427083333333333,0.0149602618045815,3.314633006077606,0.0276219417173133,3.0,7.0,12.0,28,1.871435250116877,1.4431977559607294,0.4354019746121297,0.5645980253878703,5353.708333333333,15284.666666666666,0.0,0.2944762731481482,119.0,1.0,0.0,ok,5.315226026886187,0.047619047619047616,5.314677950254157,0.047619047619047616,-2.9936381481273977,-3.042136370559643,True,True,False,True,False,False,3,False
stage2__c-0p575__money-normal__income-uniform__growth-random__spend-high_both__topo-complete,money-normal__income-uniform__growth-random__spend-high_both__topo-complete,0.575,120,normal,uniform,random,high_both,0.04,0.4,complete,complete,0,24,1.0,0.9166666666666666,240.0,188828.0,180.58333333333331,4334,180.58333333333331,0.7524305555555556,0.0126903553299492,3.110982925703738,0.0259248577141977,2.0,6.0,12.0,23,1.804107060452238,1.3068758652514998,0.4200845509159682,0.5799154490840317,1159.5833333333333,15719.375,0.2796767301746221,0.2884704070195172,119.0,1.0,0.0,ok,5.348772763167545,0.09523809523809523,5.348263775263428,0.09523809523809523,-2.841654037832364,-2.7314724076881096,True,True,False,True,False,False,3,False
stage2__c-0p745__money-pareto__income-uniform__growth-random__spend-high_wealth__topo-complete,money-pareto__income-uniform__growth-random__spend-high_wealth__topo-complete,0.745,120,pareto,uniform,random,high_wealth,0.04,0.2,complete,complete,0,24,1.0,0.875,240.0,175184.04166666666,169.83333333333334,4076,169.83333333333334,0.7076388888888889,0.0117762512266928,2.852306182531894,0.0237692181877657,2.0,6.0,12.0,20,1.6798331697742883,1.1724730127576055,0.4110614140719077,0.5889385859280922,2612.458333333333,17597.833333333332,0.3240586507981088,0.2901926528925824,119.0,1.0,0.0,ok,4.403331212377869,0.09523809523809523,4.401632237033512,0.047619047619047616,-4.661028758378295,-4.410506680526696,True,True,False,True,False,False,3,False
stage2__c-0p730__money-equal__income-uniform__growth-random__spend-high_wealth__topo-complete,money-equal__income-uniform__growth-random__spend-high_wealth__topo-complete,0.73,120,equal,uniform,random,high_wealth,0.04,0.2,complete,complete,0,24,1.0,0.8333333333333334,240.0,155158.375,150.54166666666666,3613,150.54166666666666,0.6272569444444445,0.0107943537226681,2.6952670910600607,0.0224605590921671,2.0,6.0,12.0,20,1.5657348463880432,1.1295322446720175,0.4190798932018895,0.5809201067981105,5234.958333333333,17922.708333333332,0.0,0.2949800347222222,119.0,1.0,0.0,ok,4.288272980874206,0.047619047619047616,4.286055718416334,0.047619047619047616,-5.1409081510456325,-4.588134007486607,True,True,False,True,False,False,3,False
stage2__c-0p730__money-pareto__income-uniform__growth-random__spend-high_wealth__topo-complete,money-pareto__income-uniform__growth-random__spend-high_wealth__topo-complete,0.73,120,pareto,uniform,random,high_wealth,0.04,0.2,complete,complete,0,24,1.0,0.9166666666666666,240.0,154884.16666666666,154.54166666666666,3709,154.54166666666666,0.6439236111111111,0.010514963602049,2.652736586681046,0.022106138222342,2.0,5.0,12.0,21,1.5737395524400108,1.078997034241035,0.4067486533184267,0.5932513466815733,2427.083333333333,17826.666666666668,0.3124683635172076,0.2932773048265134,119.0,1.0,0.0,ok,3.6177337846561897,0.047619047619047616,3.6133804699042607,0.047619047619047616,-10.25726318940735,-11.41160442093099,True,True,False,True,False,False,3,False
stage2__c-0p555__money-pareto__income-uniform__growth-random__spend-high_both__topo-complete,money-pareto__income-uniform__growth-random__spend-high_both__topo-complete,0.555,120,pareto,uniform,random,high_both,0.04,0.4,complete,complete,0,24,1.0,0.75,240.0,154680.66666666666,156.125,3747,156.125,0.6505208333333333,0.0096076861489191,2.734187349879904,0.0227848945823324,2.0,5.0,11.0,18,1.6188951160928744,1.1152922337870297,0.4079062957540263,0.5920937042459736,3183.2916666666665,17234.625,0.300077658396294,0.2841921892046317,119.0,1.0,0.0,ok,4.224769232558241,0.09523809523809523,4.223171126412405,0.09523809523809523,-3.89200902849902,-4.455270736356801,True,True,False,True,False,False,3,False
stage2__c-0p465__money-equal__income-uniform__growth-random__spend-high_both__topo-complete,money-equal__income-uniform__growth-random__spend-high_both__topo-complete,0.465,120,equal,uniform,random,high_both,0.04,0.4,complete,complete,0,24,1.0,0.3333333333333333,240.0,65658.0,44.91666666666666,1078,44.91666666666666,0.1871527777777777,0.0092764378478664,1.7764378478664191,0.0148036487322201,1.0,3.0,11.0,27,1.1280148423005565,0.6484230055658627,0.3650130548302872,0.6349869451697128,5731.625,27471.791666666668,0.0,0.2664076967592593,119.0,1.0,0.0,,,,,,,,True,True,False,True,False,False,3,False
stage2__c-0p555__money-equal__income-uniform__growth-random__spend-high_both__topo-complete,money-equal__income-uniform__growth-random__spend-high_both__topo-complete,0.555,120,equal,uniform,random,high_both,0.04,0.4,complete,complete,0,24,1.0,0.8333333333333334,240.0,156068.83333333334,154.125,3699,154.125,0.6421875,0.00919167342525,2.7399297107326306,0.0228327475894385,2.0,6.0,11.0,19,1.6226007028926737,1.1173290078399567,0.4077947705969413,0.5922052294030588,5346.291666666667,16973.458333333332,0.0,0.2920931712962963,119.0,1.0,0.0,ok,5.7866624741934425,0.047619047619047616,5.786467897907542,0.047619047619047616,-2.3209274845578687,-2.2690144912658763,True,True,False,True,False,False,3,False
stage2__c-0p555__money-normal__income-uniform__growth-random__spend-high_both__topo-complete,money-normal__income-uniform__growth-random__spend-high_both__topo-complete,0.555,120,normal,uniform,random,high_both,0.04,0.4,complete,complete,0,24,1.0,0.875,240.0,153776.75,159.0,3816,159.0,0.6625,0.0089098532494758,2.707023060796646,0.0225585255066386,2.0,6.0,11.0,21,1.6142557651991614,1.0927672955974843,0.4036786060019361,0.5963213939980639,1379.25,16479.541666666668,0.2785408595350174,0.2957938485805106,119.0,1.0,0.0,ok,4.514607800947969,0.047619047619047616,4.513297129569313,0.047619047619047616,-4.483754661163097,-4.297696346278409,True,True,False,True,False,False,3,False
stage2__c-0p700__money-pareto__income-uniform__growth-random__spend-high_wealth__topo-complete,money-pareto__income-uniform__growth-random__spend-high_wealth__topo-complete,0.7,120,pareto,uniform,random,high_wealth,0.04,0.2,complete,complete,0,24,1.0,0.75,240.0,120200.75,121.91666666666669,2926,121.91666666666669,0.5079861111111111,0.0088858509911141,2.2853725222146277,0.0190447710184551,2.0,5.0,11.0,20,1.4025974025974026,0.8827751196172249,0.386271870794078,0.6137281292059219,3075.25,20650.125,0.3057797034022657,0.2904720665595453,119.0,1.0,0.0,ok,3.7682749517459886,0.047619047619047616,3.763465159481927,0.09523809523809523,-0.51682590027713,-2.04630079205659,True,True,False,True,False,False,3,False
stage2__c-0p535__money-equal__income-uniform__growth-random__spend-high_both__topo-complete,money-equal__income-uniform__growth-random__spend-high_both__topo-complete,0.535,120,equal,uniform,random,high_both,0.04,0.4,complete,complete,0,24,1.0,0.75,240.0,126986.5,126.08333333333331,3026,126.08333333333331,0.5253472222222222,0.0085922009253139,2.375743555849306,0.0197978629654108,2.0,5.0,11.0,20,1.4355584930601455,0.9401850627891606,0.3957434970093197,0.6042565029906802,5410.25,19824.125,0.0,0.2844968171296296,119.0,1.0,0.0,ok,3.9202972235192575,0.047619047619047616,3.9169512898720984,0.047619047619047616,-4.1614380770573485,-3.850986046818665,True,True,False,True,False,False,3,False
stage2__c-0p550__money-normal__income-uniform__growth-random__spend-high_both__topo-complete,money-normal__income-uniform__growth-random__spend-high_both__topo-complete,0.55,120,normal,uniform,random,high_both,0.04,0.4,complete,complete,0,24,1.0,0.7916666666666666,240.0,151051.5,151.33333333333334,3632,151.33333333333334,0.6305555555555555,0.0085352422907488,2.544328193832599,0.0212027349486049,2.0,5.0,11.0,20,1.5366189427312775,1.0077092511013217,0.3960610323558056,0.6039389676441943,1668.375,18127.70833333333,0.2704688023118802,0.2851154874749113,119.0,1.0,0.0,ok,4.119382037677924,0.047619047619047616,4.117314521809116,0.047619047619047616,-3.05974587923233,-3.940450444432863,True,True,False,True,False,False,3,False
stage2__c-0p530__money-equal__income-uniform__growth-random__spend-high_both__topo-complete,money-equal__income-uniform__growth-random__spend-high_both__topo-complete,0.53,120,equal,uniform,random,high_both,0.04,0.4,complete,complete,0,24,1.0,0.5,240.0,120407.95833333331,122.79166666666669,2947,122.79166666666669,0.5116319444444445,0.008143875127248,2.269087207329488,0.018909060061079,2.0,4.0,11.0,19,1.3939599592806244,0.8751272480488632,0.3856736952295498,0.6143263047704501,5758.958333333333,19033.791666666668,0.0,0.2918310185185185,119.0,1.0,0.0,ok,3.271063529681594,0.047619047619047616,3.264728765320716,0.047619047619047616,-10.681422067462393,-11.492818909275258,True,True,False,True,False,False,3,False
stage2__c-0p720__money-equal__income-uniform__growth-random__spend-high_wealth__topo-complete,money-equal__income-uniform__growth-random__spend-high_wealth__topo-complete,0.72,120,equal,uniform,random,high_wealth,0.04,0.2,complete,complete,0,24,1.0,0.75,240.0,142042.66666666666,141.0,3384,141.0,0.5875,0.0079787234042553,2.4970449172576834,0.0208087076438139,2.0,5.0,11.0,22,1.499113475177305,0.9979314420803782,0.3996449704142011,0.6003550295857988,4939.041666666667,19595.75,0.0,0.2909160879629629,119.0,1.0,0.0,ok,3.6461316781998216,0.047619047619047616,3.642079855104827,0.047619047619047616,-3.5544707517726835,-6.136093794337799,True,True,False,True,False,False,3,False
stage2__c-0p455__money-equal__income-uniform__growth-random__spend-high_both__topo-complete,money-equal__income-uniform__growth-random__spend-high_both__topo-complete,0.455,120,equal,uniform,random,high_both,0.04,0.4,complete,complete,0,24,1.0,0.2916666666666667,240.0,60726.41666666666,36.75,882,36.75,0.153125,0.0079365079365079,1.6122448979591837,0.0134353741496598,1.0,3.0,8.18999999999994,32,1.09297052154195,0.5192743764172335,0.3220815752461322,0.6779184247538678,7388.833333333333,32578.666666666668,0.0,0.2645043402777778,119.0,1.0,0.0,,,,,,,,True,True,False,True,False,False,3,False
stage2__c-0p705__money-equal__income-uniform__growth-random__spend-high_wealth__topo-complete,money-equal__income-uniform__growth-random__spend-high_wealth__topo-complete,0.705,120,equal,uniform,random,high_wealth,0.04,0.2,complete,complete,0,24,1.0,0.75,240.0,125347.66666666669,126.125,3027,126.125,0.5255208333333333,0.0072679220350181,2.284770399735712,0.0190397533311308,2.0,4.0,10.0,19,1.3980839114634953,0.8866864882722167,0.3880855986119144,0.6119144013880856,4814.708333333333,20243.83333333333,0.0,0.2880335648148148,119.0,1.0,0.0,ok,3.402515645726269,0.047619047619047616,3.398063252365084,0.047619047619047616,-6.011662243003032,-9.012209883060656,True,True,False,True,False,False,3,False
stage2__c-0p450__money-pareto__income-uniform__growth-random__spend-high_both__topo-complete,money-pareto__income-uniform__growth-random__spend-high_both__topo-complete,0.45,120,pareto,uniform,random,high_both,0.04,0.4,complete,complete,0,24,1.0,0.25,240.0,58335.333333333336,36.16666666666666,868,36.16666666666666,0.1506944444444444,0.0069124423963133,1.5944700460829493,0.0132872503840245,1.0,3.0,10.0,24,1.096774193548387,0.4976958525345622,0.3121387283236994,0.6878612716763006,4004.2916666666665,31105.416666666668,0.3086015059298583,0.2670822060445973,119.0,1.0,0.0,,,,,,,,True,True,False,True,False,False,3,False
stage2__c-0p530__money-pareto__income-uniform__growth-random__spend-high_both__topo-complete,money-pareto__income-uniform__growth-random__spend-high_both__topo-complete,0.53,120,pareto,uniform,random,high_both,0.04,0.4,complete,complete,0,24,1.0,0.5416666666666666,240.0,120220.33333333331,123.33333333333331,2960,123.33333333333331,0.5138888888888888,0.0067567567567567,2.227027027027027,0.0185585585585585,2.0,4.0,11.0,18,1.393918918918919,0.8331081081081081,0.3740898058252427,0.6259101941747572,3112.0416666666665,20115.33333333333,0.3088432734504355,0.2906411262063581,119.0,1.0,0.0,ok,3.9480067297866897,0.047619047619047616,3.9448762607599113,0.047619047619047616,-3.6808942286615305,-3.3600192350683304,True,True,False,True,False,False,3,False
stage2__c-0p690__money-pareto__income-uniform__growth-random__spend-high_wealth__topo-complete,money-pareto__income-uniform__growth-random__spend-high_wealth__topo-complete,0.69,120,pareto,uniform,random,high_wealth,0.04,0.2,complete,complete,0,24,1.0,0.5,240.0,111329.79166666669,111.625,2679,111.625,0.4651041666666666,0.0063456513624486,2.1881298992161256,0.018234415826801,1.0,4.0,10.0,23,1.3706606942889137,0.8174692049272116,0.3735926305015353,0.6264073694984647,2382.458333333333,20904.541666666668,0.3301900411911279,0.2806685661167188,119.0,1.0,0.0,ok,3.430642699023299,0.047619047619047616,3.4265160159823638,0.09523809523809523,-1.444542528858452,-6.126995523113619,True,True,False,True,False,False,3,False
stage2__c-0p460__money-pareto__income-uniform__growth-random__spend-high_both__topo-complete,money-pareto__income-uniform__growth-random__spend-high_both__topo-complete,0.46,120,pareto,uniform,random,high_both,0.04,0.4,complete,complete,0,24,1.0,0.25,240.0,63340.66666666666,46.875,1125,46.875,0.1953125,0.0062222222222222,1.6684444444444444,0.0139037037037036,1.0,3.0,9.759999999999993,36,1.1226666666666667,0.5457777777777778,0.3271177410761854,0.6728822589238146,2710.6666666666665,27951.0,0.3362604436180914,0.2728012083733291,119.0,1.0,0.0,,,,,,,,True,True,False,True,False,False,3,False
stage2__c-0p460__money-normal__income-uniform__growth-random__spend-high_both__topo-complete,money-normal__income-uniform__growth-random__spend-high_both__topo-complete,0.46,120,normal,uniform,random,high_both,0.04,0.4,complete,complete,0,24,1.0,0.2916666666666667,240.0,63393.54166666666,47.125,1131,47.125,0.1963541666666666,0.0061892130857648,1.6427939876215738,0.0136899498968464,1.0,3.0,9.0,23,1.1114058355437666,0.5313881520778072,0.3234660925726588,0.6765339074273412,1193.25,29069.375,0.2797413182350668,0.2731495218505539,119.0,1.0,0.0,,,,,,,,True,True,False,True,False,False,3,False
stage2__c-0p455__money-pareto__income-uniform__growth-random__spend-high_both__topo-complete,money-pareto__income-uniform__growth-random__spend-high_both__topo-complete,0.455,120,pareto,uniform,random,high_both,0.04,0.4,complete,complete,0,24,1.0,0.25,240.0,61084.708333333336,40.54166666666666,973,40.54166666666666,0.1689236111111111,0.0061664953751284,1.587872559095581,0.0132322713257964,1.0,3.0,9.0,15,1.103802672147996,0.4840698869475848,0.3048543689320388,0.6951456310679611,3594.7916666666665,31666.166666666668,0.3190449621484134,0.2656715841430434,119.0,1.0,0.0,,,,,,,,True,True,False,True,False,False,3,False
stage2__c-0p530__money-normal__income-uniform__growth-random__spend-high_both__topo-complete,money-normal__income-uniform__growth-random__spend-high_both__topo-complete,0.53,120,normal,uniform,random,high_both,0.04,0.4,complete,complete,0,24,1.0,0.4583333333333333,240.0,120493.54166666669,122.83333333333331,2948,122.83333333333331,0.5118055555555555,0.0061058344640434,2.243215739484396,0.0186934644957032,2.0,4.300000000000182,10.0,21,1.3863636363636365,0.8568521031207599,0.381974897928323,0.618025102071677,1329.3333333333333,20036.0,0.2715820393026838,0.292314437004228,119.0,1.0,0.0,ok,4.0726137669688915,0.09523809523809523,4.0702971600414415,0.09523809523809523,-3.038731559863553,-3.006644638824967,True,True,False,True,False,False,3,False
stage2__c-0p695__money-pareto__income-uniform__growth-random__spend-high_wealth__topo-complete,money-pareto__income-uniform__growth-random__spend-high_wealth__topo-complete,0.695,120,pareto,uniform,random,high_wealth,0.04,0.2,complete,complete,0,24,1.0,0.5,240.0,116272.625,119.0,2856,119.0,0.4958333333333333,0.0059523809523809,2.1736694677871147,0.0181139122315592,1.0,4.0,10.0,22,1.343487394957983,0.8301820728291317,0.3819265463917525,0.6180734536082474,2310.083333333333,22233.291666666668,0.3283228046713978,0.2880808297690261,119.0,1.0,0.0,ok,3.43831776185066,0.047619047619047616,3.4342758314075956,0.047619047619047616,-2.6025565950950496,-6.582942592441016,True,True,False,True,False,False,3,False
stage2__c-0p535__money-normal__income-uniform__growth-random__spend-high_both__topo-complete,money-normal__income-uniform__growth-random__spend-high_both__topo-complete,0.535,120,normal,uniform,random,high_both,0.04,0.4,complete,complete,0,24,1.0,0.5416666666666666,240.0,125161.45833333331,132.33333333333334,3176,132.33333333333334,0.5513888888888889,0.0056675062972292,2.3356423173803527,0.0194636859781695,2.0,5.0,10.0,26,1.4247481108312343,0.9108942065491183,0.3899973038554866,0.6100026961445133,1326.0416666666667,18137.041666666668,0.2757587279167024,0.2821671993689295,119.0,1.0,0.0,ok,3.755838996569123,0.047619047619047616,3.7527731778588294,0.09523809523809523,-1.2340474291172876,-4.437746393643286,True,True,False,True,False,False,3,False
stage2__c-0p460__money-equal__income-uniform__growth-random__spend-high_both__topo-complete,money-equal__income-uniform__growth-random__spend-high_both__topo-complete,0.46,120,equal,uniform,random,high_both,0.04,0.4,complete,complete,0,24,1.0,0.2083333333333333,240.0,63217.91666666666,44.16666666666666,1060,44.16666666666666,0.1840277777777778,0.0056603773584905,1.639622641509434,0.0136635220125785,1.0,3.0,7.410000000000082,22,1.1084905660377358,0.5311320754716982,0.3239355581127733,0.6760644418872267,6962.875,29347.08333333333,0.0,0.2676064814814815,119.0,1.0,0.0,,,,,,,,True,True,False,True,False,False,3,False
stage2__c-0p515__money-pareto__income-uniform__growth-random__spend-high_both__topo-complete,money-pareto__income-uniform__growth-random__spend-high_both__topo-complete,0.515,120,pareto,uniform,random,high_both,0.04,0.4,complete,complete,0,24,1.0,0.5,240.0,104313.16666666669,104.75,2514,104.75,0.4364583333333333,0.005568814638027,2.0922832140015912,0.0174356934500132,1.0,4.0,9.0,19,1.313444709626094,0.7788385043754972,0.3722433460076045,0.6277566539923954,2523.125,21681.166666666668,0.313779685080242,0.2812615040702957,119.0,1.0,0.0,ok,3.5551763320542986,0.09523809523809523,3.55223499684831,0.047619047619047616,-0.5530260364471511,-4.3418552727357005,True,True,False,True,False,False,3,False
stage2__c-0p455__money-normal__income-uniform__growth-random__spend-high_both__topo-complete,money-normal__income-uniform__growth-random__spend-high_both__topo-complete,0.455,120,normal,uniform,random,high_both,0.04,0.4,complete,complete,0,24,1.0,0.2083333333333333,240.0,61365.04166666666,39.75,954,39.75,0.165625,0.0052410901467505,1.618448637316562,0.0134870719776379,1.0,3.0,9.0,32,1.0880503144654088,0.5303983228511531,0.327720207253886,0.6722797927461139,1924.75,31416.75,0.2713608607916715,0.2683655549131832,119.0,1.0,0.0,,,,,,,,True,True,False,True,False,False,3,False
stage2__c-0p465__money-pareto__income-uniform__growth-random__spend-high_both__topo-complete,money-pareto__income-uniform__growth-random__spend-high_both__topo-complete,0.465,120,pareto,uniform,random,high_both,0.04,0.4,complete,complete,0,24,1.0,0.25,240.0,65595.0,48.41666666666666,1162,48.41666666666666,0.2017361111111111,0.0051635111876075,1.721170395869191,0.0143430866322432,1.0,3.0,9.3900000000001,40,1.1247848537005165,0.5963855421686747,0.3465,0.6535,2727.7916666666665,28523.08333333333,0.3082445884708188,0.2701549328692963,119.0,1.0,0.0,,,,,,,,True,True,False,True,False,False,3,False
stage2__c-0p520__money-pareto__income-uniform__growth-random__spend-high_both__topo-complete,money-pareto__income-uniform__growth-random__spend-high_both__topo-complete,0.52,120,pareto,uniform,random,high_both,0.04,0.4,complete,complete,0,24,1.0,0.4166666666666667,240.0,108678.08333333331,109.75,2634,109.75,0.4572916666666666,0.0049354593773728,2.170083523158694,0.0180840293596557,1.0,4.0,10.0,18,1.3621867881548977,0.8078967350037966,0.3722883135059482,0.6277116864940517,2300.75,19830.916666666668,0.3297516876080302,0.281412690131479,119.0,1.0,0.0,ok,4.1359135631502175,0.047619047619047616,3.0888734551829544,0.047619047619047616,-4.005841608560698,-3.411196911516926,True,True,False,True,False,False,3,False
stage2__c-0p450__money-normal__income-uniform__growth-random__spend-high_both__topo-complete,money-normal__income-uniform__growth-random__spend-high_both__topo-complete,0.45,120,normal,uniform,random,high_both,0.04,0.4,complete,complete,0,24,1.0,0.1666666666666666,240.0,58850.5,38.708333333333336,929,38.708333333333336,0.1612847222222222,0.0043057050592034,1.5177610333692142,0.01264800861141,1.0,2.0,7.0,29,1.094725511302476,0.4230355220667384,0.2787234042553191,0.7212765957446808,1388.25,32080.83333333333,0.2750134144126742,0.2729283600424356,119.0,1.0,0.0,,,,,,,,True,True,False,True,False,False,3,False
stage2__c-0p450__money-equal__income-uniform__growth-random__spend-high_both__topo-complete,money-equal__income-uniform__growth-random__spend-high_both__topo-complete,0.45,120,equal,uniform,random,high_both,0.04,0.4,complete,complete,0,24,1.0,0.0833333333333333,240.0,58737.875,34.041666666666664,817,34.041666666666664,0.1418402777777777,0.0024479804161566,1.5850673194614444,0.0132088943288453,1.0,3.0,8.840000000000032,16,1.0820073439412483,0.5030599755201959,0.3173745173745174,0.6826254826254826,7776.708333333333,31862.5,0.0,0.268722800925926,119.0,1.0,0.0,,,,,,,,True,True,False,True,False,False,3,False
stage2__c-0p600__money-normal__income-uniform__growth-random__spend-high_both__topo-complete,money-normal__income-uniform__growth-random__spend-high_both__topo-complete,0.6,120,normal,uniform,random,high_both,0.04,0.4,complete,complete,0,24,1.0,0.9583333333333334,240.0,232730.4583333333,200.25,4806,200.25,0.834375,0.019558884727424,3.7900540990428633,0.0315837841586904,3.0,8.0,13.0,20,2.13150228880566,1.6585518102372034,0.4376063683777106,0.5623936316222893,1183.2083333333333,13412.708333333334,0.2780036585566263,0.2900234742325005,119.0,1.0,0.0,ok,5.0224675525354066,0.047619047619047616,5.021810194377141,0.047619047619047616,-11.59135896012021,-11.008450581918698,True,False,False,True,False,False,2,False
stage2__c-0p600__money-pareto__income-uniform__growth-random__spend-high_both__topo-complete,money-pareto__income-uniform__growth-random__spend-high_both__topo-complete,0.6,120,pareto,uniform,random,high_both,0.04,0.4,complete,complete,0,24,1.0,0.9583333333333334,240.0,232776.79166666663,200.04166666666663,4801,200.04166666666663,0.8335069444444444,0.0189543845032284,3.746511143511768,0.0312209261959313,3.0,7.0,13.0,22,2.1505936263278485,1.59591751718392,0.4259743147828987,0.5740256852171013,2335.833333333333,13767.75,0.3292353579540084,0.2889206914929914,119.0,1.0,0.0,ok,6.916369179894703,0.047619047619047616,6.916321371037905,0.09523809523809523,-1.7967226465963062,-1.7545275150019708,True,False,False,True,False,False,2,False
