scenario_id,scenario_base_id,c,money_distribution,income_distribution_rule,growth_rule,spending_label,topology_label,events,unique_sizes,sample_min,sample_max,min_tail_required,fit_status,xmin,alpha,ks,tail_n,candidate_count,powerlaw_loglikelihood,bootstrap_samples_requested,bootstrap_samples_valid,bootstrap_p,bootstrap_ks_mean,bootstrap_ks_p95,bootstrap_status,exponential_q,exponential_lambda,pl_vs_exponential_R,pl_vs_exponential_z,pl_vs_exponential_p,lognormal_mu,lognormal_sigma,lognormal_optimization_success,lognormal_optimization_at_boundary,lognormal_optimization_starts,pl_vs_lognormal_R,pl_vs_lognormal_z,pl_vs_lognormal_p,bounded_fit_status,bounded_xmax,bounded_xmin,bounded_alpha,bounded_ks,bounded_tail_n,bounded_candidate_count,bounded_powerlaw_loglikelihood,bounded_bootstrap_samples_requested,bounded_bootstrap_samples_valid,bounded_bootstrap_p,bounded_bootstrap_ks_mean,bounded_bootstrap_ks_p95,bounded_vs_unbounded_R_same_xmin
stage2__c-0p800__money-pareto__income-uniform__growth-random__spend-high_wealth__topo-complete,money-pareto__income-uniform__growth-random__spend-high_wealth__topo-complete,0.8,pareto,uniform,random,high_wealth,complete,5007,24,1,24,30,ok,9,4.985671052552057,0.048285643329964656,472,17,-954.5229150181785,20,20,0.047619047619047616,0.020757752249274924,0.035091151787693294,ok,0.6927083333333334,0.36714624380602773,-6.939169534951827,-2.0548894363376604,0.039889685015507804,1.5926964531823447,0.4989936137792178,True,False,24,-6.195417168998592,-2.254088873216862,0.02419057751670543,ok,120,9,4.984554864054773,0.0482029640239241,472,17,-954.510620398774,20,20,0.047619047619047616,0.018714263038402228,0.03100146803355089,0.012294619404542573
stage2__c-0p800__money-normal__income-uniform__growth-random__spend-high_wealth__topo-complete,money-normal__income-uniform__growth-random__spend-high_wealth__topo-complete,0.8,normal,uniform,random,high_wealth,complete,4996,23,1,25,30,ok,14,7.685846044306668,0.02157372869710461,81,16,-151.11018233512237,20,20,0.9047619047619048,0.03649043252925331,0.05384640961052517,ok,0.6523605150214592,0.4271579327194242,-0.5984433514156609,-0.7130373597046932,0.47582263932119906,1.9497519964802112,0.37265958814560046,True,False,24,-0.532843179288311,-0.6821664332305046,0.49513371710854637,ok,120,14,7.685801957900009,0.021571585470204324,81,16,-151.1101462286766,20,20,1.0,0.04524678231243857,0.0643750752766702,3.610644577634048e-05
stage2__c-0p795__money-pareto__income-uniform__growth-random__spend-high_wealth__topo-complete,money-pareto__income-uniform__growth-random__spend-high_wealth__topo-complete,0.795,pareto,uniform,random,high_wealth,complete,4941,26,1,27,30,ok,14,6.461274151030028,0.026329378274697945,83,17,-174.09601577483912,20,20,0.8095238095238095,0.0334722283568327,0.04561830094412192,ok,0.7137931034482758,0.33716212971515064,-0.46710876353747155,-0.45438125869750223,0.649554439053283,1.7007053269817491,0.4764367780128829,True,False,24,-0.4820635380558205,-0.6752275378322581,0.49953121344059714,ok,120,14,6.460845119378703,0.026304966210351832,83,17,-174.09547757482906,20,20,0.9047619047619048,0.03541560529670025,0.04718284988235787,0.0005382000100553341
stage2__c-0p795__money-normal__income-uniform__growth-random__spend-high_wealth__topo-complete,money-normal__income-uniform__growth-random__spend-high_wealth__topo-complete,0.795,normal,uniform,random,high_wealth,complete,4927,24,1,24,30,ok,12,7.066377222950279,0.022006267097515853,164,15,-298.45695941888687,20,20,0.8095238095238095,0.0314716302705786,0.042922537382041145,ok,0.6419213973799126,0.44328941677550343,0.2985811446689399,0.19715117426817064,0.8437092379305421,0.4318822139803021,0.6203542102094418,True,False,24,-0.27372423562306203,-0.4918706271080997,0.6228108040555193,ok,120,12,7.066318759692951,0.02200344482767147,164,15,-298.4568519772295,20,20,0.7142857142857143,0.029355472770505008,0.04548851672987175,0.00010744165734877242
stage2__c-0p800__money-equal__income-uniform__growth-random__spend-high_wealth__topo-complete,money-equal__income-uniform__growth-random__spend-high_wealth__topo-complete,0.8,equal,uniform,random,high_wealth,complete,4914,23,1,23,30,ok,10,5.711139404577478,0.043196263363018184,338,16,-651.7911444688748,20,20,0.047619047619047616,0.022667870136972076,0.0319532613703163,ok,0.6669950738916256,0.4049726185636127,-5.960559055719466,-2.532027507863351,0.011340509421018904,1.923117430229347,0.3849362333679088,True,False,24,-5.783788441338983,-2.1221159204002285,0.03382800479766446,ok,120,10,5.710770443459871,0.04317577053796079,338,16,-651.788972771745,20,20,0.047619047619047616,0.022580693187408143,0.03475705595545883,0.002171697129824679
stage2__c-0p795__money-equal__income-uniform__growth-random__spend-high_wealth__topo-complete,money-equal__income-uniform__growth-random__spend-high_wealth__topo-complete,0.795,equal,uniform,random,high_wealth,complete,4885,21,1,21,30,ok,10,5.584641928114557,0.030117265330735887,312,16,-611.7738064018063,20,20,0.047619047619047616,0.02060184156562336,0.028681500894601288,ok,0.6763485477178424,0.3910467326838926,-4.847847369976588,-2.2648461903925794,0.02352211979776933,1.8039039557221643,0.4262389817589204,True,False,24,-4.3048856356807175,-2.0274039606460534,0.0426211172305977,ok,120,10,5.584160921933963,0.030090276131072846,312,16,-611.771043255654,20,20,0.23809523809523808,0.02328407146797779,0.0325355442086086,0.0027631461522332756
stage2__c-0p790__money-pareto__income-uniform__growth-random__spend-high_wealth__topo-complete,money-pareto__income-uniform__growth-random__spend-high_wealth__topo-complete,0.79,pareto,uniform,random,high_wealth,complete,4881,21,1,21,30,ok,10,5.725702362685427,0.04549408257235571,297,16,-571.6388251492197,20,20,0.047619047619047616,0.025011274068336968,0.038541541124925874,ok,0.6655405405405406,0.4071557255860718,-5.723628883578538,-2.8693545942941796,0.004113103992811485,1.9565297173335887,0.3741744693188445,True,False,24,-5.461350526357544,-2.227648009122129,0.025903996528463084,ok,120,10,5.725344466866634,0.04547422739445367,297,16,-571.6369860895045,20,20,0.09523809523809523,0.02688821610480562,0.041961755379354496,0.0018390597151665133
stage2__c-0p790__money-normal__income-uniform__growth-random__spend-high_wealth__topo-complete,money-normal__income-uniform__growth-random__spend-high_wealth__topo-complete,0.79,normal,uniform,random,high_wealth,complete,4844,24,1,31,30,ok,10,5.4107513537782665,0.03771831726648345,281,15,-564.0305434198689,20,20,0.14285714285714285,0.02891590374682613,0.038691099627100024,ok,0.6895027624309392,0.37178457533049847,-3.384911316741125,-1.1148013256527562,0.26493556828060183,1.7242449996035358,0.45920687564378865,True,False,24,-3.4958587231723492,-1.4236305604506836,0.1545534444633804,ok,120,10,5.410059356429259,0.03766944048496257,281,15,-564.0266745950024,20,20,0.14285714285714285,0.02557671079911834,0.041041068006178405,0.0038688248664584535
stage2__c-0p785__money-normal__income-uniform__growth-random__spend-high_wealth__topo-complete,money-normal__income-uniform__growth-random__spend-high_wealth__topo-complete,0.785,normal,uniform,random,high_wealth,complete,4817,22,1,23,30,ok,9,4.9162710348911665,0.05245983624658901,342,16,-699.0219401749146,20,20,0.047619047619047616,0.02628216293633706,0.0392316006597444,ok,0.6962699822380106,0.3620177883492279,-7.667297609255544,-2.839773718320951,0.0045145545345137705,1.8404699783675682,0.43406919646051745,True,False,24,-7.071129064169397,-2.4262840092522646,0.015254327426993165,ok,120,9,4.9149763468940435,0.052358350178763224,342,16,-699.0112331171154,20,20,0.047619047619047616,0.024680714932598498,0.047205604737253055,0.010707057799208997
stage2__c-0p600__money-normal__income-uniform__growth-random__spend-high_both__topo-complete,money-normal__income-uniform__growth-random__spend-high_both__topo-complete,0.6,normal,uniform,random,high_both,complete,4806,20,1,20,30,ok,8,5.0224675525354066,0.04837203510303112,504,14,-952.4562584404887,20,20,0.047619047619047616,0.020047110599969324,0.02976720231648306,ok,0.6547945205479452,0.4234338016509809,-11.59135896012021,-3.71004313527488,0.000207223937037111,1.7564726830471715,0.41286021804314527,True,False,24,-11.008450581918698,-3.046997719341481,0.0023113946350229973,ok,120,8,5.021810194377141,0.04832835212434755,504,14,-952.4490404749928,20,20,0.047619047619047616,0.017636399454490012,0.03258190522024368,0.0072179654958972606
stage2__c-0p600__money-pareto__income-uniform__growth-random__spend-high_both__topo-complete,money-pareto__income-uniform__growth-random__spend-high_both__topo-complete,0.6,pareto,uniform,random,high_both,complete,4801,21,1,22,30,ok,11,6.916369179894703,0.05527827216410941,150,14,-264.05304408464303,20,20,0.047619047619047616,0.026022029416111248,0.03760731076978758,ok,0.620253164556962,0.4776275543563949,-1.7967226465963062,-1.3236754944875437,0.18561084043664755,1.939249984688498,0.3477189274943176,True,False,24,-1.7545275150019708,-1.1118776148593184,0.2661907746210822,ok,120,11,6.916321371037905,0.05527566121425376,150,14,-264.0529623219019,20,20,0.09523809523809523,0.0339060485385569,0.05441569356331138,8.176274116067361e-05
stage2__c-0p785__money-pareto__income-uniform__growth-random__spend-high_wealth__topo-complete,money-pareto__income-uniform__growth-random__spend-high_wealth__topo-complete,0.785,pareto,uniform,random,high_wealth,complete,4797,24,1,25,30,ok,10,5.365347812853787,0.03609256134349004,231,15,-466.5536315384072,20,20,0.19047619047619047,0.02683418062017364,0.04013711765000668,ok,0.6944444444444444,0.3646431135879093,-1.2369301378171005,-0.5428912737310055,0.5872046644838746,1.265645784418828,0.5678900460514591,True,False,24,-1.5507355652019026,-1.158041083243627,0.24684727124953543,ok,120,10,5.36458767684292,0.03603845664817551,231,15,-466.5500626951736,20,20,0.047619047619047616,0.02561215249405483,0.033862240907266083,0.0035688432336087317
stage2__c-0p790__money-equal__income-uniform__growth-random__spend-high_wealth__topo-complete,money-equal__income-uniform__growth-random__spend-high_wealth__topo-complete,0.79,equal,uniform,random,high_wealth,complete,4777,20,1,20,30,ok,10,5.567044578401205,0.05900126840712405,278,15,-546.3845642783127,20,20,0.047619047619047616,0.022819005426442242,0.03228888471025642,ok,0.6744730679156908,0.39382353309267865,-7.540006949704537,-3.94193454649085,8.082703627447914e-05,2.1264657654034727,0.3276596425662653,True,False,24,-8.148410415592354,-2.63827066895205,0.008333004134303667,ok,120,10,5.566545244724468,0.058966936949373605,278,15,-546.3819898331476,20,20,0.047619047619047616,0.02205518798894581,0.0320231843142093,0.0025744451651235067
stage2__c-0p595__money-pareto__income-uniform__growth-random__spend-high_both__topo-complete,money-pareto__income-uniform__growth-random__spend-high_both__topo-complete,0.595,pareto,uniform,random,high_both,complete,4749,23,1,25,30,ok,10,5.533838727609372,0.037650573854818514,211,15,-416.5453511905266,20,20,0.14285714285714285,0.02498485834745685,0.039065310131242176,ok,0.6822289156626506,0.3823900239933998,-1.4272029454390034,-0.6918402818880364,0.48903763668096245,1.4127315412909511,0.5235122906167005,True,False,24,-1.6181858072766548,-1.1877708656459562,0.23492369559462434,ok,120,10,5.5333034836186785,0.03761356183420217,211,15,-416.5432254500395,20,20,0.14285714285714285,0.028079877170075807,0.04209855409483737,0.002125740487144867
stage2__c-0p780__money-normal__income-uniform__growth-random__spend-high_wealth__topo-complete,money-normal__income-uniform__growth-random__spend-high_wealth__topo-complete,0.78,normal,uniform,random,high_wealth,complete,4726,22,1,23,30,ok,12,6.447743111671066,0.03457370932111958,113,15,-219.6252774388934,20,20,0.5238095238095238,0.036638294226443026,0.05027519852616948,ok,0.6715116279069767,0.39822394685160484,-1.8378619474731575,-1.6655509455677102,0.09580288850019826,2.116266501192736,0.3447125442734197,True,False,24,-1.752391407638589,-1.2450090351181928,0.21312842909047303,ok,120,12,6.447544425117635,0.03456270791294491,113,15,-219.624961480546,20,20,0.7142857142857143,0.03800611753032323,0.055258101749625727,0.0003159583473859584
stage2__c-0p785__money-equal__income-uniform__growth-random__spend-high_wealth__topo-complete,money-equal__income-uniform__growth-random__spend-high_wealth__topo-complete,0.785,equal,uniform,random,high_wealth,complete,4711,22,1,27,30,ok,15,8.962141004054228,0.033890798846265335,49,16,-85.29363242968981,20,20,0.8571428571428571,0.039980558087203535,0.05228116698140941,ok,0.6171875,0.48258241145259567,-0.11933360029420859,-0.1477267267028079,0.8825584381944815,1.744240525071772,0.38321720364993267,True,False,24,-0.1661610601198964,-0.28470761661849014,0.7758681548362087,ok,120,15,8.962133915919502,0.03389095389661978,49,16,-85.29363006340387,20,20,0.8095238095238095,0.04117397319692728,0.05012207339620679,2.3662859405249037e-06
stage2__c-0p600__money-equal__income-uniform__growth-random__spend-high_both__topo-complete,money-equal__income-uniform__growth-random__spend-high_both__topo-complete,0.6,equal,uniform,random,high_both,complete,4697,21,1,25,30,ok,14,8.265191363134072,0.013887642672377298,49,14,-86.85641597930686,20,20,1.0,0.04151416918750243,0.05373594127327725,ok,0.6287878787878788,0.4639613147897729,0.21047274755576795,0.30036338251218514,0.7638999914109655,-1.798480358103651,0.8031915965564739,True,False,24,-0.016922546311693765,-0.12992540597625157,0.8966254435935256,ok,120,14,8.265176007703507,0.013887765290033882,49,14,-86.85640982237756,20,20,1.0,0.0388085757343893,0.05139205414483557,6.1569293023922e-06
stage2__c-0p595__money-normal__income-uniform__growth-random__spend-high_both__topo-complete,money-normal__income-uniform__growth-random__spend-high_both__topo-complete,0.595,normal,uniform,random,high_both,complete,4675,22,1,22,30,ok,8,4.626603397794791,0.03906281621699503,447,15,-901.9662768054311,20,20,0.047619047619047616,0.019358095832293983,0.028477421647723263,ok,0.6906574394463668,0.3701113242350685,-8.12739056679805,-2.326743771706206,0.0199789066737228,1.5703688979796528,0.5054974182566104,True,False,24,-7.428115496329674,-2.4803926022968503,0.013123779243499055,ok,120,8,4.625006044470613,0.038928036082838346,447,15,-901.9470825764904,20,20,0.047619047619047616,0.020169415199180064,0.02951050701720917,0.019194228940705216
stage2__c-0p595__money-equal__income-uniform__growth-random__spend-high_both__topo-complete,money-equal__income-uniform__growth-random__spend-high_both__topo-complete,0.595,equal,uniform,random,high_both,complete,4672,20,1,20,30,ok,11,6.346669935310638,0.03312535132514138,134,14,-251.49911874140477,20,20,0.2857142857142857,0.028495008730443937,0.04438193626407795,ok,0.6555269922879178,0.4223157984600201,-0.9994912826499753,-0.8416134007512343,0.40000438579805564,1.5472357031967492,0.46371646289074087,True,False,24,-0.8933907719681491,-1.003075524206378,0.3158244229829018,ok,120,11,6.346514973927614,0.03311757226498607,134,14,-251.49882614281375,20,20,0.2857142857142857,0.028539676325076507,0.0466538145885488,0.0002925985910167128
stage2__c-0p780__money-pareto__income-uniform__growth-random__spend-high_wealth__topo-complete,money-pareto__income-uniform__growth-random__spend-high_wealth__topo-complete,0.78,pareto,uniform,random,high_wealth,complete,4638,24,1,24,30,ok,14,7.037045105816909,0.04044935878573541,64,15,-126.82130507208669,20,20,0.3333333333333333,0.037092438904800934,0.054228190334077574,ok,0.6831683168316832,0.381014012244,-0.680756083756576,-0.9127592284448163,0.3613691858736625,2.067318921988111,0.37174387086223754,True,False,24,-0.5860008526953688,-0.7671752860477745,0.442977304690223,ok,120,14,7.036895350520391,0.0404427076695284,64,15,-126.82118724315208,20,20,0.42857142857142855,0.03897485186190096,0.055387234481141245,0.00011782893460576815
stage2__c-0p590__money-normal__income-uniform__growth-random__spend-high_both__topo-complete,money-normal__income-uniform__growth-random__spend-high_both__topo-complete,0.59,normal,uniform,random,high_both,complete,4636,21,1,21,30,ok,10,5.531590764259295,0.038487974056355734,191,15,-377.17587557449417,20,20,0.14285714285714285,0.027403327265534676,0.04303235170867876,ok,0.6789915966386555,0.38714652758447965,-3.7376747280553575,-2.1804285559729157,0.029225709324430877,1.9379204378930268,0.39183961120734706,True,False,24,-3.480652411092561,-1.7426648097537434,0.08139218200180001,ok,120,10,5.531053295933362,0.03845079703432075,191,15,-377.17394032005296,20,20,0.19047619047619047,0.028247768108158034,0.044195236037865786,0.0019352544412072348
stage2__c-0p590__money-pareto__income-uniform__growth-random__spend-high_both__topo-complete,money-pareto__income-uniform__growth-random__spend-high_both__topo-complete,0.59,pareto,uniform,random,high_both,complete,4635,22,1,23,30,ok,11,6.129606784339889,0.029799700513382654,117,14,-225.25173922410445,20,20,0.3333333333333333,0.029734604108857133,0.04391921778098633,ok,0.6694915254237288,0.40123677199864327,-0.6252357951118925,-0.46410429159810024,0.6425730271661405,1.41590082039079,0.5029319303851496,True,False,24,-0.6898699812522553,-0.7899693841369918,0.4295456484389234,ok,120,11,6.12936412163546,0.029787312687008682,117,14,-225.2513056699307,20,20,0.3333333333333333,0.029851877187724606,0.05079652858362849,0.0004335541737532367
stage2__c-0p775__money-normal__income-uniform__growth-random__spend-high_wealth__topo-complete,money-normal__income-uniform__growth-random__spend-high_wealth__topo-complete,0.775,normal,uniform,random,high_wealth,complete,4634,21,1,22,30,ok,13,7.302120040684911,0.04383432075814797,64,14,-118.87970442931555,20,20,0.47619047619047616,0.042057652121302386,0.056608510724657085,ok,0.6502732240437158,0.43036265972989163,-0.4279514746265236,-0.572026711093223,0.5673038787065794,1.7473618819146,0.41265500932895677,True,False,24,-0.36726606645398174,-0.6000670253503824,0.5484615674068253,ok,120,13,7.302061662159954,0.04383131642310523,64,14,-118.87966372261141,20,20,0.3333333333333333,0.04064259425274699,0.05894624609490334,4.0706704140802685e-05
stage2__c-0p775__money-pareto__income-uniform__growth-random__spend-high_wealth__topo-complete,money-pareto__income-uniform__growth-random__spend-high_wealth__topo-complete,0.775,pareto,uniform,random,high_wealth,complete,4627,21,1,24,30,ok,7,4.2569684975928,0.04819838378176722,602,15,-1213.2749146360761,20,20,0.047619047619047616,0.015456205716509136,0.020150159545747167,ok,0.6879212026956972,0.3740809785735216,-15.84071637567424,-3.5755794684131454,0.00034945300161142286,1.6170144061120584,0.4883154235921383,True,False,24,-14.915639375245988,-3.431861551040651,0.000599453498981477,ok,120,7,4.254585634397944,0.04801434706169394,602,15,-1213.2295338724284,20,20,0.047619047619047616,0.01786259637294519,0.039322710322880434,0.045380763647699496
stage2__c-0p780__money-equal__income-uniform__growth-random__spend-high_wealth__topo-complete,money-equal__income-uniform__growth-random__spend-high_wealth__topo-complete,0.78,equal,uniform,random,high_wealth,complete,4586,22,1,33,30,ok,12,6.3323083917074054,0.04043658571830855,126,16,-248.03425524819104,20,20,0.3333333333333333,0.03485397479218055,0.05285611425508715,ok,0.6826196473551637,0.3818174598074896,0.04272745033837455,0.020003906516838373,0.9840402562401734,1.1874832690215658,0.5493105498259493,True,False,24,-0.4937972090507774,-0.5010931177984984,0.6163055901596178,ok,120,12,6.332059778667165,0.04042467531256677,126,16,-248.03379335425618,20,20,0.2857142857142857,0.030450176692691545,0.04649085251135248,0.00046189393486884
stage2__c-0p775__money-equal__income-uniform__growth-random__spend-high_wealth__topo-complete,money-equal__income-uniform__growth-random__spend-high_wealth__topo-complete,0.775,equal,uniform,random,high_wealth,complete,4551,22,1,22,30,ok,14,8.034319441199397,0.05034467237008433,50,15,-90.42783596805675,20,20,0.3333333333333333,0.045998750090399644,0.05623464955882697,ok,0.635036496350365,0.4540728071735412,-0.5256057239597367,-0.967063375965015,0.33351235262981427,2.178727372657958,0.3110442569405352,True,False,24,-0.48891624734633865,-0.7190195835727761,0.4721288534341024,ok,120,14,8.03429633575807,0.050344063369209824,50,15,-90.42782556217571,20,20,0.2857142857142857,0.042150068562814655,0.06172412527895853,1.040588104217477e-05
stage2__c-0p770__money-normal__income-uniform__growth-random__spend-high_wealth__topo-complete,money-normal__income-uniform__growth-random__spend-high_wealth__topo-complete,0.77,normal,uniform,random,high_wealth,complete,4545,21,1,26,30,ok,12,7.088749603351159,0.028067958968275852,94,14,-170.6728857525396,20,20,0.8095238095238095,0.03719773958184419,0.053672542975998036,ok,0.6425855513307984,0.4422553172546912,0.7810323548326314,0.594981014587727,0.5518561617260533,-4.885054019927096,1.1230422350951823,True,False,24,-0.01830746505367742,-0.13137538317589892,0.8954783612448839,ok,120,12,7.088694580186371,0.028065811396866258,94,14,-170.6728273182596,20,20,0.7619047619047619,0.03706840387119855,0.059088620908164885,5.843427999252526e-05
stage2__c-0p590__money-equal__income-uniform__growth-random__spend-high_both__topo-complete,money-equal__income-uniform__growth-random__spend-high_both__topo-complete,0.59,equal,uniform,random,high_both,complete,4541,22,1,25,30,ok,13,7.667849360099413,0.048146435717381975,71,14,-127.35950300870499,20,20,0.3333333333333333,0.038244544743608,0.05327645579627669,ok,0.6377551020408164,0.44980092192821597,0.9614817677553369,1.0280478810368088,0.30392730526341494,-43.19170380910788,2.6326196451543007,True,False,24,0.003191982908660407,0.16800947731204346,0.8665758232465129,ok,120,13,7.6678210757072485,0.04814567338237197,71,14,-127.35948326624373,20,20,0.38095238095238093,0.04328013025184176,0.06159124792522514,1.9742461262239885e-05
stage2__c-0p585__money-normal__income-uniform__growth-random__spend-high_both__topo-complete,money-normal__income-uniform__growth-random__spend-high_both__topo-complete,0.585,normal,uniform,random,high_both,complete,4508,20,1,22,30,ok,14,8.290412275793352,0.041965476958645165,37,14,-65.44303531329196,20,20,0.23809523809523808,0.03539008801829517,0.04848660349748334,ok,0.6224489795918368,0.4740936144972606,-0.483490885984196,-1.013191759212217,0.3109685759294294,2.333742133407532,0.26477065413595324,True,False,24,-0.5233617839154547,-0.6683057691137132,0.5039384315036946,ok,120,14,8.290398347888278,0.04196571785619996,37,14,-65.4430309135178,20,20,0.47619047619047616,0.04084014038928889,0.05327127413135412,4.399774155672276e-06
stage2__c-0p770__money-pareto__income-uniform__growth-random__spend-high_wealth__topo-complete,money-pareto__income-uniform__growth-random__spend-high_wealth__topo-complete,0.77,pareto,uniform,random,high_wealth,complete,4498,20,1,20,30,ok,8,4.699193458133445,0.051448852539470624,378,15,-753.3817252466699,20,20,0.047619047619047616,0.021077826046581236,0.029398858056943544,ok,0.6828859060402684,0.3814274816227548,-8.769154747590107,-2.9670924843771176,0.003006305145418702,1.7044791136886877,0.457879629312327,True,False,24,-7.860757125068419,-2.5862262399719134,0.00970332168563744,ok,120,8,4.697834241437335,0.051342415286308896,378,15,-753.3684555264608,20,20,0.047619047619047616,0.021965491849652068,0.03221747653183123,0.013269720209109437
stage2__c-0p585__money-pareto__income-uniform__growth-random__spend-high_both__topo-complete,money-pareto__income-uniform__growth-random__spend-high_both__topo-complete,0.585,pareto,uniform,random,high_both,complete,4488,20,1,21,30,ok,10,5.694440649292511,0.039304606514877105,152,14,-293.75477879300524,20,20,0.09523809523809523,0.027563999946313207,0.0379445302982254,ok,0.6695652173913044,0.40112670650956617,-1.8911659552554776,-1.2316499377487677,0.21807987808195362,1.6807590062505624,0.45059871889942366,True,False,24,-1.6543340643819278,-1.2376177610252521,0.21585782561149025,ok,120,10,5.694058314522966,0.03928816113086053,152,14,-293.75375991352155,20,20,0.19047619047619047,0.03008773092699249,0.042556648242933946,0.0010188794836949455
stage2__c-0p770__money-equal__income-uniform__growth-random__spend-high_wealth__topo-complete,money-equal__income-uniform__growth-random__spend-high_wealth__topo-complete,0.77,equal,uniform,random,high_wealth,complete,4456,22,1,29,30,ok,7,4.272192118399691,0.04092815842521852,544,15,-1093.133798638321,20,20,0.047619047619047616,0.015510780342429444,0.024175260674658517,ok,0.6894977168949772,0.37179189300157645,-7.766362488042199,-1.527238831408362,0.12670163361447428,1.356002092155053,0.5673109391984525,True,False,24,-8.687701321134847,-2.472125998262512,0.013431216882101584,ok,120,7,4.26989120603991,0.040750742683447416,544,15,-1093.0945734565678,20,20,0.047619047619047616,0.017368919129606208,0.024617899555555687,0.03922518175318146
stage2__c-0p765__money-pareto__income-uniform__growth-random__spend-high_wealth__topo-complete,money-pareto__income-uniform__growth-random__spend-high_wealth__topo-complete,0.765,pareto,uniform,random,high_wealth,complete,4442,25,1,28,30,ok,8,4.7116671921527695,0.024340547437128213,346,15,-688.1531356468164,20,20,0.47619047619047616,0.022742140211093123,0.0318939565972009,ok,0.6891284815813118,0.3723275499082886,1.680044504206899,0.42690975276188425,0.6694450617010543,0.4301379904985303,0.7511502529908719,True,False,24,-1.5796125580167555,-1.1196363228556045,0.26286877040648904,ok,120,8,4.710345170322047,0.024230973508386655,346,15,-688.1414025117866,20,20,0.5238095238095238,0.024445112568755294,0.040414674974356184,0.011733135029771802
stage2__c-0p765__money-normal__income-uniform__growth-random__spend-high_wealth__topo-complete,money-normal__income-uniform__growth-random__spend-high_wealth__topo-complete,0.765,normal,uniform,random,high_wealth,complete,4442,22,1,27,30,ok,8,4.758373567546329,0.0462348703392903,309,14,-609.7628439743083,20,20,0.09523809523809523,0.025206168949472918,0.04187815010385318,ok,0.6811145510835913,0.384024776870295,-3.143180727070229,-0.9184578977922978,0.3583791911941995,1.3613507761264432,0.5484566448542194,True,False,24,-3.6268819224956315,-1.5760633475501755,0.11501120488488721,ok,120,8,4.7571825152721745,0.04613712102121725,309,14,-609.7536391234587,20,20,0.047619047619047616,0.021358815483488284,0.03189621330812434,0.009204850849641844
stage2__c-0p580__money-normal__income-uniform__growth-random__spend-high_both__topo-complete,money-normal__income-uniform__growth-random__spend-high_both__topo-complete,0.58,normal,uniform,random,high_both,complete,4430,22,1,23,30,ok,11,6.261679809274574,0.031758487552637604,95,13,-180.07366618702582,20,20,0.42857142857142855,0.03082352254729544,0.048306065436180115,ok,0.6619217081850535,0.4126079956205444,-0.30319011695007436,-0.25216020508247206,0.800917236084753,1.2512488180893993,0.5262946093010338,True,False,24,-0.4453705244975126,-0.6385292084219777,0.5231292469002693,ok,120,11,6.261494643662426,0.03174912853484757,95,13,-180.07341102205487,20,20,0.5238095238095238,0.030587862569730444,0.04608250743188508,0.00025516497095168233
stage2__c-0p585__money-equal__income-uniform__growth-random__spend-high_both__topo-complete,money-equal__income-uniform__growth-random__spend-high_both__topo-complete,0.585,equal,uniform,random,high_both,complete,4418,22,1,26,30,ok,10,5.6544864613865915,0.015066202481228474,145,13,-281.7017895147507,20,20,0.9047619047619048,0.027496547708119528,0.03716452398187775,ok,0.6770601336302896,0.3899951863360325,0.7486732030467564,0.3594838397386547,0.7192331650030805,0.1946473672246043,0.7289514621679348,True,False,24,-0.34567754690530883,-0.5166730012560247,0.6053844461389046,ok,120,10,5.6540708658666645,0.015038058878703242,145,13,-281.7007138810878,20,20,1.0,0.025635727092150017,0.03833409459639194,0.0010756336629356156
stage2__c-0p580__money-pareto__income-uniform__growth-random__spend-high_both__topo-complete,money-pareto__income-uniform__growth-random__spend-high_both__topo-complete,0.58,pareto,uniform,random,high_both,complete,4404,20,1,22,30,ok,12,7.451897206976658,0.03635321129102642,74,13,-129.50736587468583,20,20,0.6190476190476191,0.040540391133491324,0.05862881120246057,ok,0.6185567010309277,0.4803664162812823,-0.5427090473542613,-0.6456210654196409,0.5185247915043192,1.8242737246983207,0.37431307910032036,True,False,24,-0.5311501474092735,-0.663773432638127,0.5068353320287278,ok,120,12,7.451870918482179,0.03635204846490375,74,13,-129.50734624569762,20,20,0.6190476190476191,0.03970863311062166,0.0542996205940645,1.9628988212616605e-05
stage2__c-0p575__money-normal__income-uniform__growth-random__spend-high_both__topo-complete,money-normal__income-uniform__growth-random__spend-high_both__topo-complete,0.575,normal,uniform,random,high_both,complete,4334,21,1,23,30,ok,9,5.348772763167545,0.04123247554201881,181,13,-346.8395749672166,20,20,0.09523809523809523,0.024762724315435275,0.039447855851327686,ok,0.6641929499072357,0.4091825845082968,-2.841654037832364,-1.416705930415755,0.1565689224519214,1.7215537730270307,0.43518262346008624,True,False,24,-2.7314724076881096,-1.4105230618196436,0.15838529172472926,ok,120,9,5.348263775263428,0.04119572205033528,181,13,-346.83777280835636,20,20,0.09523809523809523,0.026901349564434723,0.039760336093192655,0.0018021588602437077
stage2__c-0p765__money-equal__income-uniform__growth-random__spend-high_wealth__topo-complete,money-equal__income-uniform__growth-random__spend-high_wealth__topo-complete,0.765,equal,uniform,random,high_wealth,complete,4322,21,1,25,30,ok,8,4.660867301428823,0.04674901209830251,335,14,-672.0312382082776,20,20,0.047619047619047616,0.022668833378874487,0.036000039266844745,ok,0.686623012160898,0.37596988241052964,-7.35263748695593,-2.319860590790462,0.02034842006547371,1.7002921862685063,0.46291377986818116,True,False,24,-6.962141409418268,-2.2492855632486846,0.024494333724492084,ok,120,8,4.659386842858647,0.046631658249859154,335,14,-672.0181582535486,20,20,0.047619047619047616,0.022547381599730604,0.03346886341801475,0.013079954729050769
stage2__c-0p760__money-pareto__income-uniform__growth-random__spend-high_wealth__topo-complete,money-pareto__income-uniform__growth-random__spend-high_wealth__topo-complete,0.76,pareto,uniform,random,high_wealth,complete,4310,25,1,29,30,ok,9,4.784500340333159,0.016057005778943312,200,14,-417.26570245641693,20,20,0.9047619047619048,0.025098849682572432,0.03906442426126239,ok,0.7175141242937854,0.3319626461152378,4.196667199260553,1.3776346076524462,0.16831613030981118,-3.4023760226626485,1.2673816999978194,True,False,24,-0.14159000591471838,-0.3705922642271153,0.710941244688426,ok,120,9,4.78278712293163,0.01619462372994307,200,14,-417.2568231532581,20,20,0.9047619047619048,0.025246122016080046,0.03817419246116154,0.008879303158835228
stage2__c-0p575__money-pareto__income-uniform__growth-random__spend-high_both__topo-complete,money-pareto__income-uniform__growth-random__spend-high_both__topo-complete,0.575,pareto,uniform,random,high_both,complete,4280,22,1,23,30,ok,9,5.458284739749113,0.031610223066177,189,13,-356.5253115025561,20,20,0.3333333333333333,0.025108564541942675,0.03814084112526534,ok,0.6606822262118491,0.41448230175835316,0.2788200445020952,0.12629768577934963,0.8994962880722742,0.6512178806879115,0.6556339740120517,True,False,24,-0.7376653538115763,-0.7837338646243879,0.43319628732143667,ok,120,9,5.457883789366166,0.03158187252191502,189,13,-356.5239032980352,20,20,0.38095238095238093,0.028821255907524417,0.04616377161110436,0.0014082045209420357
stage2__c-0p580__money-equal__income-uniform__growth-random__spend-high_both__topo-complete,money-equal__income-uniform__growth-random__spend-high_both__topo-complete,0.58,equal,uniform,random,high_both,complete,4278,20,1,28,30,ok,9,5.315226026886187,0.04468804032728957,212,13,-408.22172172425167,20,20,0.047619047619047616,0.027344447400017076,0.03941207261362364,ok,0.6671899529042385,0.40468048664774664,-2.9936381481273977,-1.1522292709972881,0.24922687247158748,1.690171178433846,0.4462792237622841,True,False,24,-3.042136370559643,-1.358941934284156,0.17416498930046231,ok,120,9,5.314677950254157,0.0446547169514801,212,13,-408.219414844185,20,20,0.047619047619047616,0.023493215896179007,0.03462078765229753,0.002306880066669237
stage2__c-0p760__money-equal__income-uniform__growth-random__spend-high_wealth__topo-complete,money-equal__income-uniform__growth-random__spend-high_wealth__topo-complete,0.76,equal,uniform,random,high_wealth,complete,4268,21,1,23,30,ok,12,6.618114826697078,0.04859245342973373,74,14,-141.18503130073228,20,20,0.23809523809523808,0.04013355296197703,0.05618054040179152,ok,0.665158371040724,0.40773011473901655,-0.2854814188916892,-0.31210702330794543,0.7549591891337128,1.4251807692278269,0.4903411410872003,True,False,24,-0.3536541187828637,-0.6061757454325799,0.5443980570197862,ok,120,12,6.617973587525758,0.04858581882470381,74,14,-141.18489256113898,20,20,0.23809523809523808,0.03965078157718451,0.05189059280000051,0.00013873959329657737
stage2__c-0p755__money-normal__income-uniform__growth-random__spend-high_wealth__topo-complete,money-normal__income-uniform__growth-random__spend-high_wealth__topo-complete,0.755,normal,uniform,random,high_wealth,complete,4263,20,1,26,30,ok,10,5.511323266644491,0.04200359347649196,129,13,-255.43507940813396,20,20,0.09523809523809523,0.0310512772217821,0.04121343806570497,ok,0.6814814814814815,0.38348620138938916,-2.007256330574734,-1.1127284646840037,0.2658250665949823,1.8509381717103246,0.41826532668325433,True,False,24,-1.9738066150066031,-1.1071370716764373,0.26823466965134246,ok,120,10,5.51076234013739,0.04196661917569233,129,13,-255.43370337747638,20,20,0.2857142857142857,0.03368540455557588,0.05266935464844396,0.0013760306575818504
stage2__c-0p570__money-pareto__income-uniform__growth-random__spend-high_both__topo-complete,money-pareto__income-uniform__growth-random__spend-high_both__topo-complete,0.57,pareto,uniform,random,high_both,complete,4252,20,1,20,30,ok,13,8.675212401382675,0.04497693642421419,33,13,-54.04241315725645,20,20,0.38095238095238093,0.03866284624658402,0.05680931810795973,ok,0.5875,0.531879032963823,0.17803080788748127,0.3996445959374351,0.6894183047894745,-16.628354575060452,1.5935533835979767,True,False,24,-0.0011220709626940106,-0.055491068960722714,0.9557472449254978,ok,120,13,8.675209006153603,0.04497687618175539,33,13,-54.04241221739155,20,20,0.47619047619047616,0.04419624187990799,0.060519850085844894,9.398648970204704e-07
stage2__c-0p760__money-normal__income-uniform__growth-random__spend-high_wealth__topo-complete,money-normal__income-uniform__growth-random__spend-high_wealth__topo-complete,0.76,normal,uniform,random,high_wealth,complete,4251,24,1,26,30,ok,7,4.094105959698909,0.038178468017743716,403,15,-838.8792169292224,20,20,0.047619047619047616,0.021731251818822888,0.033545627332927014,ok,0.7088150289017341,0.3441606766122518,-4.037573757537809,-0.933892339536851,0.3503594307648443,1.1954438424405414,0.6356545821441368,True,False,24,-5.453255896218545,-2.0876531870901816,0.03682913049273946,ok,120,7,4.090646583395526,0.037844347122394706,403,15,-838.8303189754748,20,20,0.047619047619047616,0.01910349807217206,0.02897307706822303,0.04889795374754158
stage2__c-0p755__money-pareto__income-uniform__growth-random__spend-high_wealth__topo-complete,money-pareto__income-uniform__growth-random__spend-high_wealth__topo-complete,0.755,pareto,uniform,random,high_wealth,complete,4223,20,1,21,30,ok,12,7.14109123677439,0.056422457155560046,67,13,-120.99773563293826,20,20,0.14285714285714285,0.039816027338614765,0.0581827648508804,ok,0.6318681318681318,0.4590745587135453,-1.2501188459300279,-1.6503523926355306,0.09887088220602011,2.2666843586315095,0.2721711067318943,True,False,24,-1.433364025601602,-1.0601201230389812,0.28908995411996974,ok,120,12,7.14104132009482,0.056420091088194235,67,13,-120.99769879450781,20,20,0.14285714285714285,0.04255070465157721,0.0613589678770752,3.6838430446550774e-05
stage2__c-0p575__money-equal__income-uniform__growth-random__spend-high_both__topo-complete,money-equal__income-uniform__growth-random__spend-high_both__topo-complete,0.575,equal,uniform,random,high_both,complete,4190,22,1,22,30,ok,10,5.673362334657939,0.029473357580479642,146,14,-282.9408809226143,20,20,0.6666666666666666,0.035567707250238265,0.04954104673620593,ok,0.672645739910314,0.39653647736386294,-0.9399374879431619,-0.582127101023412,0.5604810717493678,1.3494407579952095,0.5267487352417649,True,False,24,-0.9975170373339197,-0.9500210588200926,0.34210155235607265,ok,120,10,5.672962955471252,0.029448125873885567,146,14,-282.939848510276,20,20,0.5714285714285714,0.03319479933210336,0.055934554803931134,0.0010324123383043116
stage2__c-0p570__money-equal__income-uniform__growth-random__spend-high_both__topo-complete,money-equal__income-uniform__growth-random__spend-high_both__topo-complete,0.57,equal,uniform,random,high_both,complete,4132,21,1,21,30,ok,11,6.190000585613113,0.03534317847419721,76,13,-145.27607796940003,20,20,0.5238095238095238,0.03520365023726278,0.0468635902203388,ok,0.6651982378854626,0.40767018066647825,-0.5574132219363612,-0.5644388937370592,0.5724554756144964,1.4907656218763785,0.48424564618940513,True,False,24,-0.48670727343633136,-0.6943023786844584,0.48749259957814006,ok,120,11,6.189786413975667,0.03533283565180012,76,13,-145.27583488311905,20,20,0.7142857142857143,0.03918435642785773,0.04805958397478221,0.00024308628098879126
stage2__c-0p755__money-equal__income-uniform__growth-random__spend-high_wealth__topo-complete,money-equal__income-uniform__growth-random__spend-high_wealth__topo-complete,0.755,equal,uniform,random,high_wealth,complete,4130,20,1,20,30,ok,8,4.88308794536881,0.033986233324960535,274,14,-529.6434176136127,20,20,0.14285714285714285,0.022324053159970575,0.035512196283925226,ok,0.6698795180722892,0.4006574065400612,-3.204358711033402,-1.214150565647211,0.22469023372937802,1.3546449407154237,0.5379448488503156,True,False,24,-3.0851249657333293,-1.621544262072142,0.10490096537861346,ok,120,8,4.882187446216352,0.033919736877792483,274,14,-529.6376423146203,20,20,0.14285714285714285,0.023408971226048257,0.034775420362738334,0.00577529899237561
stage2__c-0p750__money-pareto__income-uniform__growth-random__spend-high_wealth__topo-complete,money-pareto__income-uniform__growth-random__spend-high_wealth__topo-complete,0.75,pareto,uniform,random,high_wealth,complete,4122,22,1,22,30,ok,8,4.599072181878103,0.023315663240992324,231,14,-468.3226450359379,20,20,0.6190476190476191,0.026940992973881465,0.04188496747849933,ok,0.6960526315789474,0.3623300014220774,-1.5520073264262457,-0.6077901218885764,0.5433266816400699,1.0997304394888512,0.6284016736075856,True,False,24,-2.054366867417743,-1.4011254033233063,0.16117657631299787,ok,120,8,4.597374257544284,0.02319802119522435,231,14,-468.31193809090286,20,20,0.8571428571428571,0.03189450988152047,0.04228179244972648,0.01070694503505365
stage2__c-0p570__money-normal__income-uniform__growth-random__spend-high_both__topo-complete,money-normal__income-uniform__growth-random__spend-high_both__topo-complete,0.57,normal,uniform,random,high_both,complete,4114,21,1,26,30,ok,13,7.248673347365202,0.02535305824340872,35,13,-65.3508877736298,20,20,0.9047619047619048,0.037978107946782774,0.05626517520314702,ok,0.6568627450980392,0.420280193893305,0.24475153004165806,0.30114847059889543,0.7633012813250349,-2.12733901028997,0.8929610156619616,True,False,24,-0.014156970482556375,-0.1052280099199751,0.916194885398823,ok,120,13,7.248609057571595,0.025356388230988847,35,13,-65.35086265066468,20,20,0.8095238095238095,0.03998120508668894,0.053577440473338574,2.5122965112700513e-05
stage2__c-0p745__money-pareto__income-uniform__growth-random__spend-high_wealth__topo-complete,money-pareto__income-uniform__growth-random__spend-high_wealth__topo-complete,0.745,pareto,uniform,random,high_wealth,complete,4076,20,1,20,30,ok,7,4.403331212377869,0.03963524387086714,309,13,-605.465262425367,20,20,0.09523809523809523,0.023567036480758245,0.039407703211824976,ok,0.6761006289308176,0.3914133546525141,-4.661028758378295,-1.4959849867259465,0.13465756755891448,1.3013954455352443,0.5664210164280195,True,False,24,-4.410506680526696,-1.9439253200932967,0.05190445739927706,ok,120,7,4.401632237033512,0.039482687822268714,309,13,-605.4500686558872,20,20,0.047619047619047616,0.023421785554661494,0.03205641377502369,0.015193769479765251
stage2__c-0p565__money-normal__income-uniform__growth-random__spend-high_both__topo-complete,money-normal__income-uniform__growth-random__spend-high_both__topo-complete,0.565,normal,uniform,random,high_both,complete,4070,20,1,23,30,ok,13,7.478812834768661,0.04802536832959792,37,13,-67.5691101159037,20,20,0.42857142857142855,0.046725036961910174,0.058620941075372246,ok,0.6407766990291263,0.4450742462032102,-0.3132000698316131,-0.503540526440298,0.6145842947827798,1.959435700354213,0.36187736984143865,True,False,24,-0.29312662621297925,-0.4663093866331605,0.6409940608624034,ok,120,13,7.47877165997506,0.04802349370689407,37,13,-67.56909433704925,20,20,0.6190476190476191,0.04837241070929758,0.06169739500121346,1.5778854447034973e-05
stage2__c-0p750__money-normal__income-uniform__growth-random__spend-high_wealth__topo-complete,money-normal__income-uniform__growth-random__spend-high_wealth__topo-complete,0.75,normal,uniform,random,high_wealth,complete,4068,22,1,23,30,ok,12,6.4222201704936825,0.04277112177370124,62,13,-120.84085948979981,20,20,0.7142857142857143,0.04580355369057281,0.05601625411892887,ok,0.675392670157068,0.3924610236849578,-0.4547667683448715,-0.5310333928953817,0.5953956391704187,1.6280453062691793,0.4613913903169438,True,False,24,-0.4041116965000908,-0.6362196305735592,0.5246332799476899,ok,120,12,6.422011426841005,0.042761158060053206,62,13,-120.84067543439002,20,20,0.3333333333333333,0.039254549906878315,0.05141533396276876,0.00018405540978960744
stage2__c-0p750__money-equal__income-uniform__growth-random__spend-high_wealth__topo-complete,money-equal__income-uniform__growth-random__spend-high_wealth__topo-complete,0.75,equal,uniform,random,high_wealth,complete,4059,21,1,24,30,ok,9,5.5372666392327705,0.03142043724172894,180,13,-335.7706767001448,20,20,0.47619047619047616,0.031480748987838626,0.04958690368171523,ok,0.655831739961759,0.4218510168989831,0.916652467654548,0.4014568102745146,0.6880838302809482,-0.13255337176023452,0.7721150035466833,True,False,24,-0.3838916702872881,-0.5622054160591179,0.5739760717432127,ok,120,9,5.536929659043303,0.031396973777233717,180,13,-335.7695885726395,20,20,0.42857142857142855,0.02752909510837548,0.0384567992997487,0.0010881275052838646
stage2__c-0p745__money-normal__income-uniform__growth-random__spend-high_wealth__topo-complete,money-normal__income-uniform__growth-random__spend-high_wealth__topo-complete,0.745,normal,uniform,random,high_wealth,complete,4053,22,1,25,30,ok,12,6.109093713512444,0.03464384619149341,62,13,-125.1550925525238,20,20,0.5714285714285714,0.036934699663379665,0.048197963955662226,ok,0.696078431372549,0.3622929362429557,0.13161213952163964,0.12917244477329384,0.8972211994016952,0.4289747638054285,0.6841753161377583,True,False,24,-0.13539256499037577,-0.3676876019319606,0.7131061861718484,ok,120,12,6.108708095921334,0.0346270405258039,62,13,-125.15470881395436,20,20,0.8095238095238095,0.04141224860968762,0.05360809761664371,0.0003837385694396289
stage2__c-0p565__money-pareto__income-uniform__growth-random__spend-high_both__topo-complete,money-pareto__income-uniform__growth-random__spend-high_both__topo-complete,0.565,pareto,uniform,random,high_both,complete,4005,20,1,23,30,ok,10,5.39007676545431,0.044569517896402344,113,13,-227.4568307431128,20,20,0.14285714285714285,0.03340506729270727,0.05281482714484876,ok,0.6920980926430518,0.36802758103603367,-0.8667598442882722,-0.5488983429934858,0.5830752153887178,1.5079291439698306,0.5132232831779656,True,False,24,-1.0194976323822589,-0.9102327736896162,0.36269976350852806,ok,120,10,5.38935463959894,0.044528366692974,113,13,-227.45519114482605,20,20,0.09523809523809523,0.03273299611829165,0.04344386091453558,0.0016395982867436487
stage2__c-0p745__money-equal__income-uniform__growth-random__spend-high_wealth__topo-complete,money-equal__income-uniform__growth-random__spend-high_wealth__topo-complete,0.745,equal,uniform,random,high_wealth,complete,3979,20,1,28,30,ok,10,5.73466174012393,0.0341078913116295,89,12,-171.0990342925091,20,20,0.47619047619047616,0.03412309741872768,0.05037122397769362,ok,0.6715867158671587,0.39811213380290555,0.4573122117526265,0.2408856502349463,0.8096437441654244,0.23969234856288602,0.715131335178184,True,False,24,-0.2134611864462972,-0.36000810789571835,0.7188410703164737,ok,120,10,5.7343109937428185,0.0340894572854058,89,12,-171.09849557709254,20,20,0.5714285714285714,0.034837165386286506,0.04696099912784086,0.0005387154165532593
stage2__c-0p740__money-pareto__income-uniform__growth-random__spend-high_wealth__topo-complete,money-pareto__income-uniform__growth-random__spend-high_wealth__topo-complete,0.74,pareto,uniform,random,high_wealth,complete,3969,22,1,24,30,ok,13,6.506210973814809,0.0345369445907705,41,13,-82.51620296205328,20,20,0.8095238095238095,0.0387668758458387,0.05119798961184778,ok,0.6917293233082707,0.36856055117271336,-0.3607727319483629,-0.504057151592924,0.6142212160983753,1.8390820154274088,0.42986058869689375,True,False,24,-0.3190554267712127,-0.5289081293687877,0.5968691823331012,ok,120,13,6.505942428709725,0.03452197484956199,41,13,-82.51604503520464,20,20,0.7619047619047619,0.04085583434689073,0.05548724871425365,0.0001579268486437968
stage2__c-0p565__money-equal__income-uniform__growth-random__spend-high_both__topo-complete,money-equal__income-uniform__growth-random__spend-high_both__topo-complete,0.565,equal,uniform,random,high_both,complete,3959,20,1,29,30,ok,11,6.35779915990607,0.04972032910631308,76,13,-142.45765697236493,20,20,0.3333333333333333,0.04192392782574,0.059928272128710894,ok,0.6607142857142857,0.4144337780909248,1.027908264313796,0.5678856926066423,0.570112587567854,-9.334552526651859,1.5027754998988434,True,False,24,-0.008365778625204712,-0.07738372304502664,0.938318289080166,ok,120,11,6.357647587768755,0.04972793221807653,76,13,-142.45749546019653,20,20,0.23809523809523808,0.042185065139714706,0.05462606413265639,0.00016151216840398774
stage2__c-0p740__money-equal__income-uniform__growth-random__spend-high_wealth__topo-complete,money-equal__income-uniform__growth-random__spend-high_wealth__topo-complete,0.74,equal,uniform,random,high_wealth,complete,3917,21,1,27,30,ok,11,6.0437756627571995,0.033458648171013905,57,12,-110.86714296181482,20,20,0.6666666666666666,0.03631117380563782,0.049331149667710815,ok,0.6779661016949152,0.3886579897917832,0.35842830333808084,0.2812166623624992,0.7785442254203798,-0.06748434262701863,0.7461012491399652,True,False,24,-0.09515713067679599,-0.26757015719496485,0.7890302046946949,ok,120,11,6.04348709088357,0.033443825057377086,57,12,-110.86688260648158,20,20,0.7142857142857143,0.036650261000729906,0.052282053993312615,0.0002603553332392039
stage2__c-0p560__money-normal__income-uniform__growth-random__spend-high_both__topo-complete,money-normal__income-uniform__growth-random__spend-high_both__topo-complete,0.56,normal,uniform,random,high_both,complete,3903,21,1,22,30,ok,10,5.63439124794295,0.04173006498323484,92,12,-179.20939613243291,20,20,0.38095238095238093,0.03715941343009018,0.053717905429287165,ok,0.6771929824561403,0.389798991363765,0.04626469697784841,0.03334376281703767,0.9734004554650217,0.6474728082905907,0.6595183588382977,True,False,24,-0.3130201815030267,-0.5354215216909317,0.5923584113254047,ok,120,10,5.6339570785528394,0.041706414896688804,92,12,-179.20867796742974,20,20,0.47619047619047616,0.03788002307170388,0.04846024907016907,0.0007181650031782283
stage2__c-0p740__money-normal__income-uniform__growth-random__spend-high_wealth__topo-complete,money-normal__income-uniform__growth-random__spend-high_wealth__topo-complete,0.74,normal,uniform,random,high_wealth,complete,3897,24,1,29,30,ok,10,4.926274393953006,0.03293402351049035,112,14,-240.7231055679154,20,20,0.8095238095238095,0.040718048838676406,0.051721913502660026,ok,0.7281553398058253,0.3172408746933253,0.33189838217850043,0.16640152094556082,0.8678409771002407,0.7775765188894433,0.7047098772398704,True,False,24,-0.5314529517536819,-0.6588162023652584,0.5100138016361261,ok,120,10,4.924403021436383,0.03280397979026395,112,14,-240.71782885273416,20,20,0.3333333333333333,0.030686781167509936,0.04704461440431996,0.0052767151812531665
stage2__c-0p560__money-pareto__income-uniform__growth-random__spend-high_both__topo-complete,money-pareto__income-uniform__growth-random__spend-high_both__topo-complete,0.56,pareto,uniform,random,high_both,complete,3859,21,1,23,30,ok,9,5.048202607013189,0.035016983864072704,127,12,-254.40643696120807,20,20,0.47619047619047616,0.03358940580937383,0.04449612846033756,ok,0.6939759036144578,0.3653180400947524,1.1847706751382077,0.6056027527131246,0.5447785739832146,-0.8832005973513036,0.9311470326625685,True,False,24,-0.21360676586811778,-0.45856314430853845,0.6465479081716127,ok,120,9,5.047226933589332,0.03494599562366052,127,12,-254.40363395338056,20,20,0.47619047619047616,0.03507474579481224,0.05149914197430291,0.0028030078275094183
stage2__c-0p555__money-normal__income-uniform__growth-random__spend-high_both__topo-complete,money-normal__income-uniform__growth-random__spend-high_both__topo-complete,0.555,normal,uniform,random,high_both,complete,3816,19,1,21,30,ok,7,4.514607800947969,0.04181385946277033,262,12,-502.7485713374542,20,20,0.047619047619047616,0.02322531383075679,0.03315471730815805,ok,0.6645326504481434,0.4086712666737974,-4.483754661163097,-1.6262804098323762,0.1038900172451952,1.413142563373168,0.5224215846463778,True,False,24,-4.297696346278409,-1.9026807889525459,0.05708221018724011,ok,120,7,4.513297129569313,0.041715484386501855,262,12,-502.73925982340086,20,20,0.047619047619047616,0.02501780960570259,0.03843467571006994,0.0093115140533655
stage2__c-0p560__money-equal__income-uniform__growth-random__spend-high_both__topo-complete,money-equal__income-uniform__growth-random__spend-high_both__topo-complete,0.56,equal,uniform,random,high_both,complete,3803,18,1,20,30,ok,11,6.89523707783704,0.03627179779861667,46,11,-81.16385425538687,20,20,0.47619047619047616,0.03759951635236472,0.05502824310165736,ok,0.6229508196721311,0.47328770444692564,-0.32652489818910646,-0.45597660081946767,0.6484068045801548,1.6465620353595922,0.4157275392761938,True,False,24,-0.31525533812271256,-0.5193511766983867,0.6035158714830557,ok,120,11,6.895186905419943,0.036273252297611136,46,11,-81.16382785710425,20,20,0.6190476190476191,0.0402874291534529,0.057137582801223136,2.6398282614081836e-05
stage2__c-0p735__money-pareto__income-uniform__growth-random__spend-high_wealth__topo-complete,money-pareto__income-uniform__growth-random__spend-high_wealth__topo-complete,0.735,pareto,uniform,random,high_wealth,complete,3772,20,1,25,30,ok,6,4.258083280677878,0.0256064038965802,387,12,-717.7096002739195,20,20,0.23809523809523808,0.02016672250816737,0.0305034189459867,ok,0.6513513513513514,0.42870607214761514,0.023152582849740533,0.005022645132143644,0.9959925258440792,0.56511967714418,0.724811524713585,True,False,24,-2.9485571577256318,-1.4934480063510371,0.13531995464010108,ok,120,6,4.256610450841642,0.025468871294512474,387,12,-717.692659064907,20,20,0.14285714285714285,0.019216306741218027,0.02796419445584195,0.01694120901242968
stage2__c-0p735__money-normal__income-uniform__growth-random__spend-high_wealth__topo-complete,money-normal__income-uniform__growth-random__spend-high_wealth__topo-complete,0.735,normal,uniform,random,high_wealth,complete,3766,19,1,24,30,ok,9,5.1192164216826805,0.04387334431585688,114,12,-225.94263892973174,20,20,0.14285714285714285,0.03480146517938893,0.04669750480474868,ok,0.6842105263157895,0.3794896217049037,-0.8032382356445622,-0.4290242402704763,0.6679055841742658,1.2976589716958498,0.5586268779638689,True,False,24,-0.9609577665629581,-0.8341419451089311,0.4042010010256114,ok,120,9,5.118379037866396,0.04381364236375129,114,12,-225.9405543069432,20,20,0.14285714285714285,0.03539357434515729,0.04903858206726579,0.002084622788544266
stage2__c-0p555__money-pareto__income-uniform__growth-random__spend-high_both__topo-complete,money-pareto__income-uniform__growth-random__spend-high_both__topo-complete,0.555,pareto,uniform,random,high_both,complete,3747,18,1,18,30,ok,6,4.224769232558241,0.035501430091909314,374,12,-698.4939480881117,20,20,0.09523809523809523,0.019815404723938147,0.030372948021446425,ok,0.652093023255814,0.42756805352717303,-3.89200902849902,-1.0945399992104359,0.27371821443659017,0.972985489873874,0.6331929501695769,True,False,24,-4.455270736356801,-2.0295181000715474,0.0424055473197496,ok,120,6,4.223171126412405,0.03535080140124769,374,12,-698.4758051644092,20,20,0.09523809523809523,0.021818446339464635,0.03395243775955429,0.018142923702498592
stage2__c-0p735__money-equal__income-uniform__growth-random__spend-high_wealth__topo-complete,money-equal__income-uniform__growth-random__spend-high_wealth__topo-complete,0.735,equal,uniform,random,high_wealth,complete,3712,21,1,23,30,ok,10,5.06789850291091,0.04047444930382682,90,13,-189.5080849451977,20,20,0.47619047619047616,0.038890856267121014,0.05623191465626054,ok,0.7133757961783439,0.3377469340532136,-1.3902733152589386,-1.0259949753781956,0.304893952486445,1.6931446661677776,0.4941990500279838,True,False,24,-1.1507232088240116,-1.025878174457576,0.3049490115599127,ok,120,10,5.066496057881504,0.040409057675103055,90,13,-189.50512605486546,20,20,0.47619047619047616,0.037080674131926686,0.05201885207750578,0.00295889033225194
stage2__c-0p730__money-pareto__income-uniform__growth-random__spend-high_wealth__topo-complete,money-pareto__income-uniform__growth-random__spend-high_wealth__topo-complete,0.73,pareto,uniform,random,high_wealth,complete,3709,20,1,21,30,ok,5,3.6177337846561897,0.045476106963548535,548,13,-1068.3190037245158,20,20,0.047619047619047616,0.0188460282554359,0.025464805004988014,ok,0.6724447101016139,0.39683538634830345,-10.25726318940735,-1.8468037953459402,0.06477558162580965,1.084647300596259,0.643566983610673,True,False,24,-11.41160442093099,-3.0137215054101874,0.0025806457830729176,ok,120,5,3.6133804699042607,0.045042920224913074,548,13,-1068.2160586020166,20,20,0.047619047619047616,0.0170456511353204,0.023910838155565765,0.10294512249924992
stage2__c-0p555__money-equal__income-uniform__growth-random__spend-high_both__topo-complete,money-equal__income-uniform__growth-random__spend-high_both__topo-complete,0.555,equal,uniform,random,high_both,complete,3699,17,1,19,30,ok,9,5.7866624741934425,0.05711349690046086,123,12,-221.64111948656986,20,20,0.047619047619047616,0.03770970680241202,0.053262216703329514,ok,0.6306306306306306,0.46103495926297516,-2.3209274845578687,-1.706067631730381,0.08799548824025737,1.856889692912996,0.367662731698182,True,False,24,-2.2690144912658763,-1.3226822547703125,0.18594106719106096,ok,120,9,5.786467897907542,0.05710058961929754,123,12,-221.64073519343845,20,20,0.047619047619047616,0.03395779574198665,0.04615151258275703,0.00038429313141818966
stage2__c-0p730__money-normal__income-uniform__growth-random__spend-high_wealth__topo-complete,money-normal__income-uniform__growth-random__spend-high_wealth__topo-complete,0.73,normal,uniform,random,high_wealth,complete,3649,22,1,23,30,ok,8,4.669269955793063,0.04448135654301877,172,13,-344.5505520852903,20,20,0.047619047619047616,0.02720547980766187,0.03893377038012214,ok,0.6934046345811051,0.36614156190425007,1.2214612334528834,0.4867046011622082,0.6264676840889831,-0.24088742490948065,0.8707413889997909,True,False,24,-0.5062398725367174,-0.68292735405106,0.49465274811317916,ok,120,8,4.667817161946426,0.04436650680718357,172,13,-344.54399120524477,20,20,0.047619047619047616,0.028758989602860198,0.04001063361020858,0.006560880045526574
stage2__c-0p550__money-normal__income-uniform__growth-random__spend-high_both__topo-complete,money-normal__income-uniform__growth-random__spend-high_both__topo-complete,0.55,normal,uniform,random,high_both,complete,3632,18,1,20,30,ok,6,4.119382037677924,0.041468530902396106,318,12,-607.4430869377751,20,20,0.047619047619047616,0.02156007860727125,0.03577975569347901,ok,0.6642027455121436,0.40916783648563765,-3.05974587923233,-0.830207847983742,0.40642127883665724,0.9784346027829849,0.6465459205069323,True,False,24,-3.940450444432863,-1.798587714440699,0.07208392217500185,ok,120,6,4.117314521809116,0.0412678401284039,318,12,-607.4217360293578,20,20,0.047619047619047616,0.020704100901196263,0.030939430486109767,0.021350908417275605
stage2__c-0p730__money-equal__income-uniform__growth-random__spend-high_wealth__topo-complete,money-equal__income-uniform__growth-random__spend-high_wealth__topo-complete,0.73,equal,uniform,random,high_wealth,complete,3613,20,1,20,30,ok,7,4.288272980874206,0.049894537191132016,251,12,-502.7955581745773,20,20,0.047619047619047616,0.02546768021673157,0.04020685883363131,ok,0.68625,0.37651328615839663,-5.1409081510456325,-1.813403747154475,0.06976957204008805,1.4469780590786123,0.5387294238604123,True,False,24,-4.588134007486607,-1.9508085838796334,0.05107982035537559,ok,120,7,4.286055718416334,0.049689915951193764,251,12,-502.7782900459931,20,20,0.047619047619047616,0.026986665896449363,0.04005976897753232,0.0172681285841918
stage2__c-0p550__money-pareto__income-uniform__growth-random__spend-high_both__topo-complete,money-pareto__income-uniform__growth-random__spend-high_both__topo-complete,0.55,pareto,uniform,random,high_both,complete,3602,19,1,19,30,ok,12,7.133731102837528,0.0570375635267617,37,12,-66.8700624171114,20,20,0.14285714285714285,0.04359967409573957,0.06099669491453561,ok,0.6336633663366337,0.4562374334815876,-0.5153703189995047,-0.8897699831200154,0.3735894073847741,2.064813135481263,0.33007153747261125,True,False,24,-0.4553749189415095,-0.6264162456185896,0.5310419565996468,ok,120,12,7.133680440008178,0.05703488471171736,37,12,-66.87004171928015,20,20,0.09523809523809523,0.040816358912431114,0.054891318090611735,2.0697831246252463e-05
stage2__c-0p725__money-pareto__income-uniform__growth-random__spend-high_wealth__topo-complete,money-pareto__income-uniform__growth-random__spend-high_wealth__topo-complete,0.725,pareto,uniform,random,high_wealth,complete,3588,19,1,29,30,ok,9,5.373784128676821,0.03005439026603518,97,11,-185.20593585310488,20,20,0.7619047619047619,0.036426217947606435,0.05414134999704642,ok,0.6700680272108843,0.40037603860069315,1.2284162682556485,0.5040166286131804,0.6142496918033954,-1.0796144391445914,0.9168021892775748,True,False,24,-0.12806678035102514,-0.27082697141976575,0.7865241146440648,ok,120,9,5.37330168792838,0.030027548645623292,97,11,-185.2050319372059,20,20,0.7619047619047619,0.034751581660013596,0.04790501710727658,0.0009039158989878615
stage2__c-0p550__money-equal__income-uniform__growth-random__spend-high_both__topo-complete,money-equal__income-uniform__growth-random__spend-high_both__topo-complete,0.55,equal,uniform,random,high_both,complete,3568,20,1,24,30,ok,7,4.368213444714848,0.028963391775248315,191,11,-376.76304944322135,20,20,0.2857142857142857,0.024755056655607528,0.036281167357447845,ok,0.6868852459016394,0.37558803724521916,2.394774224584311,0.8788713023818304,0.3794710602247767,-0.6968769292837953,0.9666680124218479,True,False,24,-0.5209861326461223,-0.7545008668684553,0.4505485250435678,ok,120,7,4.366370330200158,0.028897981070175716,191,11,-376.7526442379128,20,20,0.42857142857142855,0.025512104947215453,0.03900947104956562,0.01040520530852973
stage2__c-0p725__money-normal__income-uniform__growth-random__spend-high_wealth__topo-complete,money-normal__income-uniform__growth-random__spend-high_wealth__topo-complete,0.725,normal,uniform,random,high_wealth,complete,3542,20,1,23,30,ok,6,4.291985183820126,0.03036197390184986,326,12,-600.2988976370173,20,20,0.19047619047619047,0.021392079120728293,0.03179472248040318,ok,0.6487068965517241,0.4327742874773796,1.2710219871199167,0.3147962984583935,0.7529163223647718,0.3001469032084681,0.775443063418511,True,False,24,-1.938689314334626,-1.2809566276670874,0.2002089008253185,ok,120,6,4.290630458603092,0.03024947993286642,326,12,-600.2860427075886,20,20,0.19047619047619047,0.023565144414639753,0.03296550902779243,0.012854929428613104
stage2__c-0p725__money-equal__income-uniform__growth-random__spend-high_wealth__topo-complete,money-equal__income-uniform__growth-random__spend-high_wealth__topo-complete,0.725,equal,uniform,random,high_wealth,complete,3507,20,1,20,30,ok,7,4.255371375161637,0.03698207063383879,195,12,-393.1268711282164,20,20,0.23809523809523808,0.029534671661891203,0.041225487224785196,ok,0.6919431279620853,0.36825151176773,-2.2258905757668463,-0.8727376645053209,0.382806083185264,1.185666774331525,0.615856145147553,True,False,24,-2.4863152203119516,-1.5113167502784353,0.13070776830517428,ok,120,7,4.25297947163099,0.036797300640578345,195,12,-393.11210264278316,20,20,0.19047619047619047,0.02643684214428039,0.03894928100254951,0.014768485433251044
stage2__c-0p545__money-normal__income-uniform__growth-random__spend-high_both__topo-complete,money-normal__income-uniform__growth-random__spend-high_both__topo-complete,0.545,normal,uniform,random,high_both,complete,3459,20,1,25,30,ok,6,3.90590443814236,0.030201983756511785,290,12,-580.7016328316649,20,20,0.09523809523809523,0.024909298526586684,0.029875395762896655,ok,0.6898395721925134,0.37129621249291456,-1.7225499443665515,-0.4012583304330391,0.6882299391813789,0.9132192342975813,0.6965738822301799,True,False,24,-3.5723458637232994,-1.6251824548304732,0.10412368775006405,ok,120,6,3.9024409836201834,0.029899503221067047,290,12,-580.663992415524,20,20,0.19047619047619047,0.021733387407905577,0.031695784287069255,0.037640416140902744
stage2__c-0p720__money-normal__income-uniform__growth-random__spend-high_wealth__topo-complete,money-normal__income-uniform__growth-random__spend-high_wealth__topo-complete,0.72,normal,uniform,random,high_wealth,complete,3457,20,1,25,30,ok,6,3.9990188884991875,0.039196772347137476,284,12,-556.9664066093956,20,20,0.14285714285714285,0.025425183706683875,0.04170049409334197,ok,0.6798196166854567,0.385927785582394,-0.8126605650739411,-0.1843472197782053,0.8537410726125514,0.8025974091362856,0.7091777754170073,True,False,24,-3.006422329400007,-1.4385569969707368,0.15027607769816853,ok,120,6,3.9962506020918735,0.03891896956145857,284,12,-556.9387597144489,20,20,0.09523809523809523,0.025127701067792087,0.03647604050977526,0.027646894946656175
stage2__c-0p720__money-pareto__income-uniform__growth-random__spend-high_wealth__topo-complete,money-pareto__income-uniform__growth-random__spend-high_wealth__topo-complete,0.72,pareto,uniform,random,high_wealth,complete,3449,20,1,27,30,ok,7,4.18080766712683,0.030904094523232173,196,12,-400.9799228750534,20,20,0.3333333333333333,0.027343822896954684,0.038399872705633914,ok,0.7021276595744681,0.3536400402435783,-0.22453095193939454,-0.07109084525762828,0.9433254541629881,0.7290297120535897,0.7354509192124054,True,False,24,-1.5670654523932654,-1.1312096603417892,0.2579668569019611,ok,120,7,4.177969406175461,0.030635449210941856,196,12,-400.9614657619129,20,20,0.5238095238095238,0.03302306206495263,0.04735711068097054,0.018457113140470938
stage2__c-0p545__money-pareto__income-uniform__growth-random__spend-high_both__topo-complete,money-pareto__income-uniform__growth-random__spend-high_both__topo-complete,0.545,pareto,uniform,random,high_both,complete,3402,18,1,20,30,ok,7,4.662296204582718,0.03303604132669846,196,11,-366.0335393906354,20,20,0.14285714285714285,0.026053278714565913,0.034401067072722745,ok,0.6512455516014235,0.4288685164923248,-2.6037729844623554,-1.1406118564274565,0.25403148110193463,1.2718605578740008,0.5454735139450153,True,False,24,-2.5027625863760363,-1.4988469231876862,0.13391334840032731,ok,120,7,4.661369865841322,0.03296768304239395,196,11,-366.0290109047951,20,20,0.2857142857142857,0.0277597289840456,0.04589209764494062,0.004528485840296526
stage2__c-0p720__money-equal__income-uniform__growth-random__spend-high_wealth__topo-complete,money-equal__income-uniform__growth-random__spend-high_wealth__topo-complete,0.72,equal,uniform,random,high_wealth,complete,3384,21,1,22,30,ok,5,3.6461316781998216,0.04518177809024404,424,11,-820.4359265072296,20,20,0.047619047619047616,0.021096115508116374,0.032345985668156586,ok,0.6713178294573643,0.3985125887932827,-3.5544707517726835,-0.6778130574326636,0.4978902309641564,0.8011945914388661,0.7220434368054603,True,False,24,-6.136093794337799,-2.189035094941804,0.028594289321300287,ok,120,5,3.642079855104827,0.04472889478394193,424,11,-820.363385891776,20,20,0.047619047619047616,0.019287695035783554,0.03034972374235651,0.07254061545359036
stage2__c-0p540__money-normal__income-uniform__growth-random__spend-high_both__topo-complete,money-normal__income-uniform__growth-random__spend-high_both__topo-complete,0.54,normal,uniform,random,high_both,complete,3370,20,1,20,30,ok,6,4.200920228227554,0.030292260684843808,255,11,-478.6617994756442,20,20,0.19047619047619047,0.02452956735851546,0.03481076199735457,ok,0.6581769436997319,0.4182814724092403,0.4472275138531083,0.13232378011136003,0.8947281989492094,0.4233633611122721,0.763688762545612,True,False,24,-1.7471955310639808,-1.233547650807108,0.2173715101630912,ok,120,6,4.199225812835853,0.030131481295743723,255,11,-478.6484854071695,20,20,0.19047619047619047,0.021914972194559353,0.034804760593117406,0.01331406847469907
stage2__c-0p715__money-pareto__income-uniform__growth-random__spend-high_wealth__topo-complete,money-pareto__income-uniform__growth-random__spend-high_wealth__topo-complete,0.715,pareto,uniform,random,high_wealth,complete,3358,19,1,24,30,ok,7,4.5907079817117316,0.024978905258516093,166,11,-314.08595849609196,20,20,0.8095238095238095,0.030925138985854174,0.04432430991134746,ok,0.668,0.40346710544549125,3.7070261935997877,1.1738834723836136,0.24044170336370763,-2.954466333174184,1.2262625212842753,True,False,24,-0.15570109631509155,-0.36356696238843994,0.716181400995114,ok,120,7,4.5896116925235715,0.024893803070599296,166,11,-314.0812330087015,20,20,0.6666666666666666,0.027243490440046626,0.0390843362176555,0.004725487390487615
stage2__c-0p715__money-normal__income-uniform__growth-random__spend-high_wealth__topo-complete,money-normal__income-uniform__growth-random__spend-high_wealth__topo-complete,0.715,normal,uniform,random,high_wealth,complete,3321,18,1,21,30,ok,6,4.110892401619572,0.03699722556297913,247,11,-472.6859316455579,20,20,0.14285714285714285,0.026165721291640548,0.040112346267937846,ok,0.6666666666666666,0.40546510810816444,-1.0289329391015203,-0.31098011732412706,0.7558157368186537,0.7872207898452562,0.6955375954655701,True,False,24,-2.474544645227285,-1.454119770307299,0.1459131032220771,ok,120,6,4.108781562343923,0.03679184263899993,247,11,-472.6689076563681,20,20,0.23809523809523808,0.025515030964959183,0.04322189147949256,0.017023989189794975
stage2__c-0p545__money-equal__income-uniform__growth-random__spend-high_both__topo-complete,money-equal__income-uniform__growth-random__spend-high_both__topo-complete,0.545,equal,uniform,random,high_both,complete,3319,22,1,23,30,ok,8,4.897252506607179,0.025564458600295104,136,11,-262.27956094062665,20,20,0.8571428571428571,0.03347269283872289,0.050699518830260505,ok,0.6754176610978521,0.39242402227890005,1.805818013609741,0.8358325335884612,0.4032491212636029,-1.4218477403475824,1.0067128254662245,True,False,24,-0.19543381048263164,-0.4480067517370053,0.6541483238740388,ok,120,8,4.89638027652415,0.02553898659804854,136,11,-262.2768047884586,20,20,0.7619047619047619,0.03474835711185661,0.051569974061777143,0.0027561521680468104
stage2__c-0p540__money-pareto__income-uniform__growth-random__spend-high_both__topo-complete,money-pareto__income-uniform__growth-random__spend-high_both__topo-complete,0.54,pareto,uniform,random,high_both,complete,3301,17,1,17,30,ok,8,5.6446538345802075,0.029442499066338224,104,10,-178.60374086955449,20,20,0.47619047619047616,0.03139654727994442,0.05025130975374152,ok,0.6075471698113207,0.49832546100175923,-1.0980932564068722,-0.8340536356728568,0.40425076025944084,1.3755715081345639,0.47175499907239865,True,False,24,-0.9968019792619902,-0.9381408556270294,0.3481720282241456,ok,120,8,5.644496184484051,0.02943182192863336,104,10,-178.60347523334303,20,20,0.7142857142857143,0.03774625791625315,0.05086209002916689,0.0002656362114521471
stage2__c-0p715__money-equal__income-uniform__growth-random__spend-high_wealth__topo-complete,money-equal__income-uniform__growth-random__spend-high_wealth__topo-complete,0.715,equal,uniform,random,high_wealth,complete,3255,21,1,22,30,ok,7,4.612435471234966,0.022771525998315334,200,11,-376.91263869090324,20,20,0.6190476190476191,0.026159429895611874,0.03961701873925859,ok,0.6632996632996634,0.41052841006471097,2.547945437514552,0.9447234168407052,0.34480009876509843,-0.9757642363923454,0.9695909175616468,True,False,24,-0.4220815952749506,-0.6665995402083256,0.5050279628799113,ok,120,7,4.611393286385485,0.02274176811478812,200,11,-376.90729481709275,20,20,0.6666666666666666,0.026966144637455936,0.041006995584290676,0.005343873810488731
stage2__c-0p710__money-normal__income-uniform__growth-random__spend-high_wealth__topo-complete,money-normal__income-uniform__growth-random__spend-high_wealth__topo-complete,0.71,normal,uniform,random,high_wealth,complete,3239,21,1,25,30,ok,5,3.690340462645956,0.01562966269946975,362,12,-692.4438041172814,20,20,0.7619047619047619,0.019935923848198596,0.028886345873208104,ok,0.6741674167416741,0.39427680612241056,8.806034837021013,1.7076511702767931,0.08770108760398745,-1.2399357144502483,1.1366156869915962,True,False,24,-1.1915419537001384,-1.1014346656382779,0.27070752501973827,ok,120,5,3.6867181890769687,0.01533444085824165,362,12,-692.3902571172355,20,20,0.6666666666666666,0.0195245021417288,0.02785023247940382,0.053547000045909954
stage2__c-0p540__money-equal__income-uniform__growth-random__spend-high_both__topo-complete,money-equal__income-uniform__growth-random__spend-high_both__topo-complete,0.54,equal,uniform,random,high_both,complete,3186,17,1,20,30,ok,10,6.064757182080094,0.029451669602375496,60,11,-110.58193254361808,20,20,0.8571428571428571,0.03985822141325756,0.06093681542666191,ok,0.6491228070175439,0.4321333551903257,0.22400953934159462,0.24094255064809342,0.8095996427689793,0.022006535128932737,0.7189192488661934,True,False,24,-0.11184187599697815,-0.36194590581186054,0.7173924544218266,ok,120,10,6.064582577504474,0.029442250158466576,60,11,-110.58177531233511,20,20,1.0,0.04522304270478354,0.06043902701640921,0.00015723128296940558
stage2__c-0p535__money-normal__income-uniform__growth-random__spend-high_both__topo-complete,money-normal__income-uniform__growth-random__spend-high_both__topo-complete,0.535,normal,uniform,random,high_both,complete,3176,21,1,26,30,ok,5,3.755838996569123,0.035397025583526476,345,11,-648.8986412804356,20,20,0.047619047619047616,0.022068699022281407,0.028740132275072654,ok,0.6577380952380952,0.4189484584454514,-1.2340474291172876,-0.22769540269339014,0.8198830466909395,0.7320492737793831,0.7199980126788657,True,False,24,-4.437746393643286,-1.7273908060549819,0.08409750069072235,ok,120,5,3.7527731778588294,0.035098419029873096,345,11,-648.8574987995764,20,20,0.09523809523809523,0.022594491414021697,0.03487766707642939,0.04114248085920735
stage2__c-0p710__money-pareto__income-uniform__growth-random__spend-high_wealth__topo-complete,money-pareto__income-uniform__growth-random__spend-high_wealth__topo-complete,0.71,pareto,uniform,random,high_wealth,complete,3174,21,1,24,30,ok,6,4.152824026858022,0.02166328320026778,242,11,-458.9510249653019,20,20,0.8095238095238095,0.02936245552433935,0.04368254450544391,ok,0.6680384087791496,0.4034096089260683,4.371567997870596,1.1099782019025357,0.2670084197551521,-0.9461382806607154,1.0191701861080458,True,False,24,-0.6764210897017975,-0.77048835222063,0.44101026174090574,ok,120,6,4.150918438179673,0.02148002524136683,242,11,-458.93636939342827,20,20,0.7619047619047619,0.025310512966347197,0.03730652604087535,0.0146555718736181
stage2__c-0p535__money-pareto__income-uniform__growth-random__spend-high_both__topo-complete,money-pareto__income-uniform__growth-random__spend-high_both__topo-complete,0.535,pareto,uniform,random,high_both,complete,3146,22,1,31,30,ok,5,3.6592369228573447,0.02107637204876045,327,11,-630.5768916251724,20,20,0.42857142857142855,0.021236985064198,0.03269598281442469,ok,0.677832512315271,0.388855053542544,7.342961841311361,1.1840616283749423,0.23638866810203962,-0.6077838690578566,1.0328059011025823,True,False,24,-1.526579336580041,-1.0740056507168536,0.2828201489413864,ok,120,5,3.6553174360971274,0.020750532308357772,327,11,-630.523308560707,20,20,0.47619047619047616,0.020656863290044205,0.028394720802098223,0.05358306446532879
stage2__c-0p710__money-equal__income-uniform__growth-random__spend-high_wealth__topo-complete,money-equal__income-uniform__growth-random__spend-high_wealth__topo-complete,0.71,equal,uniform,random,high_wealth,complete,3133,19,1,30,30,ok,7,4.701003665283163,0.040860459622812484,165,11,-305.99031898282465,20,20,0.14285714285714285,0.03172579959983896,0.051126344911465706,ok,0.6604938271604939,0.4147675007704778,5.393468514484466,1.3602679431494757,0.1737451488449363,-28.66158001304551,2.906115442973477,True,False,24,-0.01319095189335684,-0.20417289399823227,0.8382183926357494,ok,120,7,4.70015810329863,0.04080883655791323,165,11,-305.98691349021465,20,20,0.2857142857142857,0.0332066418633514,0.056530438252814674,0.003405492609999783
stage2__c-0p705__money-normal__income-uniform__growth-random__spend-high_wealth__topo-complete,money-normal__income-uniform__growth-random__spend-high_wealth__topo-complete,0.705,normal,uniform,random,high_wealth,complete,3069,20,1,25,30,ok,7,4.274707612866575,0.03870045487286239,132,11,-265.1159440044382,20,20,0.42857142857142855,0.036907347425371294,0.04787071907283313,ok,0.6937354988399071,0.36566451671306144,0.4141606050609221,0.15090952131427351,0.8800470895859225,0.62815366685189,0.743367411540916,True,False,24,-0.9268737575233326,-0.8304447671065752,0.4062873636603135,ok,120,7,4.272420062695302,0.038524118410630526,132,11,-265.1064957933784,20,20,0.19047619047619047,0.029359942887421366,0.04004701008104378,0.00944821105980509
stage2__c-0p705__money-pareto__income-uniform__growth-random__spend-high_wealth__topo-complete,money-pareto__income-uniform__growth-random__spend-high_wealth__topo-complete,0.705,pareto,uniform,random,high_wealth,complete,3067,21,1,26,30,ok,6,4.128551728771502,0.027315009072587215,215,11,-409.8805748668541,20,20,0.3333333333333333,0.027480168680788952,0.042495417297114264,ok,0.6702453987730062,0.4001113668310628,3.490497205103355,0.836965360461701,0.4026120391987478,-0.4535819643461684,0.9422052523962824,True,False,24,-0.7999543630029136,-0.7699550376817621,0.4413265643225103,ok,120,6,4.1265296850216195,0.02711922805274669,215,11,-409.86654213499867,20,20,0.5714285714285714,0.02556277441190973,0.03518905739499008,0.014032731855422753
stage2__c-0p705__money-equal__income-uniform__growth-random__spend-high_wealth__topo-complete,money-equal__income-uniform__growth-random__spend-high_wealth__topo-complete,0.705,equal,uniform,random,high_wealth,complete,3027,17,1,19,30,ok,4,3.402515645726269,0.04325588799110053,507,10,-927.4309676920661,20,20,0.047619047619047616,0.01576474215358044,0.021187980801504466,ok,0.6406803685329553,0.4452245914606376,-6.011662243003032,-1.0139878655532144,0.31058854248316436,0.6930049027521751,0.7363856335977709,True,False,24,-9.012209883060656,-2.7592795592678323,0.005792895524785317,ok,120,4,3.398063252365084,0.04274966992748436,507,10,-927.3244137731722,20,20,0.047619047619047616,0.01620788208453702,0.02831888685617644,0.10655391889395105
stage2__c-0p535__money-equal__income-uniform__growth-random__spend-high_both__topo-complete,money-equal__income-uniform__growth-random__spend-high_both__topo-complete,0.535,equal,uniform,random,high_both,complete,3026,18,1,20,30,ok,6,3.9202972235192575,0.05034249488250786,225,11,-449.0840253383137,20,20,0.047619047619047616,0.025913523729433553,0.043096029051049166,ok,0.6848739495798319,0.37852047286471235,-4.1614380770573485,-1.3728684713491772,0.16979323970985705,1.183693787213572,0.6199488534101278,True,False,24,-3.850986046818665,-1.828861781682976,0.06742031684313984,ok,120,6,3.9169512898720984,0.050024421838342326,225,11,-449.05609209284466,20,20,0.047619047619047616,0.02751611556377931,0.04176067551495259,0.02793324546905751
stage2__c-0p700__money-normal__income-uniform__growth-random__spend-high_wealth__topo-complete,money-normal__income-uniform__growth-random__spend-high_wealth__topo-complete,0.7,normal,uniform,random,high_wealth,complete,3020,18,1,25,30,ok,11,5.571247244070585,0.030724595995542225,30,11,-61.856635640234806,20,20,0.8095238095238095,0.040492717182575015,0.058422940095874724,ok,0.7115384615384616,0.34032580593720285,0.6232795234947341,0.6710263825275885,0.5022037227649367,-20.459933363225712,2.258428408565317,True,False,24,-0.0011611678975800288,-0.0388781948099082,0.968987501443813,ok,120,11,5.5704995188568605,0.03074857118152141,30,11,-61.856202093096364,20,20,0.5238095238095238,0.03376627125429306,0.05283575529245176,0.00043354713844223625
stage2__c-0p530__money-pareto__income-uniform__growth-random__spend-high_both__topo-complete,money-pareto__income-uniform__growth-random__spend-high_both__topo-complete,0.53,pareto,uniform,random,high_both,complete,2960,18,1,18,30,ok,6,3.9480067297866897,0.04441371694612939,183,11,-362.98954579183453,20,20,0.047619047619047616,0.026579790834880757,0.036716911997613844,ok,0.681184668989547,0.38392183633420074,-3.6808942286615305,-1.3988968014965366,0.1618439318793734,1.239433410400638,0.5990828697410792,True,False,24,-3.3600192350683304,-1.7169151498474389,0.08599467638793448,ok,120,6,3.9448762607599113,0.044095145731988805,183,11,-362.9686909676069,20,20,0.047619047619047616,0.02921934646854696,0.03983007012364168,0.020854824227626523
stage2__c-0p530__money-normal__income-uniform__growth-random__spend-high_both__topo-complete,money-normal__income-uniform__growth-random__spend-high_both__topo-complete,0.53,normal,uniform,random,high_both,complete,2948,18,1,21,30,ok,6,4.0726137669688915,0.04908394803769811,191,10,-368.5705400677466,20,20,0.09523809523809523,0.029391992378182318,0.047461082388155475,ok,0.6678260869565217,0.4037274882096237,-3.038731559863553,-1.0648984170264493,0.28692190146210883,1.1543154809268061,0.6055339151389063,True,False,24,-3.006644638824967,-1.550644778224201,0.12098683494160833,ok,120,6,4.0702971600414415,0.048877079461641326,191,10,-368.5557253039896,20,20,0.09523809523809523,0.03050578887837709,0.04842706187317477,0.014814763756987759
stage2__c-0p530__money-equal__income-uniform__growth-random__spend-high_both__topo-complete,money-equal__income-uniform__growth-random__spend-high_both__topo-complete,0.53,equal,uniform,random,high_both,complete,2947,18,1,19,30,ok,4,3.271063529681594,0.04820919065907725,472,11,-900.0759301206497,20,20,0.047619047619047616,0.01826300369579174,0.027294607894171676,ok,0.6596971881759193,0.41597435503931024,-10.681422067462393,-1.9156205519126348,0.055413411650521494,0.9066131683695697,0.698894567070367,True,False,24,-11.492818909275258,-3.137406704687597,0.0017044950996694384,ok,120,4,3.264728765320716,0.04747027654767144,472,11,-899.9178239490845,20,20,0.047619047619047616,0.019156746844368196,0.025868712295045206,0.15810617156512308
stage2__c-0p700__money-pareto__income-uniform__growth-random__spend-high_wealth__topo-complete,money-pareto__income-uniform__growth-random__spend-high_wealth__topo-complete,0.7,pareto,uniform,random,high_wealth,complete,2926,20,1,20,30,ok,6,3.7682749517459886,0.04257091139959146,194,11,-400.9349785828322,20,20,0.047619047619047616,0.027444792479903096,0.03837288062514108,ok,0.7069486404833837,0.34679726001936145,-0.51682590027713,-0.1727786169004582,0.8628254454885202,0.713813550435101,0.7710116033334496,True,False,24,-2.04630079205659,-1.4154470868317146,0.1569374520993217,ok,120,6,3.763465159481927,0.04205706034453627,194,11,-400.8964356581609,20,20,0.09523809523809523,0.024948440635595277,0.034797652726549326,0.03854292467127607
stage2__c-0p695__money-normal__income-uniform__growth-random__spend-high_wealth__topo-complete,money-normal__income-uniform__growth-random__spend-high_wealth__topo-complete,0.695,normal,uniform,random,high_wealth,complete,2902,18,1,23,30,ok,5,3.626039778724806,0.042247310951026296,290,11,-564.1154082232075,20,20,0.14285714285714285,0.02533750043922195,0.04712924462251702,ok,0.672316384180791,0.3970262394622997,-4.329846355190309,-1.0028370042429995,0.31593951143991583,0.9777418612581229,0.6750841555934415,True,False,24,-5.222184273677016,-2.016764271531184,0.043720119120685914,ok,120,5,3.6217769955382746,0.041814497997657574,290,11,-564.0623999590412,20,20,0.047619047619047616,0.026570921239020228,0.035475001264839386,0.05300826416635118
stage2__c-0p700__money-equal__income-uniform__growth-random__spend-high_wealth__topo-complete,money-equal__income-uniform__growth-random__spend-high_wealth__topo-complete,0.7,equal,uniform,random,high_wealth,complete,2877,23,1,33,30,ok,6,3.801611437523772,0.055420579246981516,201,10,-412.197716353122,20,20,0.047619047619047616,0.028759000406774198,0.042362291869955875,ok,0.7095375722543352,0.34314182782314906,4.777411667321456,0.9455621383034447,0.34437196320553876,-0.4469731020343479,1.0056021526982197,True,False,24,-0.8741899649623193,-0.7533041740151812,0.4512671511416462,ok,120,4,3.20080707755857,0.05489181219970318,468,10,-910.6450039778662,20,20,0.047619047619047616,0.023107874700378988,0.03646633774661186,
stage2__c-0p695__money-pareto__income-uniform__growth-random__spend-high_wealth__topo-complete,money-pareto__income-uniform__growth-random__spend-high_wealth__topo-complete,0.695,pareto,uniform,random,high_wealth,complete,2856,18,1,22,30,ok,4,3.43831776185066,0.03535188207026785,434,10,-785.1459864817746,20,20,0.047619047619047616,0.018349822691704397,0.02875563727808871,ok,0.6365159128978224,0.4517458606721707,-2.6025565950950496,-0.44484825307985043,0.6564294206360526,0.5659695557656058,0.7655161910535911,True,False,24,-6.582942592441016,-2.28526792739868,0.02229712233681306,ok,120,4,3.4342758314075956,0.03489558725217834,434,10,-785.0656338080545,20,20,0.047619047619047616,0.018395266216330076,0.029188697969142058,0.08035267372008548
stage2__c-0p525__money-pareto__income-uniform__growth-random__spend-high_both__topo-complete,money-pareto__income-uniform__growth-random__spend-high_both__topo-complete,0.525,pareto,uniform,random,high_both,complete,2830,19,1,19,30,ok,5,3.9416773489783634,0.024062770601751104,286,10,-513.4814315798142,20,20,0.47619047619047616,0.02479283331707855,0.04298938073411425,ok,0.6356687898089172,0.4530776220308898,1.3761872048908095,0.3399601359941166,0.7338865486906518,0.21090157849066168,0.8110443780484418,True,False,24,-2.078251842807468,-1.3285800419230485,0.18398656017509207,ok,120,5,3.939775774491992,0.023869984672147293,286,10,-513.462907727537,20,20,0.5238095238095238,0.023613473773205246,0.03752423690210879,0.018523852277212427
stage2__c-0p525__money-equal__income-uniform__growth-random__spend-high_both__topo-complete,money-equal__income-uniform__growth-random__spend-high_both__topo-complete,0.525,equal,uniform,random,high_both,complete,2791,18,1,23,30,ok,5,3.6897782475224616,0.032566431889089587,260,10,-497.4078330333814,20,20,0.19047619047619047,0.02472162621799033,0.03798395369007918,ok,0.6653796653796654,0.40739747585921826,-2.146070982614421,-0.5255933377847993,0.599170786629242,0.7926920695692878,0.7159724578444959,True,False,24,-3.6698639495756162,-1.7197709777654417,0.0854740800608867,ok,120,5,3.6861507410903953,0.03220944702961975,260,10,-497.3693026396576,20,20,0.23809523809523808,0.02290310360036009,0.035265979078029724,0.038530393723817724
stage2__c-0p525__money-normal__income-uniform__growth-random__spend-high_both__topo-complete,money-normal__income-uniform__growth-random__spend-high_both__topo-complete,0.525,normal,uniform,random,high_both,complete,2777,20,1,21,30,ok,4,3.3251807371167565,0.03133277980693483,419,10,-785.3031531888631,20,20,0.14285714285714285,0.02223927404638893,0.03203653853788082,ok,0.6587947882736156,0.4173431916485961,2.8661169557453094,0.45245546995176883,0.6509408939287569,0.21756863038719693,0.8867324483414872,True,False,24,-4.7447961849392275,-1.973289567437927,0.04846258084108279,ok,120,4,3.3196991825082125,0.030700026300278294,419,10,-785.1873259813005,20,20,0.047619047619047616,0.01979564656006666,0.02729802762971065,0.11582720756257459
stage2__c-0p690__money-normal__income-uniform__growth-random__spend-high_wealth__topo-complete,money-normal__income-uniform__growth-random__spend-high_wealth__topo-complete,0.69,normal,uniform,random,high_wealth,complete,2772,20,1,25,30,ok,4,3.4039927036452604,0.029452794688013983,395,10,-722.2229724987945,20,20,0.047619047619047616,0.019549700562592077,0.026387598780660056,ok,0.6473214285714286,0.4349123094344654,4.756740599460109,0.7061447113314366,0.48009814907599846,0.05233481003056489,0.9073417300473161,True,False,24,-3.7414681938988426,-1.6775525636835307,0.09343447987338306,ok,120,4,3.3995580319760994,0.028920100244115066,395,10,-722.140390248433,20,20,0.047619047619047616,0.017417333867245928,0.028036616015025224,0.08258225036149724
stage2__c-0p695__money-equal__income-uniform__growth-random__spend-high_wealth__topo-complete,money-equal__income-uniform__growth-random__spend-high_wealth__topo-complete,0.695,equal,uniform,random,high_wealth,complete,2764,21,1,23,30,ok,3,3.0535459925728174,0.02882386345251209,768,11,-1335.8759942537326,20,20,0.047619047619047616,0.013641257436856716,0.02154424732861723,ok,0.621861152141802,0.47503843922989364,10.972814729946307,1.0917107526481857,0.27496025744642116,-0.1515800394025363,0.9837284297676558,True,False,24,-8.934707920382264,-2.738091744921744,0.006179683375017744,ok,120,3,3.047224098016777,0.02797907769864838,768,11,-1335.5932045441405,20,20,0.09523809523809523,0.014608972359177772,0.02706941362086697,0.28278970959217986
stage2__c-0p685__money-normal__income-uniform__growth-random__spend-high_wealth__topo-complete,money-normal__income-uniform__growth-random__spend-high_wealth__topo-complete,0.685,normal,uniform,random,high_wealth,complete,2681,20,1,33,30,ok,4,3.381143063033029,0.023192789328781604,344,9,-633.4703351136291,20,20,0.5238095238095238,0.02314468995541312,0.03667409587540238,ok,0.658051689860835,0.41847179472267637,12.702911483265124,1.573384546875337,0.11562980299107145,-1.1745650923466595,1.1692554673647853,True,False,24,-1.4808630313129418,-1.0383205663921298,0.2991208368859162,ok,120,4,3.376426650125616,0.02265428632994748,344,9,-633.3923521929967,20,20,0.3333333333333333,0.019018393992035712,0.026755883398568662,0.07798292063239387
stage2__c-0p690__money-pareto__income-uniform__growth-random__spend-high_wealth__topo-complete,money-pareto__income-uniform__growth-random__spend-high_wealth__topo-complete,0.69,pareto,uniform,random,high_wealth,complete,2679,18,1,23,30,ok,4,3.430642699023299,0.036917818461133844,415,10,-752.5526674078826,20,20,0.047619047619047616,0.019931086253385355,0.033267879138887346,ok,0.6385017421602787,0.44863087499286036,-1.444542528858452,-0.22982569111676418,0.8182272203980869,0.5392582177367482,0.7748457382388495,True,False,24,-6.126995523113619,-2.121811565854044,0.03385356500879034,ok,120,4,3.4265160159823638,0.03645124385222592,415,10,-752.4737164289509,20,20,0.09523809523809523,0.018065662442676194,0.02743313169533338,0.07895097893174352
stage2__c-0p520__money-normal__income-uniform__growth-random__spend-high_both__topo-complete,money-normal__income-uniform__growth-random__spend-high_both__topo-complete,0.52,normal,uniform,random,high_both,complete,2667,20,1,28,30,ok,5,3.7359402427933524,0.013105160915914182,217,9,-410.2317129833325,20,20,1.0,0.02496193277359541,0.041807301095405924,ok,0.6726998491704375,0.3964560381657984,8.950127190666173,1.652812882174768,0.09836895149319559,-3.1543624228317513,1.4064598632592362,True,False,24,-0.3138655251901419,-0.5044190698252867,0.6139669201052034,ok,120,5,3.7327148207977823,0.012790025656420623,217,9,-410.2040851991959,20,20,1.0,0.026144108643479443,0.040120626903663296,0.027627784136598166
stage2__c-0p520__money-equal__income-uniform__growth-random__spend-high_both__topo-complete,money-equal__income-uniform__growth-random__spend-high_both__topo-complete,0.52,equal,uniform,random,high_both,complete,2647,20,1,25,30,ok,3,3.050849566315464,0.024795875801053358,672,11,-1170.1430055146675,20,20,0.19047619047619047,0.016056396344044904,0.026781512698596622,ok,0.6274944567627495,0.46602044185944064,20.994392657029163,1.9740076089379641,0.04838087776095661,-0.6434967872734133,1.1056304579749188,True,False,24,-5.427408459211574,-2.0996573685425877,0.03575899229820567,ok,120,3,3.0444782193243887,0.023930617526359055,672,11,-1169.8929621810282,20,20,0.047619047619047616,0.012464972157673972,0.017898816966827387,0.2500433336392689
stage2__c-0p690__money-equal__income-uniform__growth-random__spend-high_wealth__topo-complete,money-equal__income-uniform__growth-random__spend-high_wealth__topo-complete,0.69,equal,uniform,random,high_wealth,complete,2646,18,1,23,30,ok,3,3.048956985336775,0.029753791550544306,671,10,-1169.2802465592988,20,20,0.09523809523809523,0.0156408334930286,0.022593393363040056,ok,0.6253489670575098,0.4694454377715716,15.259781619600444,1.5563629830922767,0.11962180230054224,-0.3703949902839575,1.041008955236875,True,False,24,-6.577836686151011,-2.3524544031228443,0.0186499761574297,ok,120,3,3.0425506561624216,0.028883340271751767,671,10,-1169.0287350163276,20,20,0.09523809523809523,0.015163274642161235,0.028807277417250383,0.2515115429712296
stage2__c-0p520__money-pareto__income-uniform__growth-random__spend-high_both__topo-complete,money-pareto__income-uniform__growth-random__spend-high_both__topo-complete,0.52,pareto,uniform,random,high_both,complete,2634,16,1,18,30,ok,6,4.1359135631502175,0.049251026400792375,153,10,-291.2200798302109,20,20,0.047619047619047616,0.029168634106526536,0.04566473363617775,ok,0.6577181208053691,0.41897882727488733,-4.005841608560698,-1.7673964309569616,0.0771618602500033,1.3910893605087167,0.5248179292368215,True,False,24,-3.411196911516926,-1.6825426867997568,0.0924636547157482,ok,120,3,3.0888734551829544,0.04897454593388151,710,10,-1214.9868570351605,20,20,0.047619047619047616,0.01214702048971449,0.016937714818736956,
stage2__c-0p515__money-pareto__income-uniform__growth-random__spend-high_both__topo-complete,money-pareto__income-uniform__growth-random__spend-high_both__topo-complete,0.515,pareto,uniform,random,high_both,complete,2514,18,1,19,30,ok,4,3.5551763320542986,0.03695583870770591,344,9,-600.6222061418355,20,20,0.09523809523809523,0.018474922983429922,0.036253697726832984,ok,0.6190476190476191,0.4795730802618862,-0.5530260364471511,-0.10876267499997164,0.9133907291758318,0.43769290274442496,0.7752246348184239,True,False,24,-4.3418552727357005,-1.8478653887058567,0.06462181862804671,ok,120,4,3.55223499684831,0.036623668064790005,344,9,-600.5800761687826,20,20,0.047619047619047616,0.018253148640418156,0.030429103463967776,0.04212997305285171
stage2__c-0p685__money-pareto__income-uniform__growth-random__spend-high_wealth__topo-complete,money-pareto__income-uniform__growth-random__spend-high_wealth__topo-complete,0.685,pareto,uniform,random,high_wealth,complete,2503,21,1,32,30,ok,4,3.1989490036074715,0.03324833057599619,347,10,-677.4211389276704,20,20,0.047619047619047616,0.02442411730518649,0.03292182954140197,ok,0.6836827711941659,0.3802612537448742,7.175160454929985,0.9599365895160054,0.3370871296839618,-0.018084928911703137,0.9805942880860288,True,False,24,-3.4300049918640476,-1.5820866367096813,0.11362979384185246,ok,120,4,3.1912756835889473,0.03234096650495266,347,10,-677.27094459075,20,20,0.19047619047619047,0.024123284195398335,0.03547940310670387,0.1501943369204355
stage2__c-0p680__money-normal__income-uniform__growth-random__spend-high_wealth__topo-complete,money-normal__income-uniform__growth-random__spend-high_wealth__topo-complete,0.68,normal,uniform,random,high_wealth,complete,2491,19,1,21,30,ok,6,3.8215420175895445,0.02247747104888209,124,9,-253.12399000703192,20,20,0.8571428571428571,0.03245579628719246,0.044190472718534844,ok,0.7033492822966507,0.3519016651860747,1.0198830557192082,0.3979672896900095,0.6906542975986109,0.007143377317999042,0.9153111718445032,True,False,24,-0.7245492035262062,-0.8450161308129296,0.3981018327767063,ok,120,6,3.817304608212602,0.022176532923010472,124,9,-253.10309846937795,20,20,0.8571428571428571,0.030634203437833026,0.04067040829543594,0.020891537653966452
stage2__c-0p515__money-normal__income-uniform__growth-random__spend-high_both__topo-complete,money-normal__income-uniform__growth-random__spend-high_both__topo-complete,0.515,normal,uniform,random,high_both,complete,2479,18,1,20,30,ok,7,4.38264975942677,0.039701346160876505,92,9,-180.97834963483882,20,20,0.47619047619047616,0.03637614732262349,0.04940738810474454,ok,0.6805555555555556,0.3848458209054287,-0.5607536533795259,-0.31788250938843804,0.7505740604723046,0.9293905551889641,0.6620539887760464,True,False,24,-0.8379385832627406,-0.8758858429097043,0.38109209653760867,ok,120,7,4.380867154328407,0.039540486172292444,92,9,-180.97354448669103,20,20,0.42857142857142855,0.03691858317611889,0.053109992287956036,0.004805148147795535
stage2__c-0p685__money-equal__income-uniform__growth-random__spend-high_wealth__topo-complete,money-equal__income-uniform__growth-random__spend-high_wealth__topo-complete,0.685,equal,uniform,random,high_wealth,complete,2478,18,1,23,30,ok,4,3.3367315926353145,0.03651262454080406,344,10,-642.38041380493,20,20,0.09523809523809523,0.02181552088918859,0.0316198269215675,ok,0.6563436563436563,0.4210707608306101,1.693990008767921,0.3063122824222777,0.7593668883764328,0.20211256612373601,0.8876301012832819,True,False,24,-3.835349241679651,-1.8116285763767868,0.07004360638341411,ok,120,4,3.331417144205257,0.03585668992085167,344,10,-642.2891361929114,20,20,0.14285714285714285,0.022604714410097988,0.03730774021454597,0.09127761201852991
stage2__c-0p680__money-pareto__income-uniform__growth-random__spend-high_wealth__topo-complete,money-pareto__income-uniform__growth-random__spend-high_wealth__topo-complete,0.68,pareto,uniform,random,high_wealth,complete,2473,18,1,22,30,ok,10,4.955540577497265,0.03326665750444946,31,10,-66.34410661423131,20,20,0.6666666666666666,0.03574592261447565,0.04573605608358678,ok,0.7256637168141593,0.3206685714480874,0.04613528555488333,0.0530447916448361,0.957696219355153,0.41901569102167907,0.7644008266180904,True,False,24,-0.11080652751889275,-0.3371150589911741,0.7360301657771748,ok,120,10,4.953777100150306,0.03327470739102112,31,10,-66.34275076927506,20,20,0.5714285714285714,0.03318628981303866,0.044346101657992236,0.0013558449562509622
stage2__c-0p515__money-equal__income-uniform__growth-random__spend-high_both__topo-complete,money-equal__income-uniform__growth-random__spend-high_both__topo-complete,0.515,equal,uniform,random,high_both,complete,2447,19,1,25,30,ok,5,3.7087871547414077,0.035289280396828215,213,9,-405.4930126955197,20,20,0.3333333333333333,0.03049527311599583,0.04935916455398725,ok,0.6656200941915227,0.4070362003402057,0.4270415894906985,0.10254786761778445,0.9183218202160002,0.4983019904878858,0.7883423810427399,True,False,24,-2.199796434913501,-1.279049699739602,0.20087955492596288,ok,120,5,3.705330546738967,0.03491073954334001,213,9,-405.4633609242617,20,20,0.3333333333333333,0.027780877203950817,0.04054285859887166,0.0296517712580453
stage2__c-0p680__money-equal__income-uniform__growth-random__spend-high_wealth__topo-complete,money-equal__income-uniform__growth-random__spend-high_wealth__topo-complete,0.68,equal,uniform,random,high_wealth,complete,2438,20,1,25,30,ok,6,3.983390176729006,0.0274349149778213,138,9,-271.5783748639118,20,20,0.7619047619047619,0.03508873420790336,0.05293036659611583,ok,0.6870748299319728,0.37531206993747684,2.468366587114196,0.8066040506708384,0.4198946392726688,-0.5307455569113373,0.9828817814927622,True,False,24,-0.5244094264539019,-0.6806272796231301,0.4961073610710335,ok,120,6,3.980515625425241,0.027186318805401344,138,9,-271.5642765265862,20,20,0.6190476190476191,0.03420668261645252,0.04901054153327357,0.01409833732560628
stage2__c-0p510__money-normal__income-uniform__growth-random__spend-high_both__topo-complete,money-normal__income-uniform__growth-random__spend-high_both__topo-complete,0.51,normal,uniform,random,high_both,complete,2378,19,1,26,30,ok,7,4.21406361153958,0.03194135569668333,88,9,-178.85337505915123,20,20,0.6190476190476191,0.03249280685429381,0.042642230105365,ok,0.7027027027027027,0.3528213746227423,1.279463168814325,0.5303408231074508,0.5958756473955658,-0.4669523363185426,0.9561046611011947,True,False,24,-0.29178164624345193,-0.4804081074177996,0.6309372305373153,ok,120,7,4.211433476178237,0.03177319848241478,88,9,-178.84585555865635,20,20,0.5714285714285714,0.03276380834121653,0.04528920820813643,0.007519500494879594
stage2__c-0p675__money-pareto__income-uniform__growth-random__spend-high_wealth__topo-complete,money-pareto__income-uniform__growth-random__spend-high_wealth__topo-complete,0.675,pareto,uniform,random,high_wealth,complete,2368,19,1,20,30,ok,5,3.7353599140717333,0.035311132686883684,163,9,-308.19228777158105,20,20,0.23809523809523808,0.02825805062703316,0.04010347463577908,ok,0.6639175257731958,0.4095973453930749,1.4330439362966088,0.4256164914775647,0.6703873213760698,0.184218695258635,0.8559626608968631,True,False,24,-1.262131005124052,-1.0305593462855789,0.30274750866935296,ok,120,5,3.7321295427728933,0.03496044000293719,163,9,-308.17149545488326,20,20,0.38095238095238093,0.03079840608370359,0.03950125422748148,0.020792316697793467
stage2__c-0p510__money-pareto__income-uniform__growth-random__spend-high_both__topo-complete,money-pareto__income-uniform__growth-random__spend-high_both__topo-complete,0.51,pareto,uniform,random,high_both,complete,2364,19,1,22,30,ok,5,4.021705036029022,0.02930880829672644,171,8,-301.0875441777225,20,20,0.42857142857142855,0.026425887846556455,0.034354061037644906,ok,0.6346153846153846,0.4547361571149472,6.132704925379548,1.6532088451252782,0.09828836695086991,-3.893626733406385,1.421352137731802,True,False,24,-0.15723286246355084,-0.3884256669426187,0.6977010529385943,ok,120,5,4.020160020183592,0.02916464365632826,171,8,-301.07902652030356,20,20,0.5714285714285714,0.030855781549247473,0.0395868726660411,0.008517657418963154
stage2__c-0p675__money-normal__income-uniform__growth-random__spend-high_wealth__topo-complete,money-normal__income-uniform__growth-random__spend-high_wealth__topo-complete,0.675,normal,uniform,random,high_wealth,complete,2363,19,1,22,30,ok,4,3.256409963966053,0.031221445774666956,270,9,-517.3148737046581,20,20,0.09523809523809523,0.024060200086448845,0.030299822368681333,ok,0.6723300970873787,0.39700584316218784,3.8784775531901587,0.733508699848115,0.46324822363308826,0.0015944590356025841,0.9590385628596357,True,False,24,-2.642388048466753,-1.5049774179885518,0.13232988259196585,ok,120,4,3.2498228620645118,0.030450942326908537,270,9,-517.219599848472,20,20,0.23809523809523808,0.023227933644617747,0.0347078724476652,0.0952738561861679
stage2__c-0p510__money-equal__income-uniform__growth-random__spend-high_both__topo-complete,money-equal__income-uniform__growth-random__spend-high_both__topo-complete,0.51,equal,uniform,random,high_both,complete,2320,17,1,21,30,ok,3,3.065862560538057,0.043838371922151675,545,10,-943.3726451406317,20,20,0.047619047619047616,0.016924587159602465,0.026284811268383498,ok,0.6175438596491228,0.4820051852304987,4.6139252937385224,0.6110680376271735,0.5411545386371794,0.019293063959907254,0.9337393019408461,True,False,24,-7.256256297212115,-2.55623412456726,0.010581189842815414,ok,120,3,3.059761926020541,0.04301320845314166,545,10,-943.1813300608221,20,20,0.047619047619047616,0.016833785474279356,0.025156520017736796,0.19131507980955575
stage2__c-0p505__money-pareto__income-uniform__growth-random__spend-high_both__topo-complete,money-pareto__income-uniform__growth-random__spend-high_both__topo-complete,0.505,pareto,uniform,random,high_both,complete,2251,18,1,28,30,ok,5,3.527732563063724,0.02432967547761844,154,9,-307.5147349397901,20,20,0.6666666666666666,0.02978986633762475,0.04713365031117176,ok,0.695049504950495,0.3637722058094941,3.0606066360488278,0.7283148804397733,0.4664208553710215,-0.2958056948626703,1.004069305445068,True,False,24,-0.9339534678321018,-0.8508806316196403,0.394835664945435,ok,120,5,3.5222735574787754,0.024395985819893773,154,9,-307.47581540622696,20,20,0.8571428571428571,0.031477659599336905,0.0413175708384199,0.0389195335631598
stage2__c-0p675__money-equal__income-uniform__growth-random__spend-high_wealth__topo-complete,money-equal__income-uniform__growth-random__spend-high_wealth__topo-complete,0.675,equal,uniform,random,high_wealth,complete,2243,20,1,34,30,ok,7,3.9635857405870856,0.03251169059462733,81,9,-173.17211915959723,20,20,0.7619047619047619,0.036280663059516265,0.04966411216144393,ok,0.7335526315789473,0.30985592994610295,3.054615503820162,1.015100987126846,0.31005769113863313,-4.204169706989679,1.5105183969728622,True,False,24,-0.07266803039366376,-0.2523963729974844,0.8007347033484508,ok,120,7,3.958935918578738,0.03227902311819142,81,9,-173.15771935255663,20,20,0.6190476190476191,0.0342269500282951,0.04661466778466317,0.014399807040604173
stage2__c-0p505__money-normal__income-uniform__growth-random__spend-high_both__topo-complete,money-normal__income-uniform__growth-random__spend-high_both__topo-complete,0.505,normal,uniform,random,high_both,complete,2239,18,1,34,30,ok,4,3.5294985247082113,0.027312019285459233,256,8,-450.4367707781769,20,20,0.38095238095238093,0.02458248078796909,0.035555006635647424,ok,0.6368794326241135,0.45117491507001434,11.473977821432323,1.4152513419161974,0.15699481594908207,-2.09081352609065,1.281606904652093,True,False,24,-0.6474843096740601,-0.6245825199583092,0.5322450951491124,ok,120,4,3.526343679595656,0.026951961863727947,256,8,-450.40243988091504,20,20,0.3333333333333333,0.023943841576859356,0.03587090202939525,0.0343308972618388
stage2__c-0p505__money-equal__income-uniform__growth-random__spend-high_both__topo-complete,money-equal__income-uniform__growth-random__spend-high_both__topo-complete,0.505,equal,uniform,random,high_both,complete,2135,18,1,29,30,ok,4,3.2986028688438944,0.038043518000245025,258,9,-487.6623424289271,20,20,0.09523809523809523,0.024452356560926113,0.037603891868319396,ok,0.6618610747051114,0.4126996020090973,0.4999557472796017,0.08663140371154414,0.930964503179696,0.44671536889702007,0.8328682868026516,True,False,24,-3.6508355723719985,-1.6255993774746376,0.10403490773730852,ok,120,4,3.2927171606602945,0.03736060695954757,258,9,-487.5839691670419,20,20,0.047619047619047616,0.021989646386421126,0.03303739578592953,0.07837326188519
stage2__c-0p500__money-pareto__income-uniform__growth-random__spend-high_both__topo-complete,money-pareto__income-uniform__growth-random__spend-high_both__topo-complete,0.5,pareto,uniform,random,high_both,complete,2081,19,1,29,30,ok,4,3.4638288425480104,0.033304422050937976,213,8,-382.3288463571787,20,20,0.23809523809523808,0.0258260878939441,0.04439513548078361,ok,0.6597444089456869,0.41590277813906584,19.065398762468995,2.940802832982994,0.0032736283385520885,-50.0,4.624969644283648,True,True,24,-0.0258579949219504,-1.0529012847599788,0.2923862372278422,ok,120,4,3.460056909791812,0.0337466274557654,213,8,-382.29281481537055,20,20,0.19047619047619047,0.025903973387263052,0.03704097173450777,0.03603154180814272
stage2__c-0p500__money-normal__income-uniform__growth-random__spend-high_both__topo-complete,money-normal__income-uniform__growth-random__spend-high_both__topo-complete,0.5,normal,uniform,random,high_both,complete,1985,20,1,36,30,ok,3,2.9623007720924277,0.026299040991657363,366,9,-660.4265423755662,20,20,0.09523809523809523,0.01780245058119218,0.025588334955488,ok,0.6504297994269341,0.43012190472102446,17.17109589316784,1.6268249229884022,0.10377428677171194,-0.9024354067967596,1.1971969869126506,True,False,24,-2.642041677326135,-1.3674137629365888,0.17149565084184215,ok,120,3,2.9540809983017784,0.025146646642498216,366,9,-660.234434489946,20,20,0.14285714285714285,0.0215727377065815,0.028608803112518212,0.19210788562020298
stage2__c-0p500__money-equal__income-uniform__growth-random__spend-high_both__topo-complete,money-equal__income-uniform__growth-random__spend-high_both__topo-complete,0.5,equal,uniform,random,high_both,complete,1966,18,1,30,30,ok,7,3.8610117701977544,0.03231355911378625,53,8,-115.77803977699583,20,20,0.42857142857142855,0.02991926893635937,0.040920016772337114,ok,0.7439613526570048,0.29576619085173994,1.9785782389742246,0.8016998643270958,0.42272659432433124,-2.171581114138803,1.2860382858252248,True,False,24,-0.09358253429073127,-0.26512221880664966,0.7909153114730063,ok,120,7,3.8551571956214157,0.031842543281943025,53,8,-115.76531362824524,20,20,0.38095238095238093,0.029395559677440196,0.0440011597587794,0.01272614875058764
stage2__c-0p495__money-pareto__income-uniform__growth-random__spend-high_both__topo-complete,money-pareto__income-uniform__growth-random__spend-high_both__topo-complete,0.495,pareto,uniform,random,high_both,complete,1896,17,1,17,30,ok,3,3.048379425102779,0.03512320110487094,366,8,-637.9355585971833,20,20,0.047619047619047616,0.01929930762050537,0.030147332220960613,ok,0.6207253886010362,0.4768665032235367,2.5425618988839256,0.4207324570396673,0.673950457607726,0.024360716344446618,0.9379370438017938,True,False,24,-4.956467223965259,-2.120739685149451,0.03394371489862573,ok,120,3,3.0419624976262334,0.03425117784752735,366,8,-637.7980627306758,20,20,0.09523809523809523,0.019539366800633135,0.029510930842626404,0.1374958665074928
stage2__c-0p495__money-normal__income-uniform__growth-random__spend-high_both__topo-complete,money-normal__income-uniform__growth-random__spend-high_both__topo-complete,0.495,normal,uniform,random,high_both,complete,1887,17,1,18,30,ok,3,3.2188775307946282,0.021094188186034812,363,8,-592.2174808571082,20,20,0.5238095238095238,0.02059554176778915,0.033421361145681165,ok,0.5916760404949382,0.5247960227761946,8.962294776576863,1.4711652384851466,0.1412464355125878,-0.8533443932008198,1.0967839496231113,True,False,24,-2.332993057934376,-1.5046114783099303,0.1324239935034499,ok,120,3,3.2149717800637205,0.020717322663548754,363,8,-592.1470109185084,20,20,0.38095238095238093,0.020559659324741242,0.03179744588346149,0.07046993859978556
stage2__c-0p495__money-equal__income-uniform__growth-random__spend-high_both__topo-complete,money-equal__income-uniform__growth-random__spend-high_both__topo-complete,0.495,equal,uniform,random,high_both,complete,1867,17,1,22,30,ok,3,3.0560925565012296,0.028208539447085512,392,9,-681.165133774697,20,20,0.14285714285714285,0.019018225959027017,0.028587595365917238,ok,0.6238003838771593,0.47192485942362944,8.819094799619187,1.321380612030338,0.1863744873218518,-0.4471439524273242,1.0573465930338473,True,False,24,-3.622613163958404,-1.847638428628604,0.06465466657434514,ok,120,3,3.0498170761417396,0.027357497979364875,392,9,-681.0222122670741,20,20,0.09523809523809523,0.019271259672206387,0.024925526286691698,0.14292150762287292
stage2__c-0p490__money-pareto__income-uniform__growth-random__spend-high_both__topo-complete,money-pareto__income-uniform__growth-random__spend-high_both__topo-complete,0.49,pareto,uniform,random,high_both,complete,1789,19,1,26,30,ok,2,2.780022789922432,0.01992546726598976,669,8,-1006.6023470702795,20,20,0.23809523809523808,0.01422813519523632,0.02463034742173131,ok,0.56217277486911,0.5759460477422104,40.68308646150013,2.99215079298294,0.0027701939342783108,-1.5694073620154294,1.3358789869398309,True,False,24,-4.10140358307947,-1.893299151174859,0.05831809798777171,ok,120,2,2.7732983750186078,0.019011797204807612,669,8,-1006.3035127820907,20,20,0.14285714285714285,0.015591275745789595,0.021170530449314762,0.2988342881888002
stage2__c-0p490__money-normal__income-uniform__growth-random__spend-high_both__topo-complete,money-normal__income-uniform__growth-random__spend-high_both__topo-complete,0.49,normal,uniform,random,high_both,complete,1777,20,1,25,30,ok,3,3.076870410527038,0.01636436461648394,288,8,-496.3552489874599,20,20,0.8571428571428571,0.020890934808837504,0.029113474099083863,ok,0.6372795969773299,0.45054679195967023,23.68884630415585,2.8005036250227553,0.005102293441033606,-5.466329173252752,1.8966405065600438,True,False,24,-0.35383692674063427,-0.6138107220923756,0.5393404111531345,ok,120,3,3.0709610343952454,0.015584398291682344,288,8,-496.2583751767165,20,20,0.8571428571428571,0.02308452471200941,0.034398546155748826,0.09687381074337509
stage2__c-0p490__money-equal__income-uniform__growth-random__spend-high_both__topo-complete,money-equal__income-uniform__growth-random__spend-high_both__topo-complete,0.49,equal,uniform,random,high_both,complete,1722,16,1,19,30,ok,5,3.5915996394102923,0.043565074701142625,120,8,-235.5617043846757,20,20,0.14285714285714285,0.032690269246456696,0.04623672806101903,ok,0.6808510638297872,0.38441169891033206,-0.10062139068889242,-0.03803660917457138,0.969658493236588,0.5447602152677057,0.8007229841200489,True,False,24,-1.3589036814215247,-1.1333448275562183,0.25706947361859067,ok,120,5,3.586949816931072,0.0431005424742722,120,8,-235.53713501583283,20,20,0.14285714285714285,0.03355474515553738,0.04668123409178104,0.02456936884286165
stage2__c-0p485__money-pareto__income-uniform__growth-random__spend-high_both__topo-complete,money-pareto__income-uniform__growth-random__spend-high_both__topo-complete,0.485,pareto,uniform,random,high_both,complete,1687,17,1,20,30,ok,3,3.226746980233296,0.018940266261530336,283,7,-460.32766191325993,20,20,0.42857142857142855,0.018733003125027715,0.03288768980468751,ok,0.5985815602836879,0.5131924887762569,14.548074513156248,2.043900200945987,0.040963407298410096,-2.2784676253714724,1.3645737157124584,True,False,24,-0.8315646505130752,-0.8431681246174398,0.39913442273853716,ok,120,3,3.2229304452455785,0.018446242062002516,283,7,-460.27436816406623,20,20,0.7619047619047619,0.021526758648358103,0.031000410407787813,0.053293749193699114
stage2__c-0p485__money-normal__income-uniform__growth-random__spend-high_both__topo-complete,money-normal__income-uniform__growth-random__spend-high_both__topo-complete,0.485,normal,uniform,random,high_both,complete,1639,19,1,35,30,ok,3,3.0043134600164803,0.02747480698267657,268,8,-475.4275621375831,20,20,0.5238095238095238,0.027725343532432906,0.03969195942740616,ok,0.6469038208168644,0.4355576496011092,17.423209381680792,1.8168748117907585,0.06923628429663137,-1.9853032497741065,1.3986461132331984,True,False,24,-1.0673142711581014,-0.8822371298810086,0.37764858694408865,ok,120,3,2.9970274008921765,0.026475569895967,268,8,-475.3080935385831,20,20,0.42857142857142855,0.022653710884854652,0.031942339929411714,0.11946859900001527
stage2__c-0p485__money-equal__income-uniform__growth-random__spend-high_both__topo-complete,money-equal__income-uniform__growth-random__spend-high_both__topo-complete,0.485,equal,uniform,random,high_both,complete,1601,20,1,36,30,ok,3,2.957872704257609,0.019103850582478765,253,8,-457.3502824682506,20,20,0.6190476190476191,0.021139931137601452,0.028500756775108205,ok,0.6662269129287599,0.4061249563670118,25.358176416547686,2.750858776744926,0.0059439262203247354,-7.8703158865295695,2.2567778623147716,True,False,24,-0.23131962287338936,-0.5596810569186119,0.5756970055129174,ok,120,3,2.9495479366993957,0.018776134805346456,253,8,-457.21517847828363,20,20,0.6190476190476191,0.021918916119103852,0.03132682058422175,0.1351039899669786
stage2__c-0p480__money-pareto__income-uniform__growth-random__spend-high_both__topo-complete,money-pareto__income-uniform__growth-random__spend-high_both__topo-complete,0.48,pareto,uniform,random,high_both,complete,1515,17,1,36,30,ok,3,3.059796526322234,0.01298071844202231,216,7,-374.7855019795105,20,20,0.7619047619047619,0.01796753721611431,0.024880973532900943,ok,0.6429752066115703,0.4416491144123951,19.485214401793368,1.9394668268272348,0.052444520116674914,-4.887212997238969,1.8281979432575888,True,False,24,-0.2946735336398545,-0.46717561192374735,0.6403742407044728,ok,120,3,3.053587915204397,0.012455900460649816,216,7,-374.70787280265847,20,20,0.8095238095238095,0.018016797121781253,0.025957143558164586,0.07762917685204229
stage2__c-0p480__money-normal__income-uniform__growth-random__spend-high_both__topo-complete,money-normal__income-uniform__growth-random__spend-high_both__topo-complete,0.48,normal,uniform,random,high_both,complete,1501,16,1,29,30,ok,3,3.2068576731472263,0.019980030810435867,243,7,-398.25605036529754,20,20,0.7619047619047619,0.02662208404213785,0.03894087737313592,ok,0.6086956521739131,0.496436886313891,17.396614839435365,2.1747267976897104,0.029650595505439057,-5.970046862433116,1.897288868528415,True,False,24,-0.25785159794615176,-0.5498879360896017,0.5823962392042008,ok,120,3,3.2028116922686323,0.019585972560086873,243,7,-398.20663289055494,20,20,0.6666666666666666,0.023815370341428797,0.03529990995335401,0.04941747474259728
stage2__c-0p475__money-pareto__income-uniform__growth-random__spend-high_both__topo-complete,money-pareto__income-uniform__growth-random__spend-high_both__topo-complete,0.475,pareto,uniform,random,high_both,complete,1431,21,1,33,30,ok,3,3.026843185164099,0.023241680223135552,201,6,-353.36193347019486,20,20,0.38095238095238093,0.02188463513831973,0.030942175194711125,ok,0.6616161616161617,0.4130697074933836,26.7729182467223,2.8520208379660508,0.00434422527027644,-31.078522641416633,4.0719588697062665,True,False,24,0.006120402705409145,0.11162729145948985,0.9111189318025046,ok,120,3,3.0200147062568194,0.024167122756600712,201,6,-353.27983977258054,20,20,0.23809523809523808,0.021497040909457994,0.03321992542980615,0.08209369761431162
stage2__c-0p480__money-equal__income-uniform__growth-random__spend-high_both__topo-complete,money-equal__income-uniform__growth-random__spend-high_both__topo-complete,0.48,equal,uniform,random,high_both,complete,1421,20,1,39,30,ok,2,2.7965134702890495,0.012319237558313656,494,8,-736.7720776081887,20,20,0.6666666666666666,0.014951712245748006,0.023614822464541007,ok,0.5777777777777778,0.5485659517488376,59.99692001234169,3.46223065414711,0.0005357178283734951,-5.47953496679918,2.0141919401141624,True,False,24,-0.5889856740819277,-0.7384254376870427,0.4602559614262566,ok,120,2,2.7901340617181574,0.011615040215992356,494,8,-736.566729631053,20,20,0.7142857142857143,0.01456968591912125,0.019520564824722367,0.20534797713571606
stage2__c-0p475__money-normal__income-uniform__growth-random__spend-high_both__topo-complete,money-normal__income-uniform__growth-random__spend-high_both__topo-complete,0.475,normal,uniform,random,high_both,complete,1381,16,1,22,30,ok,3,3.199973174359022,0.032051783013409774,210,6,-345.0747233647716,20,20,0.23809523809523808,0.023611842155019748,0.035162195535534305,ok,0.5992366412213741,0.5120986984127887,7.744940193594391,1.3634391197870326,0.17274415917259656,-1.1457268175547684,1.1639826712011108,True,False,24,-1.1135993749375763,-0.9732400466821448,0.3304340117090059,ok,120,3,3.1958447221171,0.031513408342742355,210,6,-345.03086500335746,20,20,0.14285714285714285,0.024980811714571245,0.038239186489906776,0.043858361414152114
stage2__c-0p475__money-equal__income-uniform__growth-random__spend-high_both__topo-complete,money-equal__income-uniform__growth-random__spend-high_both__topo-complete,0.475,equal,uniform,random,high_both,complete,1322,20,1,31,30,ok,3,2.9484026452032532,0.015318596431906695,198,7,-359.3156682712986,20,20,0.7619047619047619,0.021839567375981805,0.03418686591993341,ok,0.6748768472906403,0.39322505321366247,24.76297352855833,2.919951911100817,0.0035008540282143036,-14.306174780008794,2.913633524730914,True,False,24,-0.055053242546935444,-0.28925115600309154,0.7723891872386247,ok,120,3,2.9398491312092703,0.01594260591748642,198,7,-359.2059645441375,20,20,0.6666666666666666,0.022314031134738864,0.035190886725385936,0.10970372716110433
stage2__c-0p470__money-pareto__income-uniform__growth-random__spend-high_both__topo-complete,money-pareto__income-uniform__growth-random__spend-high_both__topo-complete,0.47,pareto,uniform,random,high_both,complete,1303,15,1,21,30,ok,2,2.9665442698927116,0.016580579498131742,406,6,-554.3177650138316,20,20,0.5238095238095238,0.017278866092849437,0.024606634733552856,ok,0.5131894484412469,0.6671102067769501,23.47678204605067,2.2661400926121855,0.023442807177942886,-1.9408962789706652,1.333360242311595,True,False,24,-1.6909402746455804,-1.1717650021390122,0.24129141742659432,ok,120,2,2.962857581403654,0.016035950749415995,406,6,-554.2371957401766,20,20,0.5238095238095238,0.0165768537442793,0.033852047843933544,0.08056927365498723
stage2__c-0p470__money-equal__income-uniform__growth-random__spend-high_both__topo-complete,money-equal__income-uniform__growth-random__spend-high_both__topo-complete,0.47,equal,uniform,random,high_both,complete,1253,17,1,38,30,ok,3,3.0488270419306045,0.016138350702507798,199,6,-346.79400321078674,20,20,0.9523809523809523,0.026617125085997884,0.0355853629401546,ok,0.6502636203866433,0.43037742848806065,21.510191600761694,2.275120688481385,0.022898690915613213,-12.516238975651461,2.6768194678488837,True,False,24,-0.08877209893711724,-0.38826409992605615,0.6978206015157316,ok,120,3,3.0424183569789887,0.015433411000601471,199,6,-346.71937425268305,20,20,0.9523809523809523,0.02838610092705296,0.04019557864911197,0.07462895810368764
stage2__c-0p470__money-normal__income-uniform__growth-random__spend-high_both__topo-complete,money-normal__income-uniform__growth-random__spend-high_both__topo-complete,0.47,normal,uniform,random,high_both,complete,1220,13,1,17,30,ok,2,2.790694662953035,0.022945471144243612,363,7,-543.0758245589984,20,20,0.3333333333333333,0.018860369342365742,0.02783585783675778,ok,0.5529556650246306,0.5924774524194236,15.196946217871005,1.9541227568974302,0.05068670140370225,-1.164959707225864,1.2366634019968732,True,False,24,-2.871525242539861,-1.7100586507711548,0.08725502799297163,ok,120,2,2.7841954904390955,0.02191104816808942,363,7,-542.9210529325213,20,20,0.23809523809523808,0.017236623758220115,0.024047775821310787,0.15477162647709974
stage2__c-0p465__money-normal__income-uniform__growth-random__spend-high_both__topo-complete,money-normal__income-uniform__growth-random__spend-high_both__topo-complete,0.465,normal,uniform,random,high_both,complete,1179,17,1,30,30,ok,2,2.941682581862373,0.011309703471228505,357,6,-493.62553958690364,20,20,0.8571428571428571,0.01834036363401137,0.031870314758340484,ok,0.5486725663716814,0.600253433667249,50.90015102240364,3.769608723863982,0.0001635036722725407,-49.99928457919772,5.256093644065459,True,False,24,-0.12319382966576109,-0.5257768011028918,0.5990432949634238,ok,120,2,2.937685851861894,0.01178856931206107,357,6,-493.5466233894466,20,20,0.7142857142857143,0.016654588698464277,0.028158790651588456,0.07891619745703338
