seed,ended_by_default,periods_completed,time_steps_completed,first_cascade_period,first_cascade_time_steps,last_period_length_steps,max_period_length_steps,total_credit_issued,credit_scale_before_cascade,active_credit_after_cascade,collapse_size,max_collapse_size,total_collapse_size,avalanche_count,collapse_fraction,critical_event,initial_total_money,final_cash_total,final_active_credit,initial_money_gini,final_net_worth_gini,failed_credit_events,total_income_last_period,n_nodes,mean_initial_money,money_distribution,income_distribution_rule,growth_rule,consumption_wealth_propensity,consumption_income_propensity,investment_income_propensity,initial_income_per_capita,income_bias_floor,collapse_threshold_fraction,max_periods,max_time_steps,default_threshold,wipe_defaulted_assets,validate_accounting,period_length_rule,fixed_period_length_steps,avalanche_protocol,default_check_mode,family,scenario_id,scenario_index,run_index,control_name,control_value,k_per_node
2026120000,True,300,3966,1,100,12,100,3966,100,1270,11,11,805,268,0.055,False,4518,4518,1270,0.5177467906153166,0.7767507746790616,0,126,200,20.0,lognormal,biased,random,0.02,0.2,0.1,5.0,1.0,0.1,300,0,0.0,True,True,income,100,continue_after_avalanche,period_end,income,income__c0p10__lognormal__biased__random,0,0,c,0.1,
2026120001,True,300,3610,1,100,12,100,3610,100,1407,8,8,702,264,0.04,False,4079,4079,1407,0.5237447903898016,0.7707342485903408,0,117,200,20.0,lognormal,biased,random,0.02,0.2,0.1,5.0,1.0,0.1,300,0,0.0,True,True,income,100,continue_after_avalanche,period_end,income,income__c0p10__lognormal__biased__random,0,1,c,0.1,
2026120002,True,300,3494,1,100,11,100,3494,100,1174,7,7,684,259,0.035,False,3934,3934,1174,0.5369674631418404,0.8055160142348756,0,110,200,20.0,lognormal,biased,random,0.02,0.2,0.1,5.0,1.0,0.1,300,0,0.0,True,True,income,100,continue_after_avalanche,period_end,income,income__c0p10__lognormal__biased__random,0,2,c,0.1,
2026120003,True,300,3910,1,100,12,100,3910,100,1018,8,8,836,256,0.04,False,4481,4481,1018,0.5442590939522429,0.7994722160232093,0,131,200,20.0,lognormal,biased,random,0.02,0.2,0.1,5.0,1.0,0.1,300,0,0.0,True,True,income,100,continue_after_avalanche,period_end,income,income__c0p10__lognormal__biased__random,0,3,c,0.1,
2026120004,True,300,3398,2,137,12,100,3398,137,1272,9,9,595,239,0.045,False,3833,3833,1272,0.48423036785807483,0.7215718758152885,0,101,200,20.0,lognormal,biased,random,0.02,0.2,0.1,5.0,1.0,0.1,300,0,0.0,True,True,income,100,continue_after_avalanche,period_end,income,income__c0p10__lognormal__biased__random,0,4,c,0.1,
2026120005,True,300,3592,1,100,11,100,3592,100,1132,8,8,739,253,0.04,False,4049,4049,1132,0.522866139787602,0.8023697209187455,0,107,200,20.0,lognormal,biased,random,0.02,0.2,0.1,5.0,1.0,0.1,300,0,0.0,True,True,income,100,continue_after_avalanche,period_end,income,income__c0p10__lognormal__biased__random,0,5,c,0.1,
2026120006,True,300,3583,2,138,11,100,3583,138,1027,10,10,790,260,0.05,False,4034,4034,1027,0.5041199801685672,0.7859519087754092,0,109,200,20.0,lognormal,biased,random,0.02,0.2,0.1,5.0,1.0,0.1,300,0,0.0,True,True,income,100,continue_after_avalanche,period_end,income,income__c0p10__lognormal__biased__random,0,6,c,0.1,
2026120007,True,300,3944,10,250,12,100,3944,250,1212,10,10,747,259,0.05,False,4502,4502,1212,0.5288160817414485,0.8027387827632164,0,123,200,20.0,lognormal,biased,random,0.02,0.2,0.1,5.0,1.0,0.1,300,0,0.0,True,True,income,100,continue_after_avalanche,period_end,income,income__c0p10__lognormal__biased__random,0,7,c,0.1,
2026120008,True,300,3273,1,100,10,100,3273,100,826,11,11,683,243,0.055,False,3716,3716,826,0.5218030139935415,0.7835495156081809,0,108,200,20.0,lognormal,biased,random,0.02,0.2,0.1,5.0,1.0,0.1,300,0,0.0,True,True,income,100,continue_after_avalanche,period_end,income,income__c0p10__lognormal__biased__random,0,8,c,0.1,
2026120009,True,300,3142,1,100,9,100,3142,100,946,8,8,663,245,0.04,False,3576,3576,946,0.5213394854586131,0.7803383668903805,0,99,200,20.0,lognormal,biased,random,0.02,0.2,0.1,5.0,1.0,0.1,300,0,0.0,True,True,income,100,continue_after_avalanche,period_end,income,income__c0p10__lognormal__biased__random,0,9,c,0.1,
2026120010,True,300,3254,1,100,10,100,3254,100,1335,7,7,501,225,0.035,False,3682,3682,1335,0.48653177620858234,0.7386311787072244,0,98,200,20.0,lognormal,biased,random,0.02,0.2,0.1,5.0,1.0,0.1,300,0,0.0,True,True,income,100,continue_after_avalanche,period_end,income,income__c0p10__lognormal__biased__random,0,10,c,0.1,
2026120011,True,300,4141,1,100,13,100,4141,100,967,11,11,1143,286,0.055,False,4721,4721,967,0.5867835204405847,0.8542099131539929,0,135,200,20.0,lognormal,biased,random,0.02,0.2,0.1,5.0,1.0,0.1,300,0,0.0,True,True,income,100,continue_after_avalanche,period_end,income,income__c0p10__lognormal__biased__random,0,11,c,0.1,
2026120012,True,300,3746,1,100,12,100,3746,100,947,10,10,920,282,0.05,False,4255,4255,947,0.5623654524089308,0.8277332549941248,0,116,200,20.0,lognormal,biased,random,0.02,0.2,0.1,5.0,1.0,0.1,300,0,0.0,True,True,income,100,continue_after_avalanche,period_end,income,income__c0p10__lognormal__biased__random,0,12,c,0.1,
2026120013,True,300,3773,1,100,12,100,3773,100,1047,10,10,800,259,0.05,False,4289,4289,1047,0.5376043366752157,0.7943914665423177,0,123,200,20.0,lognormal,biased,random,0.02,0.2,0.1,5.0,1.0,0.1,300,0,0.0,True,True,income,100,continue_after_avalanche,period_end,income,income__c0p10__lognormal__biased__random,0,13,c,0.1,
2026120014,True,300,3798,3,160,13,100,3798,160,1090,10,10,864,267,0.05,False,4335,4335,1090,0.5462295271049598,0.8264740484429067,0,126,200,20.0,lognormal,biased,random,0.02,0.2,0.1,5.0,1.0,0.1,300,0,0.0,True,True,income,100,continue_after_avalanche,period_end,income,income__c0p10__lognormal__biased__random,0,14,c,0.1,
2026120015,True,300,3742,1,100,12,100,3742,100,1204,10,10,742,254,0.05,False,4279,4279,1204,0.5266148632858145,0.7742474877307783,0,120,200,20.0,lognormal,biased,random,0.02,0.2,0.1,5.0,1.0,0.1,300,0,0.0,True,True,income,100,continue_after_avalanche,period_end,income,income__c0p10__lognormal__biased__random,0,15,c,0.1,
2026120016,True,300,3271,1,100,10,100,3271,100,1035,9,9,616,252,0.045,False,3713,3713,1035,0.5236426070562887,0.7808604901696743,0,103,200,20.0,lognormal,biased,random,0.02,0.2,0.1,5.0,1.0,0.1,300,0,0.0,True,True,income,100,continue_after_avalanche,period_end,income,income__c0p10__lognormal__biased__random,0,16,c,0.1,
2026120017,True,300,3636,1,100,11,100,3636,100,1044,9,9,685,251,0.045,False,4118,4118,1044,0.5100971345313261,0.7975570665371541,0,119,200,20.0,lognormal,biased,random,0.02,0.2,0.1,5.0,1.0,0.1,300,0,0.0,True,True,income,100,continue_after_avalanche,period_end,income,income__c0p10__lognormal__biased__random,0,17,c,0.1,
2026120018,True,300,3130,1,100,10,100,3130,100,1081,12,12,567,241,0.06,False,3502,3502,1081,0.49321816105082816,0.76269560251285,0,101,200,20.0,lognormal,biased,random,0.02,0.2,0.1,5.0,1.0,0.1,300,0,0.0,True,True,income,100,continue_after_avalanche,period_end,income,income__c0p10__lognormal__biased__random,0,18,c,0.1,
2026120019,True,300,3609,1,100,11,100,3609,100,896,9,9,762,264,0.045,False,4085,4085,896,0.5640208078335374,0.8332154222766219,0,114,200,20.0,lognormal,biased,random,0.02,0.2,0.1,5.0,1.0,0.1,300,0,0.0,True,True,income,100,continue_after_avalanche,period_end,income,income__c0p10__lognormal__biased__random,0,19,c,0.1,
2026120020,True,300,2938,1,100,9,100,2938,100,1128,12,12,534,240,0.06,False,3312,3312,1128,0.5021980676328504,0.7382608695652175,0,99,200,20.0,lognormal,biased,random,0.02,0.2,0.1,5.0,1.0,0.1,300,0,0.0,True,True,income,100,continue_after_avalanche,period_end,income,income__c0p10__lognormal__biased__random,0,20,c,0.1,
2026120021,True,300,3469,1,100,11,100,3469,100,1110,8,8,671,250,0.04,False,3947,3947,1110,0.5131048897897139,0.7616303521662022,0,101,200,20.0,lognormal,biased,random,0.02,0.2,0.1,5.0,1.0,0.1,300,0,0.0,True,True,income,100,continue_after_avalanche,period_end,income,income__c0p10__lognormal__biased__random,0,21,c,0.1,
2026120022,True,300,3945,1,100,13,100,3945,100,1218,10,10,843,271,0.05,False,4515,4515,1218,0.5265836101882615,0.7587873754152825,0,134,200,20.0,lognormal,biased,random,0.02,0.2,0.1,5.0,1.0,0.1,300,0,0.0,True,True,income,100,continue_after_avalanche,period_end,income,income__c0p10__lognormal__biased__random,0,22,c,0.1,
2026120023,True,300,3915,1,100,12,100,3915,100,1058,12,12,828,248,0.06,False,4493,4493,1058,0.5250934787447141,0.7881404406855108,0,125,200,20.0,lognormal,biased,random,0.02,0.2,0.1,5.0,1.0,0.1,300,0,0.0,True,True,income,100,continue_after_avalanche,period_end,income,income__c0p10__lognormal__biased__random,0,23,c,0.1,
2026120024,True,300,3526,1,100,11,100,3526,100,1257,9,9,657,248,0.045,False,4010,4010,1257,0.4840698254364091,0.7513890274314217,0,118,200,20.0,lognormal,biased,random,0.02,0.2,0.1,5.0,1.0,0.1,300,0,0.0,True,True,income,100,continue_after_avalanche,period_end,income,income__c0p10__lognormal__biased__random,0,24,c,0.1,
2026120025,True,300,3671,1,100,11,100,3671,100,1100,7,7,739,266,0.035,False,4156,4156,1100,0.5266193455245429,0.7793358999037536,0,116,200,20.0,lognormal,biased,random,0.02,0.2,0.1,5.0,1.0,0.1,300,0,0.0,True,True,income,100,continue_after_avalanche,period_end,income,income__c0p10__lognormal__biased__random,0,25,c,0.1,
2026120026,True,300,3892,1,100,12,100,3892,100,1318,8,8,701,260,0.04,False,4401,4401,1318,0.49076232674392184,0.763822994773915,0,128,200,20.0,lognormal,biased,random,0.02,0.2,0.1,5.0,1.0,0.1,300,0,0.0,True,True,income,100,continue_after_avalanche,period_end,income,income__c0p10__lognormal__biased__random,0,26,c,0.1,
2026120027,True,300,3525,1,100,11,100,3525,100,866,9,9,854,275,0.045,False,3965,3965,866,0.5562459016393444,0.8560264817150065,0,111,200,20.0,lognormal,biased,random,0.02,0.2,0.1,5.0,1.0,0.1,300,0,0.0,True,True,income,100,continue_after_avalanche,period_end,income,income__c0p10__lognormal__biased__random,0,27,c,0.1,
2026120028,True,300,3901,1,100,14,100,3901,100,1170,12,12,820,262,0.06,False,4450,4450,1170,0.5445303370786518,0.8123191011235955,0,125,200,20.0,lognormal,biased,random,0.02,0.2,0.1,5.0,1.0,0.1,300,0,0.0,True,True,income,100,continue_after_avalanche,period_end,income,income__c0p10__lognormal__biased__random,0,28,c,0.1,
2026120029,True,300,3541,7,202,10,100,3541,202,1350,7,7,491,223,0.035,False,3999,3999,1350,0.49058639659914993,0.746442860715179,0,110,200,20.0,lognormal,biased,random,0.02,0.2,0.1,5.0,1.0,0.1,300,0,0.0,True,True,income,100,continue_after_avalanche,period_end,income,income__c0p10__lognormal__biased__random,0,29,c,0.1,
2026120030,True,300,3483,1,100,11,100,3483,100,1183,9,9,651,251,0.045,False,3966,3966,1183,0.47780383257690384,0.7317750882501262,0,119,200,20.0,lognormal,biased,random,0.02,0.2,0.1,5.0,1.0,0.1,300,0,0.0,True,True,income,100,continue_after_avalanche,period_end,income,income__c0p10__lognormal__biased__random,0,30,c,0.1,
2026120031,True,300,3420,1,100,11,100,3420,100,1235,7,7,600,246,0.035,False,3855,3855,1235,0.5275006485084308,0.7704682230869002,0,110,200,20.0,lognormal,biased,random,0.02,0.2,0.1,5.0,1.0,0.1,300,0,0.0,True,True,income,100,continue_after_avalanche,period_end,income,income__c0p10__lognormal__biased__random,0,31,c,0.1,
2026120032,True,300,3402,1,100,11,100,3402,100,1104,10,10,665,259,0.05,False,3869,3869,1104,0.5187916774360302,0.7584634272421815,0,110,200,20.0,lognormal,biased,random,0.02,0.2,0.1,5.0,1.0,0.1,300,0,0.0,True,True,income,100,continue_after_avalanche,period_end,income,income__c0p10__lognormal__biased__random,0,32,c,0.1,
2026120033,True,300,3142,1,100,10,100,3142,100,1161,8,8,561,248,0.04,False,3578,3578,1161,0.5152878703186139,0.7296534376746786,0,101,200,20.0,lognormal,biased,random,0.02,0.2,0.1,5.0,1.0,0.1,300,0,0.0,True,True,income,100,continue_after_avalanche,period_end,income,income__c0p10__lognormal__biased__random,0,33,c,0.1,
2026120034,True,300,3384,1,100,10,100,3384,100,1143,11,11,659,244,0.055,False,3829,3829,1143,0.4736341081222253,0.7287033167928965,0,108,200,20.0,lognormal,biased,random,0.02,0.2,0.1,5.0,1.0,0.1,300,0,0.0,True,True,income,100,continue_after_avalanche,period_end,income,income__c0p10__lognormal__biased__random,0,34,c,0.1,
2026120035,True,300,3252,1,100,11,100,3252,100,1034,10,10,657,260,0.05,False,3713,3713,1034,0.506284675464584,0.7626622677080528,0,103,200,20.0,lognormal,biased,random,0.02,0.2,0.1,5.0,1.0,0.1,300,0,0.0,True,True,income,100,continue_after_avalanche,period_end,income,income__c0p10__lognormal__biased__random,0,35,c,0.1,
2026120036,True,300,4134,2,140,14,100,4134,140,1387,16,16,854,266,0.08,False,4720,4720,1387,0.5504131355932205,0.7958898305084747,0,133,200,20.0,lognormal,biased,random,0.02,0.2,0.1,5.0,1.0,0.1,300,0,0.0,True,True,income,100,continue_after_avalanche,period_end,income,income__c0p10__lognormal__biased__random,0,36,c,0.1,
2026120037,True,300,3142,1,100,10,100,3142,100,1061,7,7,569,239,0.035,False,3568,3568,1061,0.517017937219731,0.7561014573991032,0,94,200,20.0,lognormal,biased,random,0.02,0.2,0.1,5.0,1.0,0.1,300,0,0.0,True,True,income,100,continue_after_avalanche,period_end,income,income__c0p10__lognormal__biased__random,0,37,c,0.1,
2026120038,True,300,3540,1,100,12,100,3540,100,1438,9,9,572,246,0.045,False,4000,4000,1438,0.4903250000000001,0.726175,0,111,200,20.0,lognormal,biased,random,0.02,0.2,0.1,5.0,1.0,0.1,300,0,0.0,True,True,income,100,continue_after_avalanche,period_end,income,income__c0p10__lognormal__biased__random,0,38,c,0.1,
2026120039,True,300,3029,1,100,9,100,3029,100,992,6,6,549,239,0.03,False,3409,3409,992,0.5010985626283369,0.7492857142857143,0,95,200,20.0,lognormal,biased,random,0.02,0.2,0.1,5.0,1.0,0.1,300,0,0.0,True,True,income,100,continue_after_avalanche,period_end,income,income__c0p10__lognormal__biased__random,0,39,c,0.1,
2026120040,True,300,3281,1,100,10,100,3281,100,1225,10,10,654,263,0.05,False,3722,3722,1225,0.5249865663621709,0.7797447608812467,0,93,200,20.0,lognormal,biased,random,0.02,0.2,0.1,5.0,1.0,0.1,300,0,0.0,True,True,income,100,continue_after_avalanche,period_end,income,income__c0p10__lognormal__biased__random,0,40,c,0.1,
2026120041,True,300,3801,1,100,13,100,3801,100,1362,9,9,647,246,0.045,False,4347,4347,1362,0.4799068322981368,0.7467322291235337,0,116,200,20.0,lognormal,biased,random,0.02,0.2,0.1,5.0,1.0,0.1,300,0,0.0,True,True,income,100,continue_after_avalanche,period_end,income,income__c0p10__lognormal__biased__random,0,41,c,0.1,
2026120042,True,300,3712,1,100,12,100,3712,100,855,12,12,889,263,0.06,False,4204,4204,855,0.5676450999048526,0.8469172216936252,0,120,200,20.0,lognormal,biased,random,0.02,0.2,0.1,5.0,1.0,0.1,300,0,0.0,True,True,income,100,continue_after_avalanche,period_end,income,income__c0p10__lognormal__biased__random,0,42,c,0.1,
2026120043,True,300,3942,1,100,12,100,3942,100,1263,11,11,969,277,0.055,False,4495,4495,1263,0.5459988876529478,0.7942658509454952,0,124,200,20.0,lognormal,biased,random,0.02,0.2,0.1,5.0,1.0,0.1,300,0,0.0,True,True,income,100,continue_after_avalanche,period_end,income,income__c0p10__lognormal__biased__random,0,43,c,0.1,
2026120044,True,300,3761,1,100,12,100,3761,100,1194,11,11,716,249,0.055,False,4258,4258,1194,0.5137928604978865,0.7879051197745421,0,118,200,20.0,lognormal,biased,random,0.02,0.2,0.1,5.0,1.0,0.1,300,0,0.0,True,True,income,100,continue_after_avalanche,period_end,income,income__c0p10__lognormal__biased__random,0,44,c,0.1,
2026120045,True,300,3221,1,100,10,100,3221,100,907,11,11,657,243,0.055,False,3642,3642,907,0.5217188358045031,0.7906644700713894,0,95,200,20.0,lognormal,biased,random,0.02,0.2,0.1,5.0,1.0,0.1,300,0,0.0,True,True,income,100,continue_after_avalanche,period_end,income,income__c0p10__lognormal__biased__random,0,45,c,0.1,
2026120046,True,300,3947,1,100,13,100,3947,100,1180,12,12,864,264,0.06,False,4511,4511,1180,0.5355941033030371,0.7775315894480161,0,127,200,20.0,lognormal,biased,random,0.02,0.2,0.1,5.0,1.0,0.1,300,0,0.0,True,True,income,100,continue_after_avalanche,period_end,income,income__c0p10__lognormal__biased__random,0,46,c,0.1,
2026120047,True,300,3403,1,100,11,100,3403,100,1119,12,12,640,253,0.06,False,3852,3852,1119,0.4956879543094497,0.740848909657321,0,113,200,20.0,lognormal,biased,random,0.02,0.2,0.1,5.0,1.0,0.1,300,0,0.0,True,True,income,100,continue_after_avalanche,period_end,income,income__c0p10__lognormal__biased__random,0,47,c,0.1,
2026120048,True,300,4525,1,100,14,100,4525,100,1065,11,11,1013,275,0.055,False,5178,5178,1065,0.5591927385090769,0.8437659327925842,0,145,200,20.0,lognormal,biased,random,0.02,0.2,0.1,5.0,1.0,0.1,300,0,0.0,True,True,income,100,continue_after_avalanche,period_end,income,income__c0p10__lognormal__biased__random,0,48,c,0.1,
2026120049,True,300,3059,1,100,10,100,3059,100,1169,8,8,431,203,0.04,False,3436,3436,1169,0.47859138533178114,0.7142025611175786,0,101,200,20.0,lognormal,biased,random,0.02,0.2,0.1,5.0,1.0,0.1,300,0,0.0,True,True,income,100,continue_after_avalanche,period_end,income,income__c0p10__lognormal__biased__random,0,49,c,0.1,
2026120050,True,300,3478,1,100,11,100,3478,100,972,11,11,755,258,0.055,False,3945,3945,972,0.5516514575411915,0.8067642585551331,0,114,200,20.0,lognormal,biased,random,0.02,0.2,0.1,5.0,1.0,0.1,300,0,0.0,True,True,income,100,continue_after_avalanche,period_end,income,income__c0p10__lognormal__biased__random,0,50,c,0.1,
2026120051,True,300,3865,1,100,13,100,3865,100,1364,9,9,717,262,0.045,False,4419,4419,1364,0.4951584068793846,0.765470694727314,0,123,200,20.0,lognormal,biased,random,0.02,0.2,0.1,5.0,1.0,0.1,300,0,0.0,True,True,income,100,continue_after_avalanche,period_end,income,income__c0p10__lognormal__biased__random,0,51,c,0.1,
2026120052,True,300,3669,1,100,12,100,3669,100,1546,8,8,561,244,0.04,False,4142,4142,1546,0.4696306132303236,0.7115113471752776,0,116,200,20.0,lognormal,biased,random,0.02,0.2,0.1,5.0,1.0,0.1,300,0,0.0,True,True,income,100,continue_after_avalanche,period_end,income,income__c0p10__lognormal__biased__random,0,52,c,0.1,
2026120053,True,300,3893,3,158,12,100,3893,158,1390,10,10,704,252,0.05,False,4449,4449,1390,0.5015879973027648,0.7727118453585076,0,114,200,20.0,lognormal,biased,random,0.02,0.2,0.1,5.0,1.0,0.1,300,0,0.0,True,True,income,100,continue_after_avalanche,period_end,income,income__c0p10__lognormal__biased__random,0,53,c,0.1,
2026120054,True,300,3573,1,100,11,100,3573,100,1173,8,8,699,267,0.04,False,4054,4054,1173,0.5325209669462261,0.7897212629501729,0,115,200,20.0,lognormal,biased,random,0.02,0.2,0.1,5.0,1.0,0.1,300,0,0.0,True,True,income,100,continue_after_avalanche,period_end,income,income__c0p10__lognormal__biased__random,0,54,c,0.1,
2026120055,True,300,3189,2,137,10,100,3189,137,1203,6,6,538,246,0.03,False,3627,3627,1203,0.47272539288668325,0.7143465674110836,0,93,200,20.0,lognormal,biased,random,0.02,0.2,0.1,5.0,1.0,0.1,300,0,0.0,True,True,income,100,continue_after_avalanche,period_end,income,income__c0p10__lognormal__biased__random,0,55,c,0.1,
2026120056,True,300,3576,1,100,12,100,3576,100,1050,9,9,762,256,0.045,False,4017,4017,1050,0.5015894946477473,0.770862584017924,0,115,200,20.0,lognormal,biased,random,0.02,0.2,0.1,5.0,1.0,0.1,300,0,0.0,True,True,income,100,continue_after_avalanche,period_end,income,income__c0p10__lognormal__biased__random,0,56,c,0.1,
2026120057,True,300,4491,1,100,14,100,4491,100,1360,11,11,902,265,0.055,False,5177,5177,1360,0.5406847595132318,0.8156992466679545,0,145,200,20.0,lognormal,biased,random,0.02,0.2,0.1,5.0,1.0,0.1,300,0,0.0,True,True,income,100,continue_after_avalanche,period_end,income,income__c0p10__lognormal__biased__random,0,57,c,0.1,
2026120058,True,300,3584,1,100,12,100,3584,100,1182,9,9,691,262,0.045,False,4049,4049,1182,0.5392553716967154,0.7854099777722896,0,111,200,20.0,lognormal,biased,random,0.02,0.2,0.1,5.0,1.0,0.1,300,0,0.0,True,True,income,100,continue_after_avalanche,period_end,income,income__c0p10__lognormal__biased__random,0,58,c,0.1,
2026120059,True,300,3822,1,100,13,100,3822,100,1008,10,10,902,270,0.05,False,4358,4358,1008,0.5454612207434604,0.802322166131253,0,122,200,20.0,lognormal,biased,random,0.02,0.2,0.1,5.0,1.0,0.1,300,0,0.0,True,True,income,100,continue_after_avalanche,period_end,income,income__c0p10__lognormal__biased__random,0,59,c,0.1,
2026220000,True,300,3557,31,487,12,100,3557,487,1458,10,10,351,174,0.05,False,3996,3996,1458,0.380382882882883,0.7601826826826827,0,118,200,20.0,pareto,biased,random,0.02,0.2,0.1,5.0,1.0,0.1,300,0,0.0,True,True,income,100,continue_after_avalanche,period_end,income,income__c0p10__pareto__biased__random,1,0,c,0.1,
2026220001,True,300,3539,85,1094,11,100,3539,1094,2015,10,10,195,120,0.05,False,4000,4000,2015,0.25721000000000016,0.5892000000000002,0,112,200,20.0,pareto,biased,random,0.02,0.2,0.1,5.0,1.0,0.1,300,0,0.0,True,True,income,100,continue_after_avalanche,period_end,income,income__c0p10__pareto__biased__random,1,1,c,0.1,
2026220002,True,300,3538,55,756,11,100,3538,756,1474,6,6,407,169,0.03,False,4000,4000,1474,0.37924500000000005,0.7440975000000001,0,115,200,20.0,pareto,biased,random,0.02,0.2,0.1,5.0,1.0,0.1,300,0,0.0,True,True,income,100,continue_after_avalanche,period_end,income,income__c0p10__pareto__biased__random,1,2,c,0.1,
2026220003,True,300,3547,57,789,11,100,3547,789,1667,5,5,255,138,0.025,False,3995,3995,1667,0.33146808510638315,0.7108397997496871,0,115,200,20.0,pareto,biased,random,0.02,0.2,0.1,5.0,1.0,0.1,300,0,0.0,True,True,income,100,continue_after_avalanche,period_end,income,income__c0p10__pareto__biased__random,1,3,c,0.1,
2026220004,True,300,3556,56,774,11,100,3556,774,1502,7,7,347,167,0.035,False,4000,4000,1502,0.3728075000000002,0.6966750000000002,0,109,200,20.0,pareto,biased,random,0.02,0.2,0.1,5.0,1.0,0.1,300,0,0.0,True,True,income,100,continue_after_avalanche,period_end,income,income__c0p10__pareto__biased__random,1,4,c,0.1,
2026220005,True,300,3568,55,769,10,100,3568,769,1911,6,6,216,128,0.03,False,3997,3997,1911,0.28510507880910696,0.651404803602702,0,113,200,20.0,pareto,biased,random,0.02,0.2,0.1,5.0,1.0,0.1,300,0,0.0,True,True,income,100,continue_after_avalanche,period_end,income,income__c0p10__pareto__biased__random,1,5,c,0.1,
2026220006,True,300,3539,79,1026,12,100,3539,1026,2061,5,5,215,129,0.025,False,4004,4004,2061,0.2846028971028971,0.6335314685314686,0,116,200,20.0,pareto,biased,random,0.02,0.2,0.1,5.0,1.0,0.1,300,0,0.0,True,True,income,100,continue_after_avalanche,period_end,income,income__c0p10__pareto__biased__random,1,6,c,0.1,
2026220007,True,300,3517,43,615,11,100,3517,615,1212,8,8,477,193,0.04,False,3992,3992,1212,0.4628957915831664,0.8290105210420842,0,105,200,20.0,pareto,biased,random,0.02,0.2,0.1,5.0,1.0,0.1,300,0,0.0,True,True,income,100,continue_after_avalanche,period_end,income,income__c0p10__pareto__biased__random,1,7,c,0.1,
2026220008,True,300,3546,56,776,11,100,3546,776,1830,6,6,247,143,0.03,False,3998,3998,1830,0.29884692346173103,0.6491495747873939,0,115,200,20.0,pareto,biased,random,0.02,0.2,0.1,5.0,1.0,0.1,300,0,0.0,True,True,income,100,continue_after_avalanche,period_end,income,income__c0p10__pareto__biased__random,1,8,c,0.1,
2026220009,True,300,3539,32,489,11,100,3539,489,1346,7,7,340,161,0.035,False,4000,4000,1346,0.39388,0.7732050000000001,0,101,200,20.0,pareto,biased,random,0.02,0.2,0.1,5.0,1.0,0.1,300,0,0.0,True,True,income,100,continue_after_avalanche,period_end,income,income__c0p10__pareto__biased__random,1,9,c,0.1,
2026220010,True,300,3548,41,592,11,100,3548,592,1089,8,8,473,192,0.04,False,4004,4004,1089,0.4503846153846154,0.820262237762238,0,109,200,20.0,pareto,biased,random,0.02,0.2,0.1,5.0,1.0,0.1,300,0,0.0,True,True,income,100,continue_after_avalanche,period_end,income,income__c0p10__pareto__biased__random,1,10,c,0.1,
2026220011,True,300,3544,41,599,11,100,3544,599,2024,5,5,206,118,0.025,False,3999,3999,2024,0.2677531882970743,0.6024618654663667,0,119,200,20.0,pareto,biased,random,0.02,0.2,0.1,5.0,1.0,0.1,300,0,0.0,True,True,income,100,continue_after_avalanche,period_end,income,income__c0p10__pareto__biased__random,1,11,c,0.1,
2026220012,True,300,3540,55,763,10,100,3540,763,2215,7,7,183,107,0.035,False,3997,3997,2215,0.3005666750062548,0.6574793595196398,0,102,200,20.0,pareto,biased,random,0.02,0.2,0.1,5.0,1.0,0.1,300,0,0.0,True,True,income,100,continue_after_avalanche,period_end,income,income__c0p10__pareto__biased__random,1,12,c,0.1,
2026220013,True,300,3579,68,905,12,100,3579,905,2046,8,8,190,109,0.04,False,4011,4011,2046,0.23864497631513348,0.5867751184243333,0,117,200,20.0,pareto,biased,random,0.02,0.2,0.1,5.0,1.0,0.1,300,0,0.0,True,True,income,100,continue_after_avalanche,period_end,income,income__c0p10__pareto__biased__random,1,13,c,0.1,
2026220014,True,300,3567,55,759,12,100,3567,759,1954,6,6,227,134,0.03,False,4005,4005,1954,0.2897515605493135,0.6518714107365793,0,116,200,20.0,pareto,biased,random,0.02,0.2,0.1,5.0,1.0,0.1,300,0,0.0,True,True,income,100,continue_after_avalanche,period_end,income,income__c0p10__pareto__biased__random,1,14,c,0.1,
2026220015,True,300,3547,51,710,11,100,3547,710,1731,8,8,245,129,0.04,False,4009,4009,1731,0.3257283611873285,0.6551122474432527,0,116,200,20.0,pareto,biased,random,0.02,0.2,0.1,5.0,1.0,0.1,300,0,0.0,True,True,income,100,continue_after_avalanche,period_end,income,income__c0p10__pareto__biased__random,1,15,c,0.1,
2026220016,True,300,3537,18,328,11,100,3537,328,511,11,11,892,237,0.055,False,4006,4006,511,0.5770469296055918,0.9494208686969547,0,107,200,20.0,pareto,biased,random,0.02,0.2,0.1,5.0,1.0,0.1,300,0,0.0,True,True,income,100,continue_after_avalanche,period_end,income,income__c0p10__pareto__biased__random,1,16,c,0.1,
2026220017,True,300,3531,49,688,11,100,3531,688,1987,5,5,200,117,0.025,False,3994,3994,1987,0.2754631947921884,0.6267476214321483,0,119,200,20.0,pareto,biased,random,0.02,0.2,0.1,5.0,1.0,0.1,300,0,0.0,True,True,income,100,continue_after_avalanche,period_end,income,income__c0p10__pareto__biased__random,1,17,c,0.1,
2026220018,True,300,3571,68,902,12,100,3571,902,1471,10,10,271,125,0.05,False,4003,4003,1471,0.3097489382962779,0.7004733949537847,0,116,200,20.0,pareto,biased,random,0.02,0.2,0.1,5.0,1.0,0.1,300,0,0.0,True,True,income,100,continue_after_avalanche,period_end,income,income__c0p10__pareto__biased__random,1,18,c,0.1,
2026220019,True,300,3542,38,570,10,100,3542,570,1157,12,12,547,208,0.06,False,4002,4002,1157,0.438425787106447,0.8270614692653675,0,109,200,20.0,pareto,biased,random,0.02,0.2,0.1,5.0,1.0,0.1,300,0,0.0,True,True,income,100,continue_after_avalanche,period_end,income,income__c0p10__pareto__biased__random,1,19,c,0.1,
2026220020,True,300,3568,89,1152,11,100,3568,1152,1938,6,6,201,124,0.03,False,4001,4001,1938,0.2870269932516871,0.6136078480379905,0,115,200,20.0,pareto,biased,random,0.02,0.2,0.1,5.0,1.0,0.1,300,0,0.0,True,True,income,100,continue_after_avalanche,period_end,income,income__c0p10__pareto__biased__random,1,20,c,0.1,
2026220021,True,300,3544,81,1061,11,100,3544,1061,1864,6,6,240,133,0.03,False,3999,3999,1864,0.3207739434858716,0.6140922730682672,0,109,200,20.0,pareto,biased,random,0.02,0.2,0.1,5.0,1.0,0.1,300,0,0.0,True,True,income,100,continue_after_avalanche,period_end,income,income__c0p10__pareto__biased__random,1,21,c,0.1,
2026220022,True,300,3529,63,841,13,100,3529,841,1936,7,7,210,121,0.035,False,4005,4005,1936,0.31985393258426975,0.633888888888889,0,117,200,20.0,pareto,biased,random,0.02,0.2,0.1,5.0,1.0,0.1,300,0,0.0,True,True,income,100,continue_after_avalanche,period_end,income,income__c0p10__pareto__biased__random,1,22,c,0.1,
2026220023,True,300,3516,49,689,11,100,3516,689,1740,9,9,253,140,0.045,False,3995,3995,1740,0.3086295369211516,0.6886770963704631,0,120,200,20.0,pareto,biased,random,0.02,0.2,0.1,5.0,1.0,0.1,300,0,0.0,True,True,income,100,continue_after_avalanche,period_end,income,income__c0p10__pareto__biased__random,1,23,c,0.1,
2026220024,True,300,3541,60,810,11,100,3541,810,1781,9,9,248,134,0.045,False,4000,4000,1781,0.2820125,0.6559750000000002,0,112,200,20.0,pareto,biased,random,0.02,0.2,0.1,5.0,1.0,0.1,300,0,0.0,True,True,income,100,continue_after_avalanche,period_end,income,income__c0p10__pareto__biased__random,1,24,c,0.1,
2026220025,True,300,3550,50,703,11,100,3550,703,1995,5,5,261,147,0.025,False,4003,4003,1995,0.32285910567074705,0.6697089682737947,0,111,200,20.0,pareto,biased,random,0.02,0.2,0.1,5.0,1.0,0.1,300,0,0.0,True,True,income,100,continue_after_avalanche,period_end,income,income__c0p10__pareto__biased__random,1,25,c,0.1,
2026220026,True,300,3575,53,741,11,100,3575,741,1948,8,8,192,109,0.04,False,3999,3999,1948,0.25134658664666176,0.633312078019505,0,106,200,20.0,pareto,biased,random,0.02,0.2,0.1,5.0,1.0,0.1,300,0,0.0,True,True,income,100,continue_after_avalanche,period_end,income,income__c0p10__pareto__biased__random,1,26,c,0.1,
2026220027,True,300,3589,40,584,11,100,3589,584,1864,8,8,235,126,0.04,False,4012,4012,1864,0.2617123629112663,0.6144516450648057,0,125,200,20.0,pareto,biased,random,0.02,0.2,0.1,5.0,1.0,0.1,300,0,0.0,True,True,income,100,continue_after_avalanche,period_end,income,income__c0p10__pareto__biased__random,1,27,c,0.1,
2026220028,True,300,3573,58,793,11,100,3573,793,1430,9,9,266,135,0.045,False,4001,4001,1430,0.26473756560859796,0.6783616595851039,0,114,200,20.0,pareto,biased,random,0.02,0.2,0.1,5.0,1.0,0.1,300,0,0.0,True,True,income,100,continue_after_avalanche,period_end,income,income__c0p10__pareto__biased__random,1,28,c,0.1,
2026220029,True,300,3540,56,770,12,100,3540,770,1565,6,6,330,161,0.03,False,4001,4001,1565,0.36199575106223447,0.7063296675831043,0,123,200,20.0,pareto,biased,random,0.02,0.2,0.1,5.0,1.0,0.1,300,0,0.0,True,True,income,100,continue_after_avalanche,period_end,income,income__c0p10__pareto__biased__random,1,29,c,0.1,
2026220030,True,300,3545,56,771,11,100,3545,771,1499,7,7,300,152,0.035,False,4008,4008,1499,0.37597055888223574,0.7364446107784433,0,107,200,20.0,pareto,biased,random,0.02,0.2,0.1,5.0,1.0,0.1,300,0,0.0,True,True,income,100,continue_after_avalanche,period_end,income,income__c0p10__pareto__biased__random,1,30,c,0.1,
2026220031,True,300,3520,62,830,11,100,3520,830,1771,6,6,243,133,0.03,False,3997,3997,1771,0.3455303977983488,0.7072591943957969,0,116,200,20.0,pareto,biased,random,0.02,0.2,0.1,5.0,1.0,0.1,300,0,0.0,True,True,income,100,continue_after_avalanche,period_end,income,income__c0p10__pareto__biased__random,1,31,c,0.1,
2026220032,True,300,3540,20,359,11,100,3540,359,1883,7,7,235,135,0.035,False,4007,4007,1883,0.36204017968555036,0.6751946593461444,0,115,200,20.0,pareto,biased,random,0.02,0.2,0.1,5.0,1.0,0.1,300,0,0.0,True,True,income,100,continue_after_avalanche,period_end,income,income__c0p10__pareto__biased__random,1,32,c,0.1,
2026220033,True,300,3541,28,452,12,100,3541,452,1224,10,10,411,175,0.05,False,4001,4001,1224,0.4080992251937017,0.7905436140964759,0,113,200,20.0,pareto,biased,random,0.02,0.2,0.1,5.0,1.0,0.1,300,0,0.0,True,True,income,100,continue_after_avalanche,period_end,income,income__c0p10__pareto__biased__random,1,33,c,0.1,
2026220034,True,300,3533,82,1074,11,100,3533,1074,2118,7,7,148,97,0.035,False,4001,4001,2118,0.23944138965258688,0.5797463134216447,0,115,200,20.0,pareto,biased,random,0.02,0.2,0.1,5.0,1.0,0.1,300,0,0.0,True,True,income,100,continue_after_avalanche,period_end,income,income__c0p10__pareto__biased__random,1,34,c,0.1,
2026220035,True,300,3561,84,1098,10,100,3561,1098,2286,5,5,192,125,0.025,False,4003,4003,2286,0.2794716462653011,0.5647227079690234,0,109,200,20.0,pareto,biased,random,0.02,0.2,0.1,5.0,1.0,0.1,300,0,0.0,True,True,income,100,continue_after_avalanche,period_end,income,income__c0p10__pareto__biased__random,1,35,c,0.1,
2026220036,True,300,3548,89,1143,12,100,3548,1143,2048,6,6,200,120,0.03,False,3994,3994,2048,0.28249874812218345,0.595833750625939,0,114,200,20.0,pareto,biased,random,0.02,0.2,0.1,5.0,1.0,0.1,300,0,0.0,True,True,income,100,continue_after_avalanche,period_end,income,income__c0p10__pareto__biased__random,1,36,c,0.1,
2026220037,True,300,3537,39,570,10,100,3537,570,1389,9,9,301,153,0.045,False,4006,4006,1389,0.3916949575636546,0.749930104842736,0,114,200,20.0,pareto,biased,random,0.02,0.2,0.1,5.0,1.0,0.1,300,0,0.0,True,True,income,100,continue_after_avalanche,period_end,income,income__c0p10__pareto__biased__random,1,37,c,0.1,
2026220038,True,300,3536,84,1077,11,100,3536,1077,1618,6,6,253,136,0.03,False,4003,4003,1618,0.3820172370721959,0.7333262553085187,0,114,200,20.0,pareto,biased,random,0.02,0.2,0.1,5.0,1.0,0.1,300,0,0.0,True,True,income,100,continue_after_avalanche,period_end,income,income__c0p10__pareto__biased__random,1,38,c,0.1,
2026220039,True,300,3517,68,900,11,100,3517,900,1941,6,6,207,120,0.03,False,3999,3999,1941,0.27789072268067017,0.6308214553638412,0,114,200,20.0,pareto,biased,random,0.02,0.2,0.1,5.0,1.0,0.1,300,0,0.0,True,True,income,100,continue_after_avalanche,period_end,income,income__c0p10__pareto__biased__random,1,39,c,0.1,
2026220040,True,300,3558,61,828,11,100,3558,828,1338,10,10,372,164,0.05,False,4013,4013,1338,0.4055756292050836,0.7527622726140046,0,112,200,20.0,pareto,biased,random,0.02,0.2,0.1,5.0,1.0,0.1,300,0,0.0,True,True,income,100,continue_after_avalanche,period_end,income,income__c0p10__pareto__biased__random,1,40,c,0.1,
2026220041,True,300,3546,36,547,11,100,3546,547,1919,6,6,216,119,0.03,False,4006,4006,1919,0.3094757863205193,0.6597079380928608,0,111,200,20.0,pareto,biased,random,0.02,0.2,0.1,5.0,1.0,0.1,300,0,0.0,True,True,income,100,continue_after_avalanche,period_end,income,income__c0p10__pareto__biased__random,1,41,c,0.1,
2026220042,True,300,3524,37,549,11,100,3524,549,1353,7,7,341,162,0.035,False,4006,4006,1353,0.4131727408886672,0.7671268097853221,0,112,200,20.0,pareto,biased,random,0.02,0.2,0.1,5.0,1.0,0.1,300,0,0.0,True,True,income,100,continue_after_avalanche,period_end,income,income__c0p10__pareto__biased__random,1,42,c,0.1,
2026220043,True,300,3547,79,1025,12,100,3547,1025,2057,5,5,196,120,0.025,False,4002,4002,2057,0.3025437281359322,0.6427061469265369,0,114,200,20.0,pareto,biased,random,0.02,0.2,0.1,5.0,1.0,0.1,300,0,0.0,True,True,income,100,continue_after_avalanche,period_end,income,income__c0p10__pareto__biased__random,1,43,c,0.1,
2026220044,True,300,3558,48,676,11,100,3558,676,1644,7,7,289,150,0.035,False,4001,4001,1644,0.31351537115721073,0.6860997250687328,0,110,200,20.0,pareto,biased,random,0.02,0.2,0.1,5.0,1.0,0.1,300,0,0.0,True,True,income,100,continue_after_avalanche,period_end,income,income__c0p10__pareto__biased__random,1,44,c,0.1,
2026220045,True,300,3518,76,1000,11,100,3518,1000,1939,6,6,194,114,0.03,False,3998,3998,1939,0.2598924462231116,0.6182441220610306,0,116,200,20.0,pareto,biased,random,0.02,0.2,0.1,5.0,1.0,0.1,300,0,0.0,True,True,income,100,continue_after_avalanche,period_end,income,income__c0p10__pareto__biased__random,1,45,c,0.1,
2026220046,True,300,3539,73,957,12,100,3539,957,1831,8,8,251,132,0.04,False,4002,4002,1831,0.3364692653673165,0.6824512743628186,0,111,200,20.0,pareto,biased,random,0.02,0.2,0.1,5.0,1.0,0.1,300,0,0.0,True,True,income,100,continue_after_avalanche,period_end,income,income__c0p10__pareto__biased__random,1,46,c,0.1,
2026220047,True,300,3540,69,916,12,100,3540,916,1614,6,6,257,137,0.03,False,4001,4001,1614,0.3101387153211699,0.6988915271182206,0,112,200,20.0,pareto,biased,random,0.02,0.2,0.1,5.0,1.0,0.1,300,0,0.0,True,True,income,100,continue_after_avalanche,period_end,income,income__c0p10__pareto__biased__random,1,47,c,0.1,
2026220048,True,300,3550,53,733,12,100,3550,733,1382,9,9,385,166,0.045,False,3999,3999,1382,0.32393723430857735,0.7258427106776695,0,116,200,20.0,pareto,biased,random,0.02,0.2,0.1,5.0,1.0,0.1,300,0,0.0,True,True,income,100,continue_after_avalanche,period_end,income,income__c0p10__pareto__biased__random,1,48,c,0.1,
2026220049,True,300,3543,26,419,11,100,3543,419,1685,6,6,319,158,0.03,False,4002,4002,1685,0.3331509245377313,0.6882208895552224,0,111,200,20.0,pareto,biased,random,0.02,0.2,0.1,5.0,1.0,0.1,300,0,0.0,True,True,income,100,continue_after_avalanche,period_end,income,income__c0p10__pareto__biased__random,1,49,c,0.1,
2026220050,True,300,3517,48,671,12,100,3517,671,1609,7,7,260,135,0.035,False,3997,3997,1609,0.32788716537403073,0.6921503627720791,0,114,200,20.0,pareto,biased,random,0.02,0.2,0.1,5.0,1.0,0.1,300,0,0.0,True,True,income,100,continue_after_avalanche,period_end,income,income__c0p10__pareto__biased__random,1,50,c,0.1,
2026220051,True,300,3514,71,933,11,100,3514,933,2079,7,7,148,91,0.035,False,4000,4000,2079,0.2968400000000002,0.6330975000000001,0,110,200,20.0,pareto,biased,random,0.02,0.2,0.1,5.0,1.0,0.1,300,0,0.0,True,True,income,100,continue_after_avalanche,period_end,income,income__c0p10__pareto__biased__random,1,51,c,0.1,
2026220052,True,300,3549,88,1137,11,100,3549,1137,2200,5,5,149,103,0.025,False,4002,4002,2200,0.2533508245877063,0.6186556721639183,0,118,200,20.0,pareto,biased,random,0.02,0.2,0.1,5.0,1.0,0.1,300,0,0.0,True,True,income,100,continue_after_avalanche,period_end,income,income__c0p10__pareto__biased__random,1,52,c,0.1,
2026220053,True,300,3552,59,805,12,100,3552,805,1832,6,6,249,140,0.03,False,4003,4003,1832,0.299239320509618,0.6307381963527356,0,115,200,20.0,pareto,biased,random,0.02,0.2,0.1,5.0,1.0,0.1,300,0,0.0,True,True,income,100,continue_after_avalanche,period_end,income,income__c0p10__pareto__biased__random,1,53,c,0.1,
2026220054,True,300,3550,73,969,11,100,3550,969,1800,9,9,212,118,0.045,False,4001,4001,1800,0.26401774556360924,0.6298037990502376,0,112,200,20.0,pareto,biased,random,0.02,0.2,0.1,5.0,1.0,0.1,300,0,0.0,True,True,income,100,continue_after_avalanche,period_end,income,income__c0p10__pareto__biased__random,1,54,c,0.1,
2026220055,True,300,3558,68,905,11,100,3558,905,1771,5,5,279,146,0.025,False,4001,4001,1771,0.3106960759810049,0.6644501374656338,0,117,200,20.0,pareto,biased,random,0.02,0.2,0.1,5.0,1.0,0.1,300,0,0.0,True,True,income,100,continue_after_avalanche,period_end,income,income__c0p10__pareto__biased__random,1,55,c,0.1,
2026220056,True,300,3546,41,601,11,100,3546,601,1745,5,5,224,133,0.025,False,4002,4002,1745,0.2947126436781611,0.6780384807596203,0,116,200,20.0,pareto,biased,random,0.02,0.2,0.1,5.0,1.0,0.1,300,0,0.0,True,True,income,100,continue_after_avalanche,period_end,income,income__c0p10__pareto__biased__random,1,56,c,0.1,
2026220057,True,300,3561,48,680,12,100,3561,680,2038,5,5,213,124,0.025,False,3996,3996,2038,0.29082582582582583,0.6299799799799801,0,117,200,20.0,pareto,biased,random,0.02,0.2,0.1,5.0,1.0,0.1,300,0,0.0,True,True,income,100,continue_after_avalanche,period_end,income,income__c0p10__pareto__biased__random,1,57,c,0.1,
2026220058,True,300,3516,27,442,12,100,3516,442,564,12,12,871,231,0.06,False,3994,3994,564,0.5738107160741113,0.9416049073610417,0,118,200,20.0,pareto,biased,random,0.02,0.2,0.1,5.0,1.0,0.1,300,0,0.0,True,True,income,100,continue_after_avalanche,period_end,income,income__c0p10__pareto__biased__random,1,58,c,0.1,
2026220059,True,300,3521,75,982,11,100,3521,982,1827,6,6,236,132,0.03,False,3997,3997,1827,0.31576807605704293,0.6589004253189894,0,110,200,20.0,pareto,biased,random,0.02,0.2,0.1,5.0,1.0,0.1,300,0,0.0,True,True,income,100,continue_after_avalanche,period_end,income,income__c0p10__pareto__biased__random,1,59,c,0.1,
2026320000,True,300,7562,1,200,23,200,7562,200,488,23,23,3302,298,0.115,True,3772,3772,488,0.5021527041357372,0.9354082714740193,0,118,200,20.0,lognormal,biased,random,0.02,0.2,0.2,5.0,1.0,0.1,300,0,0.0,True,True,income,100,continue_after_avalanche,period_end,income,income__c0p20__lognormal__biased__random,2,0,c,0.2,
2026320001,True,300,8028,1,200,24,200,8028,200,437,24,24,3573,300,0.12,True,4028,4028,437,0.5176588877855015,0.9224329692154916,0,123,200,20.0,lognormal,biased,random,0.02,0.2,0.2,5.0,1.0,0.1,300,0,0.0,True,True,income,100,continue_after_avalanche,period_end,income,income__c0p20__lognormal__biased__random,2,1,c,0.2,
2026320002,True,300,9673,1,200,29,200,9673,200,228,32,32,4814,300,0.16,True,4930,4930,228,0.5651156186612578,0.9708113590263692,0,146,200,20.0,lognormal,biased,random,0.02,0.2,0.2,5.0,1.0,0.1,300,0,0.0,True,True,income,100,continue_after_avalanche,period_end,income,income__c0p20__lognormal__biased__random,2,2,c,0.2,
2026320003,True,300,8347,1,200,26,200,8347,200,658,23,23,3826,300,0.115,True,4159,4159,658,0.5222926184178891,0.9113524885789854,0,131,200,20.0,lognormal,biased,random,0.02,0.2,0.2,5.0,1.0,0.1,300,0,0.0,True,True,income,100,continue_after_avalanche,period_end,income,income__c0p20__lognormal__biased__random,2,3,c,0.2,
2026320004,True,300,7698,1,200,23,200,7698,200,653,21,21,3350,300,0.105,True,3863,3863,653,0.5095405125550092,0.9109901630856847,0,115,200,20.0,lognormal,biased,random,0.02,0.2,0.2,5.0,1.0,0.1,300,0,0.0,True,True,income,100,continue_after_avalanche,period_end,income,income__c0p20__lognormal__biased__random,2,4,c,0.2,
2026320005,True,300,7340,1,200,23,200,7340,200,350,23,23,3540,299,0.115,True,3648,3648,350,0.5300822368421054,0.9398300438596492,0,109,200,20.0,lognormal,biased,random,0.02,0.2,0.2,5.0,1.0,0.1,300,0,0.0,True,True,income,100,continue_after_avalanche,period_end,income,income__c0p20__lognormal__biased__random,2,5,c,0.2,
2026320006,True,300,8247,1,200,26,200,8247,200,853,24,24,3555,297,0.12,True,4125,4125,853,0.49143878787878803,0.9076351515151517,0,132,200,20.0,lognormal,biased,random,0.02,0.2,0.2,5.0,1.0,0.1,300,0,0.0,True,True,income,100,continue_after_avalanche,period_end,income,income__c0p20__lognormal__biased__random,2,6,c,0.2,
2026320007,True,300,8917,1,200,28,200,8917,200,385,26,26,3895,298,0.13,True,4478,4478,385,0.5229365788298348,0.9482693166592229,0,138,200,20.0,lognormal,biased,random,0.02,0.2,0.2,5.0,1.0,0.1,300,0,0.0,True,True,income,100,continue_after_avalanche,period_end,income,income__c0p20__lognormal__biased__random,2,7,c,0.2,
2026320008,True,300,8852,1,200,27,200,8852,200,707,25,25,3938,298,0.125,True,4454,4454,707,0.5156645711719803,0.9322608890884598,0,134,200,20.0,lognormal,biased,random,0.02,0.2,0.2,5.0,1.0,0.1,300,0,0.0,True,True,income,100,continue_after_avalanche,period_end,income,income__c0p20__lognormal__biased__random,2,8,c,0.2,
2026320009,True,300,6852,1,200,22,200,6852,200,625,22,22,2842,297,0.11,True,3379,3379,625,0.499377034625629,0.913742231429417,0,106,200,20.0,lognormal,biased,random,0.02,0.2,0.2,5.0,1.0,0.1,300,0,0.0,True,True,income,100,continue_after_avalanche,period_end,income,income__c0p20__lognormal__biased__random,2,9,c,0.2,
2026320010,True,300,8073,1,200,25,200,8073,200,493,24,24,3540,296,0.12,True,4030,4030,493,0.5155905707196031,0.929588089330025,0,126,200,20.0,lognormal,biased,random,0.02,0.2,0.2,5.0,1.0,0.1,300,0,0.0,True,True,income,100,continue_after_avalanche,period_end,income,income__c0p20__lognormal__biased__random,2,10,c,0.2,
2026320011,True,300,9183,1,200,29,200,9183,200,698,30,30,4051,297,0.15,True,4616,4616,698,0.5092352686308492,0.9134142114384749,0,145,200,20.0,lognormal,biased,random,0.02,0.2,0.2,5.0,1.0,0.1,300,0,0.0,True,True,income,100,continue_after_avalanche,period_end,income,income__c0p20__lognormal__biased__random,2,11,c,0.2,
2026320012,True,300,8240,1,200,26,200,8240,200,707,27,27,3327,298,0.135,True,4106,4106,707,0.5096103263516805,0.917669264490989,0,135,200,20.0,lognormal,biased,random,0.02,0.2,0.2,5.0,1.0,0.1,300,0,0.0,True,True,income,100,continue_after_avalanche,period_end,income,income__c0p20__lognormal__biased__random,2,12,c,0.2,
2026320013,True,300,8015,1,200,26,200,8015,200,563,25,25,3230,299,0.125,True,3991,3991,563,0.4776685041343023,0.9144888499123027,0,130,200,20.0,lognormal,biased,random,0.02,0.2,0.2,5.0,1.0,0.1,300,0,0.0,True,True,income,100,continue_after_avalanche,period_end,income,income__c0p20__lognormal__biased__random,2,13,c,0.2,
2026320014,True,300,7156,1,200,23,200,7156,200,332,24,24,3346,299,0.12,True,3551,3551,332,0.5268867924528302,0.933194874683188,0,116,200,20.0,lognormal,biased,random,0.02,0.2,0.2,5.0,1.0,0.1,300,0,0.0,True,True,income,100,continue_after_avalanche,period_end,income,income__c0p20__lognormal__biased__random,2,14,c,0.2,
2026320015,True,300,8045,1,200,26,200,8045,200,680,28,28,3410,297,0.14,True,4012,4012,680,0.4864282153539383,0.9090179461615155,0,126,200,20.0,lognormal,biased,random,0.02,0.2,0.2,5.0,1.0,0.1,300,0,0.0,True,True,income,100,continue_after_avalanche,period_end,income,income__c0p20__lognormal__biased__random,2,15,c,0.2,
2026320016,True,300,7512,1,200,23,200,7512,200,607,22,22,3067,298,0.11,True,3731,3731,607,0.47813856874832505,0.9180501206110963,0,118,200,20.0,lognormal,biased,random,0.02,0.2,0.2,5.0,1.0,0.1,300,0,0.0,True,True,income,100,continue_after_avalanche,period_end,income,income__c0p20__lognormal__biased__random,2,16,c,0.2,
2026320017,True,300,8042,1,200,24,200,8042,200,465,24,24,3590,298,0.12,True,4021,4021,465,0.5215530962447152,0.9381733399651828,0,124,200,20.0,lognormal,biased,random,0.02,0.2,0.2,5.0,1.0,0.1,300,0,0.0,True,True,income,100,continue_after_avalanche,period_end,income,income__c0p20__lognormal__biased__random,2,17,c,0.2,
2026320018,True,300,8414,1,200,26,200,8414,200,366,27,27,3956,299,0.135,True,4249,4249,366,0.5334325723699695,0.9445387149917628,0,130,200,20.0,lognormal,biased,random,0.02,0.2,0.2,5.0,1.0,0.1,300,0,0.0,True,True,income,100,continue_after_avalanche,period_end,income,income__c0p20__lognormal__biased__random,2,18,c,0.2,
2026320019,True,300,10376,1,200,32,200,10376,200,640,29,29,5077,300,0.145,True,5289,5289,640,0.5779192664019666,0.9370778975231613,0,164,200,20.0,lognormal,biased,random,0.02,0.2,0.2,5.0,1.0,0.1,300,0,0.0,True,True,income,100,continue_after_avalanche,period_end,income,income__c0p20__lognormal__biased__random,2,19,c,0.2,
2026320020,True,300,7602,1,200,24,200,7602,200,416,24,24,3575,300,0.12,True,3815,3815,416,0.5473931847968547,0.9496186107470512,0,119,200,20.0,lognormal,biased,random,0.02,0.2,0.2,5.0,1.0,0.1,300,0,0.0,True,True,income,100,continue_after_avalanche,period_end,income,income__c0p20__lognormal__biased__random,2,20,c,0.2,
2026320021,True,300,8178,1,200,26,200,8178,200,536,25,25,3535,300,0.125,True,4068,4068,536,0.5082079646017701,0.9398402163225172,0,130,200,20.0,lognormal,biased,random,0.02,0.2,0.2,5.0,1.0,0.1,300,0,0.0,True,True,income,100,continue_after_avalanche,period_end,income,income__c0p20__lognormal__biased__random,2,21,c,0.2,
2026320022,True,300,8168,1,200,27,200,8168,200,546,27,27,3760,299,0.135,True,4080,4080,546,0.5363284313725492,0.945875,0,129,200,20.0,lognormal,biased,random,0.02,0.2,0.2,5.0,1.0,0.1,300,0,0.0,True,True,income,100,continue_after_avalanche,period_end,income,income__c0p20__lognormal__biased__random,2,22,c,0.2,
2026320023,True,300,7999,1,200,25,200,7999,200,552,25,25,3545,296,0.125,True,3999,3999,552,0.49875343835958996,0.9308139534883721,0,126,200,20.0,lognormal,biased,random,0.02,0.2,0.2,5.0,1.0,0.1,300,0,0.0,True,True,income,100,continue_after_avalanche,period_end,income,income__c0p20__lognormal__biased__random,2,23,c,0.2,
2026320024,True,300,10216,1,200,31,200,10216,200,477,31,31,4696,298,0.155,True,5203,5203,477,0.5572775321929657,0.9333990005765906,0,158,200,20.0,lognormal,biased,random,0.02,0.2,0.2,5.0,1.0,0.1,300,0,0.0,True,True,income,100,continue_after_avalanche,period_end,income,income__c0p20__lognormal__biased__random,2,24,c,0.2,
2026320025,True,300,8475,1,200,26,200,8475,200,532,27,27,3830,297,0.135,True,4272,4272,532,0.539864232209738,0.9326615168539327,0,130,200,20.0,lognormal,biased,random,0.02,0.2,0.2,5.0,1.0,0.1,300,0,0.0,True,True,income,100,continue_after_avalanche,period_end,income,income__c0p20__lognormal__biased__random,2,25,c,0.2,
2026320026,True,300,8588,1,200,27,200,8588,200,430,27,27,4258,299,0.135,True,4335,4335,430,0.5651822376009228,0.962617070357555,0,134,200,20.0,lognormal,biased,random,0.02,0.2,0.2,5.0,1.0,0.1,300,0,0.0,True,True,income,100,continue_after_avalanche,period_end,income,income__c0p20__lognormal__biased__random,2,26,c,0.2,
2026320027,True,300,7947,1,200,25,200,7947,200,435,26,26,3554,299,0.13,True,3955,3955,435,0.5050733249051835,0.9428457648546145,0,122,200,20.0,lognormal,biased,random,0.02,0.2,0.2,5.0,1.0,0.1,300,0,0.0,True,True,income,100,continue_after_avalanche,period_end,income,income__c0p20__lognormal__biased__random,2,27,c,0.2,
2026320028,True,300,7796,1,200,24,200,7796,200,639,25,25,2991,292,0.125,True,3880,3880,639,0.46336855670103105,0.897188144329897,0,121,200,20.0,lognormal,biased,random,0.02,0.2,0.2,5.0,1.0,0.1,300,0,0.0,True,True,income,100,continue_after_avalanche,period_end,income,income__c0p20__lognormal__biased__random,2,28,c,0.2,
2026320029,True,300,7914,1,200,25,200,7914,200,583,26,26,3566,300,0.13,True,3970,3970,583,0.5170428211586904,0.9216675062972293,0,122,200,20.0,lognormal,biased,random,0.02,0.2,0.2,5.0,1.0,0.1,300,0,0.0,True,True,income,100,continue_after_avalanche,period_end,income,income__c0p20__lognormal__biased__random,2,29,c,0.2,
2026320030,True,300,7858,1,200,24,200,7858,200,469,22,22,3274,299,0.11,True,3898,3898,469,0.5023217034376604,0.9341585428424835,0,124,200,20.0,lognormal,biased,random,0.02,0.2,0.2,5.0,1.0,0.1,300,0,0.0,True,True,income,100,continue_after_avalanche,period_end,income,income__c0p20__lognormal__biased__random,2,30,c,0.2,
2026320031,True,300,7553,1,200,24,200,7553,200,345,26,26,3271,299,0.13,True,3768,3768,345,0.5201194267515925,0.9472505307855628,0,114,200,20.0,lognormal,biased,random,0.02,0.2,0.2,5.0,1.0,0.1,300,0,0.0,True,True,income,100,continue_after_avalanche,period_end,income,income__c0p20__lognormal__biased__random,2,31,c,0.2,
2026320032,True,300,7274,1,200,23,200,7274,200,646,25,25,2879,295,0.125,True,3574,3574,646,0.46831841074426417,0.9068746502518188,0,120,200,20.0,lognormal,biased,random,0.02,0.2,0.2,5.0,1.0,0.1,300,0,0.0,True,True,income,100,continue_after_avalanche,period_end,income,income__c0p20__lognormal__biased__random,2,32,c,0.2,
2026320033,True,300,8402,1,200,26,200,8402,200,524,24,24,3738,299,0.12,True,4208,4208,524,0.5212832699619774,0.9396078897338405,0,128,200,20.0,lognormal,biased,random,0.02,0.2,0.2,5.0,1.0,0.1,300,0,0.0,True,True,income,100,continue_after_avalanche,period_end,income,income__c0p20__lognormal__biased__random,2,33,c,0.2,
2026320034,True,300,8586,1,200,26,200,8586,200,683,26,26,3592,298,0.13,True,4286,4286,683,0.5094400373308448,0.9198926738217452,0,137,200,20.0,lognormal,biased,random,0.02,0.2,0.2,5.0,1.0,0.1,300,0,0.0,True,True,income,100,continue_after_avalanche,period_end,income,income__c0p20__lognormal__biased__random,2,34,c,0.2,
2026320035,True,300,6809,1,200,21,200,6809,200,351,20,20,2809,297,0.1,True,3353,3353,351,0.4797121980316137,0.941716373396958,0,106,200,20.0,lognormal,biased,random,0.02,0.2,0.2,5.0,1.0,0.1,300,0,0.0,True,True,income,100,continue_after_avalanche,period_end,income,income__c0p20__lognormal__biased__random,2,35,c,0.2,
2026320036,True,300,8121,1,200,26,200,8121,200,147,27,27,4252,298,0.135,True,4116,4116,147,0.5867711370262392,0.9737317784256561,0,124,200,20.0,lognormal,biased,random,0.02,0.2,0.2,5.0,1.0,0.1,300,0,0.0,True,True,income,100,continue_after_avalanche,period_end,income,income__c0p20__lognormal__biased__random,2,36,c,0.2,
2026320037,True,300,7343,1,200,23,200,7343,200,509,22,22,3067,297,0.11,True,3636,3636,509,0.47486248624862504,0.9122029702970298,0,115,200,20.0,lognormal,biased,random,0.02,0.2,0.2,5.0,1.0,0.1,300,0,0.0,True,True,income,100,continue_after_avalanche,period_end,income,income__c0p20__lognormal__biased__random,2,37,c,0.2,
2026320038,True,300,8237,1,200,26,200,8237,200,463,25,25,3840,298,0.125,True,4110,4110,463,0.5260729927007299,0.9384282238442823,0,130,200,20.0,lognormal,biased,random,0.02,0.2,0.2,5.0,1.0,0.1,300,0,0.0,True,True,income,100,continue_after_avalanche,period_end,income,income__c0p20__lognormal__biased__random,2,38,c,0.2,
2026320039,True,300,8214,1,200,24,200,8214,200,242,29,29,4286,299,0.145,True,4166,4166,242,0.5854176668266924,0.9683893422947674,0,123,200,20.0,lognormal,biased,random,0.02,0.2,0.2,5.0,1.0,0.1,300,0,0.0,True,True,income,100,continue_after_avalanche,period_end,income,income__c0p20__lognormal__biased__random,2,39,c,0.2,
2026320040,True,300,8152,1,200,25,200,8152,200,349,26,26,3867,298,0.13,True,4090,4090,349,0.5580929095354523,0.9503349633251834,0,125,200,20.0,lognormal,biased,random,0.02,0.2,0.2,5.0,1.0,0.1,300,0,0.0,True,True,income,100,continue_after_avalanche,period_end,income,income__c0p20__lognormal__biased__random,2,40,c,0.2,
2026320041,True,300,7220,1,200,24,200,7220,200,412,23,23,3102,299,0.115,True,3575,3575,412,0.5253244755244757,0.9473944055944057,0,119,200,20.0,lognormal,biased,random,0.02,0.2,0.2,5.0,1.0,0.1,300,0,0.0,True,True,income,100,continue_after_avalanche,period_end,income,income__c0p20__lognormal__biased__random,2,41,c,0.2,
2026320042,True,300,7804,1,200,24,200,7804,200,673,24,24,3186,299,0.12,True,3874,3874,673,0.4904904491481674,0.9015023231801755,0,124,200,20.0,lognormal,biased,random,0.02,0.2,0.2,5.0,1.0,0.1,300,0,0.0,True,True,income,100,continue_after_avalanche,period_end,income,income__c0p20__lognormal__biased__random,2,42,c,0.2,
2026320043,True,300,7574,1,200,24,200,7574,200,478,24,24,3559,299,0.12,True,3790,3790,478,0.5258944591029024,0.9374432717678101,0,115,200,20.0,lognormal,biased,random,0.02,0.2,0.2,5.0,1.0,0.1,300,0,0.0,True,True,income,100,continue_after_avalanche,period_end,income,income__c0p20__lognormal__biased__random,2,43,c,0.2,
2026320044,True,300,7063,1,200,22,200,7063,200,793,20,20,2622,298,0.1,True,3474,3474,793,0.4391220495106507,0.8859412780656306,0,115,200,20.0,lognormal,biased,random,0.02,0.2,0.2,5.0,1.0,0.1,300,0,0.0,True,True,income,100,continue_after_avalanche,period_end,income,income__c0p20__lognormal__biased__random,2,44,c,0.2,
2026320045,True,300,7860,1,200,24,200,7860,200,415,23,23,3454,297,0.115,True,3920,3920,415,0.5145280612244898,0.9484540816326532,0,122,200,20.0,lognormal,biased,random,0.02,0.2,0.2,5.0,1.0,0.1,300,0,0.0,True,True,income,100,continue_after_avalanche,period_end,income,income__c0p20__lognormal__biased__random,2,45,c,0.2,
2026320046,True,300,7695,1,200,25,200,7695,200,591,25,25,3334,299,0.125,True,3830,3830,591,0.5095483028720629,0.9152741514360314,0,125,200,20.0,lognormal,biased,random,0.02,0.2,0.2,5.0,1.0,0.1,300,0,0.0,True,True,income,100,continue_after_avalanche,period_end,income,income__c0p20__lognormal__biased__random,2,46,c,0.2,
2026320047,True,300,6865,1,200,22,200,6865,200,574,19,19,2675,299,0.095,False,3379,3379,574,0.4694184670020718,0.8905992897306896,0,103,200,20.0,lognormal,biased,random,0.02,0.2,0.2,5.0,1.0,0.1,300,0,0.0,True,True,income,100,continue_after_avalanche,period_end,income,income__c0p20__lognormal__biased__random,2,47,c,0.2,
2026320048,True,300,7838,1,200,25,200,7838,200,452,23,23,3427,299,0.115,True,3903,3903,452,0.513936715347169,0.9269036638483219,0,120,200,20.0,lognormal,biased,random,0.02,0.2,0.2,5.0,1.0,0.1,300,0,0.0,True,True,income,100,continue_after_avalanche,period_end,income,income__c0p20__lognormal__biased__random,2,48,c,0.2,
2026320049,True,300,10068,1,200,31,200,10068,200,372,32,32,5477,300,0.16,True,5186,5186,372,0.6164770536058621,0.9687620516775937,0,157,200,20.0,lognormal,biased,random,0.02,0.2,0.2,5.0,1.0,0.1,300,0,0.0,True,True,income,100,continue_after_avalanche,period_end,income,income__c0p20__lognormal__biased__random,2,49,c,0.2,
2026320050,True,300,8142,1,200,26,200,8142,200,708,24,24,3440,298,0.12,True,4076,4076,708,0.5206329735034347,0.9128410206084399,0,129,200,20.0,lognormal,biased,random,0.02,0.2,0.2,5.0,1.0,0.1,300,0,0.0,True,True,income,100,continue_after_avalanche,period_end,income,income__c0p20__lognormal__biased__random,2,50,c,0.2,
2026320051,True,300,7447,1,200,24,200,7447,200,733,23,23,3016,297,0.115,True,3693,3693,733,0.4917533170863797,0.9081519090170593,0,118,200,20.0,lognormal,biased,random,0.02,0.2,0.2,5.0,1.0,0.1,300,0,0.0,True,True,income,100,continue_after_avalanche,period_end,income,income__c0p20__lognormal__biased__random,2,51,c,0.2,
2026320052,True,300,8119,1,200,26,200,8119,200,508,25,25,3674,298,0.125,True,4052,4052,508,0.5021076011846004,0.912529615004936,0,126,200,20.0,lognormal,biased,random,0.02,0.2,0.2,5.0,1.0,0.1,300,0,0.0,True,True,income,100,continue_after_avalanche,period_end,income,income__c0p20__lognormal__biased__random,2,52,c,0.2,
2026320053,True,300,7977,1,200,26,200,7977,200,726,23,23,3460,300,0.115,True,3979,3979,726,0.5109763759738628,0.9065707464186983,0,130,200,20.0,lognormal,biased,random,0.02,0.2,0.2,5.0,1.0,0.1,300,0,0.0,True,True,income,100,continue_after_avalanche,period_end,income,income__c0p20__lognormal__biased__random,2,53,c,0.2,
2026320054,True,300,8915,1,200,28,200,8915,200,504,26,26,4355,300,0.13,True,4492,4492,504,0.5552582368655388,0.9402849510240427,0,141,200,20.0,lognormal,biased,random,0.02,0.2,0.2,5.0,1.0,0.1,300,0,0.0,True,True,income,100,continue_after_avalanche,period_end,income,income__c0p20__lognormal__biased__random,2,54,c,0.2,
2026320055,True,300,8271,1,200,25,200,8271,200,633,28,28,3635,300,0.14,True,4146,4146,633,0.5229281234925229,0.928649300530632,0,132,200,20.0,lognormal,biased,random,0.02,0.2,0.2,5.0,1.0,0.1,300,0,0.0,True,True,income,100,continue_after_avalanche,period_end,income,income__c0p20__lognormal__biased__random,2,55,c,0.2,
2026320056,True,300,7821,1,200,25,200,7821,200,544,25,25,3567,298,0.125,True,3913,3913,544,0.5470061334014824,0.9229938665985178,0,113,200,20.0,lognormal,biased,random,0.02,0.2,0.2,5.0,1.0,0.1,300,0,0.0,True,True,income,100,continue_after_avalanche,period_end,income,income__c0p20__lognormal__biased__random,2,56,c,0.2,
2026320057,True,300,7258,1,200,22,200,7258,200,357,23,23,3096,296,0.115,True,3609,3609,357,0.5060584649487394,0.9374355777223609,0,112,200,20.0,lognormal,biased,random,0.02,0.2,0.2,5.0,1.0,0.1,300,0,0.0,True,True,income,100,continue_after_avalanche,period_end,income,income__c0p20__lognormal__biased__random,2,57,c,0.2,
2026320058,True,300,6866,1,200,21,200,6866,200,505,20,20,2872,300,0.1,True,3405,3405,505,0.49293245227606475,0.9145800293685757,0,107,200,20.0,lognormal,biased,random,0.02,0.2,0.2,5.0,1.0,0.1,300,0,0.0,True,True,income,100,continue_after_avalanche,period_end,income,income__c0p20__lognormal__biased__random,2,58,c,0.2,
2026320059,True,300,7067,1,200,22,200,7067,200,622,23,23,2848,293,0.115,True,3513,3513,622,0.49664531739254203,0.9314958724736693,0,112,200,20.0,lognormal,biased,random,0.02,0.2,0.2,5.0,1.0,0.1,300,0,0.0,True,True,income,100,continue_after_avalanche,period_end,income,income__c0p20__lognormal__biased__random,2,59,c,0.2,
2026420000,True,300,8024,25,955,25,200,8024,955,680,25,25,2654,262,0.125,True,3994,3994,680,0.3575713570355534,0.9436805207811718,0,128,200,20.0,pareto,biased,random,0.02,0.2,0.2,5.0,1.0,0.1,300,0,0.0,True,True,income,100,continue_after_avalanche,period_end,income,income__c0p20__pareto__biased__random,3,0,c,0.2,
2026420001,True,300,8103,19,791,25,200,8103,791,715,23,23,2211,252,0.115,True,3997,3997,715,0.3154853640230173,0.9265636727545661,0,128,200,20.0,pareto,biased,random,0.02,0.2,0.2,5.0,1.0,0.1,300,0,0.0,True,True,income,100,continue_after_avalanche,period_end,income,income__c0p20__pareto__biased__random,3,1,c,0.2,
2026420002,True,300,8071,27,1000,25,200,8071,1000,528,24,24,2548,252,0.12,True,4001,4001,528,0.32791427143214213,0.928494126468383,0,130,200,20.0,pareto,biased,random,0.02,0.2,0.2,5.0,1.0,0.1,300,0,0.0,True,True,income,100,continue_after_avalanche,period_end,income,income__c0p20__pareto__biased__random,3,2,c,0.2,
2026420003,True,300,8153,40,1358,25,200,8153,1358,1025,20,20,2037,240,0.1,True,4001,4001,1025,0.2729555111222195,0.8655698575356161,0,126,200,20.0,pareto,biased,random,0.02,0.2,0.2,5.0,1.0,0.1,300,0,0.0,True,True,income,100,continue_after_avalanche,period_end,income,income__c0p20__pareto__biased__random,3,3,c,0.2,
2026420004,True,300,7967,19,801,23,200,7967,801,215,26,26,3219,268,0.13,True,3997,3997,215,0.44130222667000263,0.9789929947460596,0,119,200,20.0,pareto,biased,random,0.02,0.2,0.2,5.0,1.0,0.1,300,0,0.0,True,True,income,100,continue_after_avalanche,period_end,income,income__c0p20__pareto__biased__random,3,4,c,0.2,
2026420005,True,300,8086,22,869,26,200,8086,869,581,27,27,2604,254,0.135,True,4001,4001,581,0.3278642839290178,0.9290014996250939,0,127,200,20.0,pareto,biased,random,0.02,0.2,0.2,5.0,1.0,0.1,300,0,0.0,True,True,income,100,continue_after_avalanche,period_end,income,income__c0p20__pareto__biased__random,3,5,c,0.2,
2026420006,True,300,8127,36,1245,27,200,8127,1245,1208,22,22,1606,245,0.11,True,4005,4005,1208,0.24856554307116108,0.831574282147316,0,123,200,20.0,pareto,biased,random,0.02,0.2,0.2,5.0,1.0,0.1,300,0,0.0,True,True,income,100,continue_after_avalanche,period_end,income,income__c0p20__pareto__biased__random,3,6,c,0.2,
2026420007,True,300,8125,47,1540,27,200,8125,1540,1635,19,19,1318,234,0.095,False,3994,3994,1635,0.24494992488733103,0.8141537305958939,0,130,200,20.0,pareto,biased,random,0.02,0.2,0.2,5.0,1.0,0.1,300,0,0.0,True,True,income,100,continue_after_avalanche,period_end,income,income__c0p20__pareto__biased__random,3,7,c,0.2,
2026420008,True,300,8123,14,670,25,200,8123,670,989,24,24,2345,258,0.12,True,4000,4000,989,0.3115025,0.8750825000000002,0,126,200,20.0,pareto,biased,random,0.02,0.2,0.2,5.0,1.0,0.1,300,0,0.0,True,True,income,100,continue_after_avalanche,period_end,income,income__c0p20__pareto__biased__random,3,8,c,0.2,
2026420009,True,300,8036,27,996,25,200,8036,996,709,23,23,2395,259,0.115,True,3992,3992,709,0.3263927855711424,0.9266633266533066,0,123,200,20.0,pareto,biased,random,0.02,0.2,0.2,5.0,1.0,0.1,300,0,0.0,True,True,income,100,continue_after_avalanche,period_end,income,income__c0p20__pareto__biased__random,3,9,c,0.2,
2026420010,True,300,7955,23,907,24,200,7955,907,48,28,28,3483,259,0.14,True,4001,4001,48,0.4190264933766559,0.9916683329167708,0,116,200,20.0,pareto,biased,random,0.02,0.2,0.2,5.0,1.0,0.1,300,0,0.0,True,True,income,100,continue_after_avalanche,period_end,income,income__c0p20__pareto__biased__random,3,10,c,0.2,
2026420011,True,300,8150,34,1195,24,200,8150,1195,992,23,23,1895,237,0.115,True,4005,4005,992,0.25339200998751576,0.8812421972534332,0,124,200,20.0,pareto,biased,random,0.02,0.2,0.2,5.0,1.0,0.1,300,0,0.0,True,True,income,100,continue_after_avalanche,period_end,income,income__c0p20__pareto__biased__random,3,11,c,0.2,
2026420012,True,300,8140,37,1261,27,200,8140,1261,866,22,22,2147,247,0.11,True,4002,4002,866,0.2886506746626687,0.87356071964018,0,129,200,20.0,pareto,biased,random,0.02,0.2,0.2,5.0,1.0,0.1,300,0,0.0,True,True,income,100,continue_after_avalanche,period_end,income,income__c0p20__pareto__biased__random,3,12,c,0.2,
2026420013,True,300,8075,33,1164,25,200,8075,1164,898,22,22,2053,255,0.11,True,4000,4000,898,0.305045,0.8881700000000001,0,127,200,20.0,pareto,biased,random,0.02,0.2,0.2,5.0,1.0,0.1,300,0,0.0,True,True,income,100,continue_after_avalanche,period_end,income,income__c0p20__pareto__biased__random,3,13,c,0.2,
2026420014,True,300,8134,20,830,25,200,8134,830,884,21,21,2001,246,0.105,True,4003,4003,884,0.3124094429178117,0.9031763677242068,0,122,200,20.0,pareto,biased,random,0.02,0.2,0.2,5.0,1.0,0.1,300,0,0.0,True,True,income,100,continue_after_avalanche,period_end,income,income__c0p20__pareto__biased__random,3,14,c,0.2,
2026420015,True,300,8064,28,1022,24,200,8064,1022,423,25,25,2714,255,0.125,True,3998,3998,423,0.35619559779889953,0.9578114057028515,0,121,200,20.0,pareto,biased,random,0.02,0.2,0.2,5.0,1.0,0.1,300,0,0.0,True,True,income,100,continue_after_avalanche,period_end,income,income__c0p20__pareto__biased__random,3,15,c,0.2,
2026420016,True,300,8174,38,1283,25,200,8174,1283,1140,23,23,1806,237,0.115,True,4000,4000,1140,0.2674725,0.8772875,0,131,200,20.0,pareto,biased,random,0.02,0.2,0.2,5.0,1.0,0.1,300,0,0.0,True,True,income,100,continue_after_avalanche,period_end,income,income__c0p20__pareto__biased__random,3,16,c,0.2,
2026420017,True,300,8067,22,867,25,200,8067,867,673,20,20,2310,262,0.1,True,3996,3996,673,0.32088588588588607,0.9275475475475476,0,127,200,20.0,pareto,biased,random,0.02,0.2,0.2,5.0,1.0,0.1,300,0,0.0,True,True,income,100,continue_after_avalanche,period_end,income,income__c0p20__pareto__biased__random,3,17,c,0.2,
2026420018,True,300,8075,26,985,25,200,8075,985,721,23,23,2111,244,0.115,True,4000,4000,721,0.26905500000000004,0.9018200000000001,0,129,200,20.0,pareto,biased,random,0.02,0.2,0.2,5.0,1.0,0.1,300,0,0.0,True,True,income,100,continue_after_avalanche,period_end,income,income__c0p20__pareto__biased__random,3,18,c,0.2,
2026420019,True,300,8106,31,1114,25,200,8106,1114,655,22,22,2282,253,0.11,True,3999,3999,655,0.28411227806951755,0.9108314578644663,0,125,200,20.0,pareto,biased,random,0.02,0.2,0.2,5.0,1.0,0.1,300,0,0.0,True,True,income,100,continue_after_avalanche,period_end,income,income__c0p20__pareto__biased__random,3,19,c,0.2,
2026420020,True,300,8075,36,1243,25,200,8075,1243,766,20,20,2170,250,0.1,True,4003,4003,766,0.2898688483637273,0.8909505370971773,0,127,200,20.0,pareto,biased,random,0.02,0.2,0.2,5.0,1.0,0.1,300,0,0.0,True,True,income,100,continue_after_avalanche,period_end,income,income__c0p20__pareto__biased__random,3,20,c,0.2,
2026420021,True,300,8165,41,1389,23,200,8165,1389,942,24,24,2039,236,0.12,True,4004,4004,942,0.2682967032967034,0.8666858141858143,0,122,200,20.0,pareto,biased,random,0.02,0.2,0.2,5.0,1.0,0.1,300,0,0.0,True,True,income,100,continue_after_avalanche,period_end,income,income__c0p20__pareto__biased__random,3,21,c,0.2,
2026420022,True,300,8110,32,1147,25,200,8110,1147,739,22,22,2249,242,0.11,True,3993,3993,739,0.28317180065113967,0.9215915351865767,0,119,200,20.0,pareto,biased,random,0.02,0.2,0.2,5.0,1.0,0.1,300,0,0.0,True,True,income,100,continue_after_avalanche,period_end,income,income__c0p20__pareto__biased__random,3,22,c,0.2,
2026420023,True,300,8112,8,509,26,200,8112,509,1106,21,21,2007,241,0.105,True,4001,4001,1106,0.30361784553861537,0.866277180704824,0,127,200,20.0,pareto,biased,random,0.02,0.2,0.2,5.0,1.0,0.1,300,0,0.0,True,True,income,100,continue_after_avalanche,period_end,income,income__c0p20__pareto__biased__random,3,23,c,0.2,
2026420024,True,300,8090,16,713,23,200,8090,713,617,25,25,2353,253,0.125,True,4004,4004,617,0.3366283716283718,0.9211563436563437,0,119,200,20.0,pareto,biased,random,0.02,0.2,0.2,5.0,1.0,0.1,300,0,0.0,True,True,income,100,continue_after_avalanche,period_end,income,income__c0p20__pareto__biased__random,3,24,c,0.2,
2026420025,True,300,8111,30,1069,25,200,8111,1069,1197,27,27,2111,243,0.135,True,4003,4003,1197,0.2801461403947041,0.8787996502623034,0,123,200,20.0,pareto,biased,random,0.02,0.2,0.2,5.0,1.0,0.1,300,0,0.0,True,True,income,100,continue_after_avalanche,period_end,income,income__c0p20__pareto__biased__random,3,25,c,0.2,
2026420026,True,300,8067,22,864,25,200,8067,864,493,22,22,2771,257,0.11,True,3998,3998,493,0.35273386693346676,0.9433366683341673,0,124,200,20.0,pareto,biased,random,0.02,0.2,0.2,5.0,1.0,0.1,300,0,0.0,True,True,income,100,continue_after_avalanche,period_end,income,income__c0p20__pareto__biased__random,3,26,c,0.2,
2026420027,True,300,8137,37,1262,26,200,8137,1262,964,22,22,1959,236,0.11,True,4001,4001,964,0.28116345913521634,0.8877818045488628,0,129,200,20.0,pareto,biased,random,0.02,0.2,0.2,5.0,1.0,0.1,300,0,0.0,True,True,income,100,continue_after_avalanche,period_end,income,income__c0p20__pareto__biased__random,3,27,c,0.2,
2026420028,True,300,8006,19,787,24,200,8006,787,743,22,22,2726,263,0.11,True,3997,3997,743,0.3695909432074056,0.9224756067050288,0,127,200,20.0,pareto,biased,random,0.02,0.2,0.2,5.0,1.0,0.1,300,0,0.0,True,True,income,100,continue_after_avalanche,period_end,income,income__c0p20__pareto__biased__random,3,28,c,0.2,
2026420029,True,300,8079,31,1117,25,200,8079,1117,1199,22,22,1783,242,0.11,True,4007,4007,1199,0.29263663588719746,0.8648527576740705,0,135,200,20.0,pareto,biased,random,0.02,0.2,0.2,5.0,1.0,0.1,300,0,0.0,True,True,income,100,continue_after_avalanche,period_end,income,income__c0p20__pareto__biased__random,3,29,c,0.2,
2026420030,True,300,8059,27,1001,25,200,8059,1001,459,22,22,2581,257,0.11,True,4000,4000,459,0.3431075000000001,0.92903,0,128,200,20.0,pareto,biased,random,0.02,0.2,0.2,5.0,1.0,0.1,300,0,0.0,True,True,income,100,continue_after_avalanche,period_end,income,income__c0p20__pareto__biased__random,3,30,c,0.2,
2026420031,True,300,8138,25,964,26,200,8138,964,1001,23,23,2096,246,0.115,True,3998,3998,1001,0.2856178089044523,0.8738594297148576,0,129,200,20.0,pareto,biased,random,0.02,0.2,0.2,5.0,1.0,0.1,300,0,0.0,True,True,income,100,continue_after_avalanche,period_end,income,income__c0p20__pareto__biased__random,3,31,c,0.2,
2026420032,True,300,8071,28,1038,28,200,8071,1038,1261,18,18,1902,247,0.09,False,3991,3991,1261,0.27556376847907793,0.878522926584816,0,143,200,20.0,pareto,biased,random,0.02,0.2,0.2,5.0,1.0,0.1,300,0,0.0,True,True,income,100,continue_after_avalanche,period_end,income,income__c0p20__pareto__biased__random,3,32,c,0.2,
2026420033,True,300,8087,27,1004,25,200,8087,1004,718,25,25,2454,254,0.125,True,3998,3998,718,0.3261605802901453,0.9138444222111057,0,123,200,20.0,pareto,biased,random,0.02,0.2,0.2,5.0,1.0,0.1,300,0,0.0,True,True,income,100,continue_after_avalanche,period_end,income,income__c0p20__pareto__biased__random,3,33,c,0.2,
2026420034,True,300,8138,34,1197,27,200,8138,1197,1111,20,20,1725,248,0.1,True,4002,4002,1111,0.25902298850574734,0.8708595702148927,0,132,200,20.0,pareto,biased,random,0.02,0.2,0.2,5.0,1.0,0.1,300,0,0.0,True,True,income,100,continue_after_avalanche,period_end,income,income__c0p20__pareto__biased__random,3,34,c,0.2,
2026420035,True,300,6922,1,200,22,200,6922,200,10,32,32,5933,300,0.16,True,3999,3999,10,0.8610615153788448,0.994887471867967,0,109,200,20.0,pareto,biased,random,0.02,0.2,0.2,5.0,1.0,0.1,300,0,0.0,True,True,income,100,continue_after_avalanche,period_end,income,income__c0p20__pareto__biased__random,3,35,c,0.2,
2026420036,True,300,8076,25,957,25,200,8076,957,429,23,23,2767,264,0.115,True,4004,4004,429,0.36229520479520483,0.9541208791208793,0,124,200,20.0,pareto,biased,random,0.02,0.2,0.2,5.0,1.0,0.1,300,0,0.0,True,True,income,100,continue_after_avalanche,period_end,income,income__c0p20__pareto__biased__random,3,36,c,0.2,
2026420037,True,300,7963,23,903,24,200,7963,903,123,26,26,3252,268,0.13,True,4001,4001,123,0.42846163459135234,0.9713934016495878,0,118,200,20.0,pareto,biased,random,0.02,0.2,0.2,5.0,1.0,0.1,300,0,0.0,True,True,income,100,continue_after_avalanche,period_end,income,income__c0p20__pareto__biased__random,3,37,c,0.2,
2026420038,True,300,8105,18,768,25,200,8105,768,651,22,22,2526,257,0.11,True,3999,3999,651,0.32727056764191054,0.9207314328582146,0,124,200,20.0,pareto,biased,random,0.02,0.2,0.2,5.0,1.0,0.1,300,0,0.0,True,True,income,100,continue_after_avalanche,period_end,income,income__c0p20__pareto__biased__random,3,38,c,0.2,
2026420039,True,300,8070,21,842,24,200,8070,842,383,24,24,2574,258,0.12,True,4002,4002,383,0.3674712643678162,0.945784607696152,0,120,200,20.0,pareto,biased,random,0.02,0.2,0.2,5.0,1.0,0.1,300,0,0.0,True,True,income,100,continue_after_avalanche,period_end,income,income__c0p20__pareto__biased__random,3,39,c,0.2,
2026420040,True,300,8116,10,560,25,200,8116,560,815,20,20,2213,262,0.1,True,4008,4008,815,0.3192839321357286,0.910741017964072,0,123,200,20.0,pareto,biased,random,0.02,0.2,0.2,5.0,1.0,0.1,300,0,0.0,True,True,income,100,continue_after_avalanche,period_end,income,income__c0p20__pareto__biased__random,3,40,c,0.2,
2026420041,True,300,8085,37,1260,25,200,8085,1260,745,23,23,2278,251,0.115,True,4011,4011,745,0.3003004238344553,0.9204176015956123,0,126,200,20.0,pareto,biased,random,0.02,0.2,0.2,5.0,1.0,0.1,300,0,0.0,True,True,income,100,continue_after_avalanche,period_end,income,income__c0p20__pareto__biased__random,3,41,c,0.2,
2026420042,True,300,8098,21,856,24,200,8098,856,843,23,23,2901,267,0.115,True,4007,4007,843,0.367238582480659,0.9106526079361119,0,123,200,20.0,pareto,biased,random,0.02,0.2,0.2,5.0,1.0,0.1,300,0,0.0,True,True,income,100,continue_after_avalanche,period_end,income,income__c0p20__pareto__biased__random,3,42,c,0.2,
2026420043,True,300,8160,31,1105,26,200,8160,1105,1138,19,19,2063,250,0.095,False,4007,4007,1138,0.28231220364362386,0.869971300224607,0,129,200,20.0,pareto,biased,random,0.02,0.2,0.2,5.0,1.0,0.1,300,0,0.0,True,True,income,100,continue_after_avalanche,period_end,income,income__c0p20__pareto__biased__random,3,43,c,0.2,
2026420044,True,300,8137,28,1049,26,200,8137,1049,1284,19,19,1934,243,0.095,False,4003,4003,1284,0.2652523107669249,0.8586372720459656,0,131,200,20.0,pareto,biased,random,0.02,0.2,0.2,5.0,1.0,0.1,300,0,0.0,True,True,income,100,continue_after_avalanche,period_end,income,income__c0p20__pareto__biased__random,3,44,c,0.2,
2026420045,True,300,7666,9,524,23,200,7666,524,13,30,30,4555,284,0.15,True,4011,4011,13,0.5630179506357518,0.9939927698828224,0,112,200,20.0,pareto,biased,random,0.02,0.2,0.2,5.0,1.0,0.1,300,0,0.0,True,True,income,100,continue_after_avalanche,period_end,income,income__c0p20__pareto__biased__random,3,45,c,0.2,
2026420046,True,300,8056,31,1116,25,200,8056,1116,571,24,24,2470,255,0.12,True,3996,3996,571,0.3421696696696699,0.9258433433433435,0,126,200,20.0,pareto,biased,random,0.02,0.2,0.2,5.0,1.0,0.1,300,0,0.0,True,True,income,100,continue_after_avalanche,period_end,income,income__c0p20__pareto__biased__random,3,46,c,0.2,
2026420047,True,300,8048,22,865,24,200,8048,865,617,22,22,2486,259,0.11,True,4000,4000,617,0.3523400000000001,0.93076,0,120,200,20.0,pareto,biased,random,0.02,0.2,0.2,5.0,1.0,0.1,300,0,0.0,True,True,income,100,continue_after_avalanche,period_end,income,income__c0p20__pareto__biased__random,3,47,c,0.2,
2026420048,True,300,8104,30,1074,25,200,8104,1074,1454,18,18,1626,242,0.09,False,3997,3997,1454,0.25271078308731565,0.8380597948461348,0,126,200,20.0,pareto,biased,random,0.02,0.2,0.2,5.0,1.0,0.1,300,0,0.0,True,True,income,100,continue_after_avalanche,period_end,income,income__c0p20__pareto__biased__random,3,48,c,0.2,
2026420049,True,300,7072,1,200,22,200,7072,200,1,30,30,5667,300,0.15,True,3997,3997,1,0.7892181636227171,0.9949624718538905,0,106,200,20.0,pareto,biased,random,0.02,0.2,0.2,5.0,1.0,0.1,300,0,0.0,True,True,income,100,continue_after_avalanche,period_end,income,income__c0p20__pareto__biased__random,3,49,c,0.2,
2026420050,True,300,8006,22,880,25,200,8006,880,327,28,28,2872,264,0.14,True,4004,4004,327,0.37547202797202806,0.9709415584415586,0,124,200,20.0,pareto,biased,random,0.02,0.2,0.2,5.0,1.0,0.1,300,0,0.0,True,True,income,100,continue_after_avalanche,period_end,income,income__c0p20__pareto__biased__random,3,50,c,0.2,
2026420051,True,300,8079,17,745,24,200,8079,745,467,22,22,2601,254,0.11,True,4004,4004,467,0.35004495504495514,0.9527472527472529,0,122,200,20.0,pareto,biased,random,0.02,0.2,0.2,5.0,1.0,0.1,300,0,0.0,True,True,income,100,continue_after_avalanche,period_end,income,income__c0p20__pareto__biased__random,3,51,c,0.2,
2026420052,True,300,8069,25,956,26,200,8069,956,255,25,25,2676,264,0.125,True,4007,4007,255,0.3647254804092839,0.9535150985774894,0,124,200,20.0,pareto,biased,random,0.02,0.2,0.2,5.0,1.0,0.1,300,0,0.0,True,True,income,100,continue_after_avalanche,period_end,income,income__c0p20__pareto__biased__random,3,52,c,0.2,
2026420053,True,300,8111,34,1198,25,200,8111,1198,990,23,23,2254,248,0.115,True,3997,3997,990,0.30036652489367044,0.9078596447335503,0,127,200,20.0,pareto,biased,random,0.02,0.2,0.2,5.0,1.0,0.1,300,0,0.0,True,True,income,100,continue_after_avalanche,period_end,income,income__c0p20__pareto__biased__random,3,53,c,0.2,
2026420054,True,300,8085,20,820,26,200,8085,820,1123,19,19,1769,241,0.095,False,3997,3997,1123,0.2751776332249187,0.8907593194896173,0,128,200,20.0,pareto,biased,random,0.02,0.2,0.2,5.0,1.0,0.1,300,0,0.0,True,True,income,100,continue_after_avalanche,period_end,income,income__c0p20__pareto__biased__random,3,54,c,0.2,
2026420055,True,300,8122,41,1384,24,200,8122,1384,1019,19,19,1880,237,0.095,False,3996,3996,1019,0.2547622622622623,0.8613138138138139,0,120,200,20.0,pareto,biased,random,0.02,0.2,0.2,5.0,1.0,0.1,300,0,0.0,True,True,income,100,continue_after_avalanche,period_end,income,income__c0p20__pareto__biased__random,3,55,c,0.2,
2026420056,True,300,8144,23,897,25,200,8144,897,1227,18,18,1840,247,0.09,False,3999,3999,1227,0.26727806951737954,0.8652725681420357,0,129,200,20.0,pareto,biased,random,0.02,0.2,0.2,5.0,1.0,0.1,300,0,0.0,True,True,income,100,continue_after_avalanche,period_end,income,income__c0p20__pareto__biased__random,3,56,c,0.2,
2026420057,True,300,8146,25,959,25,200,8146,959,580,22,22,2276,240,0.11,True,4005,4005,580,0.30033832709113617,0.9324906367041199,0,128,200,20.0,pareto,biased,random,0.02,0.2,0.2,5.0,1.0,0.1,300,0,0.0,True,True,income,100,continue_after_avalanche,period_end,income,income__c0p20__pareto__biased__random,3,57,c,0.2,
2026420058,True,300,8043,33,1164,25,200,8043,1164,469,24,24,2532,251,0.12,True,3999,3999,469,0.36374968742185554,0.9536871717929483,0,124,200,20.0,pareto,biased,random,0.02,0.2,0.2,5.0,1.0,0.1,300,0,0.0,True,True,income,100,continue_after_avalanche,period_end,income,income__c0p20__pareto__biased__random,3,58,c,0.2,
2026420059,True,300,8105,10,562,26,200,8105,562,891,22,22,2177,246,0.11,True,4003,4003,891,0.31862977766674994,0.9100087434424182,0,128,200,20.0,pareto,biased,random,0.02,0.2,0.2,5.0,1.0,0.1,300,0,0.0,True,True,income,100,continue_after_avalanche,period_end,income,income__c0p20__pareto__biased__random,3,59,c,0.2,
2026520000,True,300,12897,1,300,38,300,12897,300,256,39,39,7036,300,0.195,True,3879,3879,256,0.4859435421500389,0.9589340036091778,0,125,200,20.0,lognormal,biased,random,0.02,0.2,0.3,5.0,1.0,0.1,300,0,0.0,True,True,income,100,continue_after_avalanche,period_end,income,income__c0p30__lognormal__biased__random,4,0,c,0.3,
2026520001,True,300,12922,1,300,37,300,12922,300,210,40,40,7576,300,0.2,True,3995,3995,210,0.5438685857321652,0.9723016270337923,0,126,200,20.0,lognormal,biased,random,0.02,0.2,0.3,5.0,1.0,0.1,300,0,0.0,True,True,income,100,continue_after_avalanche,period_end,income,income__c0p30__lognormal__biased__random,4,1,c,0.3,
2026520002,True,300,14322,1,300,41,300,14322,300,308,40,40,7844,300,0.2,True,4375,4375,308,0.5030617142857143,0.9562274285714287,0,146,200,20.0,lognormal,biased,random,0.02,0.2,0.3,5.0,1.0,0.1,300,0,0.0,True,True,income,100,continue_after_avalanche,period_end,income,income__c0p30__lognormal__biased__random,4,2,c,0.3,
2026520003,True,300,13819,1,300,41,300,13819,300,78,46,46,8257,300,0.23,True,4362,4362,78,0.5562700596056855,0.9840073360843651,0,132,200,20.0,lognormal,biased,random,0.02,0.2,0.3,5.0,1.0,0.1,300,0,0.0,True,True,income,100,continue_after_avalanche,period_end,income,income__c0p30__lognormal__biased__random,4,3,c,0.3,
2026520004,True,300,12550,1,300,38,300,12550,300,220,36,36,6797,300,0.18,True,3778,3778,220,0.5111143462149286,0.9701085230280573,0,120,200,20.0,lognormal,biased,random,0.02,0.2,0.3,5.0,1.0,0.1,300,0,0.0,True,True,income,100,continue_after_avalanche,period_end,income,income__c0p30__lognormal__biased__random,4,4,c,0.3,
2026520005,True,300,13042,1,300,38,300,13042,300,130,41,41,7412,300,0.205,True,3995,3995,130,0.5162340425531915,0.9796508135168962,0,128,200,20.0,lognormal,biased,random,0.02,0.2,0.3,5.0,1.0,0.1,300,0,0.0,True,True,income,100,continue_after_avalanche,period_end,income,income__c0p30__lognormal__biased__random,4,5,c,0.3,
2026520006,True,300,13614,1,300,38,300,13614,300,106,44,44,8035,300,0.22,True,4281,4281,106,0.5403141789301567,0.9795363232889513,0,124,200,20.0,lognormal,biased,random,0.02,0.2,0.3,5.0,1.0,0.1,300,0,0.0,True,True,income,100,continue_after_avalanche,period_end,income,income__c0p30__lognormal__biased__random,4,6,c,0.3,
2026520007,True,300,13184,1,300,39,300,13184,300,115,42,42,7668,300,0.21,True,4109,4109,115,0.5190423460696034,0.9763093210026772,0,130,200,20.0,lognormal,biased,random,0.02,0.2,0.3,5.0,1.0,0.1,300,0,0.0,True,True,income,100,continue_after_avalanche,period_end,income,income__c0p30__lognormal__biased__random,4,7,c,0.3,
2026520008,True,300,12457,1,300,38,300,12457,300,166,39,39,7386,300,0.195,True,3846,3846,166,0.5325923036921478,0.9772178887155487,0,119,200,20.0,lognormal,biased,random,0.02,0.2,0.3,5.0,1.0,0.1,300,0,0.0,True,True,income,100,continue_after_avalanche,period_end,income,income__c0p30__lognormal__biased__random,4,8,c,0.3,
2026520009,True,300,14989,1,300,43,300,14989,300,153,46,46,8174,299,0.23,True,4660,4660,153,0.5248948497854078,0.9705579399141633,0,146,200,20.0,lognormal,biased,random,0.02,0.2,0.3,5.0,1.0,0.1,300,0,0.0,True,True,income,100,continue_after_avalanche,period_end,income,income__c0p30__lognormal__biased__random,4,9,c,0.3,
2026520010,True,300,13431,1,300,39,300,13431,300,221,40,40,7455,300,0.2,True,4098,4098,221,0.49847974621766733,0.9666569058077112,0,128,200,20.0,lognormal,biased,random,0.02,0.2,0.3,5.0,1.0,0.1,300,0,0.0,True,True,income,100,continue_after_avalanche,period_end,income,income__c0p30__lognormal__biased__random,4,10,c,0.3,
2026520011,True,300,12335,1,300,34,300,12335,300,235,36,36,6823,300,0.18,True,3728,3728,235,0.49150751072961385,0.9803165236051503,0,118,200,20.0,lognormal,biased,random,0.02,0.2,0.3,5.0,1.0,0.1,300,0,0.0,True,True,income,100,continue_after_avalanche,period_end,income,income__c0p30__lognormal__biased__random,4,11,c,0.3,
2026520012,True,300,12979,1,300,36,300,12979,300,324,38,38,6823,300,0.19,True,3892,3892,324,0.49324511819116146,0.9666109969167525,0,126,200,20.0,lognormal,biased,random,0.02,0.2,0.3,5.0,1.0,0.1,300,0,0.0,True,True,income,100,continue_after_avalanche,period_end,income,income__c0p30__lognormal__biased__random,4,12,c,0.3,
2026520013,True,300,12924,1,300,38,300,12924,300,249,38,38,7143,300,0.19,True,3923,3923,249,0.5090402752995158,0.9621017078766252,0,127,200,20.0,lognormal,biased,random,0.02,0.2,0.3,5.0,1.0,0.1,300,0,0.0,True,True,income,100,continue_after_avalanche,period_end,income,income__c0p30__lognormal__biased__random,4,13,c,0.3,
2026520014,True,300,13023,1,300,38,300,13023,300,337,37,37,6736,300,0.185,True,3924,3924,337,0.5026860346585118,0.9679230377166157,0,129,200,20.0,lognormal,biased,random,0.02,0.2,0.3,5.0,1.0,0.1,300,0,0.0,True,True,income,100,continue_after_avalanche,period_end,income,income__c0p30__lognormal__biased__random,4,14,c,0.3,
2026520015,True,300,13238,1,300,39,300,13238,300,131,41,41,7751,300,0.205,True,4115,4115,131,0.5453961117861483,0.9756075334143379,0,130,200,20.0,lognormal,biased,random,0.02,0.2,0.3,5.0,1.0,0.1,300,0,0.0,True,True,income,100,continue_after_avalanche,period_end,income,income__c0p30__lognormal__biased__random,4,15,c,0.3,
2026520016,True,300,11668,1,300,36,300,11668,300,263,37,37,6552,300,0.185,True,3547,3547,263,0.4938356357485201,0.9614730758387371,0,113,200,20.0,lognormal,biased,random,0.02,0.2,0.3,5.0,1.0,0.1,300,0,0.0,True,True,income,100,continue_after_avalanche,period_end,income,income__c0p30__lognormal__biased__random,4,16,c,0.3,
2026520017,True,300,14685,1,300,44,300,14685,300,366,41,41,7873,300,0.205,True,4499,4499,366,0.5174005334518783,0.9679273171815961,0,140,200,20.0,lognormal,biased,random,0.02,0.2,0.3,5.0,1.0,0.1,300,0,0.0,True,True,income,100,continue_after_avalanche,period_end,income,income__c0p30__lognormal__biased__random,4,17,c,0.3,
2026520018,True,300,13059,1,300,38,300,13059,300,218,39,39,7211,300,0.195,True,4001,4001,218,0.505117470632342,0.9674143964008999,0,124,200,20.0,lognormal,biased,random,0.02,0.2,0.3,5.0,1.0,0.1,300,0,0.0,True,True,income,100,continue_after_avalanche,period_end,income,income__c0p30__lognormal__biased__random,4,18,c,0.3,
2026520019,True,300,13483,1,300,41,300,13483,300,198,46,46,7878,300,0.23,True,4194,4194,198,0.5677134000953745,0.977894611349547,0,136,200,20.0,lognormal,biased,random,0.02,0.2,0.3,5.0,1.0,0.1,300,0,0.0,True,True,income,100,continue_after_avalanche,period_end,income,income__c0p30__lognormal__biased__random,4,19,c,0.3,
2026520020,True,300,14205,1,300,42,300,14205,300,274,40,40,7441,300,0.2,True,4329,4329,274,0.4861018711018712,0.9620778470778473,0,146,200,20.0,lognormal,biased,random,0.02,0.2,0.3,5.0,1.0,0.1,300,0,0.0,True,True,income,100,continue_after_avalanche,period_end,income,income__c0p30__lognormal__biased__random,4,20,c,0.3,
2026520021,True,300,12126,1,300,36,300,12126,300,304,35,35,6615,300,0.175,True,3617,3617,304,0.5154257672103955,0.9550359413878906,0,118,200,20.0,lognormal,biased,random,0.02,0.2,0.3,5.0,1.0,0.1,300,0,0.0,True,True,income,100,continue_after_avalanche,period_end,income,income__c0p30__lognormal__biased__random,4,21,c,0.3,
2026520022,True,300,12993,1,300,37,300,12993,300,152,40,40,7122,300,0.2,True,3940,3940,152,0.505015228426396,0.9689162436548224,0,120,200,20.0,lognormal,biased,random,0.02,0.2,0.3,5.0,1.0,0.1,300,0,0.0,True,True,income,100,continue_after_avalanche,period_end,income,income__c0p30__lognormal__biased__random,4,22,c,0.3,
2026520023,True,300,13133,1,300,38,300,13133,300,270,37,37,7006,300,0.185,True,3972,3972,270,0.4961329305135953,0.9639149043303123,0,128,200,20.0,lognormal,biased,random,0.02,0.2,0.3,5.0,1.0,0.1,300,0,0.0,True,True,income,100,continue_after_avalanche,period_end,income,income__c0p30__lognormal__biased__random,4,23,c,0.3,
2026520024,True,300,13019,1,300,38,300,13019,300,215,41,41,7461,300,0.205,True,3977,3977,215,0.5335089263263768,0.9700817198893639,0,126,200,20.0,lognormal,biased,random,0.02,0.2,0.3,5.0,1.0,0.1,300,0,0.0,True,True,income,100,continue_after_avalanche,period_end,income,income__c0p30__lognormal__biased__random,4,24,c,0.3,
2026520025,True,300,13914,1,300,40,300,13914,300,237,40,40,7658,300,0.2,True,4269,4269,237,0.524770438041696,0.9692117591941909,0,138,200,20.0,lognormal,biased,random,0.02,0.2,0.3,5.0,1.0,0.1,300,0,0.0,True,True,income,100,continue_after_avalanche,period_end,income,income__c0p30__lognormal__biased__random,4,25,c,0.3,
2026520026,True,300,13759,1,300,41,300,13759,300,162,43,43,8183,300,0.215,True,4359,4359,162,0.5573422803395276,0.9846352374397798,0,140,200,20.0,lognormal,biased,random,0.02,0.2,0.3,5.0,1.0,0.1,300,0,0.0,True,True,income,100,continue_after_avalanche,period_end,income,income__c0p30__lognormal__biased__random,4,26,c,0.3,
2026520027,True,300,13510,1,300,40,300,13510,300,241,41,41,7837,300,0.205,True,4212,4212,241,0.5531125356125357,0.9681837606837609,0,132,200,20.0,lognormal,biased,random,0.02,0.2,0.3,5.0,1.0,0.1,300,0,0.0,True,True,income,100,continue_after_avalanche,period_end,income,income__c0p30__lognormal__biased__random,4,27,c,0.3,
2026520028,True,300,12585,1,300,37,300,12585,300,321,36,36,6779,299,0.18,True,3803,3803,321,0.5067906915592955,0.9609084932947674,0,123,200,20.0,lognormal,biased,random,0.02,0.2,0.3,5.0,1.0,0.1,300,0,0.0,True,True,income,100,continue_after_avalanche,period_end,income,income__c0p30__lognormal__biased__random,4,28,c,0.3,
2026520029,True,300,15346,1,300,44,300,15346,300,72,47,47,9312,300,0.235,True,4961,4961,72,0.596187260632937,0.9879046563192906,0,149,200,20.0,lognormal,biased,random,0.02,0.2,0.3,5.0,1.0,0.1,300,0,0.0,True,True,income,100,continue_after_avalanche,period_end,income,income__c0p30__lognormal__biased__random,4,29,c,0.3,
2026520030,True,300,13645,1,300,41,300,13645,300,355,39,39,7272,300,0.195,True,4118,4118,355,0.49707625060709093,0.9490407965031569,0,131,200,20.0,lognormal,biased,random,0.02,0.2,0.3,5.0,1.0,0.1,300,0,0.0,True,True,income,100,continue_after_avalanche,period_end,income,income__c0p30__lognormal__biased__random,4,30,c,0.3,
2026520031,True,300,12108,1,300,34,300,12108,300,116,38,38,7020,300,0.19,True,3693,3693,116,0.5069360953154618,0.9837896019496346,0,115,200,20.0,lognormal,biased,random,0.02,0.2,0.3,5.0,1.0,0.1,300,0,0.0,True,True,income,100,continue_after_avalanche,period_end,income,income__c0p30__lognormal__biased__random,4,31,c,0.3,
2026520032,True,300,13583,1,300,38,300,13583,300,59,42,42,8117,300,0.21,True,4326,4326,59,0.5608853444290338,0.9856588072122054,0,130,200,20.0,lognormal,biased,random,0.02,0.2,0.3,5.0,1.0,0.1,300,0,0.0,True,True,income,100,continue_after_avalanche,period_end,income,income__c0p30__lognormal__biased__random,4,32,c,0.3,
2026520033,True,300,12696,1,300,37,300,12696,300,220,39,39,6787,300,0.195,True,3820,3820,220,0.5073324607329843,0.9627539267015708,0,126,200,20.0,lognormal,biased,random,0.02,0.2,0.3,5.0,1.0,0.1,300,0,0.0,True,True,income,100,continue_after_avalanche,period_end,income,income__c0p30__lognormal__biased__random,4,33,c,0.3,
2026520034,True,300,13453,1,300,39,300,13453,300,138,42,42,8042,300,0.21,True,4218,4218,138,0.5594973921289712,0.9875675675675677,0,135,200,20.0,lognormal,biased,random,0.02,0.2,0.3,5.0,1.0,0.1,300,0,0.0,True,True,income,100,continue_after_avalanche,period_end,income,income__c0p30__lognormal__biased__random,4,34,c,0.3,
2026520035,True,300,12604,1,300,34,300,12604,300,190,38,38,7108,300,0.19,True,3867,3867,190,0.5226286527023534,0.9841311093871219,0,119,200,20.0,lognormal,biased,random,0.02,0.2,0.3,5.0,1.0,0.1,300,0,0.0,True,True,income,100,continue_after_avalanche,period_end,income,income__c0p30__lognormal__biased__random,4,35,c,0.3,
2026520036,True,300,12669,1,300,35,300,12669,300,38,39,39,7358,300,0.195,True,3933,3933,38,0.5308148995677602,0.9862967200610222,0,115,200,20.0,lognormal,biased,random,0.02,0.2,0.3,5.0,1.0,0.1,300,0,0.0,True,True,income,100,continue_after_avalanche,period_end,income,income__c0p30__lognormal__biased__random,4,36,c,0.3,
2026520037,True,300,13338,1,300,40,300,13338,300,129,42,42,7798,300,0.21,True,4137,4137,129,0.5396603819192654,0.9725852066715013,0,127,200,20.0,lognormal,biased,random,0.02,0.2,0.3,5.0,1.0,0.1,300,0,0.0,True,True,income,100,continue_after_avalanche,period_end,income,income__c0p30__lognormal__biased__random,4,37,c,0.3,
2026520038,True,300,15361,1,300,44,300,15361,300,13,50,50,10011,300,0.25,True,5337,5337,13,0.6479679595278247,0.9949306726625446,0,148,200,20.0,lognormal,biased,random,0.02,0.2,0.3,5.0,1.0,0.1,300,0,0.0,True,True,income,100,continue_after_avalanche,period_end,income,income__c0p30__lognormal__biased__random,4,38,c,0.3,
2026520039,True,300,12290,1,300,34,300,12290,300,186,35,35,6637,300,0.175,True,3697,3697,186,0.4756735190695158,0.9680835812821207,0,119,200,20.0,lognormal,biased,random,0.02,0.2,0.3,5.0,1.0,0.1,300,0,0.0,True,True,income,100,continue_after_avalanche,period_end,income,income__c0p30__lognormal__biased__random,4,39,c,0.3,
2026520040,True,300,12968,1,300,37,300,12968,300,135,37,37,7364,300,0.185,True,3989,3989,135,0.5049373276510405,0.9752381549260467,0,123,200,20.0,lognormal,biased,random,0.02,0.2,0.3,5.0,1.0,0.1,300,0,0.0,True,True,income,100,continue_after_avalanche,period_end,income,income__c0p30__lognormal__biased__random,4,40,c,0.3,
2026520041,True,300,12102,1,300,35,300,12102,300,233,35,35,6478,300,0.175,True,3619,3619,233,0.46319287095882844,0.9616233766233768,0,117,200,20.0,lognormal,biased,random,0.02,0.2,0.3,5.0,1.0,0.1,300,0,0.0,True,True,income,100,continue_after_avalanche,period_end,income,income__c0p30__lognormal__biased__random,4,41,c,0.3,
2026520042,True,300,12000,1,300,36,300,12000,300,505,34,34,6108,300,0.17,True,3532,3532,505,0.4756342015855042,0.9387400906002266,0,122,200,20.0,lognormal,biased,random,0.02,0.2,0.3,5.0,1.0,0.1,300,0,0.0,True,True,income,100,continue_after_avalanche,period_end,income,income__c0p30__lognormal__biased__random,4,42,c,0.3,
2026520043,True,300,12802,1,300,36,300,12802,300,67,40,40,7406,300,0.2,True,3949,3949,67,0.5269473284375792,0.9875955938212206,0,119,200,20.0,lognormal,biased,random,0.02,0.2,0.3,5.0,1.0,0.1,300,0,0.0,True,True,income,100,continue_after_avalanche,period_end,income,income__c0p30__lognormal__biased__random,4,43,c,0.3,
2026520044,True,300,12697,1,300,37,300,12697,300,282,37,37,7112,300,0.185,True,3866,3866,282,0.5246714950853597,0.9649612002069323,0,115,200,20.0,lognormal,biased,random,0.02,0.2,0.3,5.0,1.0,0.1,300,0,0.0,True,True,income,100,continue_after_avalanche,period_end,income,income__c0p30__lognormal__biased__random,4,44,c,0.3,
2026520045,True,300,12066,1,300,35,300,12066,300,282,36,36,6731,300,0.18,True,3612,3612,282,0.4980897009966778,0.9639479512735327,0,116,200,20.0,lognormal,biased,random,0.02,0.2,0.3,5.0,1.0,0.1,300,0,0.0,True,True,income,100,continue_after_avalanche,period_end,income,income__c0p30__lognormal__biased__random,4,45,c,0.3,
2026520046,True,300,13915,1,300,39,300,13915,300,192,40,40,7201,300,0.2,True,4230,4230,192,0.4846170212765959,0.9709267139479907,0,132,200,20.0,lognormal,biased,random,0.02,0.2,0.3,5.0,1.0,0.1,300,0,0.0,True,True,income,100,continue_after_avalanche,period_end,income,income__c0p30__lognormal__biased__random,4,46,c,0.3,
2026520047,True,300,13664,1,300,41,300,13664,300,307,44,44,7720,300,0.22,True,4217,4217,307,0.5276274602798199,0.9630080626037469,0,136,200,20.0,lognormal,biased,random,0.02,0.2,0.3,5.0,1.0,0.1,300,0,0.0,True,True,income,100,continue_after_avalanche,period_end,income,income__c0p30__lognormal__biased__random,4,47,c,0.3,
2026520048,True,300,13165,1,300,39,300,13165,300,305,39,39,7052,300,0.195,True,4003,4003,305,0.4957944041968525,0.9696964776417687,0,130,200,20.0,lognormal,biased,random,0.02,0.2,0.3,5.0,1.0,0.1,300,0,0.0,True,True,income,100,continue_after_avalanche,period_end,income,income__c0p30__lognormal__biased__random,4,48,c,0.3,
2026520049,True,300,12762,1,300,38,300,12762,300,252,37,37,7033,300,0.185,True,3898,3898,252,0.5408286300667009,0.9641995895330939,0,124,200,20.0,lognormal,biased,random,0.02,0.2,0.3,5.0,1.0,0.1,300,0,0.0,True,True,income,100,continue_after_avalanche,period_end,income,income__c0p30__lognormal__biased__random,4,49,c,0.3,
2026520050,True,300,13359,1,300,40,300,13359,300,111,40,40,7894,300,0.2,True,4188,4188,111,0.5661556829035339,0.9749450811843363,0,131,200,20.0,lognormal,biased,random,0.02,0.2,0.3,5.0,1.0,0.1,300,0,0.0,True,True,income,100,continue_after_avalanche,period_end,income,income__c0p30__lognormal__biased__random,4,50,c,0.3,
2026520051,True,300,13323,1,300,39,300,13323,300,271,39,39,6994,300,0.195,True,4015,4015,271,0.478658779576588,0.9524022415940225,0,131,200,20.0,lognormal,biased,random,0.02,0.2,0.3,5.0,1.0,0.1,300,0,0.0,True,True,income,100,continue_after_avalanche,period_end,income,income__c0p30__lognormal__biased__random,4,51,c,0.3,
2026520052,True,300,14905,1,300,43,300,14905,300,235,45,45,8024,300,0.225,True,4609,4609,235,0.5156118463875028,0.9774842699067043,0,141,200,20.0,lognormal,biased,random,0.02,0.2,0.3,5.0,1.0,0.1,300,0,0.0,True,True,income,100,continue_after_avalanche,period_end,income,income__c0p30__lognormal__biased__random,4,52,c,0.3,
2026520053,True,300,12816,1,300,37,300,12816,300,175,39,39,7055,300,0.195,True,3925,3925,175,0.5287171974522293,0.9888165605095542,0,121,200,20.0,lognormal,biased,random,0.02,0.2,0.3,5.0,1.0,0.1,300,0,0.0,True,True,income,100,continue_after_avalanche,period_end,income,income__c0p30__lognormal__biased__random,4,53,c,0.3,
2026520054,True,300,12308,1,300,36,300,12308,300,240,36,36,6537,300,0.18,True,3672,3672,240,0.4925462962962963,0.9624891067538128,0,121,200,20.0,lognormal,biased,random,0.02,0.2,0.3,5.0,1.0,0.1,300,0,0.0,True,True,income,100,continue_after_avalanche,period_end,income,income__c0p30__lognormal__biased__random,4,54,c,0.3,
2026520055,True,300,11764,1,300,32,300,11764,300,363,33,33,6181,300,0.165,True,3508,3508,363,0.47844640820980633,0.963660205245154,0,119,200,20.0,lognormal,biased,random,0.02,0.2,0.3,5.0,1.0,0.1,300,0,0.0,True,True,income,100,continue_after_avalanche,period_end,income,income__c0p30__lognormal__biased__random,4,55,c,0.3,
2026520056,True,300,13351,1,300,41,300,13351,300,295,41,41,7118,300,0.205,True,4043,4043,295,0.5031226811773437,0.9490217660153353,0,130,200,20.0,lognormal,biased,random,0.02,0.2,0.3,5.0,1.0,0.1,300,0,0.0,True,True,income,100,continue_after_avalanche,period_end,income,income__c0p30__lognormal__biased__random,4,56,c,0.3,
2026520057,True,300,12171,1,300,35,300,12171,300,211,39,39,6542,300,0.195,True,3613,3613,211,0.46338084694159987,0.973378079158594,0,120,200,20.0,lognormal,biased,random,0.02,0.2,0.3,5.0,1.0,0.1,300,0,0.0,True,True,income,100,continue_after_avalanche,period_end,income,income__c0p30__lognormal__biased__random,4,57,c,0.3,
2026520058,True,300,12609,1,300,36,300,12609,300,289,36,36,7095,300,0.18,True,3811,3811,289,0.5101771188664395,0.9668551561270009,0,122,200,20.0,lognormal,biased,random,0.02,0.2,0.3,5.0,1.0,0.1,300,0,0.0,True,True,income,100,continue_after_avalanche,period_end,income,income__c0p30__lognormal__biased__random,4,58,c,0.3,
2026520059,True,300,12589,1,300,36,300,12589,300,243,38,38,7035,300,0.19,True,3813,3813,243,0.5155874639391556,0.9722488853920799,0,125,200,20.0,lognormal,biased,random,0.02,0.2,0.3,5.0,1.0,0.1,300,0,0.0,True,True,income,100,continue_after_avalanche,period_end,income,income__c0p30__lognormal__biased__random,4,59,c,0.3,
2026620000,True,300,12550,2,474,37,300,12550,474,58,41,41,7203,289,0.205,True,4003,4003,58,0.4320871846115415,0.9927966525106171,0,118,200,20.0,pareto,biased,random,0.02,0.2,0.3,5.0,1.0,0.1,300,0,0.0,True,True,income,100,continue_after_avalanche,period_end,income,income__c0p30__pareto__biased__random,5,0,c,0.3,
2026620001,True,300,13426,19,1408,39,300,13426,1408,187,39,39,6115,281,0.195,True,4002,4002,187,0.29635932033983026,0.967296351824088,0,130,200,20.0,pareto,biased,random,0.02,0.2,0.3,5.0,1.0,0.1,300,0,0.0,True,True,income,100,continue_after_avalanche,period_end,income,income__c0p30__pareto__biased__random,5,1,c,0.3,
2026620002,True,300,12331,4,666,35,300,12331,666,5,42,42,7665,292,0.21,True,4005,4005,5,0.4927877652933834,0.9943283395755307,0,117,200,20.0,pareto,biased,random,0.02,0.2,0.3,5.0,1.0,0.1,300,0,0.0,True,True,income,100,continue_after_avalanche,period_end,income,income__c0p30__pareto__biased__random,5,2,c,0.3,
2026620003,True,300,12577,7,840,34,300,12577,840,6,37,37,7121,288,0.185,True,4010,4010,6,0.429785536159601,0.9949750623441398,0,114,200,20.0,pareto,biased,random,0.02,0.2,0.3,5.0,1.0,0.1,300,0,0.0,True,True,income,100,continue_after_avalanche,period_end,income,income__c0p30__pareto__biased__random,5,3,c,0.3,
2026620004,True,300,13543,18,1381,39,300,13543,1381,168,41,41,5999,277,0.205,True,4001,4001,168,0.28528992751812066,0.9670819795051238,0,129,200,20.0,pareto,biased,random,0.02,0.2,0.3,5.0,1.0,0.1,300,0,0.0,True,True,income,100,continue_after_avalanche,period_end,income,income__c0p30__pareto__biased__random,5,4,c,0.3,
2026620005,True,300,13404,20,1470,36,300,13404,1470,130,39,39,5921,279,0.195,True,3996,3996,130,0.28372622622622634,0.9803103103103104,0,120,200,20.0,pareto,biased,random,0.02,0.2,0.3,5.0,1.0,0.1,300,0,0.0,True,True,income,100,continue_after_avalanche,period_end,income,income__c0p30__pareto__biased__random,5,5,c,0.3,
2026620006,True,300,13175,6,783,37,300,13175,783,163,39,39,6618,286,0.195,True,4002,4002,163,0.35953523238380813,0.9743578210894555,0,125,200,20.0,pareto,biased,random,0.02,0.2,0.3,5.0,1.0,0.1,300,0,0.0,True,True,income,100,continue_after_avalanche,period_end,income,income__c0p30__pareto__biased__random,5,6,c,0.3,
2026620007,True,300,13234,12,1079,38,300,13234,1079,149,39,39,6102,276,0.195,True,4006,4006,149,0.3069021467798303,0.9808961557663505,0,128,200,20.0,pareto,biased,random,0.02,0.2,0.3,5.0,1.0,0.1,300,0,0.0,True,True,income,100,continue_after_avalanche,period_end,income,income__c0p30__pareto__biased__random,5,7,c,0.3,
2026620008,True,300,12677,7,839,35,300,12677,839,50,39,39,6943,287,0.195,True,4003,4003,50,0.4086197851611293,0.9920272295778167,0,118,200,20.0,pareto,biased,random,0.02,0.2,0.3,5.0,1.0,0.1,300,0,0.0,True,True,income,100,continue_after_avalanche,period_end,income,income__c0p30__pareto__biased__random,5,8,c,0.3,
2026620009,True,300,13404,14,1172,38,300,13404,1172,142,38,38,5775,276,0.19,True,3998,3998,142,0.2800575287643823,0.9771560780390196,0,127,200,20.0,pareto,biased,random,0.02,0.2,0.3,5.0,1.0,0.1,300,0,0.0,True,True,income,100,continue_after_avalanche,period_end,income,income__c0p30__pareto__biased__random,5,9,c,0.3,
2026620010,True,300,13400,15,1244,39,300,13400,1244,218,38,38,6007,278,0.19,True,3993,3993,218,0.28205234159779624,0.9722351615326823,0,132,200,20.0,pareto,biased,random,0.02,0.2,0.3,5.0,1.0,0.1,300,0,0.0,True,True,income,100,continue_after_avalanche,period_end,income,income__c0p30__pareto__biased__random,5,10,c,0.3,
2026620011,True,300,13244,13,1111,38,300,13244,1111,128,39,39,6320,284,0.195,True,3996,3996,128,0.34858858858858865,0.980307807807808,0,125,200,20.0,pareto,biased,random,0.02,0.2,0.3,5.0,1.0,0.1,300,0,0.0,True,True,income,100,continue_after_avalanche,period_end,income,income__c0p30__pareto__biased__random,5,11,c,0.3,
2026620012,True,300,10875,1,300,33,300,10875,300,5,40,40,8439,300,0.2,True,4004,4004,5,0.737832167832168,0.9949925074925077,0,108,200,20.0,pareto,biased,random,0.02,0.2,0.3,5.0,1.0,0.1,300,0,0.0,True,True,income,100,continue_after_avalanche,period_end,income,income__c0p30__pareto__biased__random,5,12,c,0.3,
2026620013,True,300,13406,12,1090,40,300,13406,1090,275,38,38,6090,281,0.19,True,4002,4002,275,0.3266791604197903,0.9667991004497751,0,135,200,20.0,pareto,biased,random,0.02,0.2,0.3,5.0,1.0,0.1,300,0,0.0,True,True,income,100,continue_after_avalanche,period_end,income,income__c0p30__pareto__biased__random,5,13,c,0.3,
2026620014,True,300,13286,6,783,39,300,13286,783,301,37,37,6388,288,0.185,True,3993,3993,301,0.352222639619334,0.9659166040571001,0,133,200,20.0,pareto,biased,random,0.02,0.2,0.3,5.0,1.0,0.1,300,0,0.0,True,True,income,100,continue_after_avalanche,period_end,income,income__c0p30__pareto__biased__random,5,14,c,0.3,
2026620015,True,300,13445,9,947,38,300,13445,947,191,44,44,6180,279,0.22,True,4004,4004,191,0.2994905094905096,0.9723801198801201,0,129,200,20.0,pareto,biased,random,0.02,0.2,0.3,5.0,1.0,0.1,300,0,0.0,True,True,income,100,continue_after_avalanche,period_end,income,income__c0p30__pareto__biased__random,5,15,c,0.3,
2026620016,True,300,13496,20,1467,38,300,13496,1467,153,38,38,5690,274,0.19,True,4000,4000,153,0.27492000000000005,0.9870675000000002,0,129,200,20.0,pareto,biased,random,0.02,0.2,0.3,5.0,1.0,0.1,300,0,0.0,True,True,income,100,continue_after_avalanche,period_end,income,income__c0p30__pareto__biased__random,5,16,c,0.3,
2026620017,True,300,13400,14,1165,38,300,13400,1165,195,37,37,5912,271,0.185,True,3999,3999,195,0.28005126281570414,0.9700462615653915,0,126,200,20.0,pareto,biased,random,0.02,0.2,0.3,5.0,1.0,0.1,300,0,0.0,True,True,income,100,continue_after_avalanche,period_end,income,income__c0p30__pareto__biased__random,5,17,c,0.3,
2026620018,True,300,13666,12,1079,39,300,13666,1079,445,36,36,5584,279,0.18,True,4004,4004,445,0.2974900099900102,0.9568306693306694,0,133,200,20.0,pareto,biased,random,0.02,0.2,0.3,5.0,1.0,0.1,300,0,0.0,True,True,income,100,continue_after_avalanche,period_end,income,income__c0p30__pareto__biased__random,5,18,c,0.3,
2026620019,True,300,13557,13,1124,39,300,13557,1124,263,39,39,5838,279,0.195,True,3995,3995,263,0.2877959949937423,0.9600162703379225,0,132,200,20.0,pareto,biased,random,0.02,0.2,0.3,5.0,1.0,0.1,300,0,0.0,True,True,income,100,continue_after_avalanche,period_end,income,income__c0p30__pareto__biased__random,5,19,c,0.3,
2026620020,True,300,13627,5,730,39,300,13627,730,303,40,40,5489,281,0.2,True,3992,3992,303,0.26414078156312626,0.9683491983967938,0,130,200,20.0,pareto,biased,random,0.02,0.2,0.3,5.0,1.0,0.1,300,0,0.0,True,True,income,100,continue_after_avalanche,period_end,income,income__c0p30__pareto__biased__random,5,20,c,0.3,
2026620021,True,300,13409,14,1167,36,300,13409,1167,129,38,38,5771,272,0.19,True,3998,3998,129,0.2609179589794899,0.9793821910955478,0,125,200,20.0,pareto,biased,random,0.02,0.2,0.3,5.0,1.0,0.1,300,0,0.0,True,True,income,100,continue_after_avalanche,period_end,income,income__c0p30__pareto__biased__random,5,21,c,0.3,
2026620022,True,300,12831,3,588,35,300,12831,588,74,42,42,7055,292,0.21,True,3995,3995,74,0.4013529411764707,0.9920287859824781,0,111,200,20.0,pareto,biased,random,0.02,0.2,0.3,5.0,1.0,0.1,300,0,0.0,True,True,income,100,continue_after_avalanche,period_end,income,income__c0p30__pareto__biased__random,5,22,c,0.3,
2026620023,True,300,13394,20,1481,37,300,13394,1481,145,38,38,5860,275,0.19,True,4001,4001,145,0.2985616095976007,0.9722906773306674,0,125,200,20.0,pareto,biased,random,0.02,0.2,0.3,5.0,1.0,0.1,300,0,0.0,True,True,income,100,continue_after_avalanche,period_end,income,income__c0p30__pareto__biased__random,5,23,c,0.3,
2026620024,True,300,13230,9,946,37,300,13230,946,89,38,38,6587,284,0.19,True,3997,3997,89,0.32693895421566177,0.9889854891168377,0,122,200,20.0,pareto,biased,random,0.02,0.2,0.3,5.0,1.0,0.1,300,0,0.0,True,True,income,100,continue_after_avalanche,period_end,income,income__c0p30__pareto__biased__random,5,24,c,0.3,
2026620025,True,300,13332,9,949,39,300,13332,949,244,38,38,6576,284,0.19,True,3997,3997,244,0.3333062296722542,0.9606567425569177,0,130,200,20.0,pareto,biased,random,0.02,0.2,0.3,5.0,1.0,0.1,300,0,0.0,True,True,income,100,continue_after_avalanche,period_end,income,income__c0p30__pareto__biased__random,5,25,c,0.3,
2026620026,True,300,13251,9,936,38,300,13251,936,130,38,38,6440,279,0.19,True,4007,4007,130,0.33337035188420283,0.9781295233341654,0,130,200,20.0,pareto,biased,random,0.02,0.2,0.3,5.0,1.0,0.1,300,0,0.0,True,True,income,100,continue_after_avalanche,period_end,income,income__c0p30__pareto__biased__random,5,26,c,0.3,
2026620027,True,300,13283,12,1089,39,300,13283,1089,183,41,41,6415,279,0.205,True,3991,3991,183,0.30423828614382376,0.9661926835379606,0,124,200,20.0,pareto,biased,random,0.02,0.2,0.3,5.0,1.0,0.1,300,0,0.0,True,True,income,100,continue_after_avalanche,period_end,income,income__c0p30__pareto__biased__random,5,27,c,0.3,
2026620028,True,300,13093,7,828,36,300,13093,828,68,39,39,6657,280,0.195,True,4004,4004,68,0.33066183816183825,0.9860014985014987,0,123,200,20.0,pareto,biased,random,0.02,0.2,0.3,5.0,1.0,0.1,300,0,0.0,True,True,income,100,continue_after_avalanche,period_end,income,income__c0p30__pareto__biased__random,5,28,c,0.3,
2026620029,True,300,13388,12,1084,40,300,13388,1084,326,37,37,6115,283,0.185,True,3999,3999,326,0.323424606151538,0.9698937234308578,0,128,200,20.0,pareto,biased,random,0.02,0.2,0.3,5.0,1.0,0.1,300,0,0.0,True,True,income,100,continue_after_avalanche,period_end,income,income__c0p30__pareto__biased__random,5,29,c,0.3,
2026620030,True,300,12989,4,663,37,300,12989,663,157,42,42,6774,288,0.21,True,4003,4003,157,0.3886322757931553,0.978235073694729,0,123,200,20.0,pareto,biased,random,0.02,0.2,0.3,5.0,1.0,0.1,300,0,0.0,True,True,income,100,continue_after_avalanche,period_end,income,income__c0p30__pareto__biased__random,5,30,c,0.3,
2026620031,True,300,13232,9,940,37,300,13232,940,98,40,40,6460,284,0.2,True,4004,4004,98,0.34621878121878136,0.9860714285714287,0,124,200,20.0,pareto,biased,random,0.02,0.2,0.3,5.0,1.0,0.1,300,0,0.0,True,True,income,100,continue_after_avalanche,period_end,income,income__c0p30__pareto__biased__random,5,31,c,0.3,
2026620032,True,300,13620,10,986,41,300,13620,986,496,36,36,5479,279,0.18,True,3996,3996,496,0.27113863863863874,0.9532582582582583,0,136,200,20.0,pareto,biased,random,0.02,0.2,0.3,5.0,1.0,0.1,300,0,0.0,True,True,income,100,continue_after_avalanche,period_end,income,income__c0p30__pareto__biased__random,5,32,c,0.3,
2026620033,True,300,13137,13,1102,37,300,13137,1102,49,44,44,6332,277,0.22,True,3995,3995,49,0.34382352941176486,0.9855857321652066,0,121,200,20.0,pareto,biased,random,0.02,0.2,0.3,5.0,1.0,0.1,300,0,0.0,True,True,income,100,continue_after_avalanche,period_end,income,income__c0p30__pareto__biased__random,5,33,c,0.3,
2026620034,True,300,13390,12,1091,37,300,13390,1091,205,40,40,6063,282,0.2,True,4007,4007,205,0.32559396056900436,0.9628812078861992,0,127,200,20.0,pareto,biased,random,0.02,0.2,0.3,5.0,1.0,0.1,300,0,0.0,True,True,income,100,continue_after_avalanche,period_end,income,income__c0p30__pareto__biased__random,5,34,c,0.3,
2026620035,True,300,13508,5,739,38,300,13508,739,195,37,37,5428,281,0.185,True,3997,3997,195,0.28180510382787105,0.9635038779084315,0,126,200,20.0,pareto,biased,random,0.02,0.2,0.3,5.0,1.0,0.1,300,0,0.0,True,True,income,100,continue_after_avalanche,period_end,income,income__c0p30__pareto__biased__random,5,35,c,0.3,
2026620036,True,300,13727,16,1270,40,300,13727,1270,499,36,36,5455,276,0.18,True,3999,3999,499,0.2567554388597151,0.9391260315078771,0,131,200,20.0,pareto,biased,random,0.02,0.2,0.3,5.0,1.0,0.1,300,0,0.0,True,True,income,100,continue_after_avalanche,period_end,income,income__c0p30__pareto__biased__random,5,36,c,0.3,
2026620037,True,300,13199,16,1264,38,300,13199,1264,134,39,39,6432,282,0.195,True,4001,4001,134,0.3427980504873782,0.9769120219945016,0,122,200,20.0,pareto,biased,random,0.02,0.2,0.3,5.0,1.0,0.1,300,0,0.0,True,True,income,100,continue_after_avalanche,period_end,income,income__c0p30__pareto__biased__random,5,37,c,0.3,
2026620038,True,300,13382,12,1088,39,300,13382,1088,179,38,38,5949,278,0.19,True,4002,4002,179,0.3056921539230386,0.9783458270864569,0,124,200,20.0,pareto,biased,random,0.02,0.2,0.3,5.0,1.0,0.1,300,0,0.0,True,True,income,100,continue_after_avalanche,period_end,income,income__c0p30__pareto__biased__random,5,38,c,0.3,
2026620039,True,300,13523,12,1063,39,300,13523,1063,329,37,37,5750,281,0.185,True,3999,3999,329,0.2985383845961491,0.9601962990747688,0,132,200,20.0,pareto,biased,random,0.02,0.2,0.3,5.0,1.0,0.1,300,0,0.0,True,True,income,100,continue_after_avalanche,period_end,income,income__c0p30__pareto__biased__random,5,39,c,0.3,
2026620040,True,300,13591,18,1373,39,300,13591,1373,354,37,37,5880,279,0.185,True,3998,3998,354,0.27538019009504766,0.9646573286643323,0,133,200,20.0,pareto,biased,random,0.02,0.2,0.3,5.0,1.0,0.1,300,0,0.0,True,True,income,100,continue_after_avalanche,period_end,income,income__c0p30__pareto__biased__random,5,40,c,0.3,
2026620041,True,300,12718,5,725,37,300,12718,725,31,38,38,7400,290,0.19,True,4006,4006,31,0.43850474288567165,0.9911333000499252,0,119,200,20.0,pareto,biased,random,0.02,0.2,0.3,5.0,1.0,0.1,300,0,0.0,True,True,income,100,continue_after_avalanche,period_end,income,income__c0p30__pareto__biased__random,5,41,c,0.3,
2026620042,True,300,13553,4,677,38,300,13553,677,307,36,36,5461,277,0.18,True,4001,4001,307,0.2769670082479381,0.9754123969007749,0,126,200,20.0,pareto,biased,random,0.02,0.2,0.3,5.0,1.0,0.1,300,0,0.0,True,True,income,100,continue_after_avalanche,period_end,income,income__c0p30__pareto__biased__random,5,42,c,0.3,
2026620043,True,300,13491,13,1121,38,300,13491,1121,339,37,37,5625,277,0.185,True,4002,4002,339,0.2884957521239382,0.9575962018990505,0,132,200,20.0,pareto,biased,random,0.02,0.2,0.3,5.0,1.0,0.1,300,0,0.0,True,True,income,100,continue_after_avalanche,period_end,income,income__c0p30__pareto__biased__random,5,43,c,0.3,
2026620044,True,300,13627,3,585,40,300,13627,585,416,37,37,5581,279,0.185,True,4002,4002,416,0.28089955022488766,0.9463768115942031,0,137,200,20.0,pareto,biased,random,0.02,0.2,0.3,5.0,1.0,0.1,300,0,0.0,True,True,income,100,continue_after_avalanche,period_end,income,income__c0p30__pareto__biased__random,5,44,c,0.3,
2026620045,True,300,12981,10,983,36,300,12981,983,79,39,39,6481,284,0.195,True,4004,4004,79,0.38073426573426583,0.981486013986014,0,117,200,20.0,pareto,biased,random,0.02,0.2,0.3,5.0,1.0,0.1,300,0,0.0,True,True,income,100,continue_after_avalanche,period_end,income,income__c0p30__pareto__biased__random,5,45,c,0.3,
2026620046,True,300,13807,17,1322,40,300,13807,1322,473,37,37,5462,278,0.185,True,3999,3999,473,0.2526444111027757,0.9440597649412354,0,137,200,20.0,pareto,biased,random,0.02,0.2,0.3,5.0,1.0,0.1,300,0,0.0,True,True,income,100,continue_after_avalanche,period_end,income,income__c0p30__pareto__biased__random,5,46,c,0.3,
2026620047,True,300,13530,12,1080,40,300,13530,1080,323,38,38,5526,274,0.19,True,3998,3998,323,0.2562081040520261,0.9600900450225114,0,133,200,20.0,pareto,biased,random,0.02,0.2,0.3,5.0,1.0,0.1,300,0,0.0,True,True,income,100,continue_after_avalanche,period_end,income,income__c0p30__pareto__biased__random,5,47,c,0.3,
2026620048,True,300,12929,4,657,38,300,12929,657,34,41,41,6686,288,0.205,True,3996,3996,34,0.3740840840840842,0.9933183183183185,0,122,200,20.0,pareto,biased,random,0.02,0.2,0.3,5.0,1.0,0.1,300,0,0.0,True,True,income,100,continue_after_avalanche,period_end,income,income__c0p30__pareto__biased__random,5,48,c,0.3,
2026620049,True,300,12998,9,938,37,300,12998,938,72,39,39,6563,282,0.195,True,3994,3994,72,0.34758137205808715,0.9858512769153731,0,126,200,20.0,pareto,biased,random,0.02,0.2,0.3,5.0,1.0,0.1,300,0,0.0,True,True,income,100,continue_after_avalanche,period_end,income,income__c0p30__pareto__biased__random,5,49,c,0.3,
2026620050,True,300,13250,7,823,38,300,13250,823,130,38,38,6168,280,0.19,True,4000,4000,130,0.328125,0.9788475000000001,0,124,200,20.0,pareto,biased,random,0.02,0.2,0.3,5.0,1.0,0.1,300,0,0.0,True,True,income,100,continue_after_avalanche,period_end,income,income__c0p30__pareto__biased__random,5,50,c,0.3,
2026620051,True,300,13182,10,976,38,300,13182,976,125,43,43,6430,280,0.215,True,4000,4000,125,0.33516500000000016,0.96794,0,125,200,20.0,pareto,biased,random,0.02,0.2,0.3,5.0,1.0,0.1,300,0,0.0,True,True,income,100,continue_after_avalanche,period_end,income,income__c0p30__pareto__biased__random,5,51,c,0.3,
2026620052,True,300,13566,10,979,38,300,13566,979,229,40,40,5976,279,0.2,True,4003,4003,229,0.28158006495128673,0.9672633025231079,0,130,200,20.0,pareto,biased,random,0.02,0.2,0.3,5.0,1.0,0.1,300,0,0.0,True,True,income,100,continue_after_avalanche,period_end,income,income__c0p30__pareto__biased__random,5,52,c,0.3,
2026620053,True,300,13723,19,1422,39,300,13723,1422,480,38,38,5473,274,0.19,True,3999,3999,480,0.2507264316079021,0.9582458114528634,0,128,200,20.0,pareto,biased,random,0.02,0.2,0.3,5.0,1.0,0.1,300,0,0.0,True,True,income,100,continue_after_avalanche,period_end,income,income__c0p30__pareto__biased__random,5,53,c,0.3,
2026620054,True,300,12962,11,1015,38,300,12962,1015,85,39,39,6807,281,0.195,True,4004,4004,85,0.36279470529470537,0.9802347652347654,0,124,200,20.0,pareto,biased,random,0.02,0.2,0.3,5.0,1.0,0.1,300,0,0.0,True,True,income,100,continue_after_avalanche,period_end,income,income__c0p30__pareto__biased__random,5,54,c,0.3,
2026620055,True,300,13238,13,1110,39,300,13238,1110,106,43,43,6255,284,0.215,True,3998,3998,106,0.32346173086543284,0.9713606803401702,0,129,200,20.0,pareto,biased,random,0.02,0.2,0.3,5.0,1.0,0.1,300,0,0.0,True,True,income,100,continue_after_avalanche,period_end,income,income__c0p30__pareto__biased__random,5,55,c,0.3,
2026620056,True,300,12991,7,819,36,300,12991,819,42,40,40,6579,281,0.2,True,4006,4006,42,0.35136545182226664,0.9890863704443336,0,120,200,20.0,pareto,biased,random,0.02,0.2,0.3,5.0,1.0,0.1,300,0,0.0,True,True,income,100,continue_after_avalanche,period_end,income,income__c0p30__pareto__biased__random,5,56,c,0.3,
2026620057,True,300,13286,9,933,37,300,13286,933,108,39,39,6217,280,0.195,True,4001,4001,108,0.32240814796300943,0.9857023244188954,0,120,200,20.0,pareto,biased,random,0.02,0.2,0.3,5.0,1.0,0.1,300,0,0.0,True,True,income,100,continue_after_avalanche,period_end,income,income__c0p30__pareto__biased__random,5,57,c,0.3,
2026620058,True,300,12814,5,718,34,300,12814,718,14,39,39,6759,284,0.195,True,4000,4000,14,0.3701175000000001,0.9933350000000001,0,116,200,20.0,pareto,biased,random,0.02,0.2,0.3,5.0,1.0,0.1,300,0,0.0,True,True,income,100,continue_after_avalanche,period_end,income,income__c0p30__pareto__biased__random,5,58,c,0.3,
2026620059,True,300,13350,15,1226,39,300,13350,1226,197,39,39,6399,281,0.195,True,4000,4000,197,0.3298000000000001,0.9736825,0,130,200,20.0,pareto,biased,random,0.02,0.2,0.3,5.0,1.0,0.1,300,0,0.0,True,True,income,100,continue_after_avalanche,period_end,income,income__c0p30__pareto__biased__random,5,59,c,0.3,
2026720000,True,300,20524,1,400,56,400,20524,400,62,56,56,12538,300,0.28,True,4668,4668,62,0.5756126820908314,0.990852613538989,0,141,200,20.0,lognormal,biased,random,0.02,0.2,0.4,5.0,1.0,0.1,300,0,0.0,True,True,income,100,continue_after_avalanche,period_end,income,income__c0p40__lognormal__biased__random,6,0,c,0.4,
2026720001,True,300,18532,1,400,51,400,18532,400,192,54,54,10858,300,0.27,True,3989,3989,192,0.5136487841564303,0.9813825520180497,0,123,200,20.0,lognormal,biased,random,0.02,0.2,0.4,5.0,1.0,0.1,300,0,0.0,True,True,income,100,continue_after_avalanche,period_end,income,income__c0p40__lognormal__biased__random,6,1,c,0.4,
2026720002,True,300,19182,1,400,57,400,19182,400,226,55,55,11364,300,0.275,True,4167,4167,226,0.5355231581473483,0.9690628749700025,0,134,200,20.0,lognormal,biased,random,0.02,0.2,0.4,5.0,1.0,0.1,300,0,0.0,True,True,income,100,continue_after_avalanche,period_end,income,income__c0p40__lognormal__biased__random,6,2,c,0.4,
2026720003,True,300,17402,1,400,48,400,17402,400,313,48,48,10018,300,0.24,True,3628,3628,313,0.4799917309812569,0.9773401323043001,0,118,200,20.0,lognormal,biased,random,0.02,0.2,0.4,5.0,1.0,0.1,300,0,0.0,True,True,income,100,continue_after_avalanche,period_end,income,income__c0p40__lognormal__biased__random,6,3,c,0.4,
2026720004,True,300,16779,1,400,45,400,16779,400,60,47,47,9873,300,0.235,True,3551,3551,60,0.49126865671641795,0.9920149253731345,0,110,200,20.0,lognormal,biased,random,0.02,0.2,0.4,5.0,1.0,0.1,300,0,0.0,True,True,income,100,continue_after_avalanche,period_end,income,income__c0p40__lognormal__biased__random,6,4,c,0.4,
2026720005,True,300,17161,1,400,46,400,17161,400,198,48,48,9785,300,0.24,True,3550,3550,198,0.4668450704225353,0.9723661971830988,0,114,200,20.0,lognormal,biased,random,0.02,0.2,0.4,5.0,1.0,0.1,300,0,0.0,True,True,income,100,continue_after_avalanche,period_end,income,income__c0p40__lognormal__biased__random,6,5,c,0.4,
2026720006,True,300,18163,1,400,52,400,18163,400,267,50,50,10638,300,0.25,True,3939,3939,267,0.5310015232292462,0.9717910637217568,0,133,200,20.0,lognormal,biased,random,0.02,0.2,0.4,5.0,1.0,0.1,300,0,0.0,True,True,income,100,continue_after_avalanche,period_end,income,income__c0p40__lognormal__biased__random,6,6,c,0.4,
2026720007,True,300,16245,1,400,44,400,16245,400,40,48,48,10492,300,0.24,True,3686,3686,40,0.547455236028215,0.9932365708084645,0,109,200,20.0,lognormal,biased,random,0.02,0.2,0.4,5.0,1.0,0.1,300,0,0.0,True,True,income,100,continue_after_avalanche,period_end,income,income__c0p40__lognormal__biased__random,6,7,c,0.4,
2026720008,True,300,17606,1,400,47,400,17606,400,82,54,54,10167,300,0.27,True,3741,3741,82,0.4661921946003744,0.9911828388131516,0,118,200,20.0,lognormal,biased,random,0.02,0.2,0.4,5.0,1.0,0.1,300,0,0.0,True,True,income,100,continue_after_avalanche,period_end,income,income__c0p40__lognormal__biased__random,6,8,c,0.4,
2026720009,True,300,18937,1,400,53,400,18937,400,101,52,52,11216,300,0.26,True,4100,4100,101,0.5074878048780489,0.9866243902439025,0,133,200,20.0,lognormal,biased,random,0.02,0.2,0.4,5.0,1.0,0.1,300,0,0.0,True,True,income,100,continue_after_avalanche,period_end,income,income__c0p40__lognormal__biased__random,6,9,c,0.4,
2026720010,True,300,18683,1,400,52,400,18683,400,36,53,53,11470,300,0.265,True,4297,4297,36,0.5636292762392368,0.9935454968582733,0,127,200,20.0,lognormal,biased,random,0.02,0.2,0.4,5.0,1.0,0.1,300,0,0.0,True,True,income,100,continue_after_avalanche,period_end,income,income__c0p40__lognormal__biased__random,6,10,c,0.4,
2026720011,True,300,18237,1,400,49,400,18237,400,206,53,53,10476,300,0.265,True,3863,3863,206,0.4855073776857366,0.979545689878333,0,133,200,20.0,lognormal,biased,random,0.02,0.2,0.4,5.0,1.0,0.1,300,0,0.0,True,True,income,100,continue_after_avalanche,period_end,income,income__c0p40__lognormal__biased__random,6,11,c,0.4,
2026720012,True,300,19795,1,400,56,400,19795,400,146,57,57,11808,300,0.285,True,4404,4404,146,0.5133923705722072,0.9809922797456858,0,145,200,20.0,lognormal,biased,random,0.02,0.2,0.4,5.0,1.0,0.1,300,0,0.0,True,True,income,100,continue_after_avalanche,period_end,income,income__c0p40__lognormal__biased__random,6,12,c,0.4,
2026720013,True,300,16789,1,400,46,400,16789,400,75,48,48,10126,300,0.24,True,3632,3632,75,0.5025440528634362,0.9815996696035243,0,117,200,20.0,lognormal,biased,random,0.02,0.2,0.4,5.0,1.0,0.1,300,0,0.0,True,True,income,100,continue_after_avalanche,period_end,income,income__c0p40__lognormal__biased__random,6,13,c,0.4,
2026720014,True,300,20028,1,400,57,400,20028,400,4,61,61,12652,300,0.305,True,5077,5077,4,0.5905071892850109,0.9949290919834548,0,138,200,20.0,lognormal,biased,random,0.02,0.2,0.4,5.0,1.0,0.1,300,0,0.0,True,True,income,100,continue_after_avalanche,period_end,income,income__c0p40__lognormal__biased__random,6,14,c,0.4,
2026720015,True,300,16570,1,400,48,400,16570,400,250,46,46,9558,300,0.23,True,3400,3400,250,0.48807058823529426,0.9662029411764708,0,111,200,20.0,lognormal,biased,random,0.02,0.2,0.4,5.0,1.0,0.1,300,0,0.0,True,True,income,100,continue_after_avalanche,period_end,income,income__c0p40__lognormal__biased__random,6,15,c,0.4,
2026720016,True,300,18484,1,400,52,400,18484,400,199,52,52,11129,300,0.26,True,4078,4078,199,0.5578200098087298,0.9767189798921041,0,128,200,20.0,lognormal,biased,random,0.02,0.2,0.4,5.0,1.0,0.1,300,0,0.0,True,True,income,100,continue_after_avalanche,period_end,income,income__c0p40__lognormal__biased__random,6,16,c,0.4,
2026720017,True,300,17323,1,400,50,400,17323,400,176,47,47,10196,300,0.235,True,3657,3657,176,0.5248167897183484,0.9740675417008477,0,124,200,20.0,lognormal,biased,random,0.02,0.2,0.4,5.0,1.0,0.1,300,0,0.0,True,True,income,100,continue_after_avalanche,period_end,income,income__c0p40__lognormal__biased__random,6,17,c,0.4,
2026720018,True,300,18171,1,400,52,400,18171,400,209,56,56,10732,300,0.28,True,3907,3907,209,0.5139378039416433,0.9654786281034042,0,129,200,20.0,lognormal,biased,random,0.02,0.2,0.4,5.0,1.0,0.1,300,0,0.0,True,True,income,100,continue_after_avalanche,period_end,income,income__c0p40__lognormal__biased__random,6,18,c,0.4,
2026720019,True,300,17635,1,400,50,400,17635,400,153,48,48,10115,300,0.24,True,3719,3719,153,0.49554046786770645,0.9765246033880077,0,120,200,20.0,lognormal,biased,random,0.02,0.2,0.4,5.0,1.0,0.1,300,0,0.0,True,True,income,100,continue_after_avalanche,period_end,income,income__c0p40__lognormal__biased__random,6,19,c,0.4,
2026720020,True,300,17323,1,400,51,400,17323,400,166,50,50,10490,300,0.25,True,3760,3760,166,0.5313218085106384,0.9720771276595745,0,126,200,20.0,lognormal,biased,random,0.02,0.2,0.4,5.0,1.0,0.1,300,0,0.0,True,True,income,100,continue_after_avalanche,period_end,income,income__c0p40__lognormal__biased__random,6,20,c,0.4,
2026720021,True,300,17347,1,400,49,400,17347,400,73,50,50,10371,300,0.25,True,3768,3768,73,0.5154538216560511,0.9875371549893843,0,118,200,20.0,lognormal,biased,random,0.02,0.2,0.4,5.0,1.0,0.1,300,0,0.0,True,True,income,100,continue_after_avalanche,period_end,income,income__c0p40__lognormal__biased__random,6,21,c,0.4,
2026720022,True,300,18394,1,400,51,400,18394,400,95,53,53,10836,300,0.265,True,4014,4014,95,0.5287917289486797,0.98096163428002,0,125,200,20.0,lognormal,biased,random,0.02,0.2,0.4,5.0,1.0,0.1,300,0,0.0,True,True,income,100,continue_after_avalanche,period_end,income,income__c0p40__lognormal__biased__random,6,22,c,0.4,
2026720023,True,300,17170,1,400,50,400,17170,400,93,51,51,10360,300,0.255,True,3704,3704,93,0.5227375809935206,0.9830210583153349,0,119,200,20.0,lognormal,biased,random,0.02,0.2,0.4,5.0,1.0,0.1,300,0,0.0,True,True,income,100,continue_after_avalanche,period_end,income,income__c0p40__lognormal__biased__random,6,23,c,0.4,
2026720024,True,300,17925,1,400,49,400,17925,400,56,55,55,10388,300,0.275,True,3929,3929,56,0.5225846271315857,0.9809989819292442,0,125,200,20.0,lognormal,biased,random,0.02,0.2,0.4,5.0,1.0,0.1,300,0,0.0,True,True,income,100,continue_after_avalanche,period_end,income,income__c0p40__lognormal__biased__random,6,24,c,0.4,
2026720025,True,300,18360,1,400,50,400,18360,400,106,55,55,11350,300,0.275,True,4124,4124,106,0.5541440349175559,0.9860329776915617,0,132,200,20.0,lognormal,biased,random,0.02,0.2,0.4,5.0,1.0,0.1,300,0,0.0,True,True,income,100,continue_after_avalanche,period_end,income,income__c0p40__lognormal__biased__random,6,25,c,0.4,
2026720026,True,300,17463,1,400,49,400,17463,400,192,51,51,10394,300,0.255,True,3724,3724,192,0.5107894736842107,0.9748576799140709,0,121,200,20.0,lognormal,biased,random,0.02,0.2,0.4,5.0,1.0,0.1,300,0,0.0,True,True,income,100,continue_after_avalanche,period_end,income,income__c0p40__lognormal__biased__random,6,26,c,0.4,
2026720027,True,300,16916,1,400,48,400,16916,400,112,51,51,10413,300,0.255,True,3714,3714,112,0.537431340872375,0.9829617662897148,0,114,200,20.0,lognormal,biased,random,0.02,0.2,0.4,5.0,1.0,0.1,300,0,0.0,True,True,income,100,continue_after_avalanche,period_end,income,income__c0p40__lognormal__biased__random,6,27,c,0.4,
2026720028,True,300,20441,1,400,56,400,20441,400,28,62,62,12600,300,0.31,True,4913,4913,28,0.5786352534093222,0.9949430083452067,0,137,200,20.0,lognormal,biased,random,0.02,0.2,0.4,5.0,1.0,0.1,300,0,0.0,True,True,income,100,continue_after_avalanche,period_end,income,income__c0p40__lognormal__biased__random,6,28,c,0.4,
2026720029,True,300,17250,1,400,48,400,17250,400,130,51,51,10673,300,0.255,True,3806,3806,130,0.546045717288492,0.9829374671571205,0,121,200,20.0,lognormal,biased,random,0.02,0.2,0.4,5.0,1.0,0.1,300,0,0.0,True,True,income,100,continue_after_avalanche,period_end,income,income__c0p40__lognormal__biased__random,6,29,c,0.4,
2026720030,True,300,18172,1,400,48,400,18172,400,99,53,53,10632,300,0.265,True,3917,3917,99,0.4964066887924432,0.9803280571866224,0,122,200,20.0,lognormal,biased,random,0.02,0.2,0.4,5.0,1.0,0.1,300,0,0.0,True,True,income,100,continue_after_avalanche,period_end,income,income__c0p40__lognormal__biased__random,6,30,c,0.4,
2026720031,True,300,16102,1,400,45,400,16102,400,166,51,51,9300,300,0.255,True,3373,3373,166,0.4784983694040914,0.9779676845538097,0,114,200,20.0,lognormal,biased,random,0.02,0.2,0.4,5.0,1.0,0.1,300,0,0.0,True,True,income,100,continue_after_avalanche,period_end,income,income__c0p40__lognormal__biased__random,6,31,c,0.4,
2026720032,True,300,19863,1,400,52,400,19863,400,165,56,56,11125,300,0.28,True,4257,4257,165,0.4833039699318771,0.9772104768616399,0,136,200,20.0,lognormal,biased,random,0.02,0.2,0.4,5.0,1.0,0.1,300,0,0.0,True,True,income,100,continue_after_avalanche,period_end,income,income__c0p40__lognormal__biased__random,6,32,c,0.4,
2026720033,True,300,18614,1,400,52,400,18614,400,194,49,49,10689,300,0.245,True,3983,3983,194,0.47957444137584737,0.9750552347476777,0,130,200,20.0,lognormal,biased,random,0.02,0.2,0.4,5.0,1.0,0.1,300,0,0.0,True,True,income,100,continue_after_avalanche,period_end,income,income__c0p40__lognormal__biased__random,6,33,c,0.4,
2026720034,True,300,20128,1,400,54,400,20128,400,89,56,56,11802,300,0.28,True,4406,4406,89,0.49788924194280537,0.9857739446209715,0,137,200,20.0,lognormal,biased,random,0.02,0.2,0.4,5.0,1.0,0.1,300,0,0.0,True,True,income,100,continue_after_avalanche,period_end,income,income__c0p40__lognormal__biased__random,6,34,c,0.4,
2026720035,True,300,15592,1,400,44,400,15592,400,93,45,45,8909,300,0.225,True,3264,3264,93,0.46963235294117656,0.981890318627451,0,109,200,20.0,lognormal,biased,random,0.02,0.2,0.4,5.0,1.0,0.1,300,0,0.0,True,True,income,100,continue_after_avalanche,period_end,income,income__c0p40__lognormal__biased__random,6,35,c,0.4,
2026720036,True,300,20243,1,400,57,400,20243,400,85,54,54,12252,300,0.27,True,4506,4506,85,0.55945184198846,0.9866511318242344,0,140,200,20.0,lognormal,biased,random,0.02,0.2,0.4,5.0,1.0,0.1,300,0,0.0,True,True,income,100,continue_after_avalanche,period_end,income,income__c0p40__lognormal__biased__random,6,36,c,0.4,
2026720037,True,300,16788,1,400,45,400,16788,400,56,48,48,10308,300,0.24,True,3634,3634,56,0.5255998899284535,0.9864254265272427,0,115,200,20.0,lognormal,biased,random,0.02,0.2,0.4,5.0,1.0,0.1,300,0,0.0,True,True,income,100,continue_after_avalanche,period_end,income,income__c0p40__lognormal__biased__random,6,37,c,0.4,
2026720038,True,300,18218,1,400,53,400,18218,400,233,55,55,10853,300,0.275,True,3944,3944,233,0.5336384381338743,0.9729918864097364,0,133,200,20.0,lognormal,biased,random,0.02,0.2,0.4,5.0,1.0,0.1,300,0,0.0,True,True,income,100,continue_after_avalanche,period_end,income,income__c0p40__lognormal__biased__random,6,38,c,0.4,
2026720039,True,300,20336,1,400,56,400,20336,400,61,59,59,12500,300,0.295,True,4759,4759,61,0.5774395881487708,0.9873387266232403,0,141,200,20.0,lognormal,biased,random,0.02,0.2,0.4,5.0,1.0,0.1,300,0,0.0,True,True,income,100,continue_after_avalanche,period_end,income,income__c0p40__lognormal__biased__random,6,39,c,0.4,
2026720040,True,300,17935,1,400,50,400,17935,400,231,54,54,10338,300,0.27,True,3809,3809,231,0.5054515620897875,0.9766067209241271,0,124,200,20.0,lognormal,biased,random,0.02,0.2,0.4,5.0,1.0,0.1,300,0,0.0,True,True,income,100,continue_after_avalanche,period_end,income,income__c0p40__lognormal__biased__random,6,40,c,0.4,
2026720041,True,300,20140,1,400,57,400,20140,400,198,54,54,11816,300,0.27,True,4433,4433,198,0.5371024137153171,0.9667617866004963,0,147,200,20.0,lognormal,biased,random,0.02,0.2,0.4,5.0,1.0,0.1,300,0,0.0,True,True,income,100,continue_after_avalanche,period_end,income,income__c0p40__lognormal__biased__random,6,41,c,0.4,
2026720042,True,300,17448,1,400,51,400,17448,400,154,47,47,10077,300,0.235,True,3708,3708,154,0.48108953613808003,0.9678775620280475,0,119,200,20.0,lognormal,biased,random,0.02,0.2,0.4,5.0,1.0,0.1,300,0,0.0,True,True,income,100,continue_after_avalanche,period_end,income,income__c0p40__lognormal__biased__random,6,42,c,0.4,
2026720043,True,300,17656,1,400,48,400,17656,400,91,51,51,10314,300,0.255,True,3727,3727,91,0.49084384223235866,0.9822497987657635,0,121,200,20.0,lognormal,biased,random,0.02,0.2,0.4,5.0,1.0,0.1,300,0,0.0,True,True,income,100,continue_after_avalanche,period_end,income,income__c0p40__lognormal__biased__random,6,43,c,0.4,
2026720044,True,300,20309,1,400,56,400,20309,400,193,57,57,11805,300,0.285,True,4446,4446,193,0.5159491677912731,0.9756567701304544,0,138,200,20.0,lognormal,biased,random,0.02,0.2,0.4,5.0,1.0,0.1,300,0,0.0,True,True,income,100,continue_after_avalanche,period_end,income,income__c0p40__lognormal__biased__random,6,44,c,0.4,
2026720045,True,300,18889,1,400,53,400,18889,400,164,50,50,11298,300,0.25,True,4139,4139,164,0.5656764919062576,0.9804868325682532,0,130,200,20.0,lognormal,biased,random,0.02,0.2,0.4,5.0,1.0,0.1,300,0,0.0,True,True,income,100,continue_after_avalanche,period_end,income,income__c0p40__lognormal__biased__random,6,45,c,0.4,
2026720046,True,300,17236,1,400,48,400,17236,400,270,48,48,10186,300,0.24,True,3658,3658,270,0.5166347731000547,0.9711235647895025,0,124,200,20.0,lognormal,biased,random,0.02,0.2,0.4,5.0,1.0,0.1,300,0,0.0,True,True,income,100,continue_after_avalanche,period_end,income,income__c0p40__lognormal__biased__random,6,46,c,0.4,
2026720047,True,300,17473,1,400,47,400,17473,400,63,49,49,10746,300,0.245,True,3858,3858,63,0.5226308968377398,0.9881181959564542,0,118,200,20.0,lognormal,biased,random,0.02,0.2,0.4,5.0,1.0,0.1,300,0,0.0,True,True,income,100,continue_after_avalanche,period_end,income,income__c0p40__lognormal__biased__random,6,47,c,0.4,
2026720048,True,300,15311,1,400,44,400,15311,400,208,48,48,8810,300,0.24,True,3139,3139,208,0.4433689072953171,0.9793007327174261,0,108,200,20.0,lognormal,biased,random,0.02,0.2,0.4,5.0,1.0,0.1,300,0,0.0,True,True,income,100,continue_after_avalanche,period_end,income,income__c0p40__lognormal__biased__random,6,48,c,0.4,
2026720049,True,300,17111,1,400,47,400,17111,400,250,46,46,9816,300,0.23,True,3571,3571,250,0.457343881265752,0.9717460095211425,0,126,200,20.0,lognormal,biased,random,0.02,0.2,0.4,5.0,1.0,0.1,300,0,0.0,True,True,income,100,continue_after_avalanche,period_end,income,income__c0p40__lognormal__biased__random,6,49,c,0.4,
2026720050,True,300,16759,1,400,43,400,16759,400,45,47,47,9861,300,0.235,True,3601,3601,45,0.47716884198833664,0.9887961677311858,0,106,200,20.0,lognormal,biased,random,0.02,0.2,0.4,5.0,1.0,0.1,300,0,0.0,True,True,income,100,continue_after_avalanche,period_end,income,income__c0p40__lognormal__biased__random,6,50,c,0.4,
2026720051,True,300,19547,1,400,54,400,19547,400,112,55,55,11365,300,0.275,True,4220,4220,112,0.5167393364928912,0.973808056872038,0,135,200,20.0,lognormal,biased,random,0.02,0.2,0.4,5.0,1.0,0.1,300,0,0.0,True,True,income,100,continue_after_avalanche,period_end,income,income__c0p40__lognormal__biased__random,6,51,c,0.4,
2026720052,True,300,18224,1,400,50,400,18224,400,126,51,51,10529,300,0.255,True,3903,3903,126,0.5020842941327186,0.9776646169613119,0,128,200,20.0,lognormal,biased,random,0.02,0.2,0.4,5.0,1.0,0.1,300,0,0.0,True,True,income,100,continue_after_avalanche,period_end,income,income__c0p40__lognormal__biased__random,6,52,c,0.4,
2026720053,True,300,18614,1,400,51,400,18614,400,246,52,52,10882,300,0.26,True,4001,4001,246,0.5141527118220446,0.9761172206948263,0,129,200,20.0,lognormal,biased,random,0.02,0.2,0.4,5.0,1.0,0.1,300,0,0.0,True,True,income,100,continue_after_avalanche,period_end,income,income__c0p40__lognormal__biased__random,6,53,c,0.4,
2026720054,True,300,19842,1,400,56,400,19842,400,195,55,55,11852,300,0.275,True,4428,4428,195,0.5280939476061428,0.9798215898825655,0,142,200,20.0,lognormal,biased,random,0.02,0.2,0.4,5.0,1.0,0.1,300,0,0.0,True,True,income,100,continue_after_avalanche,period_end,income,income__c0p40__lognormal__biased__random,6,54,c,0.4,
2026720055,True,300,18620,1,400,51,400,18620,400,148,55,55,10994,300,0.275,True,4035,4035,148,0.5315278810408923,0.9858971499380422,0,132,200,20.0,lognormal,biased,random,0.02,0.2,0.4,5.0,1.0,0.1,300,0,0.0,True,True,income,100,continue_after_avalanche,period_end,income,income__c0p40__lognormal__biased__random,6,55,c,0.4,
2026720056,True,300,18122,1,400,54,400,18122,400,322,50,50,10091,300,0.25,True,3749,3749,322,0.4724899973326222,0.9688090157375302,0,132,200,20.0,lognormal,biased,random,0.02,0.2,0.4,5.0,1.0,0.1,300,0,0.0,True,True,income,100,continue_after_avalanche,period_end,income,income__c0p40__lognormal__biased__random,6,56,c,0.4,
2026720057,True,300,17712,1,400,47,400,17712,400,128,49,49,10090,300,0.245,True,3795,3795,128,0.4854163372859026,0.9825836627140976,0,117,200,20.0,lognormal,biased,random,0.02,0.2,0.4,5.0,1.0,0.1,300,0,0.0,True,True,income,100,continue_after_avalanche,period_end,income,income__c0p40__lognormal__biased__random,6,57,c,0.4,
2026720058,True,300,16049,1,400,42,400,16049,400,40,48,48,9878,300,0.24,True,3489,3489,40,0.5002335912869018,0.9897549441100604,0,108,200,20.0,lognormal,biased,random,0.02,0.2,0.4,5.0,1.0,0.1,300,0,0.0,True,True,income,100,continue_after_avalanche,period_end,income,income__c0p40__lognormal__biased__random,6,58,c,0.4,
2026720059,True,300,17754,1,400,47,400,17754,400,128,53,53,10554,300,0.265,True,3852,3852,128,0.5177310488058153,0.9773494288681206,0,117,200,20.0,lognormal,biased,random,0.02,0.2,0.4,5.0,1.0,0.1,300,0,0.0,True,True,income,100,continue_after_avalanche,period_end,income,income__c0p40__lognormal__biased__random,6,59,c,0.4,
2026820000,True,300,19035,4,1023,51,400,19035,1023,105,50,50,10143,293,0.25,True,4004,4004,105,0.3242232767232769,0.98748001998002,0,132,200,20.0,pareto,biased,random,0.02,0.2,0.4,5.0,1.0,0.1,300,0,0.0,True,True,income,100,continue_after_avalanche,period_end,income,income__c0p40__pareto__biased__random,7,0,c,0.4,
2026820001,True,300,18615,2,674,50,400,18615,674,137,51,51,10378,294,0.255,True,4001,4001,137,0.35273056735816066,0.9820507373156713,0,128,200,20.0,pareto,biased,random,0.02,0.2,0.4,5.0,1.0,0.1,300,0,0.0,True,True,income,100,continue_after_avalanche,period_end,income,income__c0p40__pareto__biased__random,7,1,c,0.4,
2026820002,True,300,18208,5,1131,51,400,18208,1131,87,51,51,10177,295,0.255,True,3997,3997,87,0.34153239929947476,0.9904390793094822,0,122,200,20.0,pareto,biased,random,0.02,0.2,0.4,5.0,1.0,0.1,300,0,0.0,True,True,income,100,continue_after_avalanche,period_end,income,income__c0p40__pareto__biased__random,7,2,c,0.4,
2026820003,True,300,18988,6,1248,50,400,18988,1248,206,52,52,9767,291,0.26,True,4003,4003,206,0.3161391456407696,0.9755595803147641,0,130,200,20.0,pareto,biased,random,0.02,0.2,0.4,5.0,1.0,0.1,300,0,0.0,True,True,income,100,continue_after_avalanche,period_end,income,income__c0p40__pareto__biased__random,7,3,c,0.4,
2026820004,True,300,17355,3,863,50,400,17355,863,97,54,54,10588,298,0.27,True,3993,3993,97,0.4178024042073629,0.9924755822689708,0,124,200,20.0,pareto,biased,random,0.02,0.2,0.4,5.0,1.0,0.1,300,0,0.0,True,True,income,100,continue_after_avalanche,period_end,income,income__c0p40__pareto__biased__random,7,4,c,0.4,
2026820005,True,300,16788,2,672,48,400,16788,672,10,53,53,10601,299,0.265,True,3997,3997,10,0.4547823367525645,0.9934163122341757,0,117,200,20.0,pareto,biased,random,0.02,0.2,0.4,5.0,1.0,0.1,300,0,0.0,True,True,income,100,continue_after_avalanche,period_end,income,income__c0p40__pareto__biased__random,7,5,c,0.4,
2026820006,True,300,18430,3,869,50,400,18430,869,87,52,52,10240,297,0.26,True,4002,4002,87,0.3507146426786607,0.9877661169415293,0,127,200,20.0,pareto,biased,random,0.02,0.2,0.4,5.0,1.0,0.1,300,0,0.0,True,True,income,100,continue_after_avalanche,period_end,income,income__c0p40__pareto__biased__random,7,6,c,0.4,
2026820007,True,300,18493,4,1014,50,400,18493,1014,39,50,50,9941,295,0.25,True,4006,4006,39,0.3188716924613082,0.9926660009985024,0,122,200,20.0,pareto,biased,random,0.02,0.2,0.4,5.0,1.0,0.1,300,0,0.0,True,True,income,100,continue_after_avalanche,period_end,income,income__c0p40__pareto__biased__random,7,7,c,0.4,
2026820008,True,300,18896,4,1003,51,400,18896,1003,112,56,56,9841,296,0.28,True,4009,4009,112,0.32894861561486666,0.9777887253679223,0,128,200,20.0,pareto,biased,random,0.02,0.2,0.4,5.0,1.0,0.1,300,0,0.0,True,True,income,100,continue_after_avalanche,period_end,income,income__c0p40__pareto__biased__random,7,8,c,0.4,
2026820009,True,300,19188,7,1338,52,400,19188,1338,187,54,54,9940,293,0.27,True,4005,4005,187,0.2894619225967541,0.9713945068664172,0,128,200,20.0,pareto,biased,random,0.02,0.2,0.4,5.0,1.0,0.1,300,0,0.0,True,True,income,100,continue_after_avalanche,period_end,income,income__c0p40__pareto__biased__random,7,9,c,0.4,
2026820010,True,300,17432,2,675,46,400,17432,675,69,53,53,10832,299,0.265,True,3998,3998,69,0.43759379689844935,0.9936393196598301,0,115,200,20.0,pareto,biased,random,0.02,0.2,0.4,5.0,1.0,0.1,300,0,0.0,True,True,income,100,continue_after_avalanche,period_end,income,income__c0p40__pareto__biased__random,7,10,c,0.4,
2026820011,True,300,19357,7,1335,53,400,19357,1335,162,52,52,9648,290,0.26,True,3997,3997,162,0.27893795346509886,0.9743870402802102,0,128,200,20.0,pareto,biased,random,0.02,0.2,0.4,5.0,1.0,0.1,300,0,0.0,True,True,income,100,continue_after_avalanche,period_end,income,income__c0p40__pareto__biased__random,7,11,c,0.4,
2026820012,True,300,18575,4,1021,46,400,18575,1021,31,53,53,9982,295,0.265,True,4000,4000,31,0.3146475000000002,0.9885625,0,118,200,20.0,pareto,biased,random,0.02,0.2,0.4,5.0,1.0,0.1,300,0,0.0,True,True,income,100,continue_after_avalanche,period_end,income,income__c0p40__pareto__biased__random,7,12,c,0.4,
2026820013,True,300,18781,5,1130,52,400,18781,1130,119,51,51,10023,294,0.255,True,4000,4000,119,0.3073475000000001,0.9866600000000001,0,122,200,20.0,pareto,biased,random,0.02,0.2,0.4,5.0,1.0,0.1,300,0,0.0,True,True,income,100,continue_after_avalanche,period_end,income,income__c0p40__pareto__biased__random,7,13,c,0.4,
2026820014,True,300,19538,8,1421,49,400,19538,1421,145,53,53,9428,293,0.265,True,4001,4001,145,0.2779817545613599,0.9824656335916022,0,127,200,20.0,pareto,biased,random,0.02,0.2,0.4,5.0,1.0,0.1,300,0,0.0,True,True,income,100,continue_after_avalanche,period_end,income,income__c0p40__pareto__biased__random,7,14,c,0.4,
2026820015,True,300,19340,7,1334,51,400,19340,1334,102,53,53,9753,293,0.265,True,3998,3998,102,0.28240620310155085,0.9819359679839921,0,132,200,20.0,pareto,biased,random,0.02,0.2,0.4,5.0,1.0,0.1,300,0,0.0,True,True,income,100,continue_after_avalanche,period_end,income,income__c0p40__pareto__biased__random,7,15,c,0.4,
2026820016,True,300,19415,9,1519,53,400,19415,1519,228,52,52,9793,292,0.26,True,4003,4003,228,0.2735635773170124,0.9665313514863854,0,130,200,20.0,pareto,biased,random,0.02,0.2,0.4,5.0,1.0,0.1,300,0,0.0,True,True,income,100,continue_after_avalanche,period_end,income,income__c0p40__pareto__biased__random,7,16,c,0.4,
2026820017,True,300,17872,4,1024,46,400,17872,1024,31,50,50,10360,295,0.25,True,4003,4003,31,0.37449288033974537,0.9933712215838122,0,115,200,20.0,pareto,biased,random,0.02,0.2,0.4,5.0,1.0,0.1,300,0,0.0,True,True,income,100,continue_after_avalanche,period_end,income,income__c0p40__pareto__biased__random,7,17,c,0.4,
2026820018,True,300,18204,4,1013,48,400,18204,1013,9,52,52,10112,295,0.26,True,3997,3997,9,0.324106830122592,0.9946072054040531,0,115,200,20.0,pareto,biased,random,0.02,0.2,0.4,5.0,1.0,0.1,300,0,0.0,True,True,income,100,continue_after_avalanche,period_end,income,income__c0p40__pareto__biased__random,7,18,c,0.4,
2026820019,True,300,17550,4,1016,48,400,17550,1016,18,50,50,10445,296,0.25,True,4002,4002,18,0.41544227886056984,0.9940354822588706,0,118,200,20.0,pareto,biased,random,0.02,0.2,0.4,5.0,1.0,0.1,300,0,0.0,True,True,income,100,continue_after_avalanche,period_end,income,income__c0p40__pareto__biased__random,7,19,c,0.4,
2026820020,True,300,19561,3,867,52,400,19561,867,207,51,51,9784,291,0.255,True,3998,3998,207,0.2609154577288646,0.9692121060530265,0,132,200,20.0,pareto,biased,random,0.02,0.2,0.4,5.0,1.0,0.1,300,0,0.0,True,True,income,100,continue_after_avalanche,period_end,income,income__c0p40__pareto__biased__random,7,20,c,0.4,
2026820021,True,300,18645,5,1124,48,400,18645,1124,59,52,52,10035,294,0.26,True,4009,4009,59,0.33606011474183095,0.9891406834622101,0,114,200,20.0,pareto,biased,random,0.02,0.2,0.4,5.0,1.0,0.1,300,0,0.0,True,True,income,100,continue_after_avalanche,period_end,income,income__c0p40__pareto__biased__random,7,21,c,0.4,
2026820022,True,300,18138,3,876,50,400,18138,876,120,53,53,10222,295,0.265,True,4001,4001,120,0.3504411397150713,0.9889715071232192,0,121,200,20.0,pareto,biased,random,0.02,0.2,0.4,5.0,1.0,0.1,300,0,0.0,True,True,income,100,continue_after_avalanche,period_end,income,income__c0p40__pareto__biased__random,7,22,c,0.4,
2026820023,True,300,19070,2,671,51,400,19070,671,139,55,55,10015,296,0.275,True,4002,4002,139,0.318433283358321,0.9765017491254373,0,135,200,20.0,pareto,biased,random,0.02,0.2,0.4,5.0,1.0,0.1,300,0,0.0,True,True,income,100,continue_after_avalanche,period_end,income,income__c0p40__pareto__biased__random,7,23,c,0.4,
2026820024,True,300,18159,8,1424,46,400,18159,1424,50,49,49,10280,293,0.245,True,4000,4000,50,0.3433875000000002,0.9878550000000001,0,120,200,20.0,pareto,biased,random,0.02,0.2,0.4,5.0,1.0,0.1,300,0,0.0,True,True,income,100,continue_after_avalanche,period_end,income,income__c0p40__pareto__biased__random,7,24,c,0.4,
2026820025,True,300,19055,5,1132,50,400,19055,1132,97,53,53,9870,295,0.265,True,4002,4002,97,0.29878810594702654,0.9809445277361319,0,123,200,20.0,pareto,biased,random,0.02,0.2,0.4,5.0,1.0,0.1,300,0,0.0,True,True,income,100,continue_after_avalanche,period_end,income,income__c0p40__pareto__biased__random,7,25,c,0.4,
2026820026,True,300,18696,4,1008,51,400,18696,1008,150,57,57,10014,294,0.285,True,4002,4002,150,0.31396551724137933,0.9813168415792104,0,127,200,20.0,pareto,biased,random,0.02,0.2,0.4,5.0,1.0,0.1,300,0,0.0,True,True,income,100,continue_after_avalanche,period_end,income,income__c0p40__pareto__biased__random,7,26,c,0.4,
2026820027,True,300,18958,4,1038,51,400,18958,1038,90,52,52,10042,297,0.26,True,4001,4001,90,0.32743689077730576,0.986632091977006,0,124,200,20.0,pareto,biased,random,0.02,0.2,0.4,5.0,1.0,0.1,300,0,0.0,True,True,income,100,continue_after_avalanche,period_end,income,income__c0p40__pareto__biased__random,7,27,c,0.4,
2026820028,True,300,18558,5,1135,52,400,18558,1135,67,51,51,10122,294,0.255,True,3997,3997,67,0.34245058794095584,0.983959219414561,0,123,200,20.0,pareto,biased,random,0.02,0.2,0.4,5.0,1.0,0.1,300,0,0.0,True,True,income,100,continue_after_avalanche,period_end,income,income__c0p40__pareto__biased__random,7,28,c,0.4,
2026820029,True,300,18243,6,1254,50,400,18243,1254,44,52,52,10369,295,0.26,True,4009,4009,44,0.3646008979795461,0.9910513843851336,0,124,200,20.0,pareto,biased,random,0.02,0.2,0.4,5.0,1.0,0.1,300,0,0.0,True,True,income,100,continue_after_avalanche,period_end,income,income__c0p40__pareto__biased__random,7,29,c,0.4,
2026820030,True,300,19440,4,1011,54,400,19440,1011,178,51,51,9445,294,0.255,True,4001,4001,178,0.2792689327668083,0.9752574356410899,0,137,200,20.0,pareto,biased,random,0.02,0.2,0.4,5.0,1.0,0.1,300,0,0.0,True,True,income,100,continue_after_avalanche,period_end,income,income__c0p40__pareto__biased__random,7,30,c,0.4,
2026820031,True,300,17908,5,1130,47,400,17908,1130,20,53,53,9940,295,0.265,True,4000,4000,20,0.35236750000000017,0.9899875,0,115,200,20.0,pareto,biased,random,0.02,0.2,0.4,5.0,1.0,0.1,300,0,0.0,True,True,income,100,continue_after_avalanche,period_end,income,income__c0p40__pareto__biased__random,7,31,c,0.4,
2026820032,True,300,19485,4,1008,50,400,19485,1008,177,53,53,9203,288,0.265,True,3996,3996,177,0.2755780780780781,0.9786886886886887,0,130,200,20.0,pareto,biased,random,0.02,0.2,0.4,5.0,1.0,0.1,300,0,0.0,True,True,income,100,continue_after_avalanche,period_end,income,income__c0p40__pareto__biased__random,7,32,c,0.4,
2026820033,True,300,18887,5,1112,51,400,18887,1112,162,53,53,10119,294,0.265,True,3997,3997,162,0.32055166374781097,0.9803189892419315,0,125,200,20.0,pareto,biased,random,0.02,0.2,0.4,5.0,1.0,0.1,300,0,0.0,True,True,income,100,continue_after_avalanche,period_end,income,income__c0p40__pareto__biased__random,7,33,c,0.4,
2026820034,True,300,18934,5,1141,52,400,18934,1141,145,51,51,10062,292,0.255,True,3999,3999,145,0.3125268817204303,0.9711465366341587,0,136,200,20.0,pareto,biased,random,0.02,0.2,0.4,5.0,1.0,0.1,300,0,0.0,True,True,income,100,continue_after_avalanche,period_end,income,income__c0p40__pareto__biased__random,7,34,c,0.4,
2026820035,True,300,18578,4,1018,50,400,18578,1018,102,52,52,10306,294,0.26,True,3998,3998,102,0.33809904952476244,0.9804877438719362,0,128,200,20.0,pareto,biased,random,0.02,0.2,0.4,5.0,1.0,0.1,300,0,0.0,True,True,income,100,continue_after_avalanche,period_end,income,income__c0p40__pareto__biased__random,7,35,c,0.4,
2026820036,True,300,19454,5,1138,54,400,19454,1138,202,54,54,9734,293,0.27,True,3998,3998,202,0.27058529264632325,0.972366183091546,0,137,200,20.0,pareto,biased,random,0.02,0.2,0.4,5.0,1.0,0.1,300,0,0.0,True,True,income,100,continue_after_avalanche,period_end,income,income__c0p40__pareto__biased__random,7,36,c,0.4,
2026820037,True,300,18908,8,1419,54,400,18908,1419,178,57,57,10151,292,0.285,True,3994,3994,178,0.31089634451677517,0.9772158237356035,0,135,200,20.0,pareto,biased,random,0.02,0.2,0.4,5.0,1.0,0.1,300,0,0.0,True,True,income,100,continue_after_avalanche,period_end,income,income__c0p40__pareto__biased__random,7,37,c,0.4,
2026820038,True,300,19345,7,1349,52,400,19345,1349,249,53,53,9528,291,0.265,True,3994,3994,249,0.2694416624937408,0.9752028042063097,0,133,200,20.0,pareto,biased,random,0.02,0.2,0.4,5.0,1.0,0.1,300,0,0.0,True,True,income,100,continue_after_avalanche,period_end,income,income__c0p40__pareto__biased__random,7,38,c,0.4,
2026820039,True,300,18309,3,869,48,400,18309,869,24,52,52,10367,297,0.26,True,4006,4006,24,0.347685971043435,0.9922491263105344,0,117,200,20.0,pareto,biased,random,0.02,0.2,0.4,5.0,1.0,0.1,300,0,0.0,True,True,income,100,continue_after_avalanche,period_end,income,income__c0p40__pareto__biased__random,7,39,c,0.4,
2026820040,True,300,18065,4,1008,48,400,18065,1008,14,52,52,10155,295,0.26,True,3994,3994,14,0.3366925388082125,0.9898898347521283,0,116,200,20.0,pareto,biased,random,0.02,0.2,0.4,5.0,1.0,0.1,300,0,0.0,True,True,income,100,continue_after_avalanche,period_end,income,income__c0p40__pareto__biased__random,7,40,c,0.4,
2026820041,True,300,18629,4,1026,50,400,18629,1026,73,56,56,9984,295,0.28,True,4000,4000,73,0.31801500000000016,0.9850325000000002,0,121,200,20.0,pareto,biased,random,0.02,0.2,0.4,5.0,1.0,0.1,300,0,0.0,True,True,income,100,continue_after_avalanche,period_end,income,income__c0p40__pareto__biased__random,7,41,c,0.4,
2026820042,True,300,18892,6,1256,49,400,18892,1256,85,51,51,9812,292,0.255,True,3996,3996,85,0.28659159159159175,0.9820895895895898,0,124,200,20.0,pareto,biased,random,0.02,0.2,0.4,5.0,1.0,0.1,300,0,0.0,True,True,income,100,continue_after_avalanche,period_end,income,income__c0p40__pareto__biased__random,7,42,c,0.4,
2026820043,True,300,18675,6,1255,53,400,18675,1255,89,55,55,10389,294,0.275,True,4000,4000,89,0.33382,0.9846550000000001,0,131,200,20.0,pareto,biased,random,0.02,0.2,0.4,5.0,1.0,0.1,300,0,0.0,True,True,income,100,continue_after_avalanche,period_end,income,income__c0p40__pareto__biased__random,7,43,c,0.4,
2026820044,True,300,18643,6,1253,47,400,18643,1253,43,49,49,9672,292,0.245,True,3997,3997,43,0.28601325994495874,0.9931361020765574,0,119,200,20.0,pareto,biased,random,0.02,0.2,0.4,5.0,1.0,0.1,300,0,0.0,True,True,income,100,continue_after_avalanche,period_end,income,income__c0p40__pareto__biased__random,7,44,c,0.4,
2026820045,True,300,19722,3,863,54,400,19722,863,231,50,50,9103,285,0.25,True,3996,3996,231,0.23524024024024026,0.9750375375375377,0,128,200,20.0,pareto,biased,random,0.02,0.2,0.4,5.0,1.0,0.1,300,0,0.0,True,True,income,100,continue_after_avalanche,period_end,income,income__c0p40__pareto__biased__random,7,45,c,0.4,
2026820046,True,300,18552,4,1009,51,400,18552,1009,149,53,53,10113,295,0.265,True,3998,3998,149,0.3311755877938971,0.9794497248624314,0,126,200,20.0,pareto,biased,random,0.02,0.2,0.4,5.0,1.0,0.1,300,0,0.0,True,True,income,100,continue_after_avalanche,period_end,income,income__c0p40__pareto__biased__random,7,46,c,0.4,
2026820047,True,300,19221,8,1430,49,400,19221,1430,96,50,50,9801,293,0.25,True,4005,4005,96,0.28407615480649206,0.9776142322097379,0,127,200,20.0,pareto,biased,random,0.02,0.2,0.4,5.0,1.0,0.1,300,0,0.0,True,True,income,100,continue_after_avalanche,period_end,income,income__c0p40__pareto__biased__random,7,47,c,0.4,
2026820048,True,300,17813,2,671,47,400,17813,671,9,49,49,10484,298,0.245,True,4000,4000,9,0.3877425000000001,0.9932575000000001,0,119,200,20.0,pareto,biased,random,0.02,0.2,0.4,5.0,1.0,0.1,300,0,0.0,True,True,income,100,continue_after_avalanche,period_end,income,income__c0p40__pareto__biased__random,7,48,c,0.4,
2026820049,True,300,17984,4,1022,48,400,17984,1022,48,53,53,10227,296,0.265,True,4001,4001,48,0.35916645838540373,0.9906335916020996,0,124,200,20.0,pareto,biased,random,0.02,0.2,0.4,5.0,1.0,0.1,300,0,0.0,True,True,income,100,continue_after_avalanche,period_end,income,income__c0p40__pareto__biased__random,7,49,c,0.4,
2026820050,True,300,17704,6,1239,46,400,17704,1239,23,54,54,10234,295,0.27,True,3999,3999,23,0.3607939484871219,0.9918042010502626,0,114,200,20.0,pareto,biased,random,0.02,0.2,0.4,5.0,1.0,0.1,300,0,0.0,True,True,income,100,continue_after_avalanche,period_end,income,income__c0p40__pareto__biased__random,7,50,c,0.4,
2026820051,True,300,19015,5,1148,51,400,19015,1148,96,55,55,10008,293,0.275,True,3996,3996,96,0.2895345345345346,0.9798923923923926,0,124,200,20.0,pareto,biased,random,0.02,0.2,0.4,5.0,1.0,0.1,300,0,0.0,True,True,income,100,continue_after_avalanche,period_end,income,income__c0p40__pareto__biased__random,7,51,c,0.4,
2026820052,True,300,19205,4,1018,50,400,19205,1018,82,51,51,9665,293,0.255,True,4003,4003,82,0.28118286285286054,0.9888621034224332,0,129,200,20.0,pareto,biased,random,0.02,0.2,0.4,5.0,1.0,0.1,300,0,0.0,True,True,income,100,continue_after_avalanche,period_end,income,income__c0p40__pareto__biased__random,7,52,c,0.4,
2026820053,True,300,17432,4,1022,45,400,17432,1022,7,49,49,10371,295,0.245,True,4005,4005,7,0.41647565543071163,0.9947727840199752,0,116,200,20.0,pareto,biased,random,0.02,0.2,0.4,5.0,1.0,0.1,300,0,0.0,True,True,income,100,continue_after_avalanche,period_end,income,income__c0p40__pareto__biased__random,7,53,c,0.4,
2026820054,True,300,18662,5,1156,52,400,18662,1156,145,52,52,10121,293,0.26,True,3999,3999,145,0.3064078519629909,0.9817866966741686,0,128,200,20.0,pareto,biased,random,0.02,0.2,0.4,5.0,1.0,0.1,300,0,0.0,True,True,income,100,continue_after_avalanche,period_end,income,income__c0p40__pareto__biased__random,7,54,c,0.4,
2026820055,True,300,19085,6,1234,50,400,19085,1234,110,53,53,9656,292,0.265,True,4004,4004,110,0.3004870129870132,0.9758666333666335,0,128,200,20.0,pareto,biased,random,0.02,0.2,0.4,5.0,1.0,0.1,300,0,0.0,True,True,income,100,continue_after_avalanche,period_end,income,income__c0p40__pareto__biased__random,7,55,c,0.4,
2026820056,True,300,18616,4,1023,50,400,18616,1023,107,52,52,9971,296,0.26,True,4002,4002,107,0.32770364817591213,0.9882333833083459,0,125,200,20.0,pareto,biased,random,0.02,0.2,0.4,5.0,1.0,0.1,300,0,0.0,True,True,income,100,continue_after_avalanche,period_end,income,income__c0p40__pareto__biased__random,7,56,c,0.4,
2026820057,True,300,18889,3,868,49,400,18889,868,82,56,56,10008,294,0.28,True,4010,4010,82,0.3101670822942644,0.9837256857855363,0,123,200,20.0,pareto,biased,random,0.02,0.2,0.4,5.0,1.0,0.1,300,0,0.0,True,True,income,100,continue_after_avalanche,period_end,income,income__c0p40__pareto__biased__random,7,57,c,0.4,
2026820058,True,300,19070,7,1338,54,400,19070,1338,184,51,51,10057,293,0.255,True,3994,3994,184,0.3191562343515273,0.9720655983975965,0,131,200,20.0,pareto,biased,random,0.02,0.2,0.4,5.0,1.0,0.1,300,0,0.0,True,True,income,100,continue_after_avalanche,period_end,income,income__c0p40__pareto__biased__random,7,58,c,0.4,
2026820059,True,300,17949,2,672,47,400,17949,672,6,51,51,10276,298,0.255,True,4002,4002,6,0.37525987006496764,0.9949750124937533,0,115,200,20.0,pareto,biased,random,0.02,0.2,0.4,5.0,1.0,0.1,300,0,0.0,True,True,income,100,continue_after_avalanche,period_end,income,income__c0p40__pareto__biased__random,7,59,c,0.4,
2026920000,True,300,20992,1,500,56,500,20992,500,182,59,59,12768,300,0.295,True,3362,3362,182,0.5007019631171923,0.9751397977394409,0,111,200,20.0,lognormal,biased,random,0.02,0.2,0.5,5.0,1.0,0.1,300,0,0.0,True,True,income,100,continue_after_avalanche,period_end,income,income__c0p50__lognormal__biased__random,8,0,c,0.5,
2026920001,True,300,23320,1,500,64,500,23320,500,100,63,63,13746,300,0.315,True,3822,3822,100,0.49990319204604927,0.9804918890633176,0,128,200,20.0,lognormal,biased,random,0.02,0.2,0.5,5.0,1.0,0.1,300,0,0.0,True,True,income,100,continue_after_avalanche,period_end,income,income__c0p50__lognormal__biased__random,8,1,c,0.5,
2026920002,True,300,21566,1,500,54,500,21566,500,32,60,60,13296,300,0.3,True,3691,3691,32,0.5368721213763208,0.991683825521539,0,109,200,20.0,lognormal,biased,random,0.02,0.2,0.5,5.0,1.0,0.1,300,0,0.0,True,True,income,100,continue_after_avalanche,period_end,income,income__c0p50__lognormal__biased__random,8,2,c,0.5,
2026920003,True,300,21427,1,500,56,500,21427,500,104,59,59,13347,300,0.295,True,3596,3596,104,0.525967741935484,0.9854671857619579,0,118,200,20.0,lognormal,biased,random,0.02,0.2,0.5,5.0,1.0,0.1,300,0,0.0,True,True,income,100,continue_after_avalanche,period_end,income,income__c0p50__lognormal__biased__random,8,3,c,0.5,
2026920004,True,300,25183,1,500,67,500,25183,500,133,65,65,14639,300,0.325,True,4245,4245,133,0.5308492343934041,0.981530035335689,0,136,200,20.0,lognormal,biased,random,0.02,0.2,0.5,5.0,1.0,0.1,300,0,0.0,True,True,income,100,continue_after_avalanche,period_end,income,income__c0p50__lognormal__biased__random,8,4,c,0.5,
2026920005,True,300,23587,1,500,64,500,23587,500,37,60,60,14329,300,0.3,True,4123,4123,37,0.5617620664564638,0.9907749211739025,0,123,200,20.0,lognormal,biased,random,0.02,0.2,0.5,5.0,1.0,0.1,300,0,0.0,True,True,income,100,continue_after_avalanche,period_end,income,income__c0p50__lognormal__biased__random,8,5,c,0.5,
2026920006,True,300,24436,1,500,67,500,24436,500,136,65,65,14158,300,0.325,True,4027,4027,136,0.48719518251800364,0.9820374968959524,0,138,200,20.0,lognormal,biased,random,0.02,0.2,0.5,5.0,1.0,0.1,300,0,0.0,True,True,income,100,continue_after_avalanche,period_end,income,income__c0p50__lognormal__biased__random,8,6,c,0.5,
2026920007,True,300,23475,1,500,62,500,23475,500,227,60,60,13753,300,0.3,True,3797,3797,227,0.5064590466157495,0.9786528838556756,0,123,200,20.0,lognormal,biased,random,0.02,0.2,0.5,5.0,1.0,0.1,300,0,0.0,True,True,income,100,continue_after_avalanche,period_end,income,income__c0p50__lognormal__biased__random,8,7,c,0.5,
2026920008,True,300,21868,1,500,60,500,21868,500,98,61,61,13059,300,0.305,True,3607,3607,98,0.4993609647906849,0.9863390629331856,0,120,200,20.0,lognormal,biased,random,0.02,0.2,0.5,5.0,1.0,0.1,300,0,0.0,True,True,income,100,continue_after_avalanche,period_end,income,income__c0p50__lognormal__biased__random,8,8,c,0.5,
2026920009,True,300,23924,1,500,61,500,23924,500,62,62,62,13693,300,0.31,True,3914,3914,62,0.4888579458354625,0.9831706693919264,0,124,200,20.0,lognormal,biased,random,0.02,0.2,0.5,5.0,1.0,0.1,300,0,0.0,True,True,income,100,continue_after_avalanche,period_end,income,income__c0p50__lognormal__biased__random,8,9,c,0.5,
2026920010,True,300,23535,1,500,63,500,23535,500,90,63,63,13959,300,0.315,True,3943,3943,90,0.5149695663200611,0.9807874714684253,0,124,200,20.0,lognormal,biased,random,0.02,0.2,0.5,5.0,1.0,0.1,300,0,0.0,True,True,income,100,continue_after_avalanche,period_end,income,income__c0p50__lognormal__biased__random,8,10,c,0.5,
2026920011,True,300,21415,1,500,56,500,21415,500,63,62,62,12665,300,0.31,True,3440,3440,63,0.45136337209302346,0.9852383720930233,0,108,200,20.0,lognormal,biased,random,0.02,0.2,0.5,5.0,1.0,0.1,300,0,0.0,True,True,income,100,continue_after_avalanche,period_end,income,income__c0p50__lognormal__biased__random,8,11,c,0.5,
2026920012,True,300,24430,1,500,64,500,24430,500,89,64,64,14054,300,0.32,True,4110,4110,89,0.5145352798053529,0.9870437956204381,0,131,200,20.0,lognormal,biased,random,0.02,0.2,0.5,5.0,1.0,0.1,300,0,0.0,True,True,income,100,continue_after_avalanche,period_end,income,income__c0p50__lognormal__biased__random,8,12,c,0.5,
2026920013,True,300,22244,1,500,65,500,22244,500,176,59,59,13556,300,0.295,True,3683,3683,176,0.5140958457778986,0.9772590279663318,0,126,200,20.0,lognormal,biased,random,0.02,0.2,0.5,5.0,1.0,0.1,300,0,0.0,True,True,income,100,continue_after_avalanche,period_end,income,income__c0p50__lognormal__biased__random,8,13,c,0.5,
2026920014,True,300,24974,1,500,66,500,24974,500,91,64,64,14312,300,0.32,True,4153,4153,91,0.5070948711774621,0.9855634481098003,0,134,200,20.0,lognormal,biased,random,0.02,0.2,0.5,5.0,1.0,0.1,300,0,0.0,True,True,income,100,continue_after_avalanche,period_end,income,income__c0p50__lognormal__biased__random,8,14,c,0.5,
2026920015,True,300,23819,1,500,63,500,23819,500,96,67,67,13898,300,0.335,True,3924,3924,96,0.4914398572884813,0.9788710499490316,0,123,200,20.0,lognormal,biased,random,0.02,0.2,0.5,5.0,1.0,0.1,300,0,0.0,True,True,income,100,continue_after_avalanche,period_end,income,income__c0p50__lognormal__biased__random,8,15,c,0.5,
2026920016,True,300,24133,1,500,67,500,24133,500,56,65,65,14651,300,0.325,True,4224,4224,56,0.5637807765151517,0.9890411931818184,0,132,200,20.0,lognormal,biased,random,0.02,0.2,0.5,5.0,1.0,0.1,300,0,0.0,True,True,income,100,continue_after_avalanche,period_end,income,income__c0p50__lognormal__biased__random,8,16,c,0.5,
2026920017,True,300,23692,1,500,64,500,23692,500,75,65,65,14399,300,0.325,True,4059,4059,75,0.5399667405764967,0.9882914510963292,0,126,200,20.0,lognormal,biased,random,0.02,0.2,0.5,5.0,1.0,0.1,300,0,0.0,True,True,income,100,continue_after_avalanche,period_end,income,income__c0p50__lognormal__biased__random,8,17,c,0.5,
2026920018,True,300,25008,1,500,66,500,25008,500,120,68,68,14183,300,0.34,True,4084,4084,120,0.4961238981390794,0.9854627815866799,0,133,200,20.0,lognormal,biased,random,0.02,0.2,0.5,5.0,1.0,0.1,300,0,0.0,True,True,income,100,continue_after_avalanche,period_end,income,income__c0p50__lognormal__biased__random,8,18,c,0.5,
2026920019,True,300,28097,1,500,75,500,28097,500,86,71,71,16102,300,0.355,True,4782,4782,86,0.5423107486407361,0.984378920953576,0,150,200,20.0,lognormal,biased,random,0.02,0.2,0.5,5.0,1.0,0.1,300,0,0.0,True,True,income,100,continue_after_avalanche,period_end,income,income__c0p50__lognormal__biased__random,8,19,c,0.5,
2026920020,True,300,24964,1,500,68,500,24964,500,28,64,64,14958,300,0.32,True,4402,4402,28,0.5180963198546116,0.9902862335302136,0,141,200,20.0,lognormal,biased,random,0.02,0.2,0.5,5.0,1.0,0.1,300,0,0.0,True,True,income,100,continue_after_avalanche,period_end,income,income__c0p50__lognormal__biased__random,8,20,c,0.5,
2026920021,True,300,26080,1,500,70,500,26080,500,213,67,67,15258,300,0.335,True,4409,4409,213,0.5273021093218417,0.9769278748015424,0,150,200,20.0,lognormal,biased,random,0.02,0.2,0.5,5.0,1.0,0.1,300,0,0.0,True,True,income,100,continue_after_avalanche,period_end,income,income__c0p50__lognormal__biased__random,8,21,c,0.5,
2026920022,True,300,21537,1,500,56,500,21537,500,79,61,61,12895,300,0.305,True,3519,3519,79,0.4800554134697359,0.9849147485080989,0,113,200,20.0,lognormal,biased,random,0.02,0.2,0.5,5.0,1.0,0.1,300,0,0.0,True,True,income,100,continue_after_avalanche,period_end,income,income__c0p50__lognormal__biased__random,8,22,c,0.5,
2026920023,True,300,23900,1,500,66,500,23900,500,90,62,62,14133,300,0.31,True,3995,3995,90,0.49035168961201503,0.9856207759699627,0,132,200,20.0,lognormal,biased,random,0.02,0.2,0.5,5.0,1.0,0.1,300,0,0.0,True,True,income,100,continue_after_avalanche,period_end,income,income__c0p50__lognormal__biased__random,8,23,c,0.5,
2026920024,True,300,26394,1,500,70,500,26394,500,69,73,73,15764,300,0.365,True,4695,4695,69,0.5821778487752929,0.9924419595314165,0,137,200,20.0,lognormal,biased,random,0.02,0.2,0.5,5.0,1.0,0.1,300,0,0.0,True,True,income,100,continue_after_avalanche,period_end,income,income__c0p50__lognormal__biased__random,8,24,c,0.5,
2026920025,True,300,24811,1,500,65,500,24811,500,30,68,68,14682,300,0.34,True,4237,4237,30,0.5385260797734246,0.9903858862402644,0,130,200,20.0,lognormal,biased,random,0.02,0.2,0.5,5.0,1.0,0.1,300,0,0.0,True,True,income,100,continue_after_avalanche,period_end,income,income__c0p50__lognormal__biased__random,8,25,c,0.5,
2026920026,True,300,23634,1,500,62,500,23634,500,129,61,61,13756,300,0.305,True,3884,3884,129,0.4935298661174048,0.9863542739443873,0,129,200,20.0,lognormal,biased,random,0.02,0.2,0.5,5.0,1.0,0.1,300,0,0.0,True,True,income,100,continue_after_avalanche,period_end,income,income__c0p50__lognormal__biased__random,8,26,c,0.5,
2026920027,True,300,22568,1,500,58,500,22568,500,107,61,61,13190,300,0.305,True,3670,3670,107,0.4897520435967304,0.9826702997275205,0,115,200,20.0,lognormal,biased,random,0.02,0.2,0.5,5.0,1.0,0.1,300,0,0.0,True,True,income,100,continue_after_avalanche,period_end,income,income__c0p50__lognormal__biased__random,8,27,c,0.5,
2026920028,True,300,22680,1,500,57,500,22680,500,49,60,60,13135,300,0.3,True,3613,3613,49,0.47907140880154997,0.9865112095211737,0,116,200,20.0,lognormal,biased,random,0.02,0.2,0.5,5.0,1.0,0.1,300,0,0.0,True,True,income,100,continue_after_avalanche,period_end,income,income__c0p50__lognormal__biased__random,8,28,c,0.5,
2026920029,True,300,28557,1,500,76,500,28557,500,76,72,72,16099,300,0.36,True,4870,4870,76,0.5251252566735114,0.9823655030800822,0,155,200,20.0,lognormal,biased,random,0.02,0.2,0.5,5.0,1.0,0.1,300,0,0.0,True,True,income,100,continue_after_avalanche,period_end,income,income__c0p50__lognormal__biased__random,8,29,c,0.5,
2026920030,True,300,29716,1,500,78,500,29716,500,103,72,72,17126,300,0.36,True,5265,5265,103,0.5579420702754037,0.9890626780626781,0,156,200,20.0,lognormal,biased,random,0.02,0.2,0.5,5.0,1.0,0.1,300,0,0.0,True,True,income,100,continue_after_avalanche,period_end,income,income__c0p50__lognormal__biased__random,8,30,c,0.5,
2026920031,True,300,22491,1,500,60,500,22491,500,30,62,62,13706,300,0.31,True,3778,3778,30,0.5310640550555852,0.9875754367390155,0,122,200,20.0,lognormal,biased,random,0.02,0.2,0.5,5.0,1.0,0.1,300,0,0.0,True,True,income,100,continue_after_avalanche,period_end,income,income__c0p50__lognormal__biased__random,8,31,c,0.5,
2026920032,True,300,26736,1,500,71,500,26736,500,124,68,68,15079,300,0.34,True,4440,4440,124,0.5077725225225227,0.9818445945945946,0,140,200,20.0,lognormal,biased,random,0.02,0.2,0.5,5.0,1.0,0.1,300,0,0.0,True,True,income,100,continue_after_avalanche,period_end,income,income__c0p50__lognormal__biased__random,8,32,c,0.5,
2026920033,True,300,21913,1,500,56,500,21913,500,60,58,58,13162,300,0.29,True,3645,3645,60,0.5044293552812071,0.9914389574759945,0,114,200,20.0,lognormal,biased,random,0.02,0.2,0.5,5.0,1.0,0.1,300,0,0.0,True,True,income,100,continue_after_avalanche,period_end,income,income__c0p50__lognormal__biased__random,8,33,c,0.5,
2026920034,True,300,21465,1,500,56,500,21465,500,40,60,60,12954,300,0.3,True,3567,3567,40,0.49268713204373427,0.9863540790580321,0,115,200,20.0,lognormal,biased,random,0.02,0.2,0.5,5.0,1.0,0.1,300,0,0.0,True,True,income,100,continue_after_avalanche,period_end,income,income__c0p50__lognormal__biased__random,8,34,c,0.5,
2026920035,True,300,24638,1,500,64,500,24638,500,161,65,65,14090,300,0.325,True,3995,3995,161,0.49509511889862345,0.9822140175219025,0,128,200,20.0,lognormal,biased,random,0.02,0.2,0.5,5.0,1.0,0.1,300,0,0.0,True,True,income,100,continue_after_avalanche,period_end,income,income__c0p50__lognormal__biased__random,8,35,c,0.5,
2026920036,True,300,23479,1,500,62,500,23479,500,51,68,68,14061,300,0.34,True,3954,3954,51,0.533216995447648,0.9937961557916035,0,123,200,20.0,lognormal,biased,random,0.02,0.2,0.5,5.0,1.0,0.1,300,0,0.0,True,True,income,100,continue_after_avalanche,period_end,income,income__c0p50__lognormal__biased__random,8,36,c,0.5,
2026920037,True,300,24764,1,500,69,500,24764,500,122,64,64,14325,300,0.32,True,4143,4143,122,0.5208918657977313,0.9819442433019552,0,140,200,20.0,lognormal,biased,random,0.02,0.2,0.5,5.0,1.0,0.1,300,0,0.0,True,True,income,100,continue_after_avalanche,period_end,income,income__c0p50__lognormal__biased__random,8,37,c,0.5,
2026920038,True,300,22758,1,500,56,500,22758,500,72,61,61,13368,300,0.305,True,3683,3683,72,0.5045574260114039,0.989341569372794,0,115,200,20.0,lognormal,biased,random,0.02,0.2,0.5,5.0,1.0,0.1,300,0,0.0,True,True,income,100,continue_after_avalanche,period_end,income,income__c0p50__lognormal__biased__random,8,38,c,0.5,
2026920039,True,300,25488,1,500,64,500,25488,500,55,64,64,14453,300,0.32,True,4193,4193,55,0.4943870736942524,0.9863498688290009,0,132,200,20.0,lognormal,biased,random,0.02,0.2,0.5,5.0,1.0,0.1,300,0,0.0,True,True,income,100,continue_after_avalanche,period_end,income,income__c0p50__lognormal__biased__random,8,39,c,0.5,
2026920040,True,300,22274,1,500,60,500,22274,500,165,60,60,13321,300,0.3,True,3695,3695,165,0.5024533152909338,0.9786535859269283,0,127,200,20.0,lognormal,biased,random,0.02,0.2,0.5,5.0,1.0,0.1,300,0,0.0,True,True,income,100,continue_after_avalanche,period_end,income,income__c0p50__lognormal__biased__random,8,40,c,0.5,
2026920041,True,300,24706,1,500,66,500,24706,500,249,65,65,14022,300,0.325,True,4018,4018,249,0.49567446490791456,0.9818317570930812,0,130,200,20.0,lognormal,biased,random,0.02,0.2,0.5,5.0,1.0,0.1,300,0,0.0,True,True,income,100,continue_after_avalanche,period_end,income,income__c0p50__lognormal__biased__random,8,41,c,0.5,
2026920042,True,300,27616,1,500,78,500,27616,500,164,68,68,15450,300,0.34,True,4547,4547,164,0.5149494171981528,0.9811271167802949,0,147,200,20.0,lognormal,biased,random,0.02,0.2,0.5,5.0,1.0,0.1,300,0,0.0,True,True,income,100,continue_after_avalanche,period_end,income,income__c0p50__lognormal__biased__random,8,42,c,0.5,
2026920043,True,300,26415,1,500,74,500,26415,500,132,69,69,15182,300,0.345,True,4464,4464,132,0.51891353046595,0.988239247311828,0,151,200,20.0,lognormal,biased,random,0.02,0.2,0.5,5.0,1.0,0.1,300,0,0.0,True,True,income,100,continue_after_avalanche,period_end,income,income__c0p50__lognormal__biased__random,8,43,c,0.5,
2026920044,True,300,23260,1,500,61,500,23260,500,83,64,64,13928,300,0.32,True,3924,3924,83,0.5167023445463814,0.9864016309887871,0,122,200,20.0,lognormal,biased,random,0.02,0.2,0.5,5.0,1.0,0.1,300,0,0.0,True,True,income,100,continue_after_avalanche,period_end,income,income__c0p50__lognormal__biased__random,8,44,c,0.5,
2026920045,True,300,20835,1,500,58,500,20835,500,115,62,62,12611,300,0.31,True,3355,3355,115,0.4716110283159465,0.9812473919523101,0,115,200,20.0,lognormal,biased,random,0.02,0.2,0.5,5.0,1.0,0.1,300,0,0.0,True,True,income,100,continue_after_avalanche,period_end,income,income__c0p50__lognormal__biased__random,8,45,c,0.5,
2026920046,True,300,23362,1,500,56,500,23362,500,28,64,64,13837,300,0.32,True,3868,3868,28,0.5054653567735266,0.994358841778697,0,115,200,20.0,lognormal,biased,random,0.02,0.2,0.5,5.0,1.0,0.1,300,0,0.0,True,True,income,100,continue_after_avalanche,period_end,income,income__c0p50__lognormal__biased__random,8,46,c,0.5,
2026920047,True,300,19043,1,500,48,500,19043,500,7,54,54,11943,300,0.27,True,3186,3186,7,0.5034274952919022,0.9931355932203392,0,92,200,20.0,lognormal,biased,random,0.02,0.2,0.5,5.0,1.0,0.1,300,0,0.0,True,True,income,100,continue_after_avalanche,period_end,income,income__c0p50__lognormal__biased__random,8,47,c,0.5,
2026920048,True,300,26507,1,500,72,500,26507,500,258,65,65,14642,300,0.325,True,4244,4244,258,0.5152450518378888,0.975918944392083,0,140,200,20.0,lognormal,biased,random,0.02,0.2,0.5,5.0,1.0,0.1,300,0,0.0,True,True,income,100,continue_after_avalanche,period_end,income,income__c0p50__lognormal__biased__random,8,48,c,0.5,
2026920049,True,300,23188,1,500,56,500,23188,500,35,61,61,13821,300,0.305,True,3882,3882,35,0.526898505924781,0.9929443585780526,0,123,200,20.0,lognormal,biased,random,0.02,0.2,0.5,5.0,1.0,0.1,300,0,0.0,True,True,income,100,continue_after_avalanche,period_end,income,income__c0p50__lognormal__biased__random,8,49,c,0.5,
2026920050,True,300,26417,1,500,70,500,26417,500,103,71,71,15283,300,0.355,True,4479,4479,103,0.5527137753962938,0.9910102701495871,0,138,200,20.0,lognormal,biased,random,0.02,0.2,0.5,5.0,1.0,0.1,300,0,0.0,True,True,income,100,continue_after_avalanche,period_end,income,income__c0p50__lognormal__biased__random,8,50,c,0.5,
2026920051,True,300,22745,1,500,63,500,22745,500,77,63,63,13723,300,0.315,True,3809,3809,77,0.5409858230506697,0.9809779469677082,0,129,200,20.0,lognormal,biased,random,0.02,0.2,0.5,5.0,1.0,0.1,300,0,0.0,True,True,income,100,continue_after_avalanche,period_end,income,income__c0p50__lognormal__biased__random,8,51,c,0.5,
2026920052,True,300,24739,1,500,70,500,24739,500,200,64,64,14587,300,0.32,True,4097,4097,200,0.5155565047595803,0.9760495484500855,0,138,200,20.0,lognormal,biased,random,0.02,0.2,0.5,5.0,1.0,0.1,300,0,0.0,True,True,income,100,continue_after_avalanche,period_end,income,income__c0p50__lognormal__biased__random,8,52,c,0.5,
2026920053,True,300,23759,1,500,66,500,23759,500,156,62,62,14321,300,0.31,True,4011,4011,156,0.5599887808526554,0.9783034156070807,0,130,200,20.0,lognormal,biased,random,0.02,0.2,0.5,5.0,1.0,0.1,300,0,0.0,True,True,income,100,continue_after_avalanche,period_end,income,income__c0p50__lognormal__biased__random,8,53,c,0.5,
2026920054,True,300,22104,1,500,56,500,22104,500,29,59,59,13077,300,0.295,True,3615,3615,29,0.5061313969571233,0.9922918395573999,0,115,200,20.0,lognormal,biased,random,0.02,0.2,0.5,5.0,1.0,0.1,300,0,0.0,True,True,income,100,continue_after_avalanche,period_end,income,income__c0p50__lognormal__biased__random,8,54,c,0.5,
2026920055,True,300,25457,1,500,70,500,25457,500,64,70,70,15034,300,0.35,True,4377,4377,64,0.5501930546036098,0.9893317340644279,0,133,200,20.0,lognormal,biased,random,0.02,0.2,0.5,5.0,1.0,0.1,300,0,0.0,True,True,income,100,continue_after_avalanche,period_end,income,income__c0p50__lognormal__biased__random,8,55,c,0.5,
2026920056,True,300,23571,1,500,59,500,23571,500,16,62,62,14099,300,0.31,True,3959,3959,16,0.5141134124778985,0.9940654205607478,0,117,200,20.0,lognormal,biased,random,0.02,0.2,0.5,5.0,1.0,0.1,300,0,0.0,True,True,income,100,continue_after_avalanche,period_end,income,income__c0p50__lognormal__biased__random,8,56,c,0.5,
2026920057,True,300,20839,1,500,51,500,20839,500,12,58,58,12917,300,0.29,True,3566,3566,12,0.5086427369601796,0.9941531127313517,0,104,200,20.0,lognormal,biased,random,0.02,0.2,0.5,5.0,1.0,0.1,300,0,0.0,True,True,income,100,continue_after_avalanche,period_end,income,income__c0p50__lognormal__biased__random,8,57,c,0.5,
2026920058,True,300,24746,1,500,67,500,24746,500,59,66,66,14718,300,0.33,True,4234,4234,59,0.5634411903637224,0.9866580066131319,0,136,200,20.0,lognormal,biased,random,0.02,0.2,0.5,5.0,1.0,0.1,300,0,0.0,True,True,income,100,continue_after_avalanche,period_end,income,income__c0p50__lognormal__biased__random,8,58,c,0.5,
2026920059,True,300,25546,1,500,64,500,25546,500,38,64,64,14648,300,0.32,True,4275,4275,38,0.4925064327485382,0.9901415204678363,0,127,200,20.0,lognormal,biased,random,0.02,0.2,0.5,5.0,1.0,0.1,300,0,0.0,True,True,income,100,continue_after_avalanche,period_end,income,income__c0p50__lognormal__biased__random,8,59,c,0.5,
2027020000,True,300,24145,3,1210,59,500,24145,1210,40,63,63,13625,298,0.315,True,4004,4004,40,0.331441058941059,0.9910814185814187,0,120,200,20.0,pareto,biased,random,0.02,0.2,0.5,5.0,1.0,0.1,300,0,0.0,True,True,income,100,continue_after_avalanche,period_end,income,income__c0p50__pareto__biased__random,9,0,c,0.5,
2027020001,True,300,22679,2,892,58,500,22679,892,28,63,63,13662,299,0.315,True,3998,3998,28,0.3812806403201603,0.9935967983991998,0,120,200,20.0,pareto,biased,random,0.02,0.2,0.5,5.0,1.0,0.1,300,0,0.0,True,True,income,100,continue_after_avalanche,period_end,income,income__c0p50__pareto__biased__random,9,1,c,0.5,
2027020002,True,300,23976,4,1466,62,500,23976,1466,65,65,65,13874,297,0.325,True,4006,4006,65,0.3784897653519721,0.9902571143285073,0,124,200,20.0,pareto,biased,random,0.02,0.2,0.5,5.0,1.0,0.1,300,0,0.0,True,True,income,100,continue_after_avalanche,period_end,income,income__c0p50__pareto__biased__random,9,2,c,0.5,
2027020003,True,300,23460,3,1197,57,500,23460,1197,13,63,63,13263,298,0.315,True,4004,4004,13,0.29019480519480534,0.9949475524475526,0,114,200,20.0,pareto,biased,random,0.02,0.2,0.5,5.0,1.0,0.1,300,0,0.0,True,True,income,100,continue_after_avalanche,period_end,income,income__c0p50__pareto__biased__random,9,3,c,0.5,
2027020004,True,300,20722,2,890,58,500,20722,890,2,68,68,13239,299,0.34,True,4002,4002,2,0.4499975012493753,0.9949475262368817,0,116,200,20.0,pareto,biased,random,0.02,0.2,0.5,5.0,1.0,0.1,300,0,0.0,True,True,income,100,continue_after_avalanche,period_end,income,income__c0p50__pareto__biased__random,9,4,c,0.5,
2027020005,True,300,24403,2,884,62,500,24403,884,70,64,64,13531,298,0.32,True,3998,3998,70,0.3107153576788395,0.9876888444222112,0,128,200,20.0,pareto,biased,random,0.02,0.2,0.5,5.0,1.0,0.1,300,0,0.0,True,True,income,100,continue_after_avalanche,period_end,income,income__c0p50__pareto__biased__random,9,5,c,0.5,
2027020006,True,300,24430,3,1216,58,500,24430,1216,11,61,61,13378,298,0.305,True,4006,4006,11,0.2719171243135299,0.991427858212681,0,117,200,20.0,pareto,biased,random,0.02,0.2,0.5,5.0,1.0,0.1,300,0,0.0,True,True,income,100,continue_after_avalanche,period_end,income,income__c0p50__pareto__biased__random,9,6,c,0.5,
2027020007,True,300,24639,3,1205,65,500,24639,1205,127,64,64,13736,298,0.32,True,3999,3999,127,0.3366504126031509,0.982551887971993,0,126,200,20.0,pareto,biased,random,0.02,0.2,0.5,5.0,1.0,0.1,300,0,0.0,True,True,income,100,continue_after_avalanche,period_end,income,income__c0p50__pareto__biased__random,9,7,c,0.5,
2027020008,True,300,24073,3,1208,64,500,24073,1208,85,62,62,13713,298,0.31,True,3998,3998,85,0.3538419209604804,0.9877488744372187,0,132,200,20.0,pareto,biased,random,0.02,0.2,0.5,5.0,1.0,0.1,300,0,0.0,True,True,income,100,continue_after_avalanche,period_end,income,income__c0p50__pareto__biased__random,9,8,c,0.5,
2027020009,True,300,24933,4,1464,64,500,24933,1464,80,61,61,13256,297,0.305,True,4001,4001,80,0.2597938015496126,0.9868845288677832,0,125,200,20.0,pareto,biased,random,0.02,0.2,0.5,5.0,1.0,0.1,300,0,0.0,True,True,income,100,continue_after_avalanche,period_end,income,income__c0p50__pareto__biased__random,9,9,c,0.5,
2027020010,True,300,23558,2,892,64,500,23558,892,55,68,68,13835,299,0.34,True,4002,4002,55,0.38842078960519744,0.9917316341829086,0,128,200,20.0,pareto,biased,random,0.02,0.2,0.5,5.0,1.0,0.1,300,0,0.0,True,True,income,100,continue_after_avalanche,period_end,income,income__c0p50__pareto__biased__random,9,10,c,0.5,
2027020011,True,300,24697,4,1452,60,500,24697,1452,35,64,64,13212,296,0.32,True,4003,4003,35,0.2781151636272796,0.9918473644766426,0,125,200,20.0,pareto,biased,random,0.02,0.2,0.5,5.0,1.0,0.1,300,0,0.0,True,True,income,100,continue_after_avalanche,period_end,income,income__c0p50__pareto__biased__random,9,11,c,0.5,
2027020012,True,300,25327,4,1463,63,500,25327,1463,73,62,62,13102,297,0.31,True,4001,4001,73,0.25276805798550384,0.9822281929517622,0,122,200,20.0,pareto,biased,random,0.02,0.2,0.5,5.0,1.0,0.1,300,0,0.0,True,True,income,100,continue_after_avalanche,period_end,income,income__c0p50__pareto__biased__random,9,12,c,0.5,
2027020013,True,300,24414,2,892,60,500,24414,892,85,64,64,13473,299,0.32,True,4009,4009,85,0.3043614367672738,0.9863694188076828,0,129,200,20.0,pareto,biased,random,0.02,0.2,0.5,5.0,1.0,0.1,300,0,0.0,True,True,income,100,continue_after_avalanche,period_end,income,income__c0p50__pareto__biased__random,9,13,c,0.5,
2027020014,True,300,24109,2,884,64,500,24109,884,84,61,61,14079,299,0.305,True,3996,3996,84,0.3941366366366368,0.9861736736736737,0,122,200,20.0,pareto,biased,random,0.02,0.2,0.5,5.0,1.0,0.1,300,0,0.0,True,True,income,100,continue_after_avalanche,period_end,income,income__c0p50__pareto__biased__random,9,14,c,0.5,
2027020015,True,300,25452,2,893,69,500,25452,893,176,67,67,13536,299,0.335,True,3999,3999,176,0.31065891472868223,0.9710265066266568,0,136,200,20.0,pareto,biased,random,0.02,0.2,0.5,5.0,1.0,0.1,300,0,0.0,True,True,income,100,continue_after_avalanche,period_end,income,income__c0p50__pareto__biased__random,9,15,c,0.5,
2027020016,True,300,22238,3,1201,61,500,22238,1201,12,62,62,13626,298,0.31,True,4002,4002,12,0.4012643678160921,0.9911769115442279,0,118,200,20.0,pareto,biased,random,0.02,0.2,0.5,5.0,1.0,0.1,300,0,0.0,True,True,income,100,continue_after_avalanche,period_end,income,income__c0p50__pareto__biased__random,9,16,c,0.5,
2027020017,True,300,22811,3,1190,62,500,22811,1190,39,63,63,13437,298,0.315,True,3995,3995,39,0.3801889862327912,0.9939511889862329,0,121,200,20.0,pareto,biased,random,0.02,0.2,0.5,5.0,1.0,0.1,300,0,0.0,True,True,income,100,continue_after_avalanche,period_end,income,income__c0p50__pareto__biased__random,9,17,c,0.5,
2027020018,True,300,25726,4,1460,67,500,25726,1460,192,64,64,13458,297,0.32,True,4005,4005,192,0.2882459425717854,0.9805205992509365,0,129,200,20.0,pareto,biased,random,0.02,0.2,0.5,5.0,1.0,0.1,300,0,0.0,True,True,income,100,continue_after_avalanche,period_end,income,income__c0p50__pareto__biased__random,9,18,c,0.5,
2027020019,True,300,25766,4,1462,68,500,25766,1462,93,65,65,13176,297,0.325,True,4000,4000,93,0.2681475000000002,0.9814700000000001,0,131,200,20.0,pareto,biased,random,0.02,0.2,0.5,5.0,1.0,0.1,300,0,0.0,True,True,income,100,continue_after_avalanche,period_end,income,income__c0p50__pareto__biased__random,9,19,c,0.5,
2027020020,True,300,24511,4,1461,59,500,24511,1461,28,63,63,13154,297,0.315,True,3997,3997,28,0.28102201651238445,0.9946747560670504,0,118,200,20.0,pareto,biased,random,0.02,0.2,0.5,5.0,1.0,0.1,300,0,0.0,True,True,income,100,continue_after_avalanche,period_end,income,income__c0p50__pareto__biased__random,9,20,c,0.5,
2027020021,True,300,24536,2,888,64,500,24536,888,75,63,63,13605,299,0.315,True,3999,3999,75,0.32534008502125533,0.9893185796449113,0,129,200,20.0,pareto,biased,random,0.02,0.2,0.5,5.0,1.0,0.1,300,0,0.0,True,True,income,100,continue_after_avalanche,period_end,income,income__c0p50__pareto__biased__random,9,21,c,0.5,
2027020022,True,300,25292,2,884,62,500,25292,884,72,64,64,13377,299,0.32,True,4014,4014,72,0.2800174389636274,0.9912381664175387,0,126,200,20.0,pareto,biased,random,0.02,0.2,0.5,5.0,1.0,0.1,300,0,0.0,True,True,income,100,continue_after_avalanche,period_end,income,income__c0p50__pareto__biased__random,9,22,c,0.5,
2027020023,True,300,24267,3,1205,66,500,24267,1205,160,61,61,13853,298,0.305,True,4000,4000,160,0.3296300000000001,0.9891650000000001,0,132,200,20.0,pareto,biased,random,0.02,0.2,0.5,5.0,1.0,0.1,300,0,0.0,True,True,income,100,continue_after_avalanche,period_end,income,income__c0p50__pareto__biased__random,9,23,c,0.5,
2027020024,True,300,23470,2,892,65,500,23470,892,87,62,62,13848,299,0.31,True,3996,3996,87,0.3672547547547549,0.9842267267267268,0,131,200,20.0,pareto,biased,random,0.02,0.2,0.5,5.0,1.0,0.1,300,0,0.0,True,True,income,100,continue_after_avalanche,period_end,income,income__c0p50__pareto__biased__random,9,24,c,0.5,
2027020025,True,300,23747,3,1195,63,500,23747,1195,57,62,62,13673,298,0.31,True,3998,3998,57,0.3218134067033518,0.9845497748874439,0,128,200,20.0,pareto,biased,random,0.02,0.2,0.5,5.0,1.0,0.1,300,0,0.0,True,True,income,100,continue_after_avalanche,period_end,income,income__c0p50__pareto__biased__random,9,25,c,0.5,
2027020026,True,300,24462,3,1201,62,500,24462,1201,39,61,61,13566,298,0.305,True,4010,4010,39,0.2926334164588529,0.9885361596009976,0,121,200,20.0,pareto,biased,random,0.02,0.2,0.5,5.0,1.0,0.1,300,0,0.0,True,True,income,100,continue_after_avalanche,period_end,income,income__c0p50__pareto__biased__random,9,26,c,0.5,
2027020027,True,300,23268,3,1205,60,500,23268,1205,31,62,62,13578,298,0.31,True,4010,4010,31,0.33767581047381556,0.9933591022443891,0,118,200,20.0,pareto,biased,random,0.02,0.2,0.5,5.0,1.0,0.1,300,0,0.0,True,True,income,100,continue_after_avalanche,period_end,income,income__c0p50__pareto__biased__random,9,27,c,0.5,
2027020028,True,300,22915,2,894,60,500,22915,894,4,61,61,13419,298,0.305,True,3996,3996,4,0.3620195195195197,0.9949474474474476,0,117,200,20.0,pareto,biased,random,0.02,0.2,0.5,5.0,1.0,0.1,300,0,0.0,True,True,income,100,continue_after_avalanche,period_end,income,income__c0p50__pareto__biased__random,9,28,c,0.5,
2027020029,True,300,21783,2,892,57,500,21783,892,11,62,62,13537,299,0.31,True,4001,4001,11,0.4058747813046739,0.9949475131217196,0,114,200,20.0,pareto,biased,random,0.02,0.2,0.5,5.0,1.0,0.1,300,0,0.0,True,True,income,100,continue_after_avalanche,period_end,income,income__c0p50__pareto__biased__random,9,29,c,0.5,
2027020030,True,300,23181,2,888,62,500,23181,888,68,62,62,13885,298,0.31,True,3995,3995,68,0.35193617021276613,0.9910425531914895,0,129,200,20.0,pareto,biased,random,0.02,0.2,0.5,5.0,1.0,0.1,300,0,0.0,True,True,income,100,continue_after_avalanche,period_end,income,income__c0p50__pareto__biased__random,9,30,c,0.5,
2027020031,True,300,24399,3,1207,62,500,24399,1207,79,61,61,13207,297,0.305,True,3990,3990,79,0.29449874686716804,0.9913233082706767,0,119,200,20.0,pareto,biased,random,0.02,0.2,0.5,5.0,1.0,0.1,300,0,0.0,True,True,income,100,continue_after_avalanche,period_end,income,income__c0p50__pareto__biased__random,9,31,c,0.5,
2027020032,True,300,23615,2,890,62,500,23615,890,106,66,66,13796,299,0.33,True,3998,3998,106,0.3718734367183594,0.9841545772886444,0,125,200,20.0,pareto,biased,random,0.02,0.2,0.5,5.0,1.0,0.1,300,0,0.0,True,True,income,100,continue_after_avalanche,period_end,income,income__c0p50__pareto__biased__random,9,32,c,0.5,
2027020033,True,300,24033,2,895,64,500,24033,895,19,63,63,13359,299,0.315,True,3995,3995,19,0.32106508135168976,0.9904217772215269,0,127,200,20.0,pareto,biased,random,0.02,0.2,0.5,5.0,1.0,0.1,300,0,0.0,True,True,income,100,continue_after_avalanche,period_end,income,income__c0p50__pareto__biased__random,9,33,c,0.5,
2027020034,True,300,24723,2,888,66,500,24723,888,99,65,65,13364,299,0.325,True,4003,4003,99,0.31201723707219586,0.9808356232825381,0,129,200,20.0,pareto,biased,random,0.02,0.2,0.5,5.0,1.0,0.1,300,0,0.0,True,True,income,100,continue_after_avalanche,period_end,income,income__c0p50__pareto__biased__random,9,34,c,0.5,
2027020035,True,300,24980,3,1201,68,500,24980,1201,261,63,63,13570,298,0.315,True,4006,4006,261,0.2980429355966052,0.9756565152271595,0,133,200,20.0,pareto,biased,random,0.02,0.2,0.5,5.0,1.0,0.1,300,0,0.0,True,True,income,100,continue_after_avalanche,period_end,income,income__c0p50__pareto__biased__random,9,35,c,0.5,
2027020036,True,300,24087,4,1462,65,500,24087,1462,55,60,60,13344,297,0.3,True,3990,3990,55,0.3238145363408522,0.9900000000000002,0,126,200,20.0,pareto,biased,random,0.02,0.2,0.5,5.0,1.0,0.1,300,0,0.0,True,True,income,100,continue_after_avalanche,period_end,income,income__c0p50__pareto__biased__random,9,36,c,0.5,
2027020037,True,300,24425,3,1196,62,500,24425,1196,103,67,67,13619,297,0.335,True,4003,4003,103,0.314832625530852,0.9816924806395204,0,127,200,20.0,pareto,biased,random,0.02,0.2,0.5,5.0,1.0,0.1,300,0,0.0,True,True,income,100,continue_after_avalanche,period_end,income,income__c0p50__pareto__biased__random,9,37,c,0.5,
2027020038,True,300,23400,3,1196,62,500,23400,1196,39,62,62,13438,298,0.31,True,3999,3999,39,0.3375656414103527,0.9883433358339586,0,123,200,20.0,pareto,biased,random,0.02,0.2,0.5,5.0,1.0,0.1,300,0,0.0,True,True,income,100,continue_after_avalanche,period_end,income,income__c0p50__pareto__biased__random,9,38,c,0.5,
2027020039,True,300,23395,2,896,60,500,23395,896,68,64,64,13849,299,0.32,True,4009,4009,68,0.37583811424295344,0.9881329508605639,0,126,200,20.0,pareto,biased,random,0.02,0.2,0.5,5.0,1.0,0.1,300,0,0.0,True,True,income,100,continue_after_avalanche,period_end,income,income__c0p50__pareto__biased__random,9,39,c,0.5,
2027020040,True,300,24052,4,1460,62,500,24052,1460,61,63,63,13496,297,0.315,True,4006,4006,61,0.29825262106839756,0.9877309036445332,0,127,200,20.0,pareto,biased,random,0.02,0.2,0.5,5.0,1.0,0.1,300,0,0.0,True,True,income,100,continue_after_avalanche,period_end,income,income__c0p50__pareto__biased__random,9,40,c,0.5,
2027020041,True,300,24881,4,1468,64,500,24881,1468,64,63,63,13300,297,0.315,True,4000,4000,64,0.2902300000000002,0.9896575000000001,0,123,200,20.0,pareto,biased,random,0.02,0.2,0.5,5.0,1.0,0.1,300,0,0.0,True,True,income,100,continue_after_avalanche,period_end,income,income__c0p50__pareto__biased__random,9,41,c,0.5,
2027020042,True,300,25099,3,1198,67,500,25099,1198,189,66,66,13634,298,0.33,True,3998,3998,189,0.2942571285642823,0.9849874937468734,0,132,200,20.0,pareto,biased,random,0.02,0.2,0.5,5.0,1.0,0.1,300,0,0.0,True,True,income,100,continue_after_avalanche,period_end,income,income__c0p50__pareto__biased__random,9,42,c,0.5,
2027020043,True,300,23904,2,887,58,500,23904,887,6,64,64,13071,299,0.32,True,4003,4003,6,0.2880627029727705,0.9949275543342495,0,115,200,20.0,pareto,biased,random,0.02,0.2,0.5,5.0,1.0,0.1,300,0,0.0,True,True,income,100,continue_after_avalanche,period_end,income,income__c0p50__pareto__biased__random,9,43,c,0.5,
2027020044,True,300,24104,2,894,62,500,24104,894,29,65,65,13678,299,0.325,True,3996,3996,29,0.33221471471471475,0.98991991991992,0,119,200,20.0,pareto,biased,random,0.02,0.2,0.5,5.0,1.0,0.1,300,0,0.0,True,True,income,100,continue_after_avalanche,period_end,income,income__c0p50__pareto__biased__random,9,44,c,0.5,
2027020045,True,300,25101,4,1450,62,500,25101,1450,96,68,68,13400,297,0.34,True,4006,4006,96,0.29313529705441854,0.9871417873190216,0,127,200,20.0,pareto,biased,random,0.02,0.2,0.5,5.0,1.0,0.1,300,0,0.0,True,True,income,100,continue_after_avalanche,period_end,income,income__c0p50__pareto__biased__random,9,45,c,0.5,
2027020046,True,300,24102,2,894,60,500,24102,894,47,63,63,13172,299,0.315,True,3999,3999,47,0.3039847461865468,0.9938847211802952,0,119,200,20.0,pareto,biased,random,0.02,0.2,0.5,5.0,1.0,0.1,300,0,0.0,True,True,income,100,continue_after_avalanche,period_end,income,income__c0p50__pareto__biased__random,9,46,c,0.5,
2027020047,True,300,24863,4,1452,64,500,24863,1452,56,63,63,13379,297,0.315,True,4003,4003,56,0.2887796652510619,0.9864489133150138,0,121,200,20.0,pareto,biased,random,0.02,0.2,0.5,5.0,1.0,0.1,300,0,0.0,True,True,income,100,continue_after_avalanche,period_end,income,income__c0p50__pareto__biased__random,9,47,c,0.5,
2027020048,True,300,23096,4,1452,58,500,23096,1452,39,64,64,13355,297,0.32,True,3999,3999,39,0.33309202300575147,0.9944273568392099,0,117,200,20.0,pareto,biased,random,0.02,0.2,0.5,5.0,1.0,0.1,300,0,0.0,True,True,income,100,continue_after_avalanche,period_end,income,income__c0p50__pareto__biased__random,9,48,c,0.5,
2027020049,True,300,26381,4,1473,64,500,26381,1473,104,66,66,13064,297,0.33,True,4003,4003,104,0.22956907319510367,0.9834811391456408,0,127,200,20.0,pareto,biased,random,0.02,0.2,0.5,5.0,1.0,0.1,300,0,0.0,True,True,income,100,continue_after_avalanche,period_end,income,income__c0p50__pareto__biased__random,9,49,c,0.5,
2027020050,True,300,24001,2,888,62,500,24001,888,66,62,62,13213,299,0.31,True,3992,3992,66,0.3371442885771545,0.986492985971944,0,123,200,20.0,pareto,biased,random,0.02,0.2,0.5,5.0,1.0,0.1,300,0,0.0,True,True,income,100,continue_after_avalanche,period_end,income,income__c0p50__pareto__biased__random,9,50,c,0.5,
2027020051,True,300,23445,3,1209,60,500,23445,1209,38,66,66,13431,298,0.33,True,3999,3999,38,0.3292585646411603,0.9892160540135035,0,119,200,20.0,pareto,biased,random,0.02,0.2,0.5,5.0,1.0,0.1,300,0,0.0,True,True,income,100,continue_after_avalanche,period_end,income,income__c0p50__pareto__biased__random,9,51,c,0.5,
2027020052,True,300,21397,2,886,58,500,21397,886,2,59,59,13424,299,0.295,True,4005,4005,2,0.4289625468164795,0.9949300873907616,0,114,200,20.0,pareto,biased,random,0.02,0.2,0.5,5.0,1.0,0.1,300,0,0.0,True,True,income,100,continue_after_avalanche,period_end,income,income__c0p50__pareto__biased__random,9,52,c,0.5,
2027020053,True,300,23592,1,500,62,500,23592,500,56,61,61,13714,300,0.305,True,4000,4000,56,0.3719950000000001,0.9897325000000001,0,126,200,20.0,pareto,biased,random,0.02,0.2,0.5,5.0,1.0,0.1,300,0,0.0,True,True,income,100,continue_after_avalanche,period_end,income,income__c0p50__pareto__biased__random,9,53,c,0.5,
2027020054,True,300,24792,3,1201,66,500,24792,1201,140,64,64,13372,298,0.32,True,4001,4001,140,0.32175581104723827,0.9835503624093977,0,130,200,20.0,pareto,biased,random,0.02,0.2,0.5,5.0,1.0,0.1,300,0,0.0,True,True,income,100,continue_after_avalanche,period_end,income,income__c0p50__pareto__biased__random,9,54,c,0.5,
2027020055,True,300,24068,3,1198,63,500,24068,1198,53,66,66,13635,297,0.33,True,3998,3998,53,0.3347948974487245,0.9882341170585294,0,125,200,20.0,pareto,biased,random,0.02,0.2,0.5,5.0,1.0,0.1,300,0,0.0,True,True,income,100,continue_after_avalanche,period_end,income,income__c0p50__pareto__biased__random,9,55,c,0.5,
2027020056,True,300,24655,4,1462,67,500,24655,1462,112,63,63,13539,297,0.315,True,4002,4002,112,0.29569465267366324,0.9818640679660171,0,131,200,20.0,pareto,biased,random,0.02,0.2,0.5,5.0,1.0,0.1,300,0,0.0,True,True,income,100,continue_after_avalanche,period_end,income,income__c0p50__pareto__biased__random,9,56,c,0.5,
2027020057,True,300,24453,3,1206,62,500,24453,1206,111,63,63,13343,298,0.315,True,3993,3993,111,0.3155659904833459,0.9866679188580016,0,124,200,20.0,pareto,biased,random,0.02,0.2,0.5,5.0,1.0,0.1,300,0,0.0,True,True,income,100,continue_after_avalanche,period_end,income,income__c0p50__pareto__biased__random,9,57,c,0.5,
2027020058,True,300,24892,3,1195,64,500,24892,1195,46,65,65,13688,297,0.325,True,4002,4002,46,0.29197901049475283,0.9874762618690656,0,122,200,20.0,pareto,biased,random,0.02,0.2,0.5,5.0,1.0,0.1,300,0,0.0,True,True,income,100,continue_after_avalanche,period_end,income,income__c0p50__pareto__biased__random,9,58,c,0.5,
2027020059,True,300,24430,2,888,62,500,24430,888,73,62,62,13733,299,0.31,True,3997,3997,73,0.34911308481361036,0.9839041781336002,0,123,200,20.0,pareto,biased,random,0.02,0.2,0.5,5.0,1.0,0.1,300,0,0.0,True,True,income,100,continue_after_avalanche,period_end,income,income__c0p50__pareto__biased__random,9,59,c,0.5,
2027120000,True,300,31587,1,600,82,600,31587,600,38,76,76,17962,300,0.38,True,4425,4425,38,0.5297909604519775,0.9928327683615821,0,136,200,20.0,lognormal,biased,random,0.02,0.2,0.6,5.0,1.0,0.1,300,0,0.0,True,True,income,100,continue_after_avalanche,period_end,income,income__c0p60__lognormal__biased__random,10,0,c,0.6,
2027120001,True,300,35542,1,600,89,600,35542,600,133,79,79,18532,300,0.395,True,4710,4710,133,0.4795435244161359,0.9885668789808919,0,149,200,20.0,lognormal,biased,random,0.02,0.2,0.6,5.0,1.0,0.1,300,0,0.0,True,True,income,100,continue_after_avalanche,period_end,income,income__c0p60__lognormal__biased__random,10,1,c,0.6,
2027120002,True,300,23663,1,600,60,600,23663,600,48,66,66,14244,300,0.33,True,2992,2992,48,0.45300133689839583,0.9899465240641712,0,98,200,20.0,lognormal,biased,random,0.02,0.2,0.6,5.0,1.0,0.1,300,0,0.0,True,True,income,100,continue_after_avalanche,period_end,income,income__c0p60__lognormal__biased__random,10,2,c,0.6,
2027120003,True,300,28108,1,600,74,600,28108,600,69,75,75,16709,300,0.375,True,3846,3846,69,0.5308450338013522,0.981409256370255,0,127,200,20.0,lognormal,biased,random,0.02,0.2,0.6,5.0,1.0,0.1,300,0,0.0,True,True,income,100,continue_after_avalanche,period_end,income,income__c0p60__lognormal__biased__random,10,3,c,0.6,
2027120004,True,300,32630,1,600,83,600,32630,600,213,73,73,17965,300,0.365,True,4356,4356,213,0.5161501377410469,0.987091368227732,0,140,200,20.0,lognormal,biased,random,0.02,0.2,0.6,5.0,1.0,0.1,300,0,0.0,True,True,income,100,continue_after_avalanche,period_end,income,income__c0p60__lognormal__biased__random,10,4,c,0.6,
2027120005,True,300,28284,1,600,73,600,28284,600,65,70,70,16576,300,0.35,True,3933,3933,65,0.5379773709636411,0.9849516908212561,0,125,200,20.0,lognormal,biased,random,0.02,0.2,0.6,5.0,1.0,0.1,300,0,0.0,True,True,income,100,continue_after_avalanche,period_end,income,income__c0p60__lognormal__biased__random,10,5,c,0.6,
2027120006,True,300,29255,1,600,82,600,29255,600,101,72,72,16856,300,0.36,True,3951,3951,101,0.504476082004556,0.9837572766388256,0,131,200,20.0,lognormal,biased,random,0.02,0.2,0.6,5.0,1.0,0.1,300,0,0.0,True,True,income,100,continue_after_avalanche,period_end,income,income__c0p60__lognormal__biased__random,10,6,c,0.6,
2027120007,True,300,34098,1,600,91,600,34098,600,105,79,79,18753,300,0.395,True,4694,4694,105,0.5456242011077972,0.982117596932254,0,156,200,20.0,lognormal,biased,random,0.02,0.2,0.6,5.0,1.0,0.1,300,0,0.0,True,True,income,100,continue_after_avalanche,period_end,income,income__c0p60__lognormal__biased__random,10,7,c,0.6,
2027120008,True,300,28003,1,600,77,600,28003,600,26,77,77,17179,300,0.385,True,4133,4133,26,0.5816973142995403,0.9902939753205904,0,125,200,20.0,lognormal,biased,random,0.02,0.2,0.6,5.0,1.0,0.1,300,0,0.0,True,True,income,100,continue_after_avalanche,period_end,income,income__c0p60__lognormal__biased__random,10,8,c,0.6,
2027120009,True,300,26150,1,600,65,600,26150,600,49,69,69,15806,300,0.345,True,3589,3589,49,0.5246935079409307,0.9904249094455282,0,113,200,20.0,lognormal,biased,random,0.02,0.2,0.6,5.0,1.0,0.1,300,0,0.0,True,True,income,100,continue_after_avalanche,period_end,income,income__c0p60__lognormal__biased__random,10,9,c,0.6,
2027120010,True,300,30269,1,600,75,600,30269,600,95,77,77,16488,300,0.385,True,3917,3917,95,0.481711769211131,0.9874993617564463,0,125,200,20.0,lognormal,biased,random,0.02,0.2,0.6,5.0,1.0,0.1,300,0,0.0,True,True,income,100,continue_after_avalanche,period_end,income,income__c0p60__lognormal__biased__random,10,10,c,0.6,
2027120011,True,300,26703,1,600,67,600,26703,600,4,69,69,16326,300,0.345,True,3923,3923,4,0.5632309457048179,0.994974509304104,0,116,200,20.0,lognormal,biased,random,0.02,0.2,0.6,5.0,1.0,0.1,300,0,0.0,True,True,income,100,continue_after_avalanche,period_end,income,income__c0p60__lognormal__biased__random,10,11,c,0.6,
2027120012,True,300,29285,1,600,76,600,29285,600,101,72,72,16676,300,0.36,True,3846,3846,101,0.49620124804992205,0.9841107644305773,0,124,200,20.0,lognormal,biased,random,0.02,0.2,0.6,5.0,1.0,0.1,300,0,0.0,True,True,income,100,continue_after_avalanche,period_end,income,income__c0p60__lognormal__biased__random,10,12,c,0.6,
2027120013,True,300,26632,1,600,69,600,26632,600,174,66,66,15365,300,0.33,True,3342,3342,174,0.49967983243566727,0.9849581089168165,0,117,200,20.0,lognormal,biased,random,0.02,0.2,0.6,5.0,1.0,0.1,300,0,0.0,True,True,income,100,continue_after_avalanche,period_end,income,income__c0p60__lognormal__biased__random,10,13,c,0.6,
2027120014,True,300,29413,1,600,74,600,29413,600,89,70,70,16937,300,0.35,True,3870,3870,89,0.5162454780361758,0.9861860465116281,0,127,200,20.0,lognormal,biased,random,0.02,0.2,0.6,5.0,1.0,0.1,300,0,0.0,True,True,income,100,continue_after_avalanche,period_end,income,income__c0p60__lognormal__biased__random,10,14,c,0.6,
2027120015,True,300,32716,1,600,81,600,32716,600,72,81,81,17976,300,0.405,True,4367,4367,72,0.48611976185024064,0.9867449049690864,0,140,200,20.0,lognormal,biased,random,0.02,0.2,0.6,5.0,1.0,0.1,300,0,0.0,True,True,income,100,continue_after_avalanche,period_end,income,income__c0p60__lognormal__biased__random,10,15,c,0.6,
2027120016,True,300,27855,1,600,68,600,27855,600,18,71,71,16015,300,0.355,True,3754,3754,18,0.4894698987746404,0.9928449653702718,0,113,200,20.0,lognormal,biased,random,0.02,0.2,0.6,5.0,1.0,0.1,300,0,0.0,True,True,income,100,continue_after_avalanche,period_end,income,income__c0p60__lognormal__biased__random,10,16,c,0.6,
2027120017,True,300,24195,1,600,64,600,24195,600,47,64,64,14496,300,0.32,True,3115,3115,47,0.49447993579454264,0.9857704654895667,0,102,200,20.0,lognormal,biased,random,0.02,0.2,0.6,5.0,1.0,0.1,300,0,0.0,True,True,income,100,continue_after_avalanche,period_end,income,income__c0p60__lognormal__biased__random,10,17,c,0.6,
2027120018,True,300,27618,1,600,74,600,27618,600,59,73,73,16179,300,0.365,True,3618,3618,59,0.5105583195135435,0.9842813709231621,0,123,200,20.0,lognormal,biased,random,0.02,0.2,0.6,5.0,1.0,0.1,300,0,0.0,True,True,income,100,continue_after_avalanche,period_end,income,income__c0p60__lognormal__biased__random,10,18,c,0.6,
2027120019,True,300,27588,1,600,65,600,27588,600,15,70,70,16329,300,0.35,True,3700,3700,15,0.5254162162162164,0.9909297297297299,0,114,200,20.0,lognormal,biased,random,0.02,0.2,0.6,5.0,1.0,0.1,300,0,0.0,True,True,income,100,continue_after_avalanche,period_end,income,income__c0p60__lognormal__biased__random,10,19,c,0.6,
2027120020,True,300,27884,1,600,70,600,27884,600,19,74,74,16731,300,0.37,True,3954,3954,19,0.5543500252908449,0.9949418310571574,0,116,200,20.0,lognormal,biased,random,0.02,0.2,0.6,5.0,1.0,0.1,300,0,0.0,True,True,income,100,continue_after_avalanche,period_end,income,income__c0p60__lognormal__biased__random,10,20,c,0.6,
2027120021,True,300,31216,1,600,83,600,31216,600,242,76,76,17296,300,0.38,True,4051,4051,242,0.5074463095531969,0.9826672426561345,0,138,200,20.0,lognormal,biased,random,0.02,0.2,0.6,5.0,1.0,0.1,300,0,0.0,True,True,income,100,continue_after_avalanche,period_end,income,income__c0p60__lognormal__biased__random,10,21,c,0.6,
2027120022,True,300,28733,1,600,73,600,28733,600,68,72,72,16683,300,0.36,True,3860,3860,68,0.4920181347150261,0.9886891191709846,0,124,200,20.0,lognormal,biased,random,0.02,0.2,0.6,5.0,1.0,0.1,300,0,0.0,True,True,income,100,continue_after_avalanche,period_end,income,income__c0p60__lognormal__biased__random,10,22,c,0.6,
2027120023,True,300,28488,1,600,74,600,28488,600,88,69,69,16365,300,0.345,True,3695,3695,88,0.48708389715832223,0.9786454668470908,0,123,200,20.0,lognormal,biased,random,0.02,0.2,0.6,5.0,1.0,0.1,300,0,0.0,True,True,income,100,continue_after_avalanche,period_end,income,income__c0p60__lognormal__biased__random,10,23,c,0.6,
2027120024,True,300,28025,1,600,73,600,28025,600,114,72,72,16855,300,0.36,True,3839,3839,114,0.5611005470174526,0.9882404271945819,0,125,200,20.0,lognormal,biased,random,0.02,0.2,0.6,5.0,1.0,0.1,300,0,0.0,True,True,income,100,continue_after_avalanche,period_end,income,income__c0p60__lognormal__biased__random,10,24,c,0.6,
2027120025,True,300,28728,1,600,74,600,28728,600,44,73,73,17025,300,0.365,True,3942,3942,44,0.5372349061390158,0.9912912227295789,0,121,200,20.0,lognormal,biased,random,0.02,0.2,0.6,5.0,1.0,0.1,300,0,0.0,True,True,income,100,continue_after_avalanche,period_end,income,income__c0p60__lognormal__biased__random,10,25,c,0.6,
2027120026,True,300,29142,1,600,71,600,29142,600,85,74,74,16841,300,0.37,True,3867,3867,85,0.5187962244634083,0.9889539694853893,0,119,200,20.0,lognormal,biased,random,0.02,0.2,0.6,5.0,1.0,0.1,300,0,0.0,True,True,income,100,continue_after_avalanche,period_end,income,income__c0p60__lognormal__biased__random,10,26,c,0.6,
2027120027,True,300,28869,1,600,77,600,28869,600,87,73,73,16589,300,0.365,True,3875,3875,87,0.5199187096774194,0.9847264516129033,0,128,200,20.0,lognormal,biased,random,0.02,0.2,0.6,5.0,1.0,0.1,300,0,0.0,True,True,income,100,continue_after_avalanche,period_end,income,income__c0p60__lognormal__biased__random,10,27,c,0.6,
2027120028,True,300,31237,1,600,80,600,31237,600,109,75,75,17171,300,0.375,True,4042,4042,109,0.48359475507174676,0.9834809500247403,0,137,200,20.0,lognormal,biased,random,0.02,0.2,0.6,5.0,1.0,0.1,300,0,0.0,True,True,income,100,continue_after_avalanche,period_end,income,income__c0p60__lognormal__biased__random,10,28,c,0.6,
2027120029,True,300,25280,1,600,65,600,25280,600,66,64,64,15422,300,0.32,True,3418,3418,66,0.5007782328847281,0.9883469865418375,0,108,200,20.0,lognormal,biased,random,0.02,0.2,0.6,5.0,1.0,0.1,300,0,0.0,True,True,income,100,continue_after_avalanche,period_end,income,income__c0p60__lognormal__biased__random,10,29,c,0.6,
2027120030,True,300,26548,1,600,65,600,26548,600,163,66,66,15432,300,0.33,True,3378,3378,163,0.4708052101835407,0.980701598579041,0,112,200,20.0,lognormal,biased,random,0.02,0.2,0.6,5.0,1.0,0.1,300,0,0.0,True,True,income,100,continue_after_avalanche,period_end,income,income__c0p60__lognormal__biased__random,10,30,c,0.6,
2027120031,True,300,31552,1,600,82,600,31552,600,60,81,81,17448,300,0.405,True,4205,4205,60,0.48713555291319866,0.9854589774078479,0,129,200,20.0,lognormal,biased,random,0.02,0.2,0.6,5.0,1.0,0.1,300,0,0.0,True,True,income,100,continue_after_avalanche,period_end,income,income__c0p60__lognormal__biased__random,10,31,c,0.6,
2027120032,True,300,28227,1,600,73,600,28227,600,53,73,73,16440,300,0.365,True,3918,3918,53,0.5120316488004084,0.9923915262889231,0,122,200,20.0,lognormal,biased,random,0.02,0.2,0.6,5.0,1.0,0.1,300,0,0.0,True,True,income,100,continue_after_avalanche,period_end,income,income__c0p60__lognormal__biased__random,10,32,c,0.6,
2027120033,True,300,29512,1,600,75,600,29512,600,109,73,73,16758,300,0.365,True,3884,3884,109,0.5007826982492276,0.9852342945417096,0,127,200,20.0,lognormal,biased,random,0.02,0.2,0.6,5.0,1.0,0.1,300,0,0.0,True,True,income,100,continue_after_avalanche,period_end,income,income__c0p60__lognormal__biased__random,10,33,c,0.6,
2027120034,True,300,29241,1,600,79,600,29241,600,159,74,74,16804,300,0.37,True,3823,3823,159,0.5218951085534922,0.9853374313366468,0,134,200,20.0,lognormal,biased,random,0.02,0.2,0.6,5.0,1.0,0.1,300,0,0.0,True,True,income,100,continue_after_avalanche,period_end,income,income__c0p60__lognormal__biased__random,10,34,c,0.6,
2027120035,True,300,27009,1,600,71,600,27009,600,135,71,71,15873,300,0.355,True,3574,3574,135,0.4901175153889201,0.987129266927812,0,114,200,20.0,lognormal,biased,random,0.02,0.2,0.6,5.0,1.0,0.1,300,0,0.0,True,True,income,100,continue_after_avalanche,period_end,income,income__c0p60__lognormal__biased__random,10,35,c,0.6,
2027120036,True,300,26845,1,600,71,600,26845,600,85,69,69,16052,300,0.345,True,3685,3685,85,0.5174911804613298,0.9868778833107192,0,120,200,20.0,lognormal,biased,random,0.02,0.2,0.6,5.0,1.0,0.1,300,0,0.0,True,True,income,100,continue_after_avalanche,period_end,income,income__c0p60__lognormal__biased__random,10,36,c,0.6,
2027120037,True,300,32309,1,600,83,600,32309,600,144,78,78,18221,300,0.39,True,4399,4399,144,0.5196237781313937,0.9908877017503979,0,142,200,20.0,lognormal,biased,random,0.02,0.2,0.6,5.0,1.0,0.1,300,0,0.0,True,True,income,100,continue_after_avalanche,period_end,income,income__c0p60__lognormal__biased__random,10,37,c,0.6,
2027120038,True,300,25802,1,600,65,600,25802,600,18,69,69,15977,300,0.345,True,3684,3684,18,0.5471498371335506,0.9943593919652554,0,115,200,20.0,lognormal,biased,random,0.02,0.2,0.6,5.0,1.0,0.1,300,0,0.0,True,True,income,100,continue_after_avalanche,period_end,income,income__c0p60__lognormal__biased__random,10,38,c,0.6,
2027120039,True,300,30951,1,600,87,600,30951,600,104,75,75,17950,300,0.375,True,4306,4306,104,0.5601555968416165,0.9801950766372505,0,142,200,20.0,lognormal,biased,random,0.02,0.2,0.6,5.0,1.0,0.1,300,0,0.0,True,True,income,100,continue_after_avalanche,period_end,income,income__c0p60__lognormal__biased__random,10,39,c,0.6,
2027120040,True,300,34387,1,600,89,600,34387,600,29,83,83,19172,300,0.415,True,4983,4983,29,0.5359632751354606,0.9918372466385712,0,150,200,20.0,lognormal,biased,random,0.02,0.2,0.6,5.0,1.0,0.1,300,0,0.0,True,True,income,100,continue_after_avalanche,period_end,income,income__c0p60__lognormal__biased__random,10,40,c,0.6,
2027120041,True,300,27039,1,600,65,600,27039,600,12,70,70,15640,300,0.35,True,3614,3614,12,0.48731322634200347,0.9941283895960156,0,114,200,20.0,lognormal,biased,random,0.02,0.2,0.6,5.0,1.0,0.1,300,0,0.0,True,True,income,100,continue_after_avalanche,period_end,income,income__c0p60__lognormal__biased__random,10,41,c,0.6,
2027120042,True,300,28130,1,600,70,600,28130,600,106,76,76,16508,300,0.38,True,3738,3738,106,0.5082289994649547,0.9891653290529696,0,121,200,20.0,lognormal,biased,random,0.02,0.2,0.6,5.0,1.0,0.1,300,0,0.0,True,True,income,100,continue_after_avalanche,period_end,income,income__c0p60__lognormal__biased__random,10,42,c,0.6,
2027120043,True,300,29131,1,600,74,600,29131,600,33,75,75,17177,300,0.375,True,4039,4039,33,0.554358752166378,0.9892485763802923,0,124,200,20.0,lognormal,biased,random,0.02,0.2,0.6,5.0,1.0,0.1,300,0,0.0,True,True,income,100,continue_after_avalanche,period_end,income,income__c0p60__lognormal__biased__random,10,43,c,0.6,
2027120044,True,300,28230,1,600,71,600,28230,600,59,70,70,16342,300,0.35,True,3801,3801,59,0.46848855564325187,0.9867127071823205,0,120,200,20.0,lognormal,biased,random,0.02,0.2,0.6,5.0,1.0,0.1,300,0,0.0,True,True,income,100,continue_after_avalanche,period_end,income,income__c0p60__lognormal__biased__random,10,44,c,0.6,
2027120045,True,300,29125,1,600,75,600,29125,600,118,74,74,16798,300,0.37,True,3815,3815,118,0.5113066841415466,0.9772201834862386,0,123,200,20.0,lognormal,biased,random,0.02,0.2,0.6,5.0,1.0,0.1,300,0,0.0,True,True,income,100,continue_after_avalanche,period_end,income,income__c0p60__lognormal__biased__random,10,45,c,0.6,
2027120046,True,300,31694,1,600,83,600,31694,600,61,77,77,18231,300,0.385,True,4512,4512,61,0.5442176418439717,0.9872362588652484,0,136,200,20.0,lognormal,biased,random,0.02,0.2,0.6,5.0,1.0,0.1,300,0,0.0,True,True,income,100,continue_after_avalanche,period_end,income,income__c0p60__lognormal__biased__random,10,46,c,0.6,
2027120047,True,300,31087,1,600,79,600,31087,600,68,79,79,17429,300,0.395,True,4196,4196,68,0.5358436606291708,0.9860557673975217,0,132,200,20.0,lognormal,biased,random,0.02,0.2,0.6,5.0,1.0,0.1,300,0,0.0,True,True,income,100,continue_after_avalanche,period_end,income,income__c0p60__lognormal__biased__random,10,47,c,0.6,
2027120048,True,300,31560,1,600,77,600,31560,600,63,75,75,17347,300,0.375,True,4163,4163,63,0.48738289694931547,0.9887016574585636,0,128,200,20.0,lognormal,biased,random,0.02,0.2,0.6,5.0,1.0,0.1,300,0,0.0,True,True,income,100,continue_after_avalanche,period_end,income,income__c0p60__lognormal__biased__random,10,48,c,0.6,
2027120049,True,300,33319,1,600,86,600,33319,600,17,82,82,19329,300,0.41,True,5000,5000,17,0.59796,0.9899840000000002,0,146,200,20.0,lognormal,biased,random,0.02,0.2,0.6,5.0,1.0,0.1,300,0,0.0,True,True,income,100,continue_after_avalanche,period_end,income,income__c0p60__lognormal__biased__random,10,49,c,0.6,
2027120050,True,300,29199,1,600,74,600,29199,600,52,74,74,16773,300,0.37,True,3857,3857,52,0.5005016852476019,0.9899131449312939,0,120,200,20.0,lognormal,biased,random,0.02,0.2,0.6,5.0,1.0,0.1,300,0,0.0,True,True,income,100,continue_after_avalanche,period_end,income,income__c0p60__lognormal__biased__random,10,50,c,0.6,
2027120051,True,300,34450,1,600,89,600,34450,600,101,81,81,19363,300,0.405,True,4921,4921,101,0.5652783986994514,0.9873897581792319,0,149,200,20.0,lognormal,biased,random,0.02,0.2,0.6,5.0,1.0,0.1,300,0,0.0,True,True,income,100,continue_after_avalanche,period_end,income,income__c0p60__lognormal__biased__random,10,51,c,0.6,
2027120052,True,300,30181,1,600,79,600,30181,600,58,75,75,17426,300,0.375,True,4083,4083,58,0.5299130541268675,0.9909098701934853,0,131,200,20.0,lognormal,biased,random,0.02,0.2,0.6,5.0,1.0,0.1,300,0,0.0,True,True,income,100,continue_after_avalanche,period_end,income,income__c0p60__lognormal__biased__random,10,52,c,0.6,
2027120053,True,300,32883,1,600,83,600,32883,600,67,76,76,18042,300,0.38,True,4507,4507,67,0.521083869536277,0.9916030619037055,0,135,200,20.0,lognormal,biased,random,0.02,0.2,0.6,5.0,1.0,0.1,300,0,0.0,True,True,income,100,continue_after_avalanche,period_end,income,income__c0p60__lognormal__biased__random,10,53,c,0.6,
2027120054,True,300,28196,1,600,70,600,28196,600,185,68,68,16024,300,0.34,True,3539,3539,185,0.4602500706414243,0.9814368465668268,0,119,200,20.0,lognormal,biased,random,0.02,0.2,0.6,5.0,1.0,0.1,300,0,0.0,True,True,income,100,continue_after_avalanche,period_end,income,income__c0p60__lognormal__biased__random,10,54,c,0.6,
2027120055,True,300,33573,1,600,94,600,33573,600,86,78,78,18860,300,0.39,True,4807,4807,86,0.5588943207821928,0.9878271271063035,0,155,200,20.0,lognormal,biased,random,0.02,0.2,0.6,5.0,1.0,0.1,300,0,0.0,True,True,income,100,continue_after_avalanche,period_end,income,income__c0p60__lognormal__biased__random,10,55,c,0.6,
2027120056,True,300,29823,1,600,72,600,29823,600,96,74,74,16932,300,0.37,True,3865,3865,96,0.47365717981888755,0.988117723156533,0,125,200,20.0,lognormal,biased,random,0.02,0.2,0.6,5.0,1.0,0.1,300,0,0.0,True,True,income,100,continue_after_avalanche,period_end,income,income__c0p60__lognormal__biased__random,10,56,c,0.6,
2027120057,True,300,32001,1,600,83,600,32001,600,20,81,81,18387,300,0.405,True,4750,4750,20,0.5734021052631579,0.9903663157894738,0,142,200,20.0,lognormal,biased,random,0.02,0.2,0.6,5.0,1.0,0.1,300,0,0.0,True,True,income,100,continue_after_avalanche,period_end,income,income__c0p60__lognormal__biased__random,10,57,c,0.6,
2027120058,True,300,27651,1,600,70,600,27651,600,21,70,70,15980,300,0.35,True,3751,3751,21,0.508049853372434,0.9924593441748868,0,113,200,20.0,lognormal,biased,random,0.02,0.2,0.6,5.0,1.0,0.1,300,0,0.0,True,True,income,100,continue_after_avalanche,period_end,income,income__c0p60__lognormal__biased__random,10,58,c,0.6,
2027120059,True,300,29227,1,600,77,600,29227,600,56,73,73,16998,300,0.365,True,4063,4063,56,0.5398387890721144,0.9879239478218067,0,124,200,20.0,lognormal,biased,random,0.02,0.2,0.6,5.0,1.0,0.1,300,0,0.0,True,True,income,100,continue_after_avalanche,period_end,income,income__c0p60__lognormal__biased__random,10,59,c,0.6,
2027220000,True,300,30429,2,1129,73,600,30429,1129,84,70,70,16377,299,0.35,True,4007,4007,84,0.29522959820314454,0.9936972797604193,0,129,200,20.0,pareto,biased,random,0.02,0.2,0.6,5.0,1.0,0.1,300,0,0.0,True,True,income,100,continue_after_avalanche,period_end,income,income__c0p60__pareto__biased__random,11,0,c,0.6,
2027220001,True,300,30447,1,600,78,600,30447,600,77,74,74,16672,300,0.37,True,3996,3996,77,0.314391891891892,0.9904929929929931,0,129,200,20.0,pareto,biased,random,0.02,0.2,0.6,5.0,1.0,0.1,300,0,0.0,True,True,income,100,continue_after_avalanche,period_end,income,income__c0p60__pareto__biased__random,11,1,c,0.6,
2027220002,True,300,30283,3,1587,72,600,30283,1587,18,77,77,16414,298,0.385,True,4003,4003,18,0.27680364726455164,0.9916425181114166,0,118,200,20.0,pareto,biased,random,0.02,0.2,0.6,5.0,1.0,0.1,300,0,0.0,True,True,income,100,continue_after_avalanche,period_end,income,income__c0p60__pareto__biased__random,11,2,c,0.6,
2027220003,True,300,28610,2,1123,71,600,28610,1123,11,71,71,16179,299,0.355,True,4005,4005,11,0.34354182272159806,0.992605493133583,0,124,200,20.0,pareto,biased,random,0.02,0.2,0.6,5.0,1.0,0.1,300,0,0.0,True,True,income,100,continue_after_avalanche,period_end,income,income__c0p60__pareto__biased__random,11,3,c,0.6,
2027220004,True,300,29069,2,1128,69,600,29069,1128,4,73,73,16490,299,0.365,True,4002,4002,4,0.32564467766116945,0.9949625187406297,0,114,200,20.0,pareto,biased,random,0.02,0.2,0.6,5.0,1.0,0.1,300,0,0.0,True,True,income,100,continue_after_avalanche,period_end,income,income__c0p60__pareto__biased__random,11,4,c,0.6,
2027220005,True,300,30423,2,1130,82,600,30423,1130,222,70,70,16686,299,0.35,True,4001,4001,222,0.3227330667333168,0.9782391902024494,0,138,200,20.0,pareto,biased,random,0.02,0.2,0.6,5.0,1.0,0.1,300,0,0.0,True,True,income,100,continue_after_avalanche,period_end,income,income__c0p60__pareto__biased__random,11,5,c,0.6,
2027220006,True,300,32466,2,1131,81,600,32466,1131,120,73,73,16907,299,0.365,True,3993,3993,120,0.2755985474580518,0.983885549711996,0,132,200,20.0,pareto,biased,random,0.02,0.2,0.6,5.0,1.0,0.1,300,0,0.0,True,True,income,100,continue_after_avalanche,period_end,income,income__c0p60__pareto__biased__random,11,6,c,0.6,
2027220007,True,300,29936,2,1125,72,600,29936,1125,43,73,73,16543,299,0.365,True,4000,4000,43,0.29047250000000013,0.990855,0,123,200,20.0,pareto,biased,random,0.02,0.2,0.6,5.0,1.0,0.1,300,0,0.0,True,True,income,100,continue_after_avalanche,period_end,income,income__c0p60__pareto__biased__random,11,7,c,0.6,
2027220008,True,300,28759,2,1125,70,600,28759,1125,17,75,75,16307,299,0.375,True,4006,4006,17,0.3211208187718424,0.9912456315526712,0,121,200,20.0,pareto,biased,random,0.02,0.2,0.6,5.0,1.0,0.1,300,0,0.0,True,True,income,100,continue_after_avalanche,period_end,income,income__c0p60__pareto__biased__random,11,8,c,0.6,
2027220009,True,300,30381,2,1130,77,600,30381,1130,46,74,74,16345,299,0.37,True,3995,3995,46,0.27959073842302895,0.9914455569461829,0,131,200,20.0,pareto,biased,random,0.02,0.2,0.6,5.0,1.0,0.1,300,0,0.0,True,True,income,100,continue_after_avalanche,period_end,income,income__c0p60__pareto__biased__random,11,9,c,0.6,
2027220010,True,300,29898,2,1134,77,600,29898,1134,70,74,74,16685,299,0.37,True,4007,4007,70,0.34608310456700786,0.9886036935363116,0,126,200,20.0,pareto,biased,random,0.02,0.2,0.6,5.0,1.0,0.1,300,0,0.0,True,True,income,100,continue_after_avalanche,period_end,income,income__c0p60__pareto__biased__random,11,10,c,0.6,
2027220011,True,300,30435,2,1128,74,600,30435,1128,21,74,74,16561,299,0.37,True,3995,3995,21,0.291485607008761,0.9924843554443055,0,122,200,20.0,pareto,biased,random,0.02,0.2,0.6,5.0,1.0,0.1,300,0,0.0,True,True,income,100,continue_after_avalanche,period_end,income,income__c0p60__pareto__biased__random,11,11,c,0.6,
2027220012,True,300,31183,2,1127,82,600,31183,1127,226,73,73,16883,299,0.365,True,4009,4009,226,0.2903280119730607,0.9783175355450238,0,136,200,20.0,pareto,biased,random,0.02,0.2,0.6,5.0,1.0,0.1,300,0,0.0,True,True,income,100,continue_after_avalanche,period_end,income,income__c0p60__pareto__biased__random,11,12,c,0.6,
2027220013,True,300,27549,2,1127,69,600,27549,1127,2,72,72,15688,299,0.36,True,4003,4003,2,0.3322645515863103,0.994947539345491,0,116,200,20.0,pareto,biased,random,0.02,0.2,0.6,5.0,1.0,0.1,300,0,0.0,True,True,income,100,continue_after_avalanche,period_end,income,income__c0p60__pareto__biased__random,11,13,c,0.6,
2027220014,True,300,30560,2,1130,74,600,30560,1130,73,81,81,16913,299,0.405,True,4000,4000,73,0.3388125000000002,0.9845175000000002,0,130,200,20.0,pareto,biased,random,0.02,0.2,0.6,5.0,1.0,0.1,300,0,0.0,True,True,income,100,continue_after_avalanche,period_end,income,income__c0p60__pareto__biased__random,11,14,c,0.6,
2027220015,True,300,29489,2,1129,78,600,29489,1129,104,71,71,16921,299,0.355,True,3999,3999,104,0.32958114528632176,0.985345086271568,0,129,200,20.0,pareto,biased,random,0.02,0.2,0.6,5.0,1.0,0.1,300,0,0.0,True,True,income,100,continue_after_avalanche,period_end,income,income__c0p60__pareto__biased__random,11,15,c,0.6,
2027220016,True,300,28963,3,1603,70,600,28963,1603,25,73,73,16459,298,0.365,True,4006,4006,25,0.33864952571143303,0.9944033949076387,0,120,200,20.0,pareto,biased,random,0.02,0.2,0.6,5.0,1.0,0.1,300,0,0.0,True,True,income,100,continue_after_avalanche,period_end,income,income__c0p60__pareto__biased__random,11,16,c,0.6,
2027220017,True,300,26827,2,1127,69,600,26827,1127,7,79,79,16103,299,0.395,True,4006,4006,7,0.36856215676485293,0.9948627059410884,0,113,200,20.0,pareto,biased,random,0.02,0.2,0.6,5.0,1.0,0.1,300,0,0.0,True,True,income,100,continue_after_avalanche,period_end,income,income__c0p60__pareto__biased__random,11,17,c,0.6,
2027220018,True,300,29764,2,1126,79,600,29764,1126,125,79,79,16732,299,0.395,True,4001,4001,125,0.324157710572357,0.9908235441139717,0,123,200,20.0,pareto,biased,random,0.02,0.2,0.6,5.0,1.0,0.1,300,0,0.0,True,True,income,100,continue_after_avalanche,period_end,income,income__c0p60__pareto__biased__random,11,18,c,0.6,
2027220019,True,300,26219,2,1130,71,600,26219,1130,18,78,78,16498,299,0.39,True,4000,4000,18,0.4736075000000002,0.9948475000000001,0,117,200,20.0,pareto,biased,random,0.02,0.2,0.6,5.0,1.0,0.1,300,0,0.0,True,True,income,100,continue_after_avalanche,period_end,income,income__c0p60__pareto__biased__random,11,19,c,0.6,
2027220020,True,300,27905,2,1135,73,600,27905,1135,14,73,73,16432,299,0.365,True,4004,4004,14,0.3648301698301699,0.9935764235764237,0,120,200,20.0,pareto,biased,random,0.02,0.2,0.6,5.0,1.0,0.1,300,0,0.0,True,True,income,100,continue_after_avalanche,period_end,income,income__c0p60__pareto__biased__random,11,20,c,0.6,
2027220021,True,300,29878,2,1123,80,600,29878,1123,170,72,72,16876,299,0.36,True,4005,4005,170,0.35365418227215994,0.9828052434456931,0,131,200,20.0,pareto,biased,random,0.02,0.2,0.6,5.0,1.0,0.1,300,0,0.0,True,True,income,100,continue_after_avalanche,period_end,income,income__c0p60__pareto__biased__random,11,21,c,0.6,
2027220022,True,300,29707,2,1124,69,600,29707,1124,19,72,72,16428,299,0.36,True,4002,4002,19,0.2895852073963019,0.9948850574712644,0,118,200,20.0,pareto,biased,random,0.02,0.2,0.6,5.0,1.0,0.1,300,0,0.0,True,True,income,100,continue_after_avalanche,period_end,income,income__c0p60__pareto__biased__random,11,22,c,0.6,
2027220023,True,300,26526,2,1121,70,600,26526,1121,11,73,73,16219,299,0.365,True,3996,3996,11,0.42001501501501504,0.9949099099099099,0,113,200,20.0,pareto,biased,random,0.02,0.2,0.6,5.0,1.0,0.1,300,0,0.0,True,True,income,100,continue_after_avalanche,period_end,income,income__c0p60__pareto__biased__random,11,23,c,0.6,
2027220024,True,300,27710,2,1126,68,600,27710,1126,24,69,69,16266,299,0.345,True,3998,3998,24,0.35814157078539277,0.9949649824912457,0,115,200,20.0,pareto,biased,random,0.02,0.2,0.6,5.0,1.0,0.1,300,0,0.0,True,True,income,100,continue_after_avalanche,period_end,income,income__c0p60__pareto__biased__random,11,24,c,0.6,
2027220025,True,300,29020,2,1132,77,600,29020,1132,80,77,77,16865,299,0.385,True,4001,4001,80,0.3836653336665834,0.9859672581854537,0,123,200,20.0,pareto,biased,random,0.02,0.2,0.6,5.0,1.0,0.1,300,0,0.0,True,True,income,100,continue_after_avalanche,period_end,income,income__c0p60__pareto__biased__random,11,25,c,0.6,
2027220026,True,300,29948,2,1115,73,600,29948,1115,11,72,72,16507,299,0.36,True,3999,3999,11,0.32297199299824975,0.9919217304326082,0,116,200,20.0,pareto,biased,random,0.02,0.2,0.6,5.0,1.0,0.1,300,0,0.0,True,True,income,100,continue_after_avalanche,period_end,income,income__c0p60__pareto__biased__random,11,26,c,0.6,
2027220027,True,300,27331,2,1127,72,600,27331,1127,32,73,73,16253,299,0.365,True,4003,4003,32,0.37583187609293045,0.9936585061204097,0,121,200,20.0,pareto,biased,random,0.02,0.2,0.6,5.0,1.0,0.1,300,0,0.0,True,True,income,100,continue_after_avalanche,period_end,income,income__c0p60__pareto__biased__random,11,27,c,0.6,
2027220028,True,300,31213,2,1129,74,600,31213,1129,23,74,74,16462,299,0.37,True,3998,3998,23,0.2745047523761881,0.9926938469234619,0,121,200,20.0,pareto,biased,random,0.02,0.2,0.6,5.0,1.0,0.1,300,0,0.0,True,True,income,100,continue_after_avalanche,period_end,income,income__c0p60__pareto__biased__random,11,28,c,0.6,
2027220029,True,300,29388,3,1584,71,600,29388,1584,22,74,74,16289,298,0.37,True,3996,3996,22,0.3091766766766768,0.9921196196196198,0,120,200,20.0,pareto,biased,random,0.02,0.2,0.6,5.0,1.0,0.1,300,0,0.0,True,True,income,100,continue_after_avalanche,period_end,income,income__c0p60__pareto__biased__random,11,29,c,0.6,
2027220030,True,300,30106,2,1124,74,600,30106,1124,17,75,75,16909,299,0.375,True,3998,3998,17,0.31997998999499755,0.9938894447223612,0,123,200,20.0,pareto,biased,random,0.02,0.2,0.6,5.0,1.0,0.1,300,0,0.0,True,True,income,100,continue_after_avalanche,period_end,income,income__c0p60__pareto__biased__random,11,30,c,0.6,
2027220031,True,300,30484,3,1592,74,600,30484,1592,37,74,74,16481,298,0.37,True,4007,4007,37,0.2843536311454955,0.9929186423758425,0,126,200,20.0,pareto,biased,random,0.02,0.2,0.6,5.0,1.0,0.1,300,0,0.0,True,True,income,100,continue_after_avalanche,period_end,income,income__c0p60__pareto__biased__random,11,31,c,0.6,
2027220032,True,300,29968,2,1125,73,600,29968,1125,14,75,75,16391,299,0.375,True,3995,3995,14,0.293898623279099,0.9948448060075095,0,122,200,20.0,pareto,biased,random,0.02,0.2,0.6,5.0,1.0,0.1,300,0,0.0,True,True,income,100,continue_after_avalanche,period_end,income,income__c0p60__pareto__biased__random,11,32,c,0.6,
2027220033,True,300,30333,2,1128,78,600,30333,1128,73,73,73,16461,299,0.365,True,4004,4004,73,0.3080794205794206,0.9846228771228773,0,127,200,20.0,pareto,biased,random,0.02,0.2,0.6,5.0,1.0,0.1,300,0,0.0,True,True,income,100,continue_after_avalanche,period_end,income,income__c0p60__pareto__biased__random,11,33,c,0.6,
2027220034,True,300,29901,3,1595,76,600,29901,1595,51,75,75,16525,298,0.375,True,3997,3997,51,0.29916562421816373,0.986275956967726,0,123,200,20.0,pareto,biased,random,0.02,0.2,0.6,5.0,1.0,0.1,300,0,0.0,True,True,income,100,continue_after_avalanche,period_end,income,income__c0p60__pareto__biased__random,11,34,c,0.6,
2027220035,True,300,25211,2,1129,69,600,25211,1129,6,69,69,15783,299,0.345,True,4000,4000,6,0.4556275000000001,0.9949975000000002,0,118,200,20.0,pareto,biased,random,0.02,0.2,0.6,5.0,1.0,0.1,300,0,0.0,True,True,income,100,continue_after_avalanche,period_end,income,income__c0p60__pareto__biased__random,11,35,c,0.6,
2027220036,True,300,31926,2,1131,79,600,31926,1131,106,72,72,16649,299,0.36,True,4000,4000,106,0.26932750000000016,0.9834575000000001,0,130,200,20.0,pareto,biased,random,0.02,0.2,0.6,5.0,1.0,0.1,300,0,0.0,True,True,income,100,continue_after_avalanche,period_end,income,income__c0p60__pareto__biased__random,11,36,c,0.6,
2027220037,True,300,29693,2,1124,74,600,29693,1124,66,80,80,17028,299,0.4,True,3998,3998,66,0.39626563281640825,0.9858479239619811,0,124,200,20.0,pareto,biased,random,0.02,0.2,0.6,5.0,1.0,0.1,300,0,0.0,True,True,income,100,continue_after_avalanche,period_end,income,income__c0p60__pareto__biased__random,11,37,c,0.6,
2027220038,True,300,27372,2,1120,68,600,27372,1120,11,75,75,16143,299,0.375,True,3997,3997,11,0.34214786089567184,0.9949824868651489,0,118,200,20.0,pareto,biased,random,0.02,0.2,0.6,5.0,1.0,0.1,300,0,0.0,True,True,income,100,continue_after_avalanche,period_end,income,income__c0p60__pareto__biased__random,11,38,c,0.6,
2027220039,True,300,29009,2,1132,68,600,29009,1132,4,74,74,16458,299,0.37,True,4002,4002,4,0.33988255872063977,0.9949100449775115,0,113,200,20.0,pareto,biased,random,0.02,0.2,0.6,5.0,1.0,0.1,300,0,0.0,True,True,income,100,continue_after_avalanche,period_end,income,income__c0p60__pareto__biased__random,11,39,c,0.6,
2027220040,True,300,28491,3,1594,73,600,28491,1594,39,74,74,16154,298,0.37,True,4004,4004,39,0.34057192807192815,0.9946053946053948,0,125,200,20.0,pareto,biased,random,0.02,0.2,0.6,5.0,1.0,0.1,300,0,0.0,True,True,income,100,continue_after_avalanche,period_end,income,income__c0p60__pareto__biased__random,11,40,c,0.6,
2027220041,True,300,30498,3,1604,79,600,30498,1604,94,75,75,16761,298,0.375,True,3998,3998,94,0.30449974987493755,0.9817658829414708,0,129,200,20.0,pareto,biased,random,0.02,0.2,0.6,5.0,1.0,0.1,300,0,0.0,True,True,income,100,continue_after_avalanche,period_end,income,income__c0p60__pareto__biased__random,11,41,c,0.6,
2027220042,True,300,28868,2,1126,75,600,28868,1126,42,72,72,16266,299,0.36,True,3994,3994,42,0.3261967951927893,0.9893014521782675,0,122,200,20.0,pareto,biased,random,0.02,0.2,0.6,5.0,1.0,0.1,300,0,0.0,True,True,income,100,continue_after_avalanche,period_end,income,income__c0p60__pareto__biased__random,11,42,c,0.6,
2027220043,True,300,28427,2,1129,73,600,28427,1129,45,74,74,16317,299,0.37,True,3997,3997,45,0.3370540405303979,0.9929659744808608,0,123,200,20.0,pareto,biased,random,0.02,0.2,0.6,5.0,1.0,0.1,300,0,0.0,True,True,income,100,continue_after_avalanche,period_end,income,income__c0p60__pareto__biased__random,11,43,c,0.6,
2027220044,True,300,30649,3,1610,76,600,30649,1610,58,73,73,16814,298,0.365,True,4004,4004,58,0.32768981018981025,0.9867832167832169,0,127,200,20.0,pareto,biased,random,0.02,0.2,0.6,5.0,1.0,0.1,300,0,0.0,True,True,income,100,continue_after_avalanche,period_end,income,income__c0p60__pareto__biased__random,11,44,c,0.6,
2027220045,True,300,30024,2,1122,74,600,30024,1122,74,76,76,16873,299,0.38,True,3999,3999,74,0.32559514878719686,0.9878432108027009,0,127,200,20.0,pareto,biased,random,0.02,0.2,0.6,5.0,1.0,0.1,300,0,0.0,True,True,income,100,continue_after_avalanche,period_end,income,income__c0p60__pareto__biased__random,11,45,c,0.6,
2027220046,True,300,30912,2,1130,84,600,30912,1130,119,75,75,16528,299,0.375,True,3999,3999,119,0.2845998999749939,0.9865528882220556,0,138,200,20.0,pareto,biased,random,0.02,0.2,0.6,5.0,1.0,0.1,300,0,0.0,True,True,income,100,continue_after_avalanche,period_end,income,income__c0p60__pareto__biased__random,11,46,c,0.6,
2027220047,True,300,30524,2,1123,80,600,30524,1123,102,74,74,16636,299,0.37,True,4002,4002,102,0.28721389305347333,0.9893753123438283,0,136,200,20.0,pareto,biased,random,0.02,0.2,0.6,5.0,1.0,0.1,300,0,0.0,True,True,income,100,continue_after_avalanche,period_end,income,income__c0p60__pareto__biased__random,11,47,c,0.6,
2027220048,True,300,29690,2,1138,73,600,29690,1138,51,72,72,16455,299,0.36,True,4004,4004,51,0.2991433566433568,0.9937437562437563,0,121,200,20.0,pareto,biased,random,0.02,0.2,0.6,5.0,1.0,0.1,300,0,0.0,True,True,income,100,continue_after_avalanche,period_end,income,income__c0p60__pareto__biased__random,11,48,c,0.6,
2027220049,True,300,29689,3,1601,72,600,29689,1601,4,72,72,16275,298,0.36,True,3999,3999,4,0.2983408352088024,0.9949299824956239,0,114,200,20.0,pareto,biased,random,0.02,0.2,0.6,5.0,1.0,0.1,300,0,0.0,True,True,income,100,continue_after_avalanche,period_end,income,income__c0p60__pareto__biased__random,11,49,c,0.6,
2027220050,True,300,27108,2,1128,77,600,27108,1128,57,74,74,16788,299,0.37,True,4001,4001,57,0.4398537865533618,0.9897688077980507,0,130,200,20.0,pareto,biased,random,0.02,0.2,0.6,5.0,1.0,0.1,300,0,0.0,True,True,income,100,continue_after_avalanche,period_end,income,income__c0p60__pareto__biased__random,11,50,c,0.6,
2027220051,True,300,29261,2,1133,77,600,29261,1133,51,70,70,16741,299,0.35,True,4003,4003,51,0.34263927054708976,0.9936285286035476,0,127,200,20.0,pareto,biased,random,0.02,0.2,0.6,5.0,1.0,0.1,300,0,0.0,True,True,income,100,continue_after_avalanche,period_end,income,income__c0p60__pareto__biased__random,11,51,c,0.6,
2027220052,True,300,30042,2,1135,70,600,30042,1135,25,72,72,16343,299,0.36,True,3990,3990,25,0.29643358395989994,0.9941403508771931,0,116,200,20.0,pareto,biased,random,0.02,0.2,0.6,5.0,1.0,0.1,300,0,0.0,True,True,income,100,continue_after_avalanche,period_end,income,income__c0p60__pareto__biased__random,11,52,c,0.6,
2027220053,True,300,29628,2,1130,76,600,29628,1130,67,73,73,16800,299,0.365,True,3999,3999,67,0.3741922980745187,0.9879707426856714,0,125,200,20.0,pareto,biased,random,0.02,0.2,0.6,5.0,1.0,0.1,300,0,0.0,True,True,income,100,continue_after_avalanche,period_end,income,income__c0p60__pareto__biased__random,11,53,c,0.6,
2027220054,True,300,30723,2,1130,76,600,30723,1130,39,78,78,16644,299,0.39,True,4000,4000,39,0.3125875,0.9858850000000001,0,125,200,20.0,pareto,biased,random,0.02,0.2,0.6,5.0,1.0,0.1,300,0,0.0,True,True,income,100,continue_after_avalanche,period_end,income,income__c0p60__pareto__biased__random,11,54,c,0.6,
2027220055,True,300,29421,3,1606,75,600,29421,1606,95,77,77,16555,298,0.385,True,4002,4002,95,0.33269865067466275,0.9890154922538732,0,127,200,20.0,pareto,biased,random,0.02,0.2,0.6,5.0,1.0,0.1,300,0,0.0,True,True,income,100,continue_after_avalanche,period_end,income,income__c0p60__pareto__biased__random,11,55,c,0.6,
2027220056,True,300,32200,3,1617,79,600,32200,1617,201,70,70,16546,298,0.35,True,3997,3997,201,0.2337540655491619,0.9814098073555166,0,134,200,20.0,pareto,biased,random,0.02,0.2,0.6,5.0,1.0,0.1,300,0,0.0,True,True,income,100,continue_after_avalanche,period_end,income,income__c0p60__pareto__biased__random,11,56,c,0.6,
2027220057,True,300,30488,2,1129,79,600,30488,1129,71,75,75,16689,299,0.375,True,4007,4007,71,0.2873359121537311,0.9869540803593713,0,130,200,20.0,pareto,biased,random,0.02,0.2,0.6,5.0,1.0,0.1,300,0,0.0,True,True,income,100,continue_after_avalanche,period_end,income,income__c0p60__pareto__biased__random,11,57,c,0.6,
2027220058,True,300,29274,3,1607,73,600,29274,1607,71,74,74,16666,298,0.37,True,4000,4000,71,0.3400225000000001,0.9933725000000002,0,122,200,20.0,pareto,biased,random,0.02,0.2,0.6,5.0,1.0,0.1,300,0,0.0,True,True,income,100,continue_after_avalanche,period_end,income,income__c0p60__pareto__biased__random,11,58,c,0.6,
2027220059,True,300,30987,2,1131,80,600,30987,1131,103,70,70,16361,299,0.35,True,4001,4001,103,0.24687703074231448,0.9864196450887279,0,127,200,20.0,pareto,biased,random,0.02,0.2,0.6,5.0,1.0,0.1,300,0,0.0,True,True,income,100,continue_after_avalanche,period_end,income,income__c0p60__pareto__biased__random,11,59,c,0.6,
2027320000,True,300,31831,1,700,78,700,31831,700,22,80,80,18217,300,0.4,True,3587,3587,22,0.487500696961249,0.993238081962643,0,111,200,20.0,lognormal,biased,random,0.02,0.2,0.7,5.0,1.0,0.1,300,0,0.0,True,True,income,100,continue_after_avalanche,period_end,income,income__c0p70__lognormal__biased__random,12,0,c,0.7,
2027320001,True,300,40077,1,700,107,700,40077,700,140,95,95,21529,300,0.475,True,4588,4588,140,0.5695117698343506,0.9827855274629469,0,150,200,20.0,lognormal,biased,random,0.02,0.2,0.7,5.0,1.0,0.1,300,0,0.0,True,True,income,100,continue_after_avalanche,period_end,income,income__c0p70__lognormal__biased__random,12,1,c,0.7,
2027320002,True,300,36071,1,700,95,700,36071,700,38,85,85,20510,300,0.425,True,4567,4567,38,0.5594580687541058,0.991271075104007,0,138,200,20.0,lognormal,biased,random,0.02,0.2,0.7,5.0,1.0,0.1,300,0,0.0,True,True,income,100,continue_after_avalanche,period_end,income,income__c0p70__lognormal__biased__random,12,2,c,0.7,
2027320003,True,300,30773,1,700,85,700,30773,700,78,78,78,18052,300,0.39,True,3411,3411,78,0.4898841981823514,0.9844957490472004,0,123,200,20.0,lognormal,biased,random,0.02,0.2,0.7,5.0,1.0,0.1,300,0,0.0,True,True,income,100,continue_after_avalanche,period_end,income,income__c0p70__lognormal__biased__random,12,3,c,0.7,
2027320004,True,300,34571,1,700,92,700,34571,700,40,86,86,19686,300,0.43,True,4071,4071,40,0.537967329894375,0.9870265291083273,0,134,200,20.0,lognormal,biased,random,0.02,0.2,0.7,5.0,1.0,0.1,300,0,0.0,True,True,income,100,continue_after_avalanche,period_end,income,income__c0p70__lognormal__biased__random,12,4,c,0.7,
2027320005,True,300,34611,1,700,88,700,34611,700,43,82,82,19685,300,0.41,True,3972,3972,43,0.5318152064451158,0.9884592145015108,0,128,200,20.0,lognormal,biased,random,0.02,0.2,0.7,5.0,1.0,0.1,300,0,0.0,True,True,income,100,continue_after_avalanche,period_end,income,income__c0p70__lognormal__biased__random,12,5,c,0.7,
2027320006,True,300,33332,1,700,81,700,33332,700,85,78,78,18872,300,0.39,True,3712,3712,85,0.4897898706896553,0.9858943965517242,0,120,200,20.0,lognormal,biased,random,0.02,0.2,0.7,5.0,1.0,0.1,300,0,0.0,True,True,income,100,continue_after_avalanche,period_end,income,income__c0p70__lognormal__biased__random,12,6,c,0.7,
2027320007,True,300,35640,1,700,83,700,35640,700,21,87,87,19946,300,0.435,True,4110,4110,21,0.5428832116788322,0.9949756690997569,0,118,200,20.0,lognormal,biased,random,0.02,0.2,0.7,5.0,1.0,0.1,300,0,0.0,True,True,income,100,continue_after_avalanche,period_end,income,income__c0p70__lognormal__biased__random,12,7,c,0.7,
2027320008,True,300,34617,1,700,90,700,34617,700,50,83,83,19431,300,0.415,True,4010,4010,50,0.5063990024937657,0.9859775561097257,0,126,200,20.0,lognormal,biased,random,0.02,0.2,0.7,5.0,1.0,0.1,300,0,0.0,True,True,income,100,continue_after_avalanche,period_end,income,income__c0p70__lognormal__biased__random,12,8,c,0.7,
2027320009,True,300,35574,1,700,100,700,35574,700,79,85,85,20234,300,0.425,True,4105,4105,79,0.5224275274056029,0.9840499390986603,0,133,200,20.0,lognormal,biased,random,0.02,0.2,0.7,5.0,1.0,0.1,300,0,0.0,True,True,income,100,continue_after_avalanche,period_end,income,income__c0p70__lognormal__biased__random,12,9,c,0.7,
2027320010,True,300,32985,1,700,80,700,32985,700,24,82,82,18773,300,0.41,True,3770,3770,24,0.5091989389920426,0.9929602122015917,0,116,200,20.0,lognormal,biased,random,0.02,0.2,0.7,5.0,1.0,0.1,300,0,0.0,True,True,income,100,continue_after_avalanche,period_end,income,income__c0p70__lognormal__biased__random,12,10,c,0.7,
2027320011,True,300,33559,1,700,86,700,33559,700,18,85,85,19379,300,0.425,True,4164,4164,18,0.5462031700288186,0.9948919308357349,0,124,200,20.0,lognormal,biased,random,0.02,0.2,0.7,5.0,1.0,0.1,300,0,0.0,True,True,income,100,continue_after_avalanche,period_end,income,income__c0p70__lognormal__biased__random,12,11,c,0.7,
2027320012,True,300,35857,1,700,84,700,35857,700,6,88,88,19903,300,0.44,True,4259,4259,6,0.5130887532284576,0.9949483446818503,0,122,200,20.0,lognormal,biased,random,0.02,0.2,0.7,5.0,1.0,0.1,300,0,0.0,True,True,income,100,continue_after_avalanche,period_end,income,income__c0p70__lognormal__biased__random,12,12,c,0.7,
2027320013,True,300,36454,1,700,97,700,36454,700,107,84,84,20031,300,0.42,True,4187,4187,107,0.49986028182469555,0.9856806782899452,0,141,200,20.0,lognormal,biased,random,0.02,0.2,0.7,5.0,1.0,0.1,300,0,0.0,True,True,income,100,continue_after_avalanche,period_end,income,income__c0p70__lognormal__biased__random,12,13,c,0.7,
2027320014,True,300,37622,1,700,97,700,37622,700,82,84,84,20636,300,0.42,True,4289,4289,82,0.5271986477034274,0.9880823035672652,0,137,200,20.0,lognormal,biased,random,0.02,0.2,0.7,5.0,1.0,0.1,300,0,0.0,True,True,income,100,continue_after_avalanche,period_end,income,income__c0p70__lognormal__biased__random,12,14,c,0.7,
2027320015,True,300,33981,1,700,81,700,33981,700,34,81,81,19007,300,0.405,True,3842,3842,34,0.49997136907860495,0.9946902654867258,0,115,200,20.0,lognormal,biased,random,0.02,0.2,0.7,5.0,1.0,0.1,300,0,0.0,True,True,income,100,continue_after_avalanche,period_end,income,income__c0p70__lognormal__biased__random,12,15,c,0.7,
2027320016,True,300,34997,1,700,94,700,34997,700,11,90,90,20306,300,0.45,True,4753,4753,11,0.603948032821376,0.9949410898379971,0,139,200,20.0,lognormal,biased,random,0.02,0.2,0.7,5.0,1.0,0.1,300,0,0.0,True,True,income,100,continue_after_avalanche,period_end,income,income__c0p70__lognormal__biased__random,12,16,c,0.7,
2027320017,True,300,31112,1,700,77,700,31112,700,8,81,81,18334,300,0.405,True,3741,3741,8,0.5093090082865546,0.9948209035017377,0,110,200,20.0,lognormal,biased,random,0.02,0.2,0.7,5.0,1.0,0.1,300,0,0.0,True,True,income,100,continue_after_avalanche,period_end,income,income__c0p70__lognormal__biased__random,12,17,c,0.7,
2027320018,True,300,31307,1,700,80,700,31307,700,11,81,81,18385,300,0.405,True,3824,3824,11,0.5739984309623432,0.994942468619247,0,110,200,20.0,lognormal,biased,random,0.02,0.2,0.7,5.0,1.0,0.1,300,0,0.0,True,True,income,100,continue_after_avalanche,period_end,income,income__c0p70__lognormal__biased__random,12,18,c,0.7,
2027320019,True,300,32916,1,700,78,700,32916,700,31,81,81,19103,300,0.405,True,3902,3902,31,0.5670784213223989,0.9948974884674526,0,109,200,20.0,lognormal,biased,random,0.02,0.2,0.7,5.0,1.0,0.1,300,0,0.0,True,True,income,100,continue_after_avalanche,period_end,income,income__c0p70__lognormal__biased__random,12,19,c,0.7,
2027320020,True,300,38914,1,700,94,700,38914,700,4,88,88,20957,300,0.44,True,4627,4627,4,0.5389982710179384,0.9949373244002595,0,135,200,20.0,lognormal,biased,random,0.02,0.2,0.7,5.0,1.0,0.1,300,0,0.0,True,True,income,100,continue_after_avalanche,period_end,income,income__c0p70__lognormal__biased__random,12,20,c,0.7,
2027320021,True,300,30389,1,700,77,700,30389,700,51,78,78,17773,300,0.39,True,3323,3323,51,0.5099984953355403,0.9894628347878425,0,106,200,20.0,lognormal,biased,random,0.02,0.2,0.7,5.0,1.0,0.1,300,0,0.0,True,True,income,100,continue_after_avalanche,period_end,income,income__c0p70__lognormal__biased__random,12,21,c,0.7,
2027320022,True,300,31978,1,700,78,700,31978,700,74,77,77,17919,300,0.385,True,3401,3401,74,0.4457556600999708,0.9889723610702736,0,112,200,20.0,lognormal,biased,random,0.02,0.2,0.7,5.0,1.0,0.1,300,0,0.0,True,True,income,100,continue_after_avalanche,period_end,income,income__c0p70__lognormal__biased__random,12,22,c,0.7,
2027320023,True,300,38424,1,700,98,700,38424,700,32,89,89,20884,300,0.445,True,4713,4713,32,0.5250233396987058,0.9905781879906643,0,142,200,20.0,lognormal,biased,random,0.02,0.2,0.7,5.0,1.0,0.1,300,0,0.0,True,True,income,100,continue_after_avalanche,period_end,income,income__c0p70__lognormal__biased__random,12,23,c,0.7,
2027320024,True,300,33342,1,700,83,700,33342,700,122,82,82,18442,300,0.41,True,3592,3592,122,0.49139198218262825,0.988574610244989,0,118,200,20.0,lognormal,biased,random,0.02,0.2,0.7,5.0,1.0,0.1,300,0,0.0,True,True,income,100,continue_after_avalanche,period_end,income,income__c0p70__lognormal__biased__random,12,24,c,0.7,
2027320025,True,300,35306,1,700,87,700,35306,700,60,83,83,19439,300,0.415,True,4193,4193,60,0.5175637968041975,0.9903374672072502,0,132,200,20.0,lognormal,biased,random,0.02,0.2,0.7,5.0,1.0,0.1,300,0,0.0,True,True,income,100,continue_after_avalanche,period_end,income,income__c0p70__lognormal__biased__random,12,25,c,0.7,
2027320026,True,300,37007,1,700,92,700,37007,700,70,90,90,20353,300,0.45,True,4200,4200,70,0.5305452380952382,0.9856619047619049,0,132,200,20.0,lognormal,biased,random,0.02,0.2,0.7,5.0,1.0,0.1,300,0,0.0,True,True,income,100,continue_after_avalanche,period_end,income,income__c0p70__lognormal__biased__random,12,26,c,0.7,
2027320027,True,300,31456,1,700,77,700,31456,700,37,79,79,17980,300,0.395,True,3517,3517,37,0.4736096104634633,0.9947583167472278,0,111,200,20.0,lognormal,biased,random,0.02,0.2,0.7,5.0,1.0,0.1,300,0,0.0,True,True,income,100,continue_after_avalanche,period_end,income,income__c0p70__lognormal__biased__random,12,27,c,0.7,
2027320028,True,300,32678,1,700,80,700,32678,700,24,80,80,18355,300,0.4,True,3634,3634,24,0.5110731975784262,0.9926472206934509,0,111,200,20.0,lognormal,biased,random,0.02,0.2,0.7,5.0,1.0,0.1,300,0,0.0,True,True,income,100,continue_after_avalanche,period_end,income,income__c0p70__lognormal__biased__random,12,28,c,0.7,
2027320029,True,300,33684,1,700,94,700,33684,700,134,81,81,19310,300,0.405,True,3781,3781,134,0.5209587410737901,0.9829582121131977,0,133,200,20.0,lognormal,biased,random,0.02,0.2,0.7,5.0,1.0,0.1,300,0,0.0,True,True,income,100,continue_after_avalanche,period_end,income,income__c0p70__lognormal__biased__random,12,29,c,0.7,
2027320030,True,300,34277,1,700,92,700,34277,700,40,84,84,19604,300,0.42,True,4141,4141,40,0.5496945182323112,0.9907763825163005,0,127,200,20.0,lognormal,biased,random,0.02,0.2,0.7,5.0,1.0,0.1,300,0,0.0,True,True,income,100,continue_after_avalanche,period_end,income,income__c0p70__lognormal__biased__random,12,30,c,0.7,
2027320031,True,300,27449,1,700,67,700,27449,700,19,82,82,16589,300,0.41,True,3142,3142,19,0.4823360916613624,0.9948090388287716,0,97,200,20.0,lognormal,biased,random,0.02,0.2,0.7,5.0,1.0,0.1,300,0,0.0,True,True,income,100,continue_after_avalanche,period_end,income,income__c0p70__lognormal__biased__random,12,31,c,0.7,
2027320032,True,300,34906,1,700,93,700,34906,700,87,80,80,19734,300,0.4,True,3862,3862,87,0.5259192128430865,0.9848808907301918,0,132,200,20.0,lognormal,biased,random,0.02,0.2,0.7,5.0,1.0,0.1,300,0,0.0,True,True,income,100,continue_after_avalanche,period_end,income,income__c0p70__lognormal__biased__random,12,32,c,0.7,
2027320033,True,300,32853,1,700,80,700,32853,700,10,83,83,18910,300,0.415,True,3936,3936,10,0.52083587398374,0.9949288617886181,0,115,200,20.0,lognormal,biased,random,0.02,0.2,0.7,5.0,1.0,0.1,300,0,0.0,True,True,income,100,continue_after_avalanche,period_end,income,income__c0p70__lognormal__biased__random,12,33,c,0.7,
2027320034,True,300,38931,1,700,96,700,38931,700,77,89,89,20807,300,0.445,True,4356,4356,77,0.49044995408631786,0.9890036730945824,0,135,200,20.0,lognormal,biased,random,0.02,0.2,0.7,5.0,1.0,0.1,300,0,0.0,True,True,income,100,continue_after_avalanche,period_end,income,income__c0p70__lognormal__biased__random,12,34,c,0.7,
2027320035,True,300,37056,1,700,94,700,37056,700,80,86,86,20023,300,0.43,True,4077,4077,80,0.4966727986264412,0.9881591856757421,0,135,200,20.0,lognormal,biased,random,0.02,0.2,0.7,5.0,1.0,0.1,300,0,0.0,True,True,income,100,continue_after_avalanche,period_end,income,income__c0p70__lognormal__biased__random,12,35,c,0.7,
2027320036,True,300,33204,1,700,82,700,33204,700,26,81,81,18879,300,0.405,True,3777,3777,26,0.5251323801959229,0.9919446650781045,0,116,200,20.0,lognormal,biased,random,0.02,0.2,0.7,5.0,1.0,0.1,300,0,0.0,True,True,income,100,continue_after_avalanche,period_end,income,income__c0p70__lognormal__biased__random,12,36,c,0.7,
2027320037,True,300,34811,1,700,90,700,34811,700,86,80,80,19247,300,0.4,True,3900,3900,86,0.5027769230769232,0.9831897435897436,0,127,200,20.0,lognormal,biased,random,0.02,0.2,0.7,5.0,1.0,0.1,300,0,0.0,True,True,income,100,continue_after_avalanche,period_end,income,income__c0p70__lognormal__biased__random,12,37,c,0.7,
2027320038,True,300,34865,1,700,92,700,34865,700,131,80,80,19170,300,0.4,True,3661,3661,131,0.495103796776837,0.9859751434034418,0,128,200,20.0,lognormal,biased,random,0.02,0.2,0.7,5.0,1.0,0.1,300,0,0.0,True,True,income,100,continue_after_avalanche,period_end,income,income__c0p70__lognormal__biased__random,12,38,c,0.7,
2027320039,True,300,35697,1,700,88,700,35697,700,56,83,83,19510,300,0.415,True,4131,4131,56,0.5064790607601066,0.9942786250302591,0,123,200,20.0,lognormal,biased,random,0.02,0.2,0.7,5.0,1.0,0.1,300,0,0.0,True,True,income,100,continue_after_avalanche,period_end,income,income__c0p70__lognormal__biased__random,12,39,c,0.7,
2027320040,True,300,31549,1,700,80,700,31549,700,104,79,79,18001,300,0.395,True,3408,3408,104,0.48127347417840394,0.9846009389671362,0,113,200,20.0,lognormal,biased,random,0.02,0.2,0.7,5.0,1.0,0.1,300,0,0.0,True,True,income,100,continue_after_avalanche,period_end,income,income__c0p70__lognormal__biased__random,12,40,c,0.7,
2027320041,True,300,37177,1,700,92,700,37177,700,9,92,92,20456,300,0.46,True,4390,4390,9,0.5299749430523919,0.99148291571754,0,136,200,20.0,lognormal,biased,random,0.02,0.2,0.7,5.0,1.0,0.1,300,0,0.0,True,True,income,100,continue_after_avalanche,period_end,income,income__c0p70__lognormal__biased__random,12,41,c,0.7,
2027320042,True,300,31889,1,700,86,700,31889,700,41,79,79,18673,300,0.395,True,3698,3698,41,0.5271876690102759,0.9904407787993512,0,120,200,20.0,lognormal,biased,random,0.02,0.2,0.7,5.0,1.0,0.1,300,0,0.0,True,True,income,100,continue_after_avalanche,period_end,income,income__c0p70__lognormal__biased__random,12,42,c,0.7,
2027320043,True,300,32149,1,700,80,700,32149,700,106,77,77,18321,300,0.385,True,3411,3411,106,0.4943022574025213,0.98498534154207,0,117,200,20.0,lognormal,biased,random,0.02,0.2,0.7,5.0,1.0,0.1,300,0,0.0,True,True,income,100,continue_after_avalanche,period_end,income,income__c0p70__lognormal__biased__random,12,43,c,0.7,
2027320044,True,300,37321,1,700,100,700,37321,700,130,87,87,20255,300,0.435,True,4153,4153,130,0.5252576450758488,0.9894040452684807,0,141,200,20.0,lognormal,biased,random,0.02,0.2,0.7,5.0,1.0,0.1,300,0,0.0,True,True,income,100,continue_after_avalanche,period_end,income,income__c0p70__lognormal__biased__random,12,44,c,0.7,
2027320045,True,300,37578,1,700,98,700,37578,700,162,86,86,20185,300,0.43,True,4099,4099,162,0.5046535740424496,0.9809233959502319,0,144,200,20.0,lognormal,biased,random,0.02,0.2,0.7,5.0,1.0,0.1,300,0,0.0,True,True,income,100,continue_after_avalanche,period_end,income,income__c0p70__lognormal__biased__random,12,45,c,0.7,
2027320046,True,300,35602,1,700,90,700,35602,700,117,87,87,19669,300,0.435,True,3720,3720,117,0.4791209677419357,0.9902956989247313,0,123,200,20.0,lognormal,biased,random,0.02,0.2,0.7,5.0,1.0,0.1,300,0,0.0,True,True,income,100,continue_after_avalanche,period_end,income,income__c0p70__lognormal__biased__random,12,46,c,0.7,
2027320047,True,300,39342,1,700,106,700,39342,700,80,93,93,21705,300,0.465,True,4665,4665,80,0.5872486602357987,0.9873644158628083,0,151,200,20.0,lognormal,biased,random,0.02,0.2,0.7,5.0,1.0,0.1,300,0,0.0,True,True,income,100,continue_after_avalanche,period_end,income,income__c0p70__lognormal__biased__random,12,47,c,0.7,
2027320048,True,300,38429,1,700,101,700,38429,700,128,90,90,20786,300,0.45,True,4425,4425,128,0.5307740112994352,0.98865197740113,0,144,200,20.0,lognormal,biased,random,0.02,0.2,0.7,5.0,1.0,0.1,300,0,0.0,True,True,income,100,continue_after_avalanche,period_end,income,income__c0p70__lognormal__biased__random,12,48,c,0.7,
2027320049,True,300,33108,1,700,81,700,33108,700,49,78,78,18581,300,0.39,True,3731,3731,49,0.5000549450549452,0.9919043151969982,0,118,200,20.0,lognormal,biased,random,0.02,0.2,0.7,5.0,1.0,0.1,300,0,0.0,True,True,income,100,continue_after_avalanche,period_end,income,income__c0p70__lognormal__biased__random,12,49,c,0.7,
2027320050,True,300,35743,1,700,88,700,35743,700,44,83,83,19525,300,0.415,True,4029,4029,44,0.4820836435840159,0.9889066765946886,0,128,200,20.0,lognormal,biased,random,0.02,0.2,0.7,5.0,1.0,0.1,300,0,0.0,True,True,income,100,continue_after_avalanche,period_end,income,income__c0p70__lognormal__biased__random,12,50,c,0.7,
2027320051,True,300,33597,1,700,85,700,33597,700,22,84,84,18812,300,0.42,True,3846,3846,22,0.4840353614144566,0.9921944877795112,0,119,200,20.0,lognormal,biased,random,0.02,0.2,0.7,5.0,1.0,0.1,300,0,0.0,True,True,income,100,continue_after_avalanche,period_end,income,income__c0p70__lognormal__biased__random,12,51,c,0.7,
2027320052,True,300,36504,1,700,93,700,36504,700,46,81,81,19982,300,0.405,True,4091,4091,46,0.5167012955267662,0.9870679540454657,0,127,200,20.0,lognormal,biased,random,0.02,0.2,0.7,5.0,1.0,0.1,300,0,0.0,True,True,income,100,continue_after_avalanche,period_end,income,income__c0p70__lognormal__biased__random,12,52,c,0.7,
2027320053,True,300,37116,1,700,99,700,37116,700,90,83,83,19900,300,0.415,True,4144,4144,90,0.503935810810811,0.9900048262548264,0,139,200,20.0,lognormal,biased,random,0.02,0.2,0.7,5.0,1.0,0.1,300,0,0.0,True,True,income,100,continue_after_avalanche,period_end,income,income__c0p70__lognormal__biased__random,12,53,c,0.7,
2027320054,True,300,36983,1,700,91,700,36983,700,20,88,88,20339,300,0.44,True,4265,4265,20,0.5207350527549826,0.9923388042203987,0,126,200,20.0,lognormal,biased,random,0.02,0.2,0.7,5.0,1.0,0.1,300,0,0.0,True,True,income,100,continue_after_avalanche,period_end,income,income__c0p70__lognormal__biased__random,12,54,c,0.7,
2027320055,True,300,32029,1,700,83,700,32029,700,65,79,79,18228,300,0.395,True,3573,3573,65,0.5011992723201792,0.9851119507416737,0,119,200,20.0,lognormal,biased,random,0.02,0.2,0.7,5.0,1.0,0.1,300,0,0.0,True,True,income,100,continue_after_avalanche,period_end,income,income__c0p70__lognormal__biased__random,12,55,c,0.7,
2027320056,True,300,33960,1,700,83,700,33960,700,22,83,83,19173,300,0.415,True,3933,3933,22,0.5101970505975084,0.9940007627765066,0,121,200,20.0,lognormal,biased,random,0.02,0.2,0.7,5.0,1.0,0.1,300,0,0.0,True,True,income,100,continue_after_avalanche,period_end,income,income__c0p70__lognormal__biased__random,12,56,c,0.7,
2027320057,True,300,30992,1,700,69,700,30992,700,0,79,79,18135,300,0.395,True,3657,3657,0,0.5093943122778235,0.994983593109106,0,104,200,20.0,lognormal,biased,random,0.02,0.2,0.7,5.0,1.0,0.1,300,0,0.0,True,True,income,100,continue_after_avalanche,period_end,income,income__c0p70__lognormal__biased__random,12,57,c,0.7,
2027320058,True,300,40345,1,700,99,700,40345,700,46,92,92,21322,300,0.46,True,4637,4637,46,0.5069171878369636,0.9938505499245203,0,143,200,20.0,lognormal,biased,random,0.02,0.2,0.7,5.0,1.0,0.1,300,0,0.0,True,True,income,100,continue_after_avalanche,period_end,income,income__c0p70__lognormal__biased__random,12,58,c,0.7,
2027320059,True,300,34986,1,700,91,700,34986,700,103,83,83,19588,300,0.415,True,3986,3986,103,0.5447215253386855,0.9866482689412945,0,133,200,20.0,lognormal,biased,random,0.02,0.2,0.7,5.0,1.0,0.1,300,0,0.0,True,True,income,100,continue_after_avalanche,period_end,income,income__c0p70__lognormal__biased__random,12,59,c,0.7,
2027420000,True,300,30918,1,700,81,700,30918,700,10,87,87,18375,300,0.435,True,4000,4000,10,0.3966850000000002,0.9949300000000001,0,116,200,20.0,pareto,biased,random,0.02,0.2,0.7,5.0,1.0,0.1,300,0,0.0,True,True,income,100,continue_after_avalanche,period_end,income,income__c0p70__pareto__biased__random,13,0,c,0.7,
2027420001,True,300,35789,2,1386,88,700,35789,1386,17,84,84,19658,299,0.42,True,3999,3999,17,0.3038172043010754,0.9921342835708928,0,124,200,20.0,pareto,biased,random,0.02,0.2,0.7,5.0,1.0,0.1,300,0,0.0,True,True,income,100,continue_after_avalanche,period_end,income,income__c0p70__pareto__biased__random,13,1,c,0.7,
2027420002,True,300,35230,2,1388,85,700,35230,1388,23,82,82,19070,299,0.41,True,3997,3997,23,0.29740430322742073,0.9925106329747311,0,125,200,20.0,pareto,biased,random,0.02,0.2,0.7,5.0,1.0,0.1,300,0,0.0,True,True,income,100,continue_after_avalanche,period_end,income,income__c0p70__pareto__biased__random,13,2,c,0.7,
2027420003,True,300,35709,2,1387,87,700,35709,1387,48,84,84,19084,299,0.42,True,4003,4003,48,0.3011054209342994,0.9920222333250064,0,127,200,20.0,pareto,biased,random,0.02,0.2,0.7,5.0,1.0,0.1,300,0,0.0,True,True,income,100,continue_after_avalanche,period_end,income,income__c0p70__pareto__biased__random,13,3,c,0.7,
2027420004,True,300,31432,1,700,79,700,31432,700,8,85,85,18304,300,0.425,True,3998,3998,8,0.38424462231115575,0.9949299649824914,0,113,200,20.0,pareto,biased,random,0.02,0.2,0.7,5.0,1.0,0.1,300,0,0.0,True,True,income,100,continue_after_avalanche,period_end,income,income__c0p70__pareto__biased__random,13,4,c,0.7,
2027420005,True,300,32869,2,1386,88,700,32869,1386,29,82,82,18981,299,0.41,True,3995,3995,29,0.3562465581977472,0.9914080100125158,0,122,200,20.0,pareto,biased,random,0.02,0.2,0.7,5.0,1.0,0.1,300,0,0.0,True,True,income,100,continue_after_avalanche,period_end,income,income__c0p70__pareto__biased__random,13,5,c,0.7,
2027420006,True,300,32875,2,1386,81,700,32875,1386,21,88,88,18797,299,0.44,True,4003,4003,21,0.41026854858855866,0.9948725955533351,0,119,200,20.0,pareto,biased,random,0.02,0.2,0.7,5.0,1.0,0.1,300,0,0.0,True,True,income,100,continue_after_avalanche,period_end,income,income__c0p70__pareto__biased__random,13,6,c,0.7,
2027420007,True,300,37023,2,1379,85,700,37023,1379,36,86,86,19329,299,0.43,True,4001,4001,36,0.2868720319920022,0.993672831792052,0,126,200,20.0,pareto,biased,random,0.02,0.2,0.7,5.0,1.0,0.1,300,0,0.0,True,True,income,100,continue_after_avalanche,period_end,income,income__c0p70__pareto__biased__random,13,7,c,0.7,
2027420008,True,300,35738,2,1380,94,700,35738,1380,101,84,84,19651,299,0.42,True,3998,3998,101,0.3301150575287646,0.991623311655828,0,131,200,20.0,pareto,biased,random,0.02,0.2,0.7,5.0,1.0,0.1,300,0,0.0,True,True,income,100,continue_after_avalanche,period_end,income,income__c0p70__pareto__biased__random,13,8,c,0.7,
2027420009,True,300,34627,2,1385,88,700,34627,1385,25,82,82,19287,299,0.41,True,3999,3999,25,0.31693298324581165,0.9936496624156039,0,120,200,20.0,pareto,biased,random,0.02,0.2,0.7,5.0,1.0,0.1,300,0,0.0,True,True,income,100,continue_after_avalanche,period_end,income,income__c0p70__pareto__biased__random,13,9,c,0.7,
2027420010,True,300,35182,3,2045,91,700,35182,2045,42,84,84,19215,298,0.42,True,3997,3997,42,0.29811483612709533,0.9891080810607957,0,126,200,20.0,pareto,biased,random,0.02,0.2,0.7,5.0,1.0,0.1,300,0,0.0,True,True,income,100,continue_after_avalanche,period_end,income,income__c0p70__pareto__biased__random,13,10,c,0.7,
2027420011,True,300,35340,2,1387,89,700,35340,1387,19,85,85,19164,299,0.425,True,3996,3996,19,0.3036036036036036,0.9947997997997999,0,124,200,20.0,pareto,biased,random,0.02,0.2,0.7,5.0,1.0,0.1,300,0,0.0,True,True,income,100,continue_after_avalanche,period_end,income,income__c0p70__pareto__biased__random,13,11,c,0.7,
2027420012,True,300,35703,3,2067,85,700,35703,2067,25,86,86,19371,298,0.43,True,4004,4004,25,0.3132617382617384,0.9922827172827173,0,123,200,20.0,pareto,biased,random,0.02,0.2,0.7,5.0,1.0,0.1,300,0,0.0,True,True,income,100,continue_after_avalanche,period_end,income,income__c0p70__pareto__biased__random,13,12,c,0.7,
2027420013,True,300,36051,2,1392,90,700,36051,1392,29,84,84,19191,299,0.42,True,4003,4003,29,0.28040344741443923,0.9927616787409443,0,127,200,20.0,pareto,biased,random,0.02,0.2,0.7,5.0,1.0,0.1,300,0,0.0,True,True,income,100,continue_after_avalanche,period_end,income,income__c0p70__pareto__biased__random,13,13,c,0.7,
2027420014,True,300,36378,2,1387,85,700,36378,1387,63,91,91,19654,299,0.455,True,4003,4003,63,0.2811853609792656,0.9892917811641271,0,127,200,20.0,pareto,biased,random,0.02,0.2,0.7,5.0,1.0,0.1,300,0,0.0,True,True,income,100,continue_after_avalanche,period_end,income,income__c0p70__pareto__biased__random,13,14,c,0.7,
2027420015,True,300,32314,1,700,80,700,32314,700,8,86,86,18621,300,0.43,True,4006,4006,8,0.38073140289565655,0.9949301048427359,0,117,200,20.0,pareto,biased,random,0.02,0.2,0.7,5.0,1.0,0.1,300,0,0.0,True,True,income,100,continue_after_avalanche,period_end,income,income__c0p70__pareto__biased__random,13,15,c,0.7,
2027420016,True,300,33565,2,1377,81,700,33565,1377,0,81,81,18931,299,0.405,True,3997,3997,0,0.3780773079809858,0.9949624718538905,0,117,200,20.0,pareto,biased,random,0.02,0.2,0.7,5.0,1.0,0.1,300,0,0.0,True,True,income,100,continue_after_avalanche,period_end,income,income__c0p70__pareto__biased__random,13,16,c,0.7,
2027420017,True,300,34639,2,1388,90,700,34639,1388,113,82,82,19272,299,0.41,True,4004,4004,113,0.3636813186813188,0.992465034965035,0,129,200,20.0,pareto,biased,random,0.02,0.2,0.7,5.0,1.0,0.1,300,0,0.0,True,True,income,100,continue_after_avalanche,period_end,income,income__c0p70__pareto__biased__random,13,17,c,0.7,
2027420018,True,300,36367,2,1384,88,700,36367,1384,15,86,86,19263,299,0.43,True,3997,3997,15,0.2718076057042784,0.9918376282211661,0,124,200,20.0,pareto,biased,random,0.02,0.2,0.7,5.0,1.0,0.1,300,0,0.0,True,True,income,100,continue_after_avalanche,period_end,income,income__c0p70__pareto__biased__random,13,18,c,0.7,
2027420019,True,300,38760,2,1383,95,700,38760,1383,116,85,85,19599,299,0.425,True,4006,4006,116,0.24691712431352975,0.9836894658012982,0,135,200,20.0,pareto,biased,random,0.02,0.2,0.7,5.0,1.0,0.1,300,0,0.0,True,True,income,100,continue_after_avalanche,period_end,income,income__c0p70__pareto__biased__random,13,19,c,0.7,
2027420020,True,300,31601,2,1387,81,700,31601,1387,8,84,84,18296,299,0.42,True,3996,3996,8,0.37494994994995,0.9949299299299301,0,114,200,20.0,pareto,biased,random,0.02,0.2,0.7,5.0,1.0,0.1,300,0,0.0,True,True,income,100,continue_after_avalanche,period_end,income,income__c0p70__pareto__biased__random,13,20,c,0.7,
2027420021,True,300,36843,2,1385,97,700,36843,1385,119,87,87,19596,299,0.435,True,4008,4008,119,0.2835603792415171,0.9853418163672656,0,138,200,20.0,pareto,biased,random,0.02,0.2,0.7,5.0,1.0,0.1,300,0,0.0,True,True,income,100,continue_after_avalanche,period_end,income,income__c0p70__pareto__biased__random,13,21,c,0.7,
2027420022,True,300,34984,2,1387,80,700,34984,1387,11,81,81,18606,299,0.405,True,4004,4004,11,0.27395104895104905,0.9949625374625375,0,117,200,20.0,pareto,biased,random,0.02,0.2,0.7,5.0,1.0,0.1,300,0,0.0,True,True,income,100,continue_after_avalanche,period_end,income,income__c0p70__pareto__biased__random,13,22,c,0.7,
2027420023,True,300,35469,2,1387,92,700,35469,1387,137,80,80,19470,299,0.4,True,4001,4001,137,0.3464871282179456,0.9831729567608098,0,135,200,20.0,pareto,biased,random,0.02,0.2,0.7,5.0,1.0,0.1,300,0,0.0,True,True,income,100,continue_after_avalanche,period_end,income,income__c0p70__pareto__biased__random,13,23,c,0.7,
2027420024,True,300,32020,1,700,80,700,32020,700,7,80,80,18636,300,0.4,True,3998,3998,7,0.39887943971986006,0.9949299649824914,0,118,200,20.0,pareto,biased,random,0.02,0.2,0.7,5.0,1.0,0.1,300,0,0.0,True,True,income,100,continue_after_avalanche,period_end,income,income__c0p70__pareto__biased__random,13,24,c,0.7,
2027420025,True,300,31735,1,700,80,700,31735,700,8,81,81,18657,300,0.405,True,3997,3997,8,0.4196659994996248,0.9949099324493371,0,115,200,20.0,pareto,biased,random,0.02,0.2,0.7,5.0,1.0,0.1,300,0,0.0,True,True,income,100,continue_after_avalanche,period_end,income,income__c0p70__pareto__biased__random,13,25,c,0.7,
2027420026,True,300,35282,2,1392,87,700,35282,1392,25,83,83,19086,299,0.415,True,3998,3998,25,0.3271310655327664,0.990622811405703,0,126,200,20.0,pareto,biased,random,0.02,0.2,0.7,5.0,1.0,0.1,300,0,0.0,True,True,income,100,continue_after_avalanche,period_end,income,income__c0p70__pareto__biased__random,13,26,c,0.7,
2027420027,True,300,36245,1,700,88,700,36245,700,19,82,82,19137,300,0.41,True,3996,3996,19,0.27097847847847856,0.9904979979979982,0,124,200,20.0,pareto,biased,random,0.02,0.2,0.7,5.0,1.0,0.1,300,0,0.0,True,True,income,100,continue_after_avalanche,period_end,income,income__c0p70__pareto__biased__random,13,27,c,0.7,
2027420028,True,300,32196,1,700,88,700,32196,700,30,85,85,18842,300,0.425,True,3998,3998,30,0.3982391195597801,0.9945097548774389,0,121,200,20.0,pareto,biased,random,0.02,0.2,0.7,5.0,1.0,0.1,300,0,0.0,True,True,income,100,continue_after_avalanche,period_end,income,income__c0p70__pareto__biased__random,13,28,c,0.7,
2027420029,True,300,31852,2,1389,83,700,31852,1389,17,89,89,18803,299,0.445,True,4007,4007,17,0.4274706763164464,0.9949750436735714,0,114,200,20.0,pareto,biased,random,0.02,0.2,0.7,5.0,1.0,0.1,300,0,0.0,True,True,income,100,continue_after_avalanche,period_end,income,income__c0p70__pareto__biased__random,13,29,c,0.7,
2027420030,True,300,35999,1,700,91,700,35999,700,75,85,85,19588,300,0.425,True,4003,4003,75,0.3737659255558332,0.9907656757431926,0,128,200,20.0,pareto,biased,random,0.02,0.2,0.7,5.0,1.0,0.1,300,0,0.0,True,True,income,100,continue_after_avalanche,period_end,income,income__c0p70__pareto__biased__random,13,30,c,0.7,
2027420031,True,300,36373,2,1382,88,700,36373,1382,54,84,84,19455,299,0.42,True,4002,4002,54,0.32609945027486265,0.9878385807096453,0,128,200,20.0,pareto,biased,random,0.02,0.2,0.7,5.0,1.0,0.1,300,0,0.0,True,True,income,100,continue_after_avalanche,period_end,income,income__c0p70__pareto__biased__random,13,31,c,0.7,
2027420032,True,300,37963,2,1392,80,700,37963,1392,25,84,84,19256,299,0.42,True,4000,4000,25,0.24815500000000013,0.9949100000000002,0,116,200,20.0,pareto,biased,random,0.02,0.2,0.7,5.0,1.0,0.1,300,0,0.0,True,True,income,100,continue_after_avalanche,period_end,income,income__c0p70__pareto__biased__random,13,32,c,0.7,
2027420033,True,300,34533,2,1394,85,700,34533,1394,18,83,83,19020,299,0.415,True,3993,3993,18,0.3275544703230655,0.9925406962183823,0,124,200,20.0,pareto,biased,random,0.02,0.2,0.7,5.0,1.0,0.1,300,0,0.0,True,True,income,100,continue_after_avalanche,period_end,income,income__c0p70__pareto__biased__random,13,33,c,0.7,
2027420034,True,300,36515,2,1378,90,700,36515,1378,80,83,83,19284,299,0.415,True,3993,3993,80,0.32469446531430024,0.9862121212121213,0,132,200,20.0,pareto,biased,random,0.02,0.2,0.7,5.0,1.0,0.1,300,0,0.0,True,True,income,100,continue_after_avalanche,period_end,income,income__c0p70__pareto__biased__random,13,34,c,0.7,
2027420035,True,300,38648,2,1390,99,700,38648,1390,205,83,83,19909,299,0.415,True,4000,4000,205,0.28244,0.9865275,0,141,200,20.0,pareto,biased,random,0.02,0.2,0.7,5.0,1.0,0.1,300,0,0.0,True,True,income,100,continue_after_avalanche,period_end,income,income__c0p70__pareto__biased__random,13,35,c,0.7,
2027420036,True,300,35194,2,1387,86,700,35194,1387,24,80,80,19134,299,0.4,True,4002,4002,24,0.34001499250374834,0.9912518740629686,0,123,200,20.0,pareto,biased,random,0.02,0.2,0.7,5.0,1.0,0.1,300,0,0.0,True,True,income,100,continue_after_avalanche,period_end,income,income__c0p70__pareto__biased__random,13,36,c,0.7,
2027420037,True,300,31688,2,1384,81,700,31688,1384,11,91,91,18767,299,0.455,True,3997,3997,11,0.4175569176882663,0.994974981235927,0,117,200,20.0,pareto,biased,random,0.02,0.2,0.7,5.0,1.0,0.1,300,0,0.0,True,True,income,100,continue_after_avalanche,period_end,income,income__c0p70__pareto__biased__random,13,37,c,0.7,
2027420038,True,300,31020,2,1387,80,700,31020,1387,1,81,81,18392,299,0.405,True,4000,4000,1,0.4177175000000002,0.994985,0,119,200,20.0,pareto,biased,random,0.02,0.2,0.7,5.0,1.0,0.1,300,0,0.0,True,True,income,100,continue_after_avalanche,period_end,income,income__c0p70__pareto__biased__random,13,38,c,0.7,
2027420039,True,300,34915,2,1384,92,700,34915,1384,88,83,83,19090,299,0.415,True,4001,4001,88,0.3220582354411399,0.9893264183954014,0,131,200,20.0,pareto,biased,random,0.02,0.2,0.7,5.0,1.0,0.1,300,0,0.0,True,True,income,100,continue_after_avalanche,period_end,income,income__c0p70__pareto__biased__random,13,39,c,0.7,
2027420040,True,300,32718,2,1387,82,700,32718,1387,15,81,81,18734,299,0.405,True,4004,4004,15,0.3604695304695307,0.9947727272727274,0,118,200,20.0,pareto,biased,random,0.02,0.2,0.7,5.0,1.0,0.1,300,0,0.0,True,True,income,100,continue_after_avalanche,period_end,income,income__c0p70__pareto__biased__random,13,40,c,0.7,
2027420041,True,300,35534,2,1387,94,700,35534,1387,130,81,81,19405,299,0.405,True,3993,3993,130,0.33318432256448793,0.9864300025043828,0,126,200,20.0,pareto,biased,random,0.02,0.2,0.7,5.0,1.0,0.1,300,0,0.0,True,True,income,100,continue_after_avalanche,period_end,income,income__c0p70__pareto__biased__random,13,41,c,0.7,
2027420042,True,300,35336,2,1382,86,700,35336,1382,28,86,86,19059,299,0.43,True,3998,3998,28,0.29079789894947483,0.9903976988494247,0,123,200,20.0,pareto,biased,random,0.02,0.2,0.7,5.0,1.0,0.1,300,0,0.0,True,True,income,100,continue_after_avalanche,period_end,income,income__c0p70__pareto__biased__random,13,42,c,0.7,
2027420043,True,300,33252,2,1385,95,700,33252,1385,95,84,84,19124,299,0.42,True,3992,3992,95,0.37933116232464936,0.9877154308617235,0,135,200,20.0,pareto,biased,random,0.02,0.2,0.7,5.0,1.0,0.1,300,0,0.0,True,True,income,100,continue_after_avalanche,period_end,income,income__c0p70__pareto__biased__random,13,43,c,0.7,
2027420044,True,300,35762,2,1382,87,700,35762,1382,60,80,80,19107,299,0.4,True,4000,4000,60,0.3180425,0.99123,0,123,200,20.0,pareto,biased,random,0.02,0.2,0.7,5.0,1.0,0.1,300,0,0.0,True,True,income,100,continue_after_avalanche,period_end,income,income__c0p70__pareto__biased__random,13,44,c,0.7,
2027420045,True,300,33671,2,1385,86,700,33671,1385,27,83,83,18946,299,0.415,True,4004,4004,27,0.3658416583416584,0.9928771228771229,0,124,200,20.0,pareto,biased,random,0.02,0.2,0.7,5.0,1.0,0.1,300,0,0.0,True,True,income,100,continue_after_avalanche,period_end,income,income__c0p70__pareto__biased__random,13,45,c,0.7,
2027420046,True,300,31511,1,700,80,700,31511,700,5,90,90,18766,300,0.45,True,3999,3999,5,0.42581770442610667,0.9949474868717181,0,117,200,20.0,pareto,biased,random,0.02,0.2,0.7,5.0,1.0,0.1,300,0,0.0,True,True,income,100,continue_after_avalanche,period_end,income,income__c0p70__pareto__biased__random,13,46,c,0.7,
2027420047,True,300,32880,2,1392,82,700,32880,1392,3,84,84,18630,299,0.42,True,4002,4002,3,0.34528735632183927,0.9949075462268866,0,118,200,20.0,pareto,biased,random,0.02,0.2,0.7,5.0,1.0,0.1,300,0,0.0,True,True,income,100,continue_after_avalanche,period_end,income,income__c0p70__pareto__biased__random,13,47,c,0.7,
2027420048,True,300,36683,2,1380,97,700,36683,1380,80,85,85,19464,299,0.425,True,4004,4004,80,0.26500749250749256,0.9912587412587415,0,135,200,20.0,pareto,biased,random,0.02,0.2,0.7,5.0,1.0,0.1,300,0,0.0,True,True,income,100,continue_after_avalanche,period_end,income,income__c0p70__pareto__biased__random,13,48,c,0.7,
2027420049,True,300,36931,2,1387,90,700,36931,1387,75,86,86,19161,299,0.43,True,3996,3996,75,0.2492492492492493,0.985372872872873,0,128,200,20.0,pareto,biased,random,0.02,0.2,0.7,5.0,1.0,0.1,300,0,0.0,True,True,income,100,continue_after_avalanche,period_end,income,income__c0p70__pareto__biased__random,13,49,c,0.7,
2027420050,True,300,34815,2,1390,88,700,34815,1390,38,82,82,19199,299,0.41,True,3993,3993,38,0.3187716003005261,0.9858039068369648,0,128,200,20.0,pareto,biased,random,0.02,0.2,0.7,5.0,1.0,0.1,300,0,0.0,True,True,income,100,continue_after_avalanche,period_end,income,income__c0p70__pareto__biased__random,13,50,c,0.7,
2027420051,True,300,34201,2,1383,79,700,34201,1383,6,90,90,18820,299,0.45,True,3996,3996,6,0.3216241241241242,0.9949474474474476,0,113,200,20.0,pareto,biased,random,0.02,0.2,0.7,5.0,1.0,0.1,300,0,0.0,True,True,income,100,continue_after_avalanche,period_end,income,income__c0p70__pareto__biased__random,13,51,c,0.7,
2027420052,True,300,34675,2,1391,81,700,34675,1391,22,81,81,18776,299,0.405,True,4003,4003,22,0.2858843367474395,0.9948326255308519,0,114,200,20.0,pareto,biased,random,0.02,0.2,0.7,5.0,1.0,0.1,300,0,0.0,True,True,income,100,continue_after_avalanche,period_end,income,income__c0p70__pareto__biased__random,13,52,c,0.7,
2027420053,True,300,32161,1,700,86,700,32161,700,24,83,83,18884,300,0.415,True,3996,3996,24,0.39511761761761766,0.9912762762762763,0,120,200,20.0,pareto,biased,random,0.02,0.2,0.7,5.0,1.0,0.1,300,0,0.0,True,True,income,100,continue_after_avalanche,period_end,income,income__c0p70__pareto__biased__random,13,53,c,0.7,
2027420054,True,300,35932,2,1385,88,700,35932,1385,27,82,82,19532,299,0.41,True,4003,4003,27,0.3462015988008995,0.990335998001499,0,121,200,20.0,pareto,biased,random,0.02,0.2,0.7,5.0,1.0,0.1,300,0,0.0,True,True,income,100,continue_after_avalanche,period_end,income,income__c0p70__pareto__biased__random,13,54,c,0.7,
2027420055,True,300,34177,2,1383,88,700,34177,1383,27,85,85,19316,299,0.425,True,4005,4005,27,0.3624007490636705,0.9919538077403247,0,124,200,20.0,pareto,biased,random,0.02,0.2,0.7,5.0,1.0,0.1,300,0,0.0,True,True,income,100,continue_after_avalanche,period_end,income,income__c0p70__pareto__biased__random,13,55,c,0.7,
2027420056,True,300,33641,2,1384,86,700,33641,1384,41,84,84,18851,299,0.42,True,4001,4001,41,0.31393276680829807,0.9932604348912772,0,124,200,20.0,pareto,biased,random,0.02,0.2,0.7,5.0,1.0,0.1,300,0,0.0,True,True,income,100,continue_after_avalanche,period_end,income,income__c0p70__pareto__biased__random,13,56,c,0.7,
2027420057,True,300,34623,2,1385,91,700,34623,1385,56,79,79,18887,299,0.395,True,3998,3998,56,0.3004002001000501,0.9913781890945474,0,127,200,20.0,pareto,biased,random,0.02,0.2,0.7,5.0,1.0,0.1,300,0,0.0,True,True,income,100,continue_after_avalanche,period_end,income,income__c0p70__pareto__biased__random,13,57,c,0.7,
2027420058,True,300,33843,2,1384,87,700,33843,1384,32,86,86,18874,299,0.43,True,4000,4000,32,0.3234675,0.99292,0,126,200,20.0,pareto,biased,random,0.02,0.2,0.7,5.0,1.0,0.1,300,0,0.0,True,True,income,100,continue_after_avalanche,period_end,income,income__c0p70__pareto__biased__random,13,58,c,0.7,
2027420059,True,300,34939,2,1378,93,700,34939,1378,50,80,80,19297,299,0.4,True,3998,3998,50,0.3473686843421713,0.9875687843921963,0,133,200,20.0,pareto,biased,random,0.02,0.2,0.7,5.0,1.0,0.1,300,0,0.0,True,True,income,100,continue_after_avalanche,period_end,income,income__c0p70__pareto__biased__random,13,59,c,0.7,
2027520000,True,300,42192,1,800,111,800,42192,800,129,99,99,22321,300,0.495,True,3926,3926,129,0.5127967396841571,0.9829928680590934,0,135,200,20.0,lognormal,biased,random,0.02,0.2,0.8,5.0,1.0,0.1,300,0,0.0,True,True,income,100,continue_after_avalanche,period_end,income,income__c0p80__lognormal__biased__random,14,0,c,0.8,
2027520001,True,300,41544,1,800,103,804,41544,800,12,92,92,22182,300,0.46,True,4412,4412,12,0.5383884859474162,0.9948436083408887,0,129,200,20.0,lognormal,biased,random,0.02,0.2,0.8,5.0,1.0,0.1,300,0,0.0,True,True,income,100,continue_after_avalanche,period_end,income,income__c0p80__lognormal__biased__random,14,1,c,0.8,
2027520002,True,300,41636,1,800,105,800,41636,800,95,98,98,21960,300,0.49,True,3882,3882,95,0.5106620298815046,0.990625965996909,0,131,200,20.0,lognormal,biased,random,0.02,0.2,0.8,5.0,1.0,0.1,300,0,0.0,True,True,income,100,continue_after_avalanche,period_end,income,income__c0p80__lognormal__biased__random,14,2,c,0.8,
2027520003,True,300,34077,1,800,83,800,34077,800,23,91,91,19332,300,0.455,True,3320,3320,23,0.5086114457831326,0.9926867469879519,0,105,200,20.0,lognormal,biased,random,0.02,0.2,0.8,5.0,1.0,0.1,300,0,0.0,True,True,income,100,continue_after_avalanche,period_end,income,income__c0p80__lognormal__biased__random,14,3,c,0.8,
2027520004,True,300,40678,1,800,98,800,40678,800,5,93,93,21997,300,0.465,True,4266,4266,5,0.5517721518987342,0.9949765588373185,0,125,200,20.0,lognormal,biased,random,0.02,0.2,0.8,5.0,1.0,0.1,300,0,0.0,True,True,income,100,continue_after_avalanche,period_end,income,income__c0p80__lognormal__biased__random,14,4,c,0.8,
2027520005,True,300,34294,1,800,81,800,34294,800,28,86,86,19382,300,0.43,True,3401,3401,28,0.46956042340488113,0.9947912378712145,0,100,200,20.0,lognormal,biased,random,0.02,0.2,0.8,5.0,1.0,0.1,300,0,0.0,True,True,income,100,continue_after_avalanche,period_end,income,income__c0p80__lognormal__biased__random,14,5,c,0.8,
2027520006,True,300,37562,1,800,95,809,37562,800,19,89,89,20747,300,0.445,True,3731,3731,19,0.4940297507370679,0.9940994371482177,0,124,200,20.0,lognormal,biased,random,0.02,0.2,0.8,5.0,1.0,0.1,300,0,0.0,True,True,income,100,continue_after_avalanche,period_end,income,income__c0p80__lognormal__biased__random,14,6,c,0.8,
2027520007,True,300,42867,1,800,118,807,42867,800,177,94,94,22536,300,0.47,True,4086,4086,177,0.49615271659324534,0.987491434165443,0,143,200,20.0,lognormal,biased,random,0.02,0.2,0.8,5.0,1.0,0.1,300,0,0.0,True,True,income,100,continue_after_avalanche,period_end,income,income__c0p80__lognormal__biased__random,14,7,c,0.8,
2027520008,True,300,39828,1,800,97,800,39828,800,96,90,90,21465,300,0.45,True,3739,3739,96,0.49613131853436765,0.9854172238566463,0,126,200,20.0,lognormal,biased,random,0.02,0.2,0.8,5.0,1.0,0.1,300,0,0.0,True,True,income,100,continue_after_avalanche,period_end,income,income__c0p80__lognormal__biased__random,14,8,c,0.8,
2027520009,True,300,43043,1,800,114,813,43043,800,200,96,96,23013,300,0.48,True,4170,4170,200,0.5216354916067147,0.9890743405275781,0,141,200,20.0,lognormal,biased,random,0.02,0.2,0.8,5.0,1.0,0.1,300,0,0.0,True,True,income,100,continue_after_avalanche,period_end,income,income__c0p80__lognormal__biased__random,14,9,c,0.8,
2027520010,True,300,41136,1,800,106,805,41136,800,22,94,94,22250,300,0.47,True,4214,4214,22,0.5253322259136213,0.9934907451352635,0,129,200,20.0,lognormal,biased,random,0.02,0.2,0.8,5.0,1.0,0.1,300,0,0.0,True,True,income,100,continue_after_avalanche,period_end,income,income__c0p80__lognormal__biased__random,14,10,c,0.8,
2027520011,True,300,39749,1,800,104,800,39749,800,59,96,96,21469,300,0.48,True,3908,3908,59,0.5199257932446266,0.9905706243602868,0,126,200,20.0,lognormal,biased,random,0.02,0.2,0.8,5.0,1.0,0.1,300,0,0.0,True,True,income,100,continue_after_avalanche,period_end,income,income__c0p80__lognormal__biased__random,14,11,c,0.8,
2027520012,True,300,46765,1,800,125,815,46765,800,121,106,106,24506,300,0.53,True,4802,4802,121,0.58618908788005,0.9880528946272387,0,158,200,20.0,lognormal,biased,random,0.02,0.2,0.8,5.0,1.0,0.1,300,0,0.0,True,True,income,100,continue_after_avalanche,period_end,income,income__c0p80__lognormal__biased__random,14,12,c,0.8,
2027520013,True,300,40907,1,800,106,800,40907,800,20,101,101,22080,300,0.505,True,4128,4128,20,0.545811531007752,0.9927664728682171,0,132,200,20.0,lognormal,biased,random,0.02,0.2,0.8,5.0,1.0,0.1,300,0,0.0,True,True,income,100,continue_after_avalanche,period_end,income,income__c0p80__lognormal__biased__random,14,13,c,0.8,
2027520014,True,300,42963,1,800,118,800,42963,800,79,100,100,22957,300,0.5,True,4242,4242,79,0.5485337105139085,0.983925035360679,0,144,200,20.0,lognormal,biased,random,0.02,0.2,0.8,5.0,1.0,0.1,300,0,0.0,True,True,income,100,continue_after_avalanche,period_end,income,income__c0p80__lognormal__biased__random,14,14,c,0.8,
2027520015,True,300,44302,1,800,114,804,44302,800,64,96,96,22800,300,0.48,True,4418,4418,64,0.5338705296514261,0.9908374830239928,0,145,200,20.0,lognormal,biased,random,0.02,0.2,0.8,5.0,1.0,0.1,300,0,0.0,True,True,income,100,continue_after_avalanche,period_end,income,income__c0p80__lognormal__biased__random,14,15,c,0.8,
2027520016,True,300,41754,1,800,110,800,41754,800,46,99,99,22558,300,0.495,True,4227,4227,46,0.550829193281287,0.9855630470783063,0,142,200,20.0,lognormal,biased,random,0.02,0.2,0.8,5.0,1.0,0.1,300,0,0.0,True,True,income,100,continue_after_avalanche,period_end,income,income__c0p80__lognormal__biased__random,14,16,c,0.8,
2027520017,True,300,40268,1,800,101,800,40268,800,127,92,92,21457,300,0.46,True,3670,3670,127,0.4926675749318803,0.9785531335149864,0,127,200,20.0,lognormal,biased,random,0.02,0.2,0.8,5.0,1.0,0.1,300,0,0.0,True,True,income,100,continue_after_avalanche,period_end,income,income__c0p80__lognormal__biased__random,14,17,c,0.8,
2027520018,True,300,42211,1,800,108,806,42211,800,28,100,100,22819,300,0.5,True,4526,4526,28,0.5679893946089263,0.990046398585948,0,135,200,20.0,lognormal,biased,random,0.02,0.2,0.8,5.0,1.0,0.1,300,0,0.0,True,True,income,100,continue_after_avalanche,period_end,income,income__c0p80__lognormal__biased__random,14,18,c,0.8,
2027520019,True,300,41588,1,800,110,810,41588,800,121,91,91,22206,300,0.455,True,4042,4042,121,0.5340400791687285,0.9858857001484416,0,135,200,20.0,lognormal,biased,random,0.02,0.2,0.8,5.0,1.0,0.1,300,0,0.0,True,True,income,100,continue_after_avalanche,period_end,income,income__c0p80__lognormal__biased__random,14,19,c,0.8,
2027520020,True,300,40963,1,800,102,807,40963,800,21,96,96,21615,300,0.48,True,4040,4040,21,0.5145717821782179,0.991950495049505,0,130,200,20.0,lognormal,biased,random,0.02,0.2,0.8,5.0,1.0,0.1,300,0,0.0,True,True,income,100,continue_after_avalanche,period_end,income,income__c0p80__lognormal__biased__random,14,20,c,0.8,
2027520021,True,300,37010,1,800,96,802,37010,800,79,90,90,20660,300,0.45,True,3449,3449,79,0.5026224992751522,0.990827776167005,0,121,200,20.0,lognormal,biased,random,0.02,0.2,0.8,5.0,1.0,0.1,300,0,0.0,True,True,income,100,continue_after_avalanche,period_end,income,income__c0p80__lognormal__biased__random,14,21,c,0.8,
2027520022,True,300,49748,1,800,139,818,49748,800,163,106,106,25367,300,0.53,True,5065,5065,163,0.5862912142152026,0.9836929911154986,0,175,200,20.0,lognormal,biased,random,0.02,0.2,0.8,5.0,1.0,0.1,300,0,0.0,True,True,income,100,continue_after_avalanche,period_end,income,income__c0p80__lognormal__biased__random,14,22,c,0.8,
2027520023,True,300,38493,1,800,95,800,38493,800,19,91,91,21077,300,0.455,True,3733,3733,19,0.5084717385480848,0.9943945888025718,0,113,200,20.0,lognormal,biased,random,0.02,0.2,0.8,5.0,1.0,0.1,300,0,0.0,True,True,income,100,continue_after_avalanche,period_end,income,income__c0p80__lognormal__biased__random,14,23,c,0.8,
2027520024,True,300,43520,1,800,108,800,43520,800,57,95,95,23087,300,0.475,True,4416,4416,57,0.5575271739130436,0.9860597826086959,0,137,200,20.0,lognormal,biased,random,0.02,0.2,0.8,5.0,1.0,0.1,300,0,0.0,True,True,income,100,continue_after_avalanche,period_end,income,income__c0p80__lognormal__biased__random,14,24,c,0.8,
2027520025,True,300,40240,1,800,94,804,40240,800,13,93,93,21382,300,0.465,True,3765,3765,13,0.48075298804780897,0.9910823373173971,0,119,200,20.0,lognormal,biased,random,0.02,0.2,0.8,5.0,1.0,0.1,300,0,0.0,True,True,income,100,continue_after_avalanche,period_end,income,income__c0p80__lognormal__biased__random,14,25,c,0.8,
2027520026,True,300,38976,1,800,98,800,38976,800,24,94,94,21257,300,0.47,True,3767,3767,24,0.5209304486328645,0.9938133793469606,0,118,200,20.0,lognormal,biased,random,0.02,0.2,0.8,5.0,1.0,0.1,300,0,0.0,True,True,income,100,continue_after_avalanche,period_end,income,income__c0p80__lognormal__biased__random,14,26,c,0.8,
2027520027,True,300,40437,1,800,96,800,40437,800,65,90,90,21614,300,0.45,True,3791,3791,65,0.4877776312318651,0.9932247428119232,0,120,200,20.0,lognormal,biased,random,0.02,0.2,0.8,5.0,1.0,0.1,300,0,0.0,True,True,income,100,continue_after_avalanche,period_end,income,income__c0p80__lognormal__biased__random,14,27,c,0.8,
2027520028,True,300,42905,1,800,114,800,42905,800,136,99,99,22682,300,0.495,True,4123,4123,136,0.5283179723502305,0.9777140431724474,0,142,200,20.0,lognormal,biased,random,0.02,0.2,0.8,5.0,1.0,0.1,300,0,0.0,True,True,income,100,continue_after_avalanche,period_end,income,income__c0p80__lognormal__biased__random,14,28,c,0.8,
2027520029,True,300,40375,1,800,101,800,40375,800,2,99,99,22084,300,0.495,True,4162,4162,2,0.5468380586256609,0.994963959634791,0,121,200,20.0,lognormal,biased,random,0.02,0.2,0.8,5.0,1.0,0.1,300,0,0.0,True,True,income,100,continue_after_avalanche,period_end,income,income__c0p80__lognormal__biased__random,14,29,c,0.8,
2027520030,True,300,36775,1,800,91,800,36775,800,65,92,92,20831,300,0.46,True,3738,3738,65,0.5426243980738363,0.9903344034242911,0,115,200,20.0,lognormal,biased,random,0.02,0.2,0.8,5.0,1.0,0.1,300,0,0.0,True,True,income,100,continue_after_avalanche,period_end,income,income__c0p80__lognormal__biased__random,14,30,c,0.8,
2027520031,True,300,39788,1,800,104,800,39788,800,26,97,97,22328,300,0.485,True,4245,4245,26,0.6290918727915196,0.9905524146054183,0,131,200,20.0,lognormal,biased,random,0.02,0.2,0.8,5.0,1.0,0.1,300,0,0.0,True,True,income,100,continue_after_avalanche,period_end,income,income__c0p80__lognormal__biased__random,14,31,c,0.8,
2027520032,True,300,45736,1,800,111,818,45736,800,66,104,104,23890,300,0.52,True,4695,4695,66,0.5594920127795528,0.9928849840255591,0,142,200,20.0,lognormal,biased,random,0.02,0.2,0.8,5.0,1.0,0.1,300,0,0.0,True,True,income,100,continue_after_avalanche,period_end,income,income__c0p80__lognormal__biased__random,14,32,c,0.8,
2027520033,True,300,44682,1,800,109,819,44682,800,57,92,92,22697,300,0.46,True,4229,4229,57,0.4740068574131002,0.9917226294632302,0,136,200,20.0,lognormal,biased,random,0.02,0.2,0.8,5.0,1.0,0.1,300,0,0.0,True,True,income,100,continue_after_avalanche,period_end,income,income__c0p80__lognormal__biased__random,14,33,c,0.8,
2027520034,True,300,40180,1,800,94,802,40180,800,71,92,92,21495,300,0.46,True,3693,3693,71,0.49979285134037377,0.9936298402382888,0,121,200,20.0,lognormal,biased,random,0.02,0.2,0.8,5.0,1.0,0.1,300,0,0.0,True,True,income,100,continue_after_avalanche,period_end,income,income__c0p80__lognormal__biased__random,14,34,c,0.8,
2027520035,True,300,38771,1,800,96,800,38771,800,79,87,87,20754,300,0.435,True,3605,3605,79,0.4947947295423025,0.9872579750346742,0,120,200,20.0,lognormal,biased,random,0.02,0.2,0.8,5.0,1.0,0.1,300,0,0.0,True,True,income,100,continue_after_avalanche,period_end,income,income__c0p80__lognormal__biased__random,14,35,c,0.8,
2027520036,True,300,38964,1,800,95,800,38964,800,45,93,93,20998,300,0.465,True,3738,3738,45,0.4946629213483147,0.99464151952916,0,115,200,20.0,lognormal,biased,random,0.02,0.2,0.8,5.0,1.0,0.1,300,0,0.0,True,True,income,100,continue_after_avalanche,period_end,income,income__c0p80__lognormal__biased__random,14,36,c,0.8,
2027520037,True,300,38132,1,800,95,814,38132,800,42,90,90,20854,300,0.45,True,3556,3556,42,0.48642575928009,0.9900674915635546,0,119,200,20.0,lognormal,biased,random,0.02,0.2,0.8,5.0,1.0,0.1,300,0,0.0,True,True,income,100,continue_after_avalanche,period_end,income,income__c0p80__lognormal__biased__random,14,37,c,0.8,
2027520038,True,300,39461,1,800,94,800,39461,800,19,94,94,21506,300,0.47,True,3771,3771,19,0.5186648103951208,0.9910461416070009,0,120,200,20.0,lognormal,biased,random,0.02,0.2,0.8,5.0,1.0,0.1,300,0,0.0,True,True,income,100,continue_after_avalanche,period_end,income,income__c0p80__lognormal__biased__random,14,38,c,0.8,
2027520039,True,300,41015,1,800,109,800,41015,800,60,95,95,22040,300,0.475,True,4082,4082,60,0.5178980891719747,0.9884443900048996,0,131,200,20.0,lognormal,biased,random,0.02,0.2,0.8,5.0,1.0,0.1,300,0,0.0,True,True,income,100,continue_after_avalanche,period_end,income,income__c0p80__lognormal__biased__random,14,39,c,0.8,
2027520040,True,300,46129,1,800,112,822,46129,800,63,101,101,23263,300,0.505,True,4376,4376,63,0.4766681901279708,0.9931215722120659,0,141,200,20.0,lognormal,biased,random,0.02,0.2,0.8,5.0,1.0,0.1,300,0,0.0,True,True,income,100,continue_after_avalanche,period_end,income,income__c0p80__lognormal__biased__random,14,40,c,0.8,
2027520041,True,300,40510,1,800,102,810,40510,800,47,91,91,21720,300,0.455,True,3897,3897,47,0.4977380035925072,0.9894829355914807,0,126,200,20.0,lognormal,biased,random,0.02,0.2,0.8,5.0,1.0,0.1,300,0,0.0,True,True,income,100,continue_after_avalanche,period_end,income,income__c0p80__lognormal__biased__random,14,41,c,0.8,
2027520042,True,300,40513,1,800,100,830,40513,800,14,97,97,21777,300,0.485,True,4262,4262,14,0.5092773345847021,0.9948944157672455,0,124,200,20.0,lognormal,biased,random,0.02,0.2,0.8,5.0,1.0,0.1,300,0,0.0,True,True,income,100,continue_after_avalanche,period_end,income,income__c0p80__lognormal__biased__random,14,42,c,0.8,
2027520043,True,300,36962,1,800,88,800,36962,800,46,86,86,20213,300,0.43,True,3421,3421,46,0.4832344343759136,0.9889199064600995,0,112,200,20.0,lognormal,biased,random,0.02,0.2,0.8,5.0,1.0,0.1,300,0,0.0,True,True,income,100,continue_after_avalanche,period_end,income,income__c0p80__lognormal__biased__random,14,43,c,0.8,
2027520044,True,300,36050,1,800,87,800,36050,800,4,88,88,20244,300,0.44,True,3712,3712,4,0.49958512931034504,0.9949245689655173,0,111,200,20.0,lognormal,biased,random,0.02,0.2,0.8,5.0,1.0,0.1,300,0,0.0,True,True,income,100,continue_after_avalanche,period_end,income,income__c0p80__lognormal__biased__random,14,44,c,0.8,
2027520045,True,300,34954,1,800,85,800,34954,800,39,90,90,19506,300,0.45,True,3276,3276,39,0.4783760683760685,0.9941025641025643,0,103,200,20.0,lognormal,biased,random,0.02,0.2,0.8,5.0,1.0,0.1,300,0,0.0,True,True,income,100,continue_after_avalanche,period_end,income,income__c0p80__lognormal__biased__random,14,45,c,0.8,
2027520046,True,300,44389,1,800,114,800,44389,800,96,97,97,22826,300,0.485,True,4275,4275,96,0.5251239766081872,0.9851263157894738,0,144,200,20.0,lognormal,biased,random,0.02,0.2,0.8,5.0,1.0,0.1,300,0,0.0,True,True,income,100,continue_after_avalanche,period_end,income,income__c0p80__lognormal__biased__random,14,46,c,0.8,
2027520047,True,300,35870,1,800,92,800,35870,800,102,91,91,20205,300,0.455,True,3344,3344,102,0.513421052631579,0.9882266746411483,0,111,200,20.0,lognormal,biased,random,0.02,0.2,0.8,5.0,1.0,0.1,300,0,0.0,True,True,income,100,continue_after_avalanche,period_end,income,income__c0p80__lognormal__biased__random,14,47,c,0.8,
2027520048,True,300,37175,1,800,99,800,37175,800,112,88,88,19929,300,0.44,True,3360,3360,112,0.4523571428571429,0.9843452380952382,0,121,200,20.0,lognormal,biased,random,0.02,0.2,0.8,5.0,1.0,0.1,300,0,0.0,True,True,income,100,continue_after_avalanche,period_end,income,income__c0p80__lognormal__biased__random,14,48,c,0.8,
2027520049,True,300,44348,1,800,110,815,44348,800,22,96,96,22921,300,0.48,True,4366,4366,22,0.5193999083829592,0.9921667430142007,0,133,200,20.0,lognormal,biased,random,0.02,0.2,0.8,5.0,1.0,0.1,300,0,0.0,True,True,income,100,continue_after_avalanche,period_end,income,income__c0p80__lognormal__biased__random,14,49,c,0.8,
2027520050,True,300,40154,1,800,102,800,40154,800,108,91,91,21432,300,0.455,True,3761,3761,108,0.5035961180537092,0.9873371443764958,0,125,200,20.0,lognormal,biased,random,0.02,0.2,0.8,5.0,1.0,0.1,300,0,0.0,True,True,income,100,continue_after_avalanche,period_end,income,income__c0p80__lognormal__biased__random,14,50,c,0.8,
2027520051,True,300,35381,1,800,86,800,35381,800,45,91,91,19892,300,0.455,True,3269,3269,45,0.4858504129703274,0.9910966656469871,0,107,200,20.0,lognormal,biased,random,0.02,0.2,0.8,5.0,1.0,0.1,300,0,0.0,True,True,income,100,continue_after_avalanche,period_end,income,income__c0p80__lognormal__biased__random,14,51,c,0.8,
2027520052,True,300,42653,1,800,107,800,42653,800,167,96,96,22263,300,0.48,True,4047,4047,167,0.5337620459599706,0.9861984185816655,0,139,200,20.0,lognormal,biased,random,0.02,0.2,0.8,5.0,1.0,0.1,300,0,0.0,True,True,income,100,continue_after_avalanche,period_end,income,income__c0p80__lognormal__biased__random,14,52,c,0.8,
2027520053,True,300,42680,1,800,114,821,42680,800,61,97,97,23050,300,0.485,True,4444,4444,61,0.5313141314131413,0.9877925292529255,0,141,200,20.0,lognormal,biased,random,0.02,0.2,0.8,5.0,1.0,0.1,300,0,0.0,True,True,income,100,continue_after_avalanche,period_end,income,income__c0p80__lognormal__biased__random,14,53,c,0.8,
2027520054,True,300,39641,1,800,104,800,39641,800,44,86,86,21296,300,0.43,True,3778,3778,44,0.508681842244574,0.9874166225516148,0,128,200,20.0,lognormal,biased,random,0.02,0.2,0.8,5.0,1.0,0.1,300,0,0.0,True,True,income,100,continue_after_avalanche,period_end,income,income__c0p80__lognormal__biased__random,14,54,c,0.8,
2027520055,True,300,40759,1,800,98,800,40759,800,23,92,92,21706,300,0.46,True,4009,4009,23,0.5031865801945623,0.9930618608131705,0,121,200,20.0,lognormal,biased,random,0.02,0.2,0.8,5.0,1.0,0.1,300,0,0.0,True,True,income,100,continue_after_avalanche,period_end,income,income__c0p80__lognormal__biased__random,14,55,c,0.8,
2027520056,True,300,43136,1,800,110,812,43136,800,288,92,92,22722,300,0.46,True,4028,4028,288,0.5238033763654419,0.9904394240317778,0,137,200,20.0,lognormal,biased,random,0.02,0.2,0.8,5.0,1.0,0.1,300,0,0.0,True,True,income,100,continue_after_avalanche,period_end,income,income__c0p80__lognormal__biased__random,14,56,c,0.8,
2027520057,True,300,39121,1,800,101,800,39121,800,37,100,100,21660,300,0.5,True,4064,4064,37,0.5410949803149607,0.9945841535433071,0,124,200,20.0,lognormal,biased,random,0.02,0.2,0.8,5.0,1.0,0.1,300,0,0.0,True,True,income,100,continue_after_avalanche,period_end,income,income__c0p80__lognormal__biased__random,14,57,c,0.8,
2027520058,True,300,46354,1,800,117,818,46354,800,88,102,102,23723,300,0.51,True,4477,4477,88,0.5182387759660487,0.991220683493411,0,142,200,20.0,lognormal,biased,random,0.02,0.2,0.8,5.0,1.0,0.1,300,0,0.0,True,True,income,100,continue_after_avalanche,period_end,income,income__c0p80__lognormal__biased__random,14,58,c,0.8,
2027520059,True,300,40767,1,800,99,800,40767,800,90,92,92,21762,300,0.46,True,3886,3886,90,0.5242305712815236,0.9863458569222852,0,131,200,20.0,lognormal,biased,random,0.02,0.2,0.8,5.0,1.0,0.1,300,0,0.0,True,True,income,100,continue_after_avalanche,period_end,income,income__c0p80__lognormal__biased__random,14,59,c,0.8,
2027620000,True,300,37426,2,1659,92,901,37426,1659,19,102,102,20582,299,0.51,True,4000,4000,19,0.3501550000000002,0.9949100000000002,0,115,200,20.0,pareto,biased,random,0.02,0.2,0.8,5.0,1.0,0.1,300,0,0.0,True,True,income,100,continue_after_avalanche,period_end,income,income__c0p80__pareto__biased__random,15,0,c,0.8,
2027620001,True,300,38750,1,800,106,884,38750,800,59,107,107,21665,300,0.535,True,4000,4000,59,0.4013850000000001,0.9913325000000002,0,131,200,20.0,pareto,biased,random,0.02,0.2,0.8,5.0,1.0,0.1,300,0,0.0,True,True,income,100,continue_after_avalanche,period_end,income,income__c0p80__pareto__biased__random,15,1,c,0.8,
2027620002,True,300,41379,2,1654,103,951,41379,1654,29,98,98,21562,299,0.49,True,3996,3996,29,0.25849099099099115,0.9905580580580582,0,127,200,20.0,pareto,biased,random,0.02,0.2,0.8,5.0,1.0,0.1,300,0,0.0,True,True,income,100,continue_after_avalanche,period_end,income,income__c0p80__pareto__biased__random,15,2,c,0.8,
2027620003,True,300,40509,2,1673,90,935,40509,1673,4,98,98,21210,299,0.49,True,4006,4006,4,0.26912381427858234,0.9949301048427359,0,115,200,20.0,pareto,biased,random,0.02,0.2,0.8,5.0,1.0,0.1,300,0,0.0,True,True,income,100,continue_after_avalanche,period_end,income,income__c0p80__pareto__biased__random,15,3,c,0.8,
2027620004,True,300,40528,2,1670,101,921,40528,1670,64,96,96,21665,299,0.48,True,4000,4000,64,0.32415000000000016,0.9913000000000001,0,128,200,20.0,pareto,biased,random,0.02,0.2,0.8,5.0,1.0,0.1,300,0,0.0,True,True,income,100,continue_after_avalanche,period_end,income,income__c0p80__pareto__biased__random,15,4,c,0.8,
2027620005,True,300,40135,2,1662,106,910,40135,1662,72,93,93,21232,299,0.465,True,3999,3999,72,0.31540760190047523,0.9937296824206052,0,134,200,20.0,pareto,biased,random,0.02,0.2,0.8,5.0,1.0,0.1,300,0,0.0,True,True,income,100,continue_after_avalanche,period_end,income,income__c0p80__pareto__biased__random,15,5,c,0.8,
2027620006,True,300,41101,2,1667,100,918,41101,1667,57,103,103,21556,299,0.515,True,3995,3995,57,0.31839173967459344,0.9891026282853568,0,131,200,20.0,pareto,biased,random,0.02,0.2,0.8,5.0,1.0,0.1,300,0,0.0,True,True,income,100,continue_after_avalanche,period_end,income,income__c0p80__pareto__biased__random,15,6,c,0.8,
2027620007,True,300,36613,1,800,92,906,36613,800,10,97,97,20464,300,0.485,True,4004,4004,10,0.36863886113886135,0.99493006993007,0,119,200,20.0,pareto,biased,random,0.02,0.2,0.8,5.0,1.0,0.1,300,0,0.0,True,True,income,100,continue_after_avalanche,period_end,income,income__c0p80__pareto__biased__random,15,7,c,0.8,
2027620008,True,300,41847,1,800,96,913,41847,800,21,97,97,21576,300,0.485,True,3995,3995,21,0.2893254067584481,0.9919662077596998,0,124,200,20.0,pareto,biased,random,0.02,0.2,0.8,5.0,1.0,0.1,300,0,0.0,True,True,income,100,continue_after_avalanche,period_end,income,income__c0p80__pareto__biased__random,15,8,c,0.8,
2027620009,True,300,42141,2,1670,101,930,42141,1670,31,90,90,21631,299,0.45,True,4000,4000,31,0.27507250000000005,0.9945625,0,121,200,20.0,pareto,biased,random,0.02,0.2,0.8,5.0,1.0,0.1,300,0,0.0,True,True,income,100,continue_after_avalanche,period_end,income,income__c0p80__pareto__biased__random,15,9,c,0.8,
2027620010,True,300,42858,2,1656,98,927,42858,1656,61,92,92,21604,299,0.46,True,4006,4006,61,0.2501622566150774,0.993666999500749,0,120,200,20.0,pareto,biased,random,0.02,0.2,0.8,5.0,1.0,0.1,300,0,0.0,True,True,income,100,continue_after_avalanche,period_end,income,income__c0p80__pareto__biased__random,15,10,c,0.8,
2027620011,True,300,38783,2,1666,102,912,38783,1666,47,103,103,21199,299,0.515,True,4009,4009,47,0.35316911948116747,0.9907420803192817,0,122,200,20.0,pareto,biased,random,0.02,0.2,0.8,5.0,1.0,0.1,300,0,0.0,True,True,income,100,continue_after_avalanche,period_end,income,income__c0p80__pareto__biased__random,15,11,c,0.8,
2027620012,True,300,38388,2,1664,91,901,38388,1664,7,87,87,20845,299,0.435,True,4003,4003,7,0.34202722957781684,0.994985011241569,0,116,200,20.0,pareto,biased,random,0.02,0.2,0.8,5.0,1.0,0.1,300,0,0.0,True,True,income,100,continue_after_avalanche,period_end,income,income__c0p80__pareto__biased__random,15,12,c,0.8,
2027620013,True,300,40065,2,1674,102,917,40065,1674,29,100,100,21510,299,0.5,True,3998,3998,29,0.35134817408704366,0.9917308654327164,0,121,200,20.0,pareto,biased,random,0.02,0.2,0.8,5.0,1.0,0.1,300,0,0.0,True,True,income,100,continue_after_avalanche,period_end,income,income__c0p80__pareto__biased__random,15,13,c,0.8,
2027620014,True,300,38636,2,1662,94,918,38636,1662,27,101,101,20995,299,0.505,True,4001,4001,27,0.32019370157460636,0.9948775306173459,0,119,200,20.0,pareto,biased,random,0.02,0.2,0.8,5.0,1.0,0.1,300,0,0.0,True,True,income,100,continue_after_avalanche,period_end,income,income__c0p80__pareto__biased__random,15,14,c,0.8,
2027620015,True,300,38350,1,800,98,894,38350,800,12,96,96,21070,300,0.48,True,4005,4005,12,0.37534456928838966,0.9949750312109864,0,115,200,20.0,pareto,biased,random,0.02,0.2,0.8,5.0,1.0,0.1,300,0,0.0,True,True,income,100,continue_after_avalanche,period_end,income,income__c0p80__pareto__biased__random,15,15,c,0.8,
2027620016,True,300,39131,2,1665,93,914,39131,1665,12,90,90,20939,299,0.45,True,3996,3996,12,0.3345220220220222,0.9949299299299301,0,116,200,20.0,pareto,biased,random,0.02,0.2,0.8,5.0,1.0,0.1,300,0,0.0,True,True,income,100,continue_after_avalanche,period_end,income,income__c0p80__pareto__biased__random,15,16,c,0.8,
2027620017,True,300,41872,2,1663,108,941,41872,1663,133,95,95,21870,299,0.475,True,3999,3999,133,0.27358214553638427,0.9842948237059266,0,136,200,20.0,pareto,biased,random,0.02,0.2,0.8,5.0,1.0,0.1,300,0,0.0,True,True,income,100,continue_after_avalanche,period_end,income,income__c0p80__pareto__biased__random,15,17,c,0.8,
2027620018,True,300,38421,2,1666,101,909,38421,1666,35,97,97,20889,299,0.485,True,4000,4000,35,0.3432700000000002,0.99421,0,126,200,20.0,pareto,biased,random,0.02,0.2,0.8,5.0,1.0,0.1,300,0,0.0,True,True,income,100,continue_after_avalanche,period_end,income,income__c0p80__pareto__biased__random,15,18,c,0.8,
2027620019,True,300,41049,2,1662,106,913,41049,1662,154,92,92,21566,299,0.46,True,4001,4001,154,0.33444513871532133,0.9909310172456887,0,128,200,20.0,pareto,biased,random,0.02,0.2,0.8,5.0,1.0,0.1,300,0,0.0,True,True,income,100,continue_after_avalanche,period_end,income,income__c0p80__pareto__biased__random,15,19,c,0.8,
2027620020,True,300,43458,2,1658,102,938,43458,1658,43,91,91,21830,299,0.455,True,3999,3999,43,0.25778069517379354,0.9945498874718681,0,132,200,20.0,pareto,biased,random,0.02,0.2,0.8,5.0,1.0,0.1,300,0,0.0,True,True,income,100,continue_after_avalanche,period_end,income,income__c0p80__pareto__biased__random,15,20,c,0.8,
2027620021,True,300,37064,1,800,98,905,37064,800,33,101,101,20925,300,0.505,True,3992,3992,33,0.3991708416833668,0.9918361723446896,0,121,200,20.0,pareto,biased,random,0.02,0.2,0.8,5.0,1.0,0.1,300,0,0.0,True,True,income,100,continue_after_avalanche,period_end,income,income__c0p80__pareto__biased__random,15,21,c,0.8,
2027620022,True,300,39339,1,800,103,900,39339,800,22,105,105,21410,300,0.525,True,4000,4000,22,0.37638000000000016,0.9939925000000001,0,124,200,20.0,pareto,biased,random,0.02,0.2,0.8,5.0,1.0,0.1,300,0,0.0,True,True,income,100,continue_after_avalanche,period_end,income,income__c0p80__pareto__biased__random,15,22,c,0.8,
2027620023,True,300,42410,2,1662,104,931,42410,1662,65,96,96,21828,299,0.48,True,4005,4005,65,0.28180898876404514,0.9883707865168541,0,122,200,20.0,pareto,biased,random,0.02,0.2,0.8,5.0,1.0,0.1,300,0,0.0,True,True,income,100,continue_after_avalanche,period_end,income,income__c0p80__pareto__biased__random,15,23,c,0.8,
2027620024,True,300,40102,2,1667,88,921,40102,1667,1,100,100,21289,299,0.5,True,3999,3999,1,0.302974493623406,0.9949474868717181,0,119,200,20.0,pareto,biased,random,0.02,0.2,0.8,5.0,1.0,0.1,300,0,0.0,True,True,income,100,continue_after_avalanche,period_end,income,income__c0p80__pareto__biased__random,15,24,c,0.8,
2027620025,True,300,40004,2,1658,96,906,40004,1658,26,94,94,21555,299,0.47,True,4006,4006,26,0.31252121817274103,0.9921617573639541,0,124,200,20.0,pareto,biased,random,0.02,0.2,0.8,5.0,1.0,0.1,300,0,0.0,True,True,income,100,continue_after_avalanche,period_end,income,income__c0p80__pareto__biased__random,15,25,c,0.8,
2027620026,True,300,32137,1,800,89,855,32137,800,5,113,113,19950,300,0.565,True,3997,3997,5,0.600954465849387,0.9949474605954467,0,114,200,20.0,pareto,biased,random,0.02,0.2,0.8,5.0,1.0,0.1,300,0,0.0,True,True,income,100,continue_after_avalanche,period_end,income,income__c0p80__pareto__biased__random,15,26,c,0.8,
2027620027,True,300,40771,2,1658,98,920,40771,1658,35,93,93,21125,299,0.465,True,4003,4003,35,0.28798026480139916,0.9916525106170373,0,124,200,20.0,pareto,biased,random,0.02,0.2,0.8,5.0,1.0,0.1,300,0,0.0,True,True,income,100,continue_after_avalanche,period_end,income,income__c0p80__pareto__biased__random,15,27,c,0.8,
2027620028,True,300,38848,1,800,100,902,38848,800,31,99,99,21405,300,0.495,True,4002,4002,31,0.37558720639680176,0.9931584207896054,0,128,200,20.0,pareto,biased,random,0.02,0.2,0.8,5.0,1.0,0.1,300,0,0.0,True,True,income,100,continue_after_avalanche,period_end,income,income__c0p80__pareto__biased__random,15,28,c,0.8,
2027620029,True,300,40571,2,1655,99,906,40571,1655,42,96,96,21592,299,0.48,True,3999,3999,42,0.33845086271567904,0.9902238059514881,0,123,200,20.0,pareto,biased,random,0.02,0.2,0.8,5.0,1.0,0.1,300,0,0.0,True,True,income,100,continue_after_avalanche,period_end,income,income__c0p80__pareto__biased__random,15,29,c,0.8,
2027620030,True,300,42127,2,1670,99,936,42127,1670,48,98,98,21735,299,0.49,True,4005,4005,48,0.28833083645443214,0.9879612983770287,0,134,200,20.0,pareto,biased,random,0.02,0.2,0.8,5.0,1.0,0.1,300,0,0.0,True,True,income,100,continue_after_avalanche,period_end,income,income__c0p80__pareto__biased__random,15,30,c,0.8,
2027620031,True,300,38503,2,1659,98,914,38503,1659,24,100,100,21163,299,0.5,True,4005,4005,24,0.35584394506866435,0.9916591760299627,0,121,200,20.0,pareto,biased,random,0.02,0.2,0.8,5.0,1.0,0.1,300,0,0.0,True,True,income,100,continue_after_avalanche,period_end,income,income__c0p80__pareto__biased__random,15,31,c,0.8,
2027620032,True,300,37844,1,800,101,903,37844,800,27,98,98,21032,300,0.49,True,3997,3997,27,0.39233049787340524,0.993303727795847,0,123,200,20.0,pareto,biased,random,0.02,0.2,0.8,5.0,1.0,0.1,300,0,0.0,True,True,income,100,continue_after_avalanche,period_end,income,income__c0p80__pareto__biased__random,15,32,c,0.8,
2027620033,True,300,44259,2,1671,105,951,44259,1671,143,93,93,21938,299,0.465,True,4000,4000,143,0.2563850000000001,0.9866650000000001,0,133,200,20.0,pareto,biased,random,0.02,0.2,0.8,5.0,1.0,0.1,300,0,0.0,True,True,income,100,continue_after_avalanche,period_end,income,income__c0p80__pareto__biased__random,15,33,c,0.8,
2027620034,True,300,41685,2,1658,109,906,41685,1658,111,99,99,21945,299,0.495,True,4005,4005,111,0.3415468164794009,0.9938239700374534,0,133,200,20.0,pareto,biased,random,0.02,0.2,0.8,5.0,1.0,0.1,300,0,0.0,True,True,income,100,continue_after_avalanche,period_end,income,income__c0p80__pareto__biased__random,15,34,c,0.8,
2027620035,True,300,43223,2,1666,101,905,43223,1666,21,93,93,22063,299,0.465,True,4006,4006,21,0.28518721917124323,0.9945132301547679,0,123,200,20.0,pareto,biased,random,0.02,0.2,0.8,5.0,1.0,0.1,300,0,0.0,True,True,income,100,continue_after_avalanche,period_end,income,income__c0p80__pareto__biased__random,15,35,c,0.8,
2027620036,True,300,39674,2,1654,104,888,39674,1654,58,97,97,21737,299,0.485,True,4001,4001,58,0.378234191452137,0.988849037740565,0,128,200,20.0,pareto,biased,random,0.02,0.2,0.8,5.0,1.0,0.1,300,0,0.0,True,True,income,100,continue_after_avalanche,period_end,income,income__c0p80__pareto__biased__random,15,36,c,0.8,
2027620037,True,300,40886,2,1665,101,920,40886,1665,65,103,103,21619,299,0.515,True,4007,4007,65,0.31786748190666336,0.9896867981033193,0,132,200,20.0,pareto,biased,random,0.02,0.2,0.8,5.0,1.0,0.1,300,0,0.0,True,True,income,100,continue_after_avalanche,period_end,income,income__c0p80__pareto__biased__random,15,37,c,0.8,
2027620038,True,300,39376,2,1666,93,908,39376,1666,9,92,92,20991,299,0.46,True,4004,4004,9,0.3355019980019982,0.9949475524475526,0,113,200,20.0,pareto,biased,random,0.02,0.2,0.8,5.0,1.0,0.1,300,0,0.0,True,True,income,100,continue_after_avalanche,period_end,income,income__c0p80__pareto__biased__random,15,38,c,0.8,
2027620039,True,300,38744,2,1660,98,896,38744,1660,25,92,92,21237,299,0.46,True,3995,3995,25,0.365305381727159,0.9925344180225282,0,125,200,20.0,pareto,biased,random,0.02,0.2,0.8,5.0,1.0,0.1,300,0,0.0,True,True,income,100,continue_after_avalanche,period_end,income,income__c0p80__pareto__biased__random,15,39,c,0.8,
2027620040,True,300,41142,2,1664,98,954,41142,1664,21,94,94,21320,299,0.47,True,3998,3998,21,0.26101800900450245,0.9907478739369686,0,120,200,20.0,pareto,biased,random,0.02,0.2,0.8,5.0,1.0,0.1,300,0,0.0,True,True,income,100,continue_after_avalanche,period_end,income,income__c0p80__pareto__biased__random,15,40,c,0.8,
2027620041,True,300,38004,1,800,99,894,38004,800,30,93,93,21277,300,0.465,True,3998,3998,30,0.4016383191595798,0.9919034517258631,0,120,200,20.0,pareto,biased,random,0.02,0.2,0.8,5.0,1.0,0.1,300,0,0.0,True,True,income,100,continue_after_avalanche,period_end,income,income__c0p80__pareto__biased__random,15,41,c,0.8,
2027620042,True,300,40480,1,800,106,895,40480,800,59,93,93,21559,300,0.465,True,3997,3997,59,0.35570803102326765,0.9881048286214662,0,129,200,20.0,pareto,biased,random,0.02,0.2,0.8,5.0,1.0,0.1,300,0,0.0,True,True,income,100,continue_after_avalanche,period_end,income,income__c0p80__pareto__biased__random,15,42,c,0.8,
2027620043,True,300,35086,1,800,95,891,35086,800,11,109,109,20379,300,0.545,True,3999,3999,11,0.41796574143535903,0.9949749937484371,0,115,200,20.0,pareto,biased,random,0.02,0.2,0.8,5.0,1.0,0.1,300,0,0.0,True,True,income,100,continue_after_avalanche,period_end,income,income__c0p80__pareto__biased__random,15,43,c,0.8,
2027620044,True,300,43222,2,1668,102,946,43222,1668,64,97,97,22055,299,0.485,True,4003,4003,64,0.2580851861104172,0.9914476642518113,0,127,200,20.0,pareto,biased,random,0.02,0.2,0.8,5.0,1.0,0.1,300,0,0.0,True,True,income,100,continue_after_avalanche,period_end,income,income__c0p80__pareto__biased__random,15,44,c,0.8,
2027620045,True,300,42293,1,800,100,924,42293,800,24,101,101,21696,300,0.505,True,3997,3997,24,0.2924580935701777,0.9931185889417065,0,125,200,20.0,pareto,biased,random,0.02,0.2,0.8,5.0,1.0,0.1,300,0,0.0,True,True,income,100,continue_after_avalanche,period_end,income,income__c0p80__pareto__biased__random,15,45,c,0.8,
2027620046,True,300,40196,2,1666,98,901,40196,1666,35,89,89,21390,299,0.445,True,3999,3999,35,0.3628469617404353,0.9948774693673419,0,120,200,20.0,pareto,biased,random,0.02,0.2,0.8,5.0,1.0,0.1,300,0,0.0,True,True,income,100,continue_after_avalanche,period_end,income,income__c0p80__pareto__biased__random,15,46,c,0.8,
2027620047,True,300,39645,1,800,98,896,39645,800,32,97,97,21626,300,0.485,True,4002,4002,32,0.37176911544227886,0.9921139430284858,0,121,200,20.0,pareto,biased,random,0.02,0.2,0.8,5.0,1.0,0.1,300,0,0.0,True,True,income,100,continue_after_avalanche,period_end,income,income__c0p80__pareto__biased__random,15,47,c,0.8,
2027620048,True,300,39386,2,1661,99,907,39386,1661,20,97,97,21455,299,0.485,True,4003,4003,20,0.3553347489382963,0.9911853609792656,0,123,200,20.0,pareto,biased,random,0.02,0.2,0.8,5.0,1.0,0.1,300,0,0.0,True,True,income,100,continue_after_avalanche,period_end,income,income__c0p80__pareto__biased__random,15,48,c,0.8,
2027620049,True,300,40086,2,1660,103,914,40086,1660,18,92,92,21695,299,0.46,True,3991,3991,18,0.33413555499874725,0.9936770233024306,0,119,200,20.0,pareto,biased,random,0.02,0.2,0.8,5.0,1.0,0.1,300,0,0.0,True,True,income,100,continue_after_avalanche,period_end,income,income__c0p80__pareto__biased__random,15,49,c,0.8,
2027620050,True,300,42706,2,1658,110,906,42706,1658,107,96,96,22020,299,0.48,True,3998,3998,107,0.2832341170585293,0.9861505752876438,0,139,200,20.0,pareto,biased,random,0.02,0.2,0.8,5.0,1.0,0.1,300,0,0.0,True,True,income,100,continue_after_avalanche,period_end,income,income__c0p80__pareto__biased__random,15,50,c,0.8,
2027620051,True,300,39597,2,1660,102,894,39597,1660,49,98,98,21401,299,0.49,True,4001,4001,49,0.37282054486378424,0.9886865783554113,0,133,200,20.0,pareto,biased,random,0.02,0.2,0.8,5.0,1.0,0.1,300,0,0.0,True,True,income,100,continue_after_avalanche,period_end,income,income__c0p80__pareto__biased__random,15,51,c,0.8,
2027620052,True,300,44063,2,1654,105,884,44063,1654,57,96,96,22146,299,0.48,True,3992,3992,57,0.27879759519038094,0.9877955911823648,0,129,200,20.0,pareto,biased,random,0.02,0.2,0.8,5.0,1.0,0.1,300,0,0.0,True,True,income,100,continue_after_avalanche,period_end,income,income__c0p80__pareto__biased__random,15,52,c,0.8,
2027620053,True,300,40082,2,1664,101,923,40082,1664,34,91,91,21226,299,0.455,True,3996,3996,34,0.3270245245245247,0.9928503503503505,0,127,200,20.0,pareto,biased,random,0.02,0.2,0.8,5.0,1.0,0.1,300,0,0.0,True,True,income,100,continue_after_avalanche,period_end,income,income__c0p80__pareto__biased__random,15,53,c,0.8,
2027620054,True,300,40370,2,1661,100,942,40370,1661,23,92,92,21342,299,0.46,True,4000,4000,23,0.2951950000000001,0.9944550000000001,0,124,200,20.0,pareto,biased,random,0.02,0.2,0.8,5.0,1.0,0.1,300,0,0.0,True,True,income,100,continue_after_avalanche,period_end,income,income__c0p80__pareto__biased__random,15,54,c,0.8,
2027620055,True,300,39683,2,1665,104,914,39683,1665,52,93,93,21441,299,0.465,True,4007,4007,52,0.31835662590466685,0.9927115048664839,0,132,200,20.0,pareto,biased,random,0.02,0.2,0.8,5.0,1.0,0.1,300,0,0.0,True,True,income,100,continue_after_avalanche,period_end,income,income__c0p80__pareto__biased__random,15,55,c,0.8,
2027620056,True,300,40738,2,1663,99,914,40738,1663,30,90,90,20979,299,0.45,True,4002,4002,30,0.29765117441279365,0.9930609695152426,0,127,200,20.0,pareto,biased,random,0.02,0.2,0.8,5.0,1.0,0.1,300,0,0.0,True,True,income,100,continue_after_avalanche,period_end,income,income__c0p80__pareto__biased__random,15,56,c,0.8,
2027620057,True,300,41285,2,1662,99,914,41285,1662,26,109,109,21747,299,0.545,True,4002,4002,26,0.3200774612693653,0.9945727136431786,0,124,200,20.0,pareto,biased,random,0.02,0.2,0.8,5.0,1.0,0.1,300,0,0.0,True,True,income,100,continue_after_avalanche,period_end,income,income__c0p80__pareto__biased__random,15,57,c,0.8,
2027620058,True,300,39400,1,800,95,925,39400,800,10,91,91,20939,300,0.455,True,4005,4005,10,0.31673533083645444,0.9949850187265918,0,119,200,20.0,pareto,biased,random,0.02,0.2,0.8,5.0,1.0,0.1,300,0,0.0,True,True,income,100,continue_after_avalanche,period_end,income,income__c0p80__pareto__biased__random,15,58,c,0.8,
2027620059,True,300,43607,2,1658,110,939,43607,1658,164,92,92,22101,299,0.46,True,4008,4008,164,0.26641467065868274,0.9898977045908184,0,136,200,20.0,pareto,biased,random,0.02,0.2,0.8,5.0,1.0,0.1,300,0,0.0,True,True,income,100,continue_after_avalanche,period_end,income,income__c0p80__pareto__biased__random,15,59,c,0.8,
