family,scenario_id,scenario_index,run_index,seed,n_nodes,money_distribution,control_name,control_value,time_bin,period_count,event_count,avalanche_occupancy,one_period_wait_fraction,size_lag1_correlation,mean_event_size,median_event_size,p90_event_size,p99_event_size,max_event_size,large_event_count,large_event_rate,mean_initial_default_count,mean_propagated_default_count,propagated_default_share,single_initial_default_fraction,mean_active_credit,mean_final_net_worth_gini,mean_period_length_steps,mean_issued_credit,mean_total_income,first_active_credit,last_active_credit,first_gini,last_gini,unique_default_nodes_in_window,total_default_occurrences_in_window,repeated_default_occurrences_in_window,repeated_default_share_in_window
income,income__N200__c0p30__lognormal__biased__random,0,0,2026900000,200,lognormal,c,0.3,1,120,120,1.0,1.0,0.7840113166526437,20.7,23.0,30.0,36.620000000000005,38,72,0.6,16.558333333333334,4.141666666666667,0.2000805152979066,0.0,768.65,0.8321166884199844,54.825,54.825,175.70833333333334,281,551,0.6219023276049598,0.931691320426365,161,2484,2323,0.9351851851851852
income,income__N200__c0p30__lognormal__biased__random,0,0,2026900000,200,lognormal,c,0.3,2,120,120,1.0,1.0,-0.1378387722099702,32.05833333333333,32.0,37.10000000000001,40.0,47,120,1.0,21.233333333333334,10.825,0.33766571354302055,0.0,362.6333333333333,0.9593447356971941,45.59166666666667,45.59166666666667,151.8,554,246,0.9331335653687189,0.9782238416358495,184,3847,3663,0.9521705224850533
income,income__N200__c0p30__lognormal__biased__random,0,0,2026900000,200,lognormal,c,0.3,3,120,120,1.0,1.0,-0.11248660727379264,33.63333333333333,34.0,38.0,41.81,42,120,1.0,17.483333333333334,16.15,0.4801783944499504,0.0,127.74166666666666,0.9847464107026318,42.34166666666667,42.34166666666667,140.93333333333334,250,82,0.9783913421796826,0.9890569936915381,194,4036,3842,0.9519326065411299
income,income__N200__c0p30__lognormal__biased__random,0,0,2026900000,200,lognormal,c,0.3,4,120,120,1.0,1.0,-0.2512547938793697,33.45,34.0,38.10000000000001,44.81,48,120,1.0,14.541666666666666,18.908333333333335,0.5652715495764823,0.0,71.0,0.9912797114059898,40.516666666666666,40.516666666666666,135.225,78,46,0.9891483576245379,0.9929377855122907,196,4014,3818,0.9511709018435476
income,income__N200__c0p30__lognormal__biased__random,0,0,2026900000,200,lognormal,c,0.3,5,120,120,1.0,1.0,-0.1725321895008801,32.225,32.5,37.0,41.620000000000005,46,119,0.9916666666666667,11.783333333333333,20.441666666666666,0.6343418670804241,0.0,30.866666666666667,0.9934668443187586,39.108333333333334,39.108333333333334,130.48333333333332,49,39,0.9929638894931478,0.9938492495105504,198,3867,3669,0.9487975174553918
income,income__N200__c0p30__lognormal__biased__random,0,0,2026900000,200,lognormal,c,0.3,6,120,120,1.0,1.0,-0.1405010224890513,33.05,33.0,37.0,41.0,42,120,1.0,11.275,21.775,0.6588502269288956,0.0,28.358333333333334,0.9944074033790152,38.791666666666664,38.791666666666664,129.43333333333334,38,43,0.9939253861213837,0.9948803567544051,198,3966,3768,0.9500756429652042
income,income__N200__c0p30__lognormal__biased__random,0,0,2026900000,200,lognormal,c,0.3,7,120,120,1.0,1.0,-0.3086697417006301,31.716666666666665,32.0,37.0,42.81,44,119,0.9916666666666667,9.041666666666666,22.675,0.7149238045191803,0.0,34.475,0.9949210173301428,37.96666666666667,37.96666666666667,126.20833333333333,25,30,0.9948977594083099,0.9948520774418099,198,3806,3608,0.9479768786127167
income,income__N200__c0p30__lognormal__biased__random,0,0,2026900000,200,lognormal,c,0.3,8,120,120,1.0,1.0,-0.09607474323364505,31.983333333333334,32.0,37.0,39.81,45,120,1.0,9.408333333333333,22.575,0.7058363731109953,0.0,36.516666666666666,0.9949061525632658,37.975,37.975,126.325,31,33,0.9949129867304765,0.9949347400478574,198,3838,3640,0.9484106305367379
income,income__N200__c0p30__lognormal__biased__random,0,0,2026900000,200,lognormal,c,0.3,9,120,120,1.0,1.0,-0.18764884835275178,31.625,31.5,37.0,42.43000000000001,44,118,0.9833333333333333,9.041666666666666,22.583333333333332,0.7140974967061924,0.0,18.091666666666665,0.9949205278805022,37.86666666666667,37.86666666666667,126.05833333333334,40,3,0.994949967370024,0.9949760713508811,199,3795,3596,0.9475625823451911
income,income__N200__c0p30__lognormal__biased__random,0,0,2026900000,200,lognormal,c,0.3,10,120,120,1.0,1.0,-0.16092975510782892,32.266666666666666,32.0,38.0,41.0,42,119,0.9916666666666667,8.908333333333333,23.358333333333334,0.7239152892561983,0.0,6.55,0.9949453085345519,37.858333333333334,37.858333333333334,125.99166666666666,6,19,0.9949673700239288,0.9949673700239288,199,3872,3673,0.9486053719008265
income,income__N200__c0p30__lognormal__biased__random,0,1,2026900001,200,lognormal,c,0.3,1,120,120,1.0,1.0,0.6701296437285827,15.016666666666667,15.0,24.0,29.620000000000005,31,36,0.3,12.541666666666666,2.475,0.16481687014428412,0.008333333333333333,820.8666666666667,0.7631889120370371,44.71666666666667,44.71666666666667,141.75833333333333,278,717,0.5721111111111112,0.8685555555555557,144,1802,1658,0.9200887902330743
income,income__N200__c0p30__lognormal__biased__random,0,1,2026900001,200,lognormal,c,0.3,2,120,120,1.0,1.0,-0.008825655607257513,25.1,25.0,30.0,34.620000000000005,35,115,0.9583333333333334,18.65,6.45,0.25697211155378485,0.0,493.675,0.9100247916666667,37.80833333333333,37.80833333333333,125.775,655,423,0.870077777777778,0.9372111111111112,174,3012,2838,0.9422310756972112
income,income__N200__c0p30__lognormal__biased__random,0,1,2026900001,200,lognormal,c,0.3,3,120,120,1.0,1.0,0.10557075492995673,27.283333333333335,27.0,32.0,34.81,39,118,0.9833333333333333,17.958333333333332,9.325,0.3417837507635919,0.0,321.325,0.9501876388888894,35.833333333333336,35.833333333333336,119.425,429,261,0.9376555555555557,0.9596250000000002,186,3274,3088,0.9431887599266952
income,income__N200__c0p30__lognormal__biased__random,0,1,2026900001,200,lognormal,c,0.3,4,120,120,1.0,1.0,-0.12800047577198384,28.008333333333333,28.0,32.0,35.81,36,120,1.0,17.325,10.683333333333334,0.38143409699494196,0.0,274.55,0.9687167592592594,34.833333333333336,34.833333333333336,116.43333333333334,260,189,0.9597527777777779,0.9766083333333335,191,3361,3170,0.9431716750966974
income,income__N200__c0p30__lognormal__biased__random,0,1,2026900001,200,lognormal,c,0.3,5,120,120,1.0,1.0,-0.0540761319485679,27.641666666666666,28.0,32.0,35.0,39,118,0.9833333333333333,14.691666666666666,12.95,0.46849562858004223,0.0,174.54166666666666,0.979615185185185,33.25,33.25,110.90833333333333,186,191,0.9769361111111112,0.9824333333333335,192,3317,3125,0.9421163702140488
income,income__N200__c0p30__lognormal__biased__random,0,1,2026900001,200,lognormal,c,0.3,6,120,120,1.0,1.0,-0.2397229481287184,27.941666666666666,28.0,32.0,34.81,35,120,1.0,14.35,13.591666666666667,0.48643006263048016,0.0,114.40833333333333,0.9849494675925925,32.99166666666667,32.99166666666667,110.025,186,106,0.9824583333333334,0.9874083333333334,195,3353,3158,0.9418431255592007
income,income__N200__c0p30__lognormal__biased__random,0,1,2026900001,200,lognormal,c,0.3,7,120,120,1.0,1.0,-0.14057576387323883,27.641666666666666,28.0,32.0,35.81,38,118,0.9833333333333333,13.041666666666666,14.6,0.5281881217968043,0.0,80.725,0.9895716435185189,32.46666666666667,32.46666666666667,108.05,116,54,0.9874500000000002,0.9908861111111111,197,3317,3120,0.9406089840217063
income,income__N200__c0p30__lognormal__biased__random,0,1,2026900001,200,lognormal,c,0.3,8,120,120,1.0,1.0,-0.20698703921125852,26.883333333333333,27.0,31.10000000000001,34.0,35,115,0.9583333333333334,10.5,16.383333333333333,0.6094234345939243,0.0,44.15833333333333,0.991529884259259,31.158333333333335,31.158333333333335,103.55,47,11,0.9909722222222224,0.9918416666666667,198,3226,3028,0.9386236825790453
income,income__N200__c0p30__lognormal__biased__random,0,1,2026900001,200,lognormal,c,0.3,9,120,120,1.0,1.0,-0.06991635349315697,27.275,28.0,31.0,33.0,36,118,0.9833333333333333,10.691666666666666,16.583333333333332,0.6080048884815155,0.0,17.708333333333332,0.992007013888889,31.1,31.1,103.45,11,14,0.9918111111111112,0.9922777777777778,198,3273,3075,0.9395050412465628
income,income__N200__c0p30__lognormal__biased__random,0,1,2026900001,200,lognormal,c,0.3,10,120,120,1.0,1.0,-0.25612307205210544,27.225,28.0,31.0,35.620000000000005,37,119,0.9916666666666667,10.441666666666666,16.783333333333335,0.6164677073767982,0.0,18.783333333333335,0.9925171527777775,31.075,31.075,103.29166666666667,14,19,0.9922277777777779,0.9928222222222223,198,3267,3069,0.9393939393939394
income,income__N200__c0p30__lognormal__biased__random,0,2,2026900002,200,lognormal,c,0.3,1,120,120,1.0,1.0,0.586338192034575,15.641666666666667,16.5,22.0,26.620000000000005,28,33,0.275,13.025,2.6166666666666667,0.16728822589238146,0.008333333333333333,734.6833333333333,0.7901652566271855,43.95,43.95,139.34166666666667,282,758,0.5742949802594475,0.8917089678510999,145,1877,1732,0.9227490676611614
income,income__N200__c0p30__lognormal__biased__random,0,2,2026900002,200,lognormal,c,0.3,2,120,120,1.0,1.0,-0.1304482244452821,25.441666666666666,26.0,30.10000000000001,34.81,35,110,0.9166666666666666,18.491666666666667,6.95,0.2731739272846381,0.0,444.6333333333333,0.9285516309456665,36.75,36.75,122.4,712,223,0.8937704455724762,0.9495544275239707,184,3053,2869,0.939731411726171
income,income__N200__c0p30__lognormal__biased__random,0,2,2026900002,200,lognormal,c,0.3,3,120,120,1.0,1.0,-0.02399405431019674,27.041666666666668,27.0,32.0,34.0,34,114,0.95,17.166666666666668,9.875,0.36517719568567025,0.0,251.80833333333334,0.9566574074074075,34.74166666666667,34.74166666666667,116.125,219,310,0.9497405527354768,0.9644613649182179,186,3245,3059,0.9426810477657935
income,income__N200__c0p30__lognormal__biased__random,0,2,2026900002,200,lognormal,c,0.3,4,120,120,1.0,1.0,-0.15413361754946545,27.575,28.0,31.0,34.81,37,116,0.9666666666666667,16.291666666666668,11.283333333333333,0.4091870655787247,0.0,232.33333333333334,0.973041619665351,33.875,33.875,112.85,314,152,0.9642921601804852,0.9794839255499155,192,3309,3117,0.9419764279238441
income,income__N200__c0p30__lognormal__biased__random,0,2,2026900002,200,lognormal,c,0.3,5,120,120,1.0,1.0,-0.05586996161967952,27.383333333333333,28.0,31.0,36.0,37,118,0.9833333333333333,14.791666666666666,12.591666666666667,0.4598295800365186,0.0,143.79166666666666,0.9832282618913332,32.766666666666666,32.766666666666666,109.24166666666666,154,85,0.9793372814438805,0.9862239142695997,195,3286,3091,0.940657334144857
income,income__N200__c0p30__lognormal__biased__random,0,2,2026900002,200,lognormal,c,0.3,6,120,120,1.0,1.0,-0.39389715972329026,27.275,27.0,32.0,35.81,37,118,0.9833333333333333,12.925,14.35,0.5261228230980751,0.0,67.15,0.9874259024252684,31.858333333333334,31.858333333333334,105.99166666666666,81,59,0.9861139311900735,0.988488437676255,196,3273,3077,0.9401161014359914
income,income__N200__c0p30__lognormal__biased__random,0,2,2026900002,200,lognormal,c,0.3,7,120,120,1.0,1.0,-0.23363911496828774,27.291666666666668,28.0,31.10000000000001,33.81,35,119,0.9916666666666667,12.141666666666667,15.15,0.555114503816794,0.0,44.016666666666666,0.9891112051137428,31.441666666666666,31.441666666666666,104.34166666666667,63,35,0.9885956006768191,0.9898364354201918,197,3275,3078,0.9398473282442749
income,income__N200__c0p30__lognormal__biased__random,0,2,2026900002,200,lognormal,c,0.3,8,120,120,1.0,1.0,-0.17623966633897487,27.2,27.0,31.0,33.0,36,119,0.9916666666666667,11.858333333333333,15.341666666666667,0.5640318627450981,0.0,42.13333333333333,0.9905240646738112,31.283333333333335,31.283333333333335,103.95833333333333,35,40,0.9898307952622674,0.9909531866892274,197,3264,3067,0.9396446078431373
income,income__N200__c0p30__lognormal__biased__random,0,2,2026900002,200,lognormal,c,0.3,9,120,120,1.0,1.0,-0.1896029735687839,26.325,27.0,31.0,35.24000000000001,36,113,0.9416666666666667,10.2,16.125,0.6125356125356125,0.0,24.533333333333335,0.9914491680767062,30.666666666666668,30.666666666666668,101.91666666666667,39,34,0.991240834743373,0.991669486745629,198,3159,2961,0.9373219373219374
income,income__N200__c0p30__lognormal__biased__random,0,2,2026900002,200,lognormal,c,0.3,10,120,120,1.0,1.0,-0.19082382277206056,25.908333333333335,26.0,30.0,33.0,33,119,0.9916666666666667,10.008333333333333,15.9,0.6137021550337729,0.0,29.6,0.9917793053205486,30.466666666666665,30.466666666666665,101.55833333333334,28,25,0.9915256627185562,0.9921404399323182,198,3109,2911,0.936313927307816
income,income__N200__c0p30__lognormal__biased__random,0,3,2026900003,200,lognormal,c,0.3,1,120,120,1.0,1.0,0.6443157429996271,18.341666666666665,19.0,28.0,30.0,30,56,0.4666666666666667,15.483333333333333,2.8583333333333334,0.1558382553384825,0.0,828.65,0.7767435015290519,50.24166666666667,50.24166666666667,160.39166666666668,272,984,0.5959729599227428,0.8603355866731048,142,2201,2059,0.9354838709677419
income,income__N200__c0p30__lognormal__biased__random,0,3,2026900003,200,lognormal,c,0.3,2,120,120,1.0,1.0,-0.06104205385388311,27.425,27.0,32.10000000000001,35.0,39,119,0.9916666666666667,21.041666666666668,6.383333333333334,0.23275600121543605,0.0,789.5166666666667,0.9008245010461937,43.74166666666667,43.74166666666667,145.56666666666666,997,501,0.8614606470304202,0.9344302269435056,175,3291,3116,0.9468246733515648
income,income__N200__c0p30__lognormal__biased__random,0,3,2026900003,200,lognormal,c,0.3,3,120,120,1.0,1.0,-0.11990977560706922,29.658333333333335,30.0,35.0,38.620000000000005,41,119,0.9916666666666667,19.641666666666666,10.016666666666667,0.3377353189098061,0.0,480.19166666666666,0.9514525390310636,40.916666666666664,40.916666666666664,136.58333333333334,501,337,0.9344181554804443,0.9642201834862387,184,3559,3375,0.9483000842933408
income,income__N200__c0p30__lognormal__biased__random,0,3,2026900003,200,lognormal,c,0.3,4,120,120,1.0,1.0,-0.028004868781212992,31.283333333333335,32.0,35.10000000000001,38.0,39,120,1.0,17.825,13.458333333333334,0.43020777836973895,0.0,252.0,0.9726595042652498,39.141666666666666,39.141666666666666,130.61666666666667,324,180,0.9646378561081603,0.978602124577499,191,3754,3563,0.9491209376664891
income,income__N200__c0p30__lognormal__biased__random,0,3,2026900003,200,lognormal,c,0.3,5,120,120,1.0,1.0,-0.3521347552308387,31.141666666666666,31.0,36.0,39.0,39,119,0.9916666666666667,15.508333333333333,15.633333333333333,0.502006957452502,0.0,102.63333333333334,0.9817253742153547,37.766666666666666,37.766666666666666,125.5,181,83,0.9787421535490102,0.9839280540801547,195,3737,3542,0.9478191062349478
income,income__N200__c0p30__lognormal__biased__random,0,3,2026900003,200,lognormal,c,0.3,6,120,120,1.0,1.0,-0.13155014365850323,30.95,31.0,35.0,39.0,40,120,1.0,14.908333333333333,16.041666666666668,0.5183091007000539,0.0,93.79166666666667,0.9856446362465798,37.34166666666667,37.34166666666667,124.23333333333333,82,70,0.9838918396909706,0.987636407532593,196,3714,3518,0.9472267097469036
income,income__N200__c0p30__lognormal__biased__random,0,3,2026900003,200,lognormal,c,0.3,7,120,120,1.0,1.0,-0.21765476808877737,31.116666666666667,31.0,36.0,39.81,41,120,1.0,12.65,18.466666666666665,0.5934654525977504,0.0,58.7,0.988544865604378,36.24166666666667,36.24166666666667,120.61666666666666,67,53,0.9877619507484308,0.9891332689521972,197,3734,3537,0.9472415640064275
income,income__N200__c0p30__lognormal__biased__random,0,3,2026900003,200,lognormal,c,0.3,8,120,120,1.0,1.0,-0.29535409158817627,30.941666666666666,31.0,35.10000000000001,40.0,40,119,0.9916666666666667,12.416666666666666,18.525,0.5987072448155131,0.0,64.31666666666666,0.9897977627555128,35.891666666666666,35.891666666666666,119.775,55,74,0.9892394978271368,0.9904249154997586,197,3713,3516,0.9469431726366819
income,income__N200__c0p30__lognormal__biased__random,0,3,2026900003,200,lognormal,c,0.3,9,120,120,1.0,1.0,-0.1574499050400385,30.841666666666665,32.0,35.0,37.81,43,120,1.0,12.358333333333333,18.483333333333334,0.5992974871656309,0.0,73.4,0.9912812449702243,36.00833333333333,36.00833333333333,119.96666666666667,73,43,0.9903404152583295,0.992006277160792,198,3701,3503,0.9465009456903539
income,income__N200__c0p30__lognormal__biased__random,0,3,2026900003,200,lognormal,c,0.3,10,120,120,1.0,1.0,-0.17350969496771412,30.141666666666666,30.0,35.0,40.81,43,120,1.0,10.825,19.316666666666666,0.6408625933093725,0.0,35.45,0.9922517302430389,35.11666666666667,35.11666666666667,117.31666666666666,38,32,0.9919483341380977,0.9925591501690005,198,3617,3419,0.9452585015205972
income,income__N200__c0p30__lognormal__biased__random,0,4,2026900004,200,lognormal,c,0.3,1,120,120,1.0,1.0,0.730975118004902,20.308333333333334,21.0,30.0,33.0,34,71,0.5916666666666667,16.525,3.783333333333333,0.18629462453836684,0.0,854.875,0.8140931647940075,55.358333333333334,55.358333333333334,177.50833333333333,280,859,0.6236171132238548,0.9025972342264479,151,2437,2286,0.9380385720147723
income,income__N200__c0p30__lognormal__biased__random,0,4,2026900004,200,lognormal,c,0.3,2,120,120,1.0,1.0,0.07825344865375966,30.858333333333334,31.0,36.0,40.81,41,118,0.9833333333333333,21.416666666666668,9.441666666666666,0.30596813394544964,0.0,505.725,0.9418414001728613,46.75,46.75,155.85833333333332,890,343,0.903331892826275,0.9631093344857391,182,3703,3521,0.9508506616257089
income,income__N200__c0p30__lognormal__biased__random,0,4,2026900004,200,lognormal,c,0.3,3,120,120,1.0,1.0,-0.2682113845811454,33.25833333333333,33.0,38.0,41.81,42,120,1.0,18.308333333333334,14.95,0.4495114006514658,0.0,237.56666666666666,0.9721611387208299,43.458333333333336,43.458333333333336,144.575,333,157,0.9634248055315473,0.9778630077787382,191,3991,3800,0.9521423202204962
income,income__N200__c0p30__lognormal__biased__random,0,4,2026900004,200,lognormal,c,0.3,4,120,120,1.0,1.0,0.010812491656929393,34.45,35.0,39.0,41.0,43,120,1.0,17.183333333333334,17.266666666666666,0.5012094823415578,0.0,168.45,0.9816585458081246,42.31666666666667,42.31666666666667,140.88333333333333,158,153,0.9778910976663786,0.9854451166810718,193,4134,3941,0.9533139816158684
income,income__N200__c0p30__lognormal__biased__random,0,4,2026900004,200,lognormal,c,0.3,5,120,120,1.0,1.0,-0.22123565249672147,34.025,34.0,39.0,41.81,44,120,1.0,15.483333333333333,18.541666666666668,0.5449424442811658,0.0,104.75,0.9886098386632097,41.233333333333334,41.233333333333334,137.575,159,65,0.9856071737251513,0.9905574762316336,196,4083,3887,0.9519960813127603
income,income__N200__c0p30__lognormal__biased__random,0,4,2026900004,200,lognormal,c,0.3,6,120,120,1.0,1.0,-0.24793734427970435,32.825,33.0,39.0,43.620000000000005,46,120,1.0,11.408333333333333,21.416666666666668,0.6524498603706524,0.0,35.916666666666664,0.9909065471045809,39.225,39.225,130.76666666666668,58,22,0.9905380293863442,0.9910674157303372,198,3939,3741,0.9497334348819497
income,income__N200__c0p30__lognormal__biased__random,0,4,2026900004,200,lognormal,c,0.3,7,120,120,1.0,1.0,-0.28180071275496743,33.291666666666664,33.0,38.0,44.620000000000005,46,120,1.0,11.558333333333334,21.733333333333334,0.6528160200250313,0.0,23.641666666666666,0.9913822385479694,39.225,39.225,130.69166666666666,21,26,0.99099827139153,0.9915708729472776,198,3995,3797,0.9504380475594493
income,income__N200__c0p30__lognormal__biased__random,0,4,2026900004,200,lognormal,c,0.3,8,120,120,1.0,1.0,-0.29198460404925025,33.25833333333333,34.0,38.0,41.0,42,119,0.9916666666666667,11.291666666666666,21.966666666666665,0.6604860937108494,0.0,26.825,0.9917796564390665,39.1,39.1,130.23333333333332,25,27,0.9915254969749352,0.992033275713051,198,3991,3793,0.9503883738411426
income,income__N200__c0p30__lognormal__biased__random,0,4,2026900004,200,lognormal,c,0.3,9,120,120,1.0,1.0,-0.04482132664474732,32.59166666666667,33.0,37.0,40.81,43,120,1.0,11.625,20.966666666666665,0.6433137305037074,0.0,32.391666666666666,0.9921687554019015,39.25833333333333,39.25833333333333,130.91666666666666,28,24,0.9919598098530684,0.9923617113223855,198,3911,3713,0.9493735617489133
income,income__N200__c0p30__lognormal__biased__random,0,4,2026900004,200,lognormal,c,0.3,10,120,120,1.0,1.0,-0.22269154792244855,32.983333333333334,33.0,38.0,41.620000000000005,42,120,1.0,11.358333333333333,21.625,0.655634158665993,0.0,32.175,0.9926127016709885,39.19166666666667,39.19166666666667,130.56666666666666,25,36,0.9924135695764911,0.9928867761452032,198,3958,3760,0.9499747347145022
income,income__N200__c0p30__lognormal__biased__random,0,5,2026900005,200,lognormal,c,0.3,1,120,120,1.0,1.0,0.6688004423157902,17.133333333333333,17.0,25.0,27.0,31,51,0.425,14.35,2.783333333333333,0.16245136186770429,0.0,642.5833333333334,0.8096829557556393,42.916666666666664,42.916666666666664,135.625,250,485,0.6042158001742668,0.9125050827766483,157,2056,1899,0.9236381322957199
income,income__N200__c0p30__lognormal__biased__random,0,5,2026900005,200,lognormal,c,0.3,2,120,120,1.0,1.0,0.055349255465945685,25.758333333333333,26.0,30.10000000000001,34.0,35,114,0.95,18.383333333333333,7.375,0.2863151083791653,0.0,327.7583333333333,0.9445169425888279,35.25,35.25,117.51666666666667,472,278,0.9136261980830671,0.9640270113273308,181,3091,2910,0.9414428987382724
income,income__N200__c0p30__lognormal__biased__random,0,5,2026900005,200,lognormal,c,0.3,3,120,120,1.0,1.0,-0.15636504213931754,26.458333333333332,27.0,32.0,34.81,43,115,0.9583333333333334,16.016666666666666,10.441666666666666,0.3946456692913386,0.0,200.79166666666666,0.974073579242908,33.166666666666664,33.166666666666664,110.44166666666666,287,118,0.9639456869009586,0.9811312808597155,191,3175,2984,0.9398425196850394
income,income__N200__c0p30__lognormal__biased__random,0,5,2026900005,200,lognormal,c,0.3,4,120,120,1.0,1.0,-0.12735936574279244,26.525,26.0,31.0,33.0,34,118,0.9833333333333333,13.7,12.825,0.48350612629594725,0.0,111.90833333333333,0.9839061864652919,31.666666666666668,31.666666666666668,105.23333333333333,124,101,0.9813026430438572,0.9858248620389196,194,3183,2989,0.9390512095507383
income,income__N200__c0p30__lognormal__biased__random,0,5,2026900005,200,lognormal,c,0.3,5,120,120,1.0,1.0,-0.19063797794310464,26.608333333333334,27.0,30.0,35.81,37,117,0.975,12.733333333333333,13.875,0.5214531788286878,0.0,63.958333333333336,0.9875723690579924,31.0,31.0,103.15,110,62,0.9860223642172525,0.9888106302643045,196,3193,2997,0.938615721891638
income,income__N200__c0p30__lognormal__biased__random,0,5,2026900005,200,lognormal,c,0.3,6,120,120,1.0,1.0,-0.14571040298019045,26.158333333333335,26.0,30.0,32.620000000000005,33,118,0.9833333333333333,11.891666666666667,14.266666666666667,0.5453966231283849,0.0,67.38333333333334,0.9905672862813439,30.75,30.75,102.325,67,47,0.9887670636073194,0.9915843740923613,197,3139,2942,0.9372411596049698
income,income__N200__c0p30__lognormal__biased__random,0,5,2026900005,200,lognormal,c,0.3,7,120,120,1.0,1.0,-0.14991008272389408,26.133333333333333,26.0,30.10000000000001,33.0,34,117,0.975,10.775,15.358333333333333,0.5876913265306123,0.0,39.083333333333336,0.9925957498305742,30.216666666666665,30.216666666666665,100.50833333333334,49,17,0.9915553296543713,0.9933502759221611,198,3136,2938,0.9368622448979592
income,income__N200__c0p30__lognormal__biased__random,0,5,2026900005,200,lognormal,c,0.3,8,120,120,1.0,1.0,-0.19574200882289639,25.983333333333334,26.0,30.0,34.0,36,114,0.95,10.141666666666667,15.841666666666667,0.6096856959589481,0.0,22.433333333333334,0.9936911124019752,29.725,29.725,99.225,28,36,0.9933038048213769,0.9942361312808599,198,3118,2920,0.9364977549711353
income,income__N200__c0p30__lognormal__biased__random,0,5,2026900005,200,lognormal,c,0.3,9,120,120,1.0,1.0,-0.04457720388938165,26.05,26.0,30.0,33.0,34,117,0.975,9.641666666666667,16.408333333333335,0.6298784388995522,0.0,18.55,0.9946345967663869,29.475,29.475,98.35,29,3,0.9942128957304677,0.9949186755736277,199,3126,2927,0.936340371081254
income,income__N200__c0p30__lognormal__biased__random,0,5,2026900005,200,lognormal,c,0.3,10,120,120,1.0,1.0,-0.32136016142403906,25.225,26.0,30.0,34.81,35,111,0.925,8.683333333333334,16.541666666666668,0.6557647836141394,0.0,4.583333333333333,0.9949214347952376,28.8,28.8,96.46666666666667,7,4,0.994956433343015,0.9949186755736277,199,3027,2828,0.9342583415923357
income,income__N200__c0p30__lognormal__biased__random,0,6,2026900006,200,lognormal,c,0.3,1,120,120,1.0,1.0,0.7115717999235261,17.35,18.0,26.0,31.430000000000007,35,50,0.4166666666666667,14.625,2.725,0.15706051873198848,0.0,920.4333333333333,0.7889306635257168,51.858333333333334,51.858333333333334,165.69166666666666,289,935,0.5604440518256775,0.9053698468786808,143,2082,1939,0.9313160422670509
income,income__N200__c0p30__lognormal__biased__random,0,6,2026900006,200,lognormal,c,0.3,2,120,120,1.0,1.0,-0.022926286623882474,29.575,30.0,35.0,38.0,39,120,1.0,20.716666666666665,8.858333333333333,0.29952099182868414,0.0,457.1166666666667,0.9415318021201412,43.075,43.075,143.31666666666666,855,295,0.9059540636042405,0.9604864546525325,182,3549,3367,0.9487179487179487
income,income__N200__c0p30__lognormal__biased__random,0,6,2026900006,200,lognormal,c,0.3,3,120,120,1.0,1.0,-0.011156121299619105,31.183333333333334,31.0,36.10000000000001,39.0,41,120,1.0,18.733333333333334,12.45,0.39925173703901656,0.0,281.65833333333336,0.9710585198272473,40.59166666666667,40.59166666666667,135.36666666666667,298,180,0.9608869257950532,0.9797962308598351,190,3742,3552,0.9492250133618386
income,income__N200__c0p30__lognormal__biased__random,0,6,2026900006,200,lognormal,c,0.3,4,120,120,1.0,1.0,-0.11510078883318868,30.458333333333332,30.0,35.10000000000001,37.81,41,119,0.9916666666666667,15.25,15.208333333333334,0.4993160054719562,0.0,145.24166666666667,0.9834117981939534,38.625,38.625,128.49166666666667,182,43,0.9800789163722028,0.9859988221436986,196,3655,3459,0.9463748290013679
income,income__N200__c0p30__lognormal__biased__random,0,6,2026900006,200,lognormal,c,0.3,5,120,120,1.0,1.0,-0.20022014233932248,31.45,32.0,36.0,40.81,43,119,0.9916666666666667,14.058333333333334,17.391666666666666,0.5529941706412295,0.0,51.125,0.9870456811935614,37.68333333333333,37.68333333333333,125.325,48,54,0.9860812720848058,0.9879988221436986,196,3774,3578,0.9480657127715951
income,income__N200__c0p30__lognormal__biased__random,0,6,2026900006,200,lognormal,c,0.3,6,120,120,1.0,1.0,-0.031707448253193195,31.8,32.0,36.0,40.0,40,119,0.9916666666666667,13.966666666666667,17.833333333333332,0.560796645702306,0.0,63.608333333333334,0.9895018845700821,37.65833333333333,37.65833333333333,125.15,55,87,0.9880223792697291,0.9909505300353358,196,3816,3620,0.9486373165618449
income,income__N200__c0p30__lognormal__biased__random,0,6,2026900006,200,lognormal,c,0.3,7,120,120,1.0,1.0,-0.05672751545723065,31.016666666666666,31.0,35.0,39.81,42,120,1.0,12.583333333333334,18.433333333333334,0.5943041375604514,0.0,82.29166666666667,0.9926485669414997,36.96666666666667,36.96666666666667,122.99166666666666,87,44,0.9909481743227326,0.9934994110718494,197,3722,3525,0.947071466953251
income,income__N200__c0p30__lognormal__biased__random,0,6,2026900006,200,lognormal,c,0.3,8,120,120,1.0,1.0,-0.19470783590099403,30.325,30.5,35.0,38.81,42,119,0.9916666666666667,10.791666666666666,19.533333333333335,0.64413300357241,0.0,38.575,0.9939174519042012,35.99166666666667,35.99166666666667,120.00833333333334,54,26,0.9934899882214372,0.9944016489988223,198,3639,3441,0.9455894476504534
income,income__N200__c0p30__lognormal__biased__random,0,6,2026900006,200,lognormal,c,0.3,9,120,120,1.0,1.0,-0.29869273844788885,30.725,31.0,35.0,38.0,44,119,0.9916666666666667,10.025,20.7,0.6737184703010578,0.0,14.958333333333334,0.9947779937180992,35.641666666666666,35.641666666666666,118.825,25,1,0.9944110718492345,0.9949764428739696,199,3687,3488,0.9460265798752373
income,income__N200__c0p30__lognormal__biased__random,0,6,2026900006,200,lognormal,c,0.3,10,120,120,1.0,1.0,-0.3196262454828226,30.0,30.0,35.0,38.620000000000005,40,118,0.9833333333333333,9.125,20.875,0.6958333333333333,0.0,5.191666666666666,0.9949305850019632,35.075,35.075,117.11666666666666,1,0,0.9949505300353358,0.9949858657243817,199,3600,3401,0.9447222222222222
income,income__N200__c0p30__lognormal__biased__random,0,7,2026900007,200,lognormal,c,0.3,1,120,120,1.0,1.0,0.732531641737142,16.15,16.0,25.0,29.0,30,41,0.3416666666666667,13.533333333333333,2.6166666666666667,0.16202270381836945,0.0,957.675,0.7646364519945908,48.725,48.725,155.2,271,871,0.557725659229209,0.877751014198783,143,1938,1795,0.9262125902992776
income,income__N200__c0p30__lognormal__biased__random,0,7,2026900007,200,lognormal,c,0.3,2,120,120,1.0,1.0,0.1023199855595879,26.791666666666668,27.0,32.0,36.43000000000001,37,117,0.975,19.625,7.166666666666667,0.26749611197511663,0.0,542.6666666666666,0.9164417046991212,40.78333333333333,40.78333333333333,136.18333333333334,885,411,0.8786080121703854,0.9397134888438134,176,3215,3039,0.9452566096423017
income,income__N200__c0p30__lognormal__biased__random,0,7,2026900007,200,lognormal,c,0.3,3,120,120,1.0,1.0,-0.004667869624894552,29.183333333333334,29.0,34.0,37.81,39,118,0.9833333333333333,19.0,10.183333333333334,0.3489434608794974,0.0,332.84166666666664,0.9509300625422584,38.725,38.725,128.94166666666666,413,257,0.9398453346855984,0.9578473630831643,187,3502,3315,0.9466019417475728
income,income__N200__c0p30__lognormal__biased__random,0,7,2026900007,200,lognormal,c,0.3,4,120,120,1.0,1.0,-0.1321146192875976,30.25,30.0,35.0,37.0,39,120,1.0,17.891666666666666,12.358333333333333,0.40853994490358125,0.0,280.69166666666666,0.9631272819472614,37.9,37.9,126.24166666666666,239,323,0.957781440162272,0.9704310344827587,188,3630,3442,0.9482093663911846
income,income__N200__c0p30__lognormal__biased__random,0,7,2026900007,200,lognormal,c,0.3,5,120,120,1.0,1.0,-0.07068045050297495,29.683333333333334,29.0,34.10000000000001,38.0,40,119,0.9916666666666667,16.65,13.033333333333333,0.43907916900617633,0.0,316.0833333333333,0.9776386705544285,37.19166666666667,37.19166666666667,123.66666666666667,325,238,0.9704158215010144,0.9835218052738337,192,3562,3370,0.9460976979225154
income,income__N200__c0p30__lognormal__biased__random,0,7,2026900007,200,lognormal,c,0.3,6,120,120,1.0,1.0,-0.07109422067421542,29.358333333333334,29.0,35.0,39.0,40,119,0.9916666666666667,14.575,14.783333333333333,0.5035481124042009,0.0,159.825,0.9878010691345503,35.775,35.775,119.3,231,100,0.9837145030425964,0.9907226166328602,195,3523,3328,0.9446494464944649
income,income__N200__c0p30__lognormal__biased__random,0,7,2026900007,200,lognormal,c,0.3,7,120,120,1.0,1.0,-0.05991567423149069,29.15,29.0,34.0,38.0,38,119,0.9916666666666667,11.725,17.425,0.597770154373928,0.0,44.483333333333334,0.9919987322515219,34.24166666666667,34.24166666666667,114.23333333333333,112,26,0.990727687626775,0.9926115618661258,198,3498,3300,0.9433962264150944
income,income__N200__c0p30__lognormal__biased__random,0,7,2026900007,200,lognormal,c,0.3,8,120,120,1.0,1.0,-0.2605962911334758,28.908333333333335,29.0,33.10000000000001,40.860000000000014,43,119,0.9916666666666667,10.466666666666667,18.441666666666666,0.6379360046122802,0.0,25.375,0.9928120351588913,33.641666666666666,33.641666666666666,112.14166666666667,22,25,0.9925786004056796,0.9930654158215011,198,3469,3271,0.9429230325742289
income,income__N200__c0p30__lognormal__biased__random,0,7,2026900007,200,lognormal,c,0.3,9,120,120,1.0,1.0,-0.33107901776537585,28.991666666666667,29.0,34.0,37.81,38,118,0.9833333333333333,10.291666666666666,18.7,0.6450129347513653,0.0,26.733333333333334,0.9935882986815417,33.6,33.6,111.98333333333333,21,22,0.993197261663286,0.9940441176470589,198,3479,3281,0.9430870939925265
income,income__N200__c0p30__lognormal__biased__random,0,7,2026900007,200,lognormal,c,0.3,10,120,120,1.0,1.0,-0.12988754132243452,28.641666666666666,29.0,33.10000000000001,38.0,39,117,0.975,10.491666666666667,18.15,0.633692173407041,0.0,27.916666666666668,0.9944338446585536,33.708333333333336,33.708333333333336,112.425,25,0,0.9940212981744423,0.9949847870182558,199,3437,3238,0.9421006691882455
income,income__N200__c0p30__pareto__biased__random,1,0,2026910000,200,pareto,c,0.3,1,120,93,0.775,0.9456521739130435,0.7291795388162597,10.89247311827957,12.0,20.799999999999997,26.08,27,12,0.12903225806451613,9.064516129032258,1.8279569892473118,0.16781836130306022,0.12903225806451613,1496.25,0.6477377921969889,50.725,50.725,161.90833333333333,300,1037,0.34013850761167963,0.8636124282505617,129,1013,884,0.8726554787759131
income,income__N200__c0p30__pareto__biased__random,1,0,2026910000,200,pareto,c,0.3,2,120,120,1.0,1.0,0.2606890706237125,26.275,27.0,32.0,34.0,35,109,0.9083333333333333,19.5,6.775,0.25784966698382494,0.0,550.8916666666667,0.9237598577489394,41.85,41.85,139.40833333333333,1048,290,0.8648053406538558,0.9572036436236586,180,3153,2973,0.9429115128449096
income,income__N200__c0p30__pareto__biased__random,1,0,2026910000,200,pareto,c,0.3,3,120,120,1.0,1.0,-0.08829172404951857,29.758333333333333,30.0,33.10000000000001,36.0,37,120,1.0,17.508333333333333,12.25,0.41164939792775135,0.0,192.38333333333333,0.964009836952001,38.36666666666667,38.36666666666667,127.625,273,201,0.9573284252558025,0.9694222610431746,189,3571,3382,0.9470736488378605
income,income__N200__c0p30__pareto__biased__random,1,0,2026910000,200,pareto,c,0.3,4,120,120,1.0,1.0,-0.26852626211284447,30.658333333333335,31.0,35.0,38.0,41,120,1.0,16.358333333333334,14.3,0.4664310954063604,0.0,177.025,0.9740211504866481,37.44166666666667,37.44166666666667,124.65,210,164,0.9695270776141753,0.9779997504367359,192,3679,3487,0.9478119054090786
income,income__N200__c0p30__pareto__biased__random,1,0,2026910000,200,pareto,c,0.3,5,120,120,1.0,1.0,-0.16482041210174922,29.975,30.0,34.10000000000001,37.81,39,120,1.0,15.258333333333333,14.716666666666667,0.4909646927995552,0.0,180.19166666666666,0.980889651443308,36.75,36.75,122.30833333333334,163,191,0.9781794359870228,0.9832680309458448,193,3597,3404,0.9463441757019738
income,income__N200__c0p30__pareto__biased__random,1,0,2026910000,200,pareto,c,0.3,6,120,120,1.0,1.0,-0.10120435101304537,30.108333333333334,30.5,35.0,38.0,39,120,1.0,14.3,15.808333333333334,0.5250484362026017,0.0,158.05,0.9858967431994008,36.05,36.05,120.16666666666667,198,126,0.983345395557774,0.9875829797853757,195,3613,3418,0.9460282313866593
income,income__N200__c0p30__pareto__biased__random,1,0,2026910000,200,pareto,c,0.3,7,120,120,1.0,1.0,-0.0820934323041693,29.158333333333335,30.0,33.0,35.81,36,119,0.9916666666666667,13.208333333333334,15.95,0.5470134324092598,0.0,136.15833333333333,0.9890934822394143,35.375,35.375,118.10833333333333,123,140,0.9875605190915899,0.9906001996506115,195,3499,3304,0.9442697913689626
income,income__N200__c0p30__pareto__biased__random,1,0,2026910000,200,pareto,c,0.3,8,120,120,1.0,1.0,-0.22926641632989253,29.533333333333335,29.5,34.0,38.81,39,117,0.975,12.3,17.233333333333334,0.5835214446952596,0.0,103.71666666666667,0.9914709258797108,34.80833333333333,34.80833333333333,116.3,138,110,0.99059021712004,0.9924319940104818,196,3544,3348,0.9446952595936795
income,income__N200__c0p30__pareto__biased__random,1,0,2026910000,200,pareto,c,0.3,9,120,120,1.0,1.0,-0.28642369020501146,29.366666666666667,30.0,33.0,35.0,37,120,1.0,11.0,18.366666666666667,0.6254256526674233,0.0,49.38333333333333,0.9931485941269445,34.28333333333333,34.28333333333333,114.55,106,18,0.9924319940104818,0.9935749937609184,198,3524,3326,0.9438138479001135
income,income__N200__c0p30__pareto__biased__random,1,0,2026910000,200,pareto,c,0.3,10,120,120,1.0,1.0,-0.1927969783159418,28.95,29.0,33.0,39.43000000000001,40,118,0.9833333333333333,10.766666666666667,18.183333333333334,0.6280944156591824,0.0,26.066666666666666,0.9938879460943345,34.125,34.125,114.10833333333333,18,34,0.9935650112303469,0.9942338407786375,198,3474,3276,0.9430051813471503
income,income__N200__c0p30__pareto__biased__random,1,1,2026910001,200,pareto,c,0.3,1,120,99,0.825,0.9489795918367347,0.8485288349830712,9.777777777777779,9.0,19.0,22.019999999999996,23,8,0.08080808080808081,8.464646464646465,1.3131313131313131,0.13429752066115702,0.08080808080808081,1552.3916666666667,0.6408005467902164,50.266666666666666,50.266666666666666,160.66666666666666,300,1288,0.3392098672677186,0.8373691460055097,119,968,849,0.8770661157024794
income,income__N200__c0p30__pareto__biased__random,1,1,2026910001,200,pareto,c,0.3,2,120,120,1.0,1.0,0.368182942062804,25.233333333333334,25.0,31.10000000000001,34.0,36,110,0.9166666666666666,19.416666666666668,5.816666666666666,0.23051519154557465,0.0,747.6666666666666,0.9162384798397196,42.38333333333333,42.38333333333333,141.15833333333333,1307,392,0.840467067367894,0.9596080641121965,174,3028,2854,0.9425363276089829
income,income__N200__c0p30__pareto__biased__random,1,1,2026910001,200,pareto,c,0.3,3,120,120,1.0,1.0,0.0011888939650937056,29.741666666666667,30.0,34.0,37.0,37,119,0.9916666666666667,17.983333333333334,11.758333333333333,0.3953488372093023,0.0,214.10833333333332,0.971865452041072,38.44166666666667,38.44166666666667,127.95833333333333,396,145,0.9594077134986227,0.9808827948910595,190,3569,3379,0.9467637993835808
income,income__N200__c0p30__pareto__biased__random,1,1,2026910001,200,pareto,c,0.3,4,120,120,1.0,1.0,-0.09363377155587878,29.816666666666666,30.0,34.0,40.0,41,119,0.9916666666666667,15.341666666666667,14.475,0.485466741196199,0.0,108.2,0.984381271391602,36.55,36.55,121.75,153,97,0.9811432506887054,0.9872689706987228,194,3578,3384,0.9457797652319732
income,income__N200__c0p30__pareto__biased__random,1,1,2026910001,200,pareto,c,0.3,5,120,120,1.0,1.0,-0.030096576445345632,30.175,30.0,34.0,37.81,39,120,1.0,13.425,16.75,0.5550952775476388,0.0,54.358333333333334,0.9887665497954754,35.516666666666666,35.516666666666666,118.35,106,52,0.9872464312546958,0.9898910593538695,196,3621,3425,0.9458713062689865
income,income__N200__c0p30__pareto__biased__random,1,1,2026910001,200,pareto,c,0.3,6,120,120,1.0,1.0,-0.17141690090405165,29.083333333333332,30.0,33.0,35.81,36,119,0.9916666666666667,11.233333333333333,17.85,0.6137535816618911,0.0,48.15833333333333,0.9903940228733618,34.30833333333333,34.30833333333333,114.40833333333333,61,42,0.9898009015777611,0.9905121462559481,197,3490,3293,0.9435530085959886
income,income__N200__c0p30__pareto__biased__random,1,1,2026910001,200,pareto,c,0.3,7,120,120,1.0,1.0,-0.1525592518318733,29.375,29.0,34.0,37.0,39,119,0.9916666666666667,10.6,18.775,0.6391489361702127,0.0,31.208333333333332,0.9906461098589198,34.00833333333333,34.00833333333333,113.55833333333334,38,36,0.9905847733533686,0.9906248434760832,198,3525,3327,0.9438297872340425
income,income__N200__c0p30__pareto__biased__random,1,1,2026910001,200,pareto,c,0.3,8,120,120,1.0,1.0,-0.2636514829804307,29.183333333333334,29.0,33.0,39.43000000000001,44,118,0.9833333333333333,10.825,18.358333333333334,0.6290691033695032,0.0,30.391666666666666,0.9907539652725604,34.05833333333333,34.05833333333333,113.71666666666667,35,28,0.9906473829201103,0.9907901327322817,198,3502,3304,0.9434608794974301
income,income__N200__c0p30__pareto__biased__random,1,1,2026910001,200,pareto,c,0.3,9,120,120,1.0,1.0,-0.2765739300186202,28.766666666666666,28.5,33.0,38.81,42,118,0.9833333333333333,10.416666666666666,18.35,0.6378910776361529,0.0,35.74166666666667,0.9908914141414144,33.99166666666667,33.99166666666667,113.475,25,38,0.9908627598297022,0.9909278737791136,198,3452,3254,0.9426419466975666
income,income__N200__c0p30__pareto__biased__random,1,1,2026910001,200,pareto,c,0.3,10,120,120,1.0,1.0,-0.3276215553625487,28.925,29.0,34.10000000000001,37.81,38,116,0.9666666666666667,10.95,17.975,0.6214347450302506,0.0,43.041666666666664,0.991051652892562,34.11666666666667,34.11666666666667,113.875,40,49,0.9909604307538193,0.9912559479088405,198,3471,3273,0.9429559204840103
income,income__N200__c0p30__pareto__biased__random,1,2,2026910002,200,pareto,c,0.3,1,120,99,0.825,0.9591836734693877,0.742618465246832,8.212121212121213,7.0,16.0,19.0,19,0,0.0,7.05050505050505,1.1616161616161615,0.14145141451414514,0.1111111111111111,1800.975,0.6018754587921255,51.541666666666664,51.541666666666664,164.575,300,1635,0.3019794794794797,0.8197872872872873,110,813,703,0.8646986469864698
income,income__N200__c0p30__pareto__biased__random,1,2,2026910002,200,pareto,c,0.3,2,120,120,1.0,1.0,0.2570556737540207,24.366666666666667,25.0,31.0,36.81,37,95,0.7916666666666666,18.841666666666665,5.525,0.22674418604651161,0.0,886.5333333333333,0.9010655030030035,42.458333333333336,42.458333333333336,141.46666666666667,1528,431,0.8216816816816819,0.9466841841841842,174,2924,2750,0.9404924760601915
income,income__N200__c0p30__pareto__biased__random,1,2,2026910002,200,pareto,c,0.3,3,120,120,1.0,1.0,0.08175874416235555,29.475,29.0,34.10000000000001,38.81,40,119,0.9916666666666667,18.283333333333335,11.191666666666666,0.37970031099802093,0.0,287.575,0.9593861361361363,39.00833333333333,39.00833333333333,129.88333333333333,434,159,0.9468293293293295,0.9684784784784786,189,3537,3348,0.9465648854961832
income,income__N200__c0p30__pareto__biased__random,1,2,2026910002,200,pareto,c,0.3,4,120,120,1.0,1.0,-0.15198041253843128,30.166666666666668,30.0,34.10000000000001,36.81,38,120,1.0,17.116666666666667,13.05,0.4325966850828729,0.0,172.33333333333334,0.9740007090423757,37.65,37.65,125.43333333333334,155,167,0.9684509509509511,0.9795045045045045,192,3620,3428,0.9469613259668508
income,income__N200__c0p30__pareto__biased__random,1,2,2026910002,200,pareto,c,0.3,5,120,120,1.0,1.0,-0.13663485813130877,30.483333333333334,30.0,36.0,39.0,39,120,1.0,15.5,14.983333333333333,0.4915254237288136,0.0,134.66666666666666,0.9830404571237906,36.71666666666667,36.71666666666667,122.23333333333333,154,121,0.97985985985986,0.9858558558558559,194,3658,3464,0.946965554948059
income,income__N200__c0p30__pareto__biased__random,1,2,2026910002,200,pareto,c,0.3,6,120,120,1.0,1.0,-0.1998123586588988,29.75,30.0,34.0,37.81,40,117,0.975,12.541666666666666,17.208333333333332,0.5784313725490197,0.0,76.9,0.9874289289289291,35.041666666666664,35.041666666666664,117.025,127,55,0.9861486486486488,0.9881981981981982,197,3570,3373,0.9448179271708683
income,income__N200__c0p30__pareto__biased__random,1,2,2026910002,200,pareto,c,0.3,7,120,120,1.0,1.0,-0.1927710747920885,29.491666666666667,30.0,33.0,38.0,38,120,1.0,12.316666666666666,17.175,0.5823679005368748,0.0,48.06666666666667,0.9888626543209879,34.791666666666664,34.791666666666664,116.40833333333333,48,59,0.9881006006006008,0.989411911911912,197,3539,3342,0.9443345577846849
income,income__N200__c0p30__pareto__biased__random,1,2,2026910002,200,pareto,c,0.3,8,120,120,1.0,1.0,-0.27912206423184877,29.35,29.0,34.0,36.81,39,120,1.0,11.366666666666667,17.983333333333334,0.6127200454287337,0.0,54.391666666666666,0.9899127669336008,34.266666666666666,34.266666666666666,114.33333333333333,60,53,0.9895095095095097,0.9899949949949951,197,3522,3325,0.9440658716638274
income,income__N200__c0p30__pareto__biased__random,1,2,2026910002,200,pareto,c,0.3,9,120,120,1.0,1.0,-0.23791255053019944,28.766666666666666,29.0,33.10000000000001,36.81,39,119,0.9916666666666667,10.425,18.341666666666665,0.6376013904982619,0.0,60.983333333333334,0.9900061519853186,33.958333333333336,33.958333333333336,113.31666666666666,53,74,0.9900525525525528,0.9900125125125125,197,3452,3255,0.9429316338354577
income,income__N200__c0p30__pareto__biased__random,1,2,2026910002,200,pareto,c,0.3,10,120,120,1.0,1.0,-0.16535967049784975,29.216666666666665,30.0,34.0,38.0,40,119,0.9916666666666667,10.775,18.441666666666666,0.6312036508841985,0.0,42.983333333333334,0.9900668793793792,34.041666666666664,34.041666666666664,113.66666666666667,73,28,0.9899474474474474,0.9901101101101102,198,3506,3308,0.9435253850541928
income,income__N200__c0p30__pareto__biased__random,1,3,2026910003,200,pareto,c,0.3,1,120,102,0.85,0.9306930693069307,0.815400640322638,11.941176470588236,11.0,22.0,29.969999999999985,34,22,0.21568627450980393,10.03921568627451,1.9019607843137254,0.1592775041050903,0.1568627450980392,1375.4916666666666,0.6880732058014506,50.8,50.8,162.15,300,717,0.3670530132533134,0.8849374843710929,141,1218,1077,0.8842364532019704
income,income__N200__c0p30__pareto__biased__random,1,3,2026910003,200,pareto,c,0.3,2,120,120,1.0,1.0,0.13749006713300635,27.316666666666666,27.0,33.0,37.0,39,118,0.9833333333333333,19.575,7.741666666666666,0.2834045149481391,0.0,487.69166666666666,0.9313188505459694,41.15,41.15,137.03333333333333,736,251,0.8879532383095774,0.9548024506126533,182,3278,3096,0.9444783404514948
income,income__N200__c0p30__pareto__biased__random,1,3,2026910003,200,pareto,c,0.3,3,120,120,1.0,1.0,-0.1354803008378599,30.558333333333334,31.0,35.0,38.620000000000005,40,120,1.0,18.833333333333332,11.725,0.38369239160076357,0.0,259.53333333333336,0.9648878469617405,38.90833333333333,38.90833333333333,129.5,259,245,0.9547999499874971,0.9742923230807703,188,3667,3479,0.9487319334605945
income,income__N200__c0p30__pareto__biased__random,1,3,2026910003,200,pareto,c,0.3,4,120,120,1.0,1.0,-0.15397244037530844,29.816666666666666,30.0,34.0,37.0,38,120,1.0,16.758333333333333,13.058333333333334,0.4379541643376188,0.0,197.05833333333334,0.9813845127948654,37.575,37.575,125.0,248,94,0.9745498874718681,0.9872255563890975,194,3578,3384,0.9457797652319732
income,income__N200__c0p30__pareto__biased__random,1,3,2026910003,200,pareto,c,0.3,5,120,120,1.0,1.0,-0.10774294566128516,30.05,30.0,35.0,37.81,41,118,0.9833333333333333,13.783333333333333,16.266666666666666,0.5413200221852468,0.0,82.86666666666666,0.9903678836375764,35.74166666666667,35.74166666666667,119.19166666666666,86,62,0.9871605401350338,0.9923468367091774,196,3606,3410,0.9456461453133667
income,income__N200__c0p30__pareto__biased__random,1,3,2026910003,200,pareto,c,0.3,6,120,120,1.0,1.0,-0.19408800613454524,28.833333333333332,29.0,33.0,35.0,39,119,0.9916666666666667,10.866666666666667,17.966666666666665,0.623121387283237,0.0,28.941666666666666,0.9926703759273149,34.125,34.125,114.03333333333333,40,28,0.9923818454613655,0.9929944986246562,198,3460,3262,0.9427745664739884
income,income__N200__c0p30__pareto__biased__random,1,3,2026910003,200,pareto,c,0.3,7,120,120,1.0,1.0,-0.2029058796309029,28.975,29.0,33.10000000000001,36.81,39,118,0.9833333333333333,10.583333333333334,18.391666666666666,0.634742594190394,0.0,29.308333333333334,0.9932311411186128,34.075,34.075,113.65,23,36,0.9930045011252815,0.9934121030257566,198,3477,3279,0.9430543572044866
income,income__N200__c0p30__pareto__biased__random,1,3,2026910003,200,pareto,c,0.3,8,120,120,1.0,1.0,-0.2798387553009271,29.416666666666668,30.0,34.10000000000001,38.0,41,118,0.9833333333333333,10.966666666666667,18.45,0.6271954674220963,0.0,33.075,0.9937429774110195,34.06666666666667,34.06666666666667,113.85833333333333,42,36,0.9934371092773195,0.9941572893223307,198,3530,3332,0.9439093484419263
income,income__N200__c0p30__pareto__biased__random,1,3,2026910003,200,pareto,c,0.3,9,120,120,1.0,1.0,-0.2477369485835886,29.391666666666666,29.0,35.0,38.620000000000005,40,120,1.0,10.641666666666667,18.75,0.637935922880635,0.0,37.36666666666667,0.9945339876635829,34.025,34.025,113.55,32,42,0.9941672918229558,0.9949299824956239,198,3527,3329,0.9438616387865041
income,income__N200__c0p30__pareto__biased__random,1,3,2026910003,200,pareto,c,0.3,10,120,120,1.0,1.0,-0.47543219296147204,28.408333333333335,28.0,34.0,37.0,40,116,0.9666666666666667,8.391666666666667,20.016666666666666,0.7046054561454972,0.0,7.658333333333333,0.9949418396265739,33.1,33.1,110.34166666666667,40,5,0.9949449862465618,0.9949299824956239,199,3409,3210,0.9416251100029334
income,income__N200__c0p30__pareto__biased__random,1,4,2026910004,200,pareto,c,0.3,1,120,112,0.9333333333333333,0.963963963963964,0.8493351834683601,16.241071428571427,15.0,27.900000000000006,33.89,35,44,0.39285714285714285,12.839285714285714,3.4017857142857144,0.20945574491478836,0.0625,874.7083333333334,0.8119160227650385,49.18333333333333,49.18333333333333,156.74166666666667,300,361,0.4950822532402792,0.9483898305084746,163,1819,1656,0.9103903243540407
income,income__N200__c0p30__pareto__biased__random,1,4,2026910004,200,pareto,c,0.3,2,120,120,1.0,1.0,0.056563036038880354,30.3,30.0,35.0,39.0,39,120,1.0,18.65,11.65,0.3844884488448845,0.0,163.95,0.9685107593885015,39.38333333333333,39.38333333333333,131.06666666666666,358,120,0.9492522432701895,0.9788683948155534,190,3636,3446,0.9477447744774478
income,income__N200__c0p30__pareto__biased__random,1,4,2026910004,200,pareto,c,0.3,3,120,120,1.0,1.0,-0.009987524175442717,29.925,30.0,34.0,36.81,39,120,1.0,15.258333333333333,14.666666666666666,0.4901141743247006,0.0,115.475,0.983459704220672,36.94166666666667,36.94166666666667,122.8,120,73,0.9790777666999004,0.9864755732801596,194,3591,3397,0.9459760512392091
income,income__N200__c0p30__pareto__biased__random,1,4,2026910004,200,pareto,c,0.3,4,120,120,1.0,1.0,-0.09541998861221719,30.208333333333332,31.0,34.10000000000001,37.81,39,119,0.9916666666666667,14.083333333333334,16.125,0.5337931034482759,0.0,61.425,0.988530138750416,35.983333333333334,35.983333333333334,119.91666666666667,78,53,0.9864332003988037,0.9902741774675974,196,3625,3429,0.9459310344827586
income,income__N200__c0p30__pareto__biased__random,1,4,2026910004,200,pareto,c,0.3,5,120,120,1.0,1.0,-0.176954448401371,29.416666666666668,29.0,34.0,39.620000000000005,40,119,0.9916666666666667,12.466666666666667,16.95,0.5762039660056657,0.0,48.025,0.9918483507809904,35.2,35.2,117.36666666666666,53,14,0.990294117647059,0.9927642073778664,198,3530,3332,0.9439093484419263
income,income__N200__c0p30__pareto__biased__random,1,4,2026910004,200,pareto,c,0.3,6,120,120,1.0,1.0,-0.28832914631013634,29.108333333333334,29.0,33.0,36.0,36,120,1.0,10.783333333333333,18.325,0.6295448038935013,0.0,18.875,0.9931035435360587,34.13333333333333,34.13333333333333,114.10833333333333,14,28,0.99277666999003,0.9934072781655037,198,3493,3295,0.9433152018322359
income,income__N200__c0p30__pareto__biased__random,1,4,2026910004,200,pareto,c,0.3,7,120,120,1.0,1.0,-0.21775478484371327,29.358333333333334,30.0,34.0,36.81,38,117,0.975,10.766666666666667,18.591666666666665,0.6332671019017883,0.0,23.316666666666666,0.9937849783981385,34.291666666666664,34.291666666666664,114.48333333333333,21,20,0.9934147557328017,0.994282153539382,198,3523,3325,0.9437978995174567
income,income__N200__c0p30__pareto__biased__random,1,4,2026910004,200,pareto,c,0.3,8,120,120,1.0,1.0,-0.1961279461279462,28.858333333333334,29.0,34.0,37.620000000000005,39,117,0.975,9.808333333333334,19.05,0.6601212821253248,0.0,21.208333333333332,0.9946903040877362,33.858333333333334,33.858333333333334,112.975,26,15,0.9942198404785645,0.9949451645064806,199,3463,3264,0.9425353739532197
income,income__N200__c0p30__pareto__biased__random,1,4,2026910004,200,pareto,c,0.3,9,120,120,1.0,1.0,-0.12173723701076247,28.775,29.0,34.0,37.81,38,119,0.9916666666666667,8.516666666666667,20.258333333333333,0.704025485085433,0.0,5.733333333333333,0.994936502991027,33.30833333333333,33.30833333333333,110.93333333333334,23,4,0.9948354935194417,0.9949077766699901,199,3453,3254,0.9423689545322907
income,income__N200__c0p30__pareto__biased__random,1,4,2026910004,200,pareto,c,0.3,10,120,120,1.0,1.0,-0.16868837888073068,28.941666666666666,29.0,34.0,37.0,37,120,1.0,8.733333333333333,20.208333333333332,0.6982435934350706,0.0,6.658333333333333,0.9949318502824853,33.30833333333333,33.30833333333333,110.90833333333333,9,3,0.9948604187437688,0.9949850448654038,199,3473,3274,0.9427008350129571
income,income__N200__c0p30__pareto__biased__random,1,5,2026910005,200,pareto,c,0.3,1,120,98,0.8166666666666667,0.9484536082474226,0.7278517407035074,8.418367346938776,8.0,16.299999999999997,19.090000000000003,22,1,0.01020408163265306,7.408163265306122,1.010204081632653,0.12,0.11224489795918367,1788.8916666666667,0.5607827544561056,51.18333333333333,51.18333333333333,163.55833333333334,300,1763,0.28960769615192405,0.7494577711144428,102,825,723,0.8763636363636363
income,income__N200__c0p30__pareto__biased__random,1,5,2026910005,200,pareto,c,0.3,2,120,120,1.0,1.0,0.10354631628865056,20.866666666666667,20.0,27.0,30.620000000000005,31,70,0.5833333333333334,17.133333333333333,3.7333333333333334,0.17891373801916932,0.0,1517.3333333333333,0.8391489463601532,43.458333333333336,43.458333333333336,144.63333333333333,1791,1200,0.7526836581709146,0.9041179410294853,151,2504,2353,0.9396964856230032
income,income__N200__c0p30__pareto__biased__random,1,5,2026910005,200,pareto,c,0.3,3,120,120,1.0,1.0,-0.05224140231400318,28.633333333333333,28.0,34.0,36.81,37,118,0.9833333333333333,19.8,8.833333333333334,0.3084982537834691,0.0,580.1916666666667,0.935367295518907,40.74166666666667,40.74166666666667,135.75833333333333,1162,300,0.9045152423788108,0.9539930034982509,183,3436,3253,0.9467403958090803
income,income__N200__c0p30__pareto__biased__random,1,5,2026910005,200,pareto,c,0.3,4,120,120,1.0,1.0,0.08327943515990041,29.766666666666666,30.0,34.20000000000002,39.81,42,120,1.0,18.016666666666666,11.75,0.39473684210526316,0.0,274.48333333333335,0.9610032483758126,38.458333333333336,38.458333333333336,128.24166666666667,297,256,0.9543003498250875,0.9665217391304348,188,3572,3384,0.9473684210526315
income,income__N200__c0p30__pareto__biased__random,1,5,2026910005,200,pareto,c,0.3,5,120,120,1.0,1.0,-0.17875580902646754,29.925,30.0,34.0,37.81,39,120,1.0,16.8,13.125,0.43859649122807015,0.0,241.23333333333332,0.9701253123438285,37.55833333333333,37.55833333333333,124.95833333333333,250,222,0.9668690654672665,0.9731434282858571,191,3591,3400,0.9468114731272625
income,income__N200__c0p30__pareto__biased__random,1,5,2026910005,200,pareto,c,0.3,6,120,120,1.0,1.0,-0.23744867245799073,29.6,30.0,34.0,36.0,37,120,1.0,15.533333333333333,14.066666666666666,0.4752252252252252,0.0,198.5,0.9761248334166249,36.81666666666667,36.81666666666667,122.55,222,209,0.9732383808095952,0.9781784107946028,193,3552,3359,0.9456644144144144
income,income__N200__c0p30__pareto__biased__random,1,5,2026910005,200,pareto,c,0.3,7,120,120,1.0,1.0,-0.047924352825132306,29.3,29.0,34.0,37.0,37,120,1.0,14.608333333333333,14.691666666666666,0.5014220705346986,0.0,194.53333333333333,0.9796815758787274,36.35,36.35,121.13333333333334,214,189,0.9783183408295852,0.9806121939030485,194,3516,3322,0.9448236632536974
income,income__N200__c0p30__pareto__biased__random,1,5,2026910005,200,pareto,c,0.3,8,120,120,1.0,1.0,-0.18725889279040617,30.325,30.0,34.0,37.81,38,120,1.0,14.291666666666666,16.033333333333335,0.5287166804067052,0.0,162.0,0.9820014992503748,35.86666666666667,35.86666666666667,119.575,188,170,0.9807621189405298,0.9832608695652174,195,3639,3444,0.9464138499587799
income,income__N200__c0p30__pareto__biased__random,1,5,2026910005,200,pareto,c,0.3,9,120,120,1.0,1.0,-0.06283127031871626,29.858333333333334,30.0,34.0,36.81,37,120,1.0,13.675,16.183333333333334,0.5420039073402177,0.0,191.94166666666666,0.98488934699317,35.875,35.875,119.64166666666667,171,196,0.9833508245877063,0.9866091954022989,195,3583,3388,0.9455763326821099
income,income__N200__c0p30__pareto__biased__random,1,5,2026910005,200,pareto,c,0.3,10,120,120,1.0,1.0,-0.13971748875808937,30.008333333333333,30.0,35.0,38.0,38,117,0.975,13.3,16.708333333333332,0.5567897806164954,0.0,170.1,0.9880951815758791,35.38333333333333,35.38333333333333,118.11666666666666,202,88,0.9867466266866567,0.9890554722638683,197,3601,3404,0.9452929741738406
income,income__N200__c0p30__pareto__biased__random,1,6,2026910006,200,pareto,c,0.3,1,120,101,0.8416666666666667,0.96,0.8112138100340627,10.94059405940594,11.0,19.0,25.0,31,9,0.0891089108910891,9.405940594059405,1.5346534653465347,0.14027149321266968,0.06930693069306931,1451.9416666666666,0.6343852732582395,50.375,50.375,160.75833333333333,300,1207,0.358113892365457,0.8117609511889863,121,1105,984,0.890497737556561
income,income__N200__c0p30__pareto__biased__random,1,6,2026910006,200,pareto,c,0.3,2,120,120,1.0,1.0,0.0062370383938080715,24.05,23.0,30.0,32.0,36,105,0.875,19.025,5.025,0.20893970893970895,0.0,1020.15,0.8851143304130166,43.05833333333333,43.05833333333333,143.475,1202,611,0.8127471839799751,0.9338785982478099,168,2886,2718,0.9417879417879418
income,income__N200__c0p30__pareto__biased__random,1,6,2026910006,200,pareto,c,0.3,3,120,120,1.0,1.0,-0.1569911979087287,29.241666666666667,29.0,34.0,38.0,40,120,1.0,19.775,9.466666666666667,0.3237389569677971,0.0,400.1666666666667,0.9544274092615769,39.825,39.825,132.85,571,308,0.9352177722152692,0.9709874843554445,184,3509,3325,0.9475634083784554
income,income__N200__c0p30__pareto__biased__random,1,6,2026910006,200,pareto,c,0.3,4,120,120,1.0,1.0,-0.266116150094212,30.183333333333334,30.0,35.0,38.81,41,119,0.9916666666666667,16.925,13.258333333333333,0.43926007730535616,0.0,206.2,0.9822041093032959,37.858333333333334,37.858333333333334,125.93333333333334,314,103,0.9715932415519399,0.9893679599499374,193,3622,3429,0.9467145223633352
income,income__N200__c0p30__pareto__biased__random,1,6,2026910006,200,pareto,c,0.3,5,120,120,1.0,1.0,-0.04258503504779359,30.1,30.0,34.0,37.620000000000005,38,120,1.0,12.975,17.125,0.5689368770764119,0.0,50.766666666666666,0.9914457655402589,35.18333333333333,35.18333333333333,117.39166666666667,107,24,0.9894130162703381,0.9925969962453067,197,3612,3415,0.9454595791805094
income,income__N200__c0p30__pareto__biased__random,1,6,2026910006,200,pareto,c,0.3,6,120,120,1.0,1.0,-0.2210583498446009,29.575,30.0,35.0,41.43000000000001,44,119,0.9916666666666667,12.008333333333333,17.566666666666666,0.5939701324316708,0.0,27.891666666666666,0.9936870254484774,34.708333333333336,34.708333333333336,115.975,26,32,0.9926245306633292,0.9948372966207761,197,3549,3352,0.9444914060298676
income,income__N200__c0p30__pareto__biased__random,1,6,2026910006,200,pareto,c,0.3,7,120,120,1.0,1.0,-0.07517581879551534,29.133333333333333,29.5,34.0,39.620000000000005,42,118,0.9833333333333333,8.741666666666667,20.391666666666666,0.6999427917620137,0.0,4.641666666666667,0.9949462453066347,33.28333333333333,33.28333333333333,110.85833333333333,31,7,0.9948898623279101,0.9947722152690865,199,3496,3297,0.9430778032036613
income,income__N200__c0p30__pareto__biased__random,1,6,2026910006,200,pareto,c,0.3,8,120,120,1.0,1.0,-0.2573033094885239,28.558333333333334,28.0,34.0,37.81,42,118,0.9833333333333333,8.85,19.708333333333332,0.6901079661511527,0.0,5.533333333333333,0.9949333333333341,33.208333333333336,33.208333333333336,110.625,8,2,0.9949474342928661,0.9949299123904882,199,3427,3228,0.9419317187044062
income,income__N200__c0p30__pareto__biased__random,1,6,2026910006,200,pareto,c,0.3,9,120,120,1.0,1.0,-0.11709343583714948,28.808333333333334,29.0,34.0,40.43000000000001,43,116,0.9666666666666667,8.758333333333333,20.05,0.6959791726930865,0.0,4.925,0.9949407384230295,33.18333333333333,33.18333333333333,110.49166666666666,2,10,0.9949474342928661,0.9948848560700878,199,3457,3258,0.9424356378362743
income,income__N200__c0p30__pareto__biased__random,1,6,2026910006,200,pareto,c,0.3,10,120,120,1.0,1.0,-0.27061513835454143,28.775,29.0,33.10000000000001,36.81,38,117,0.975,8.741666666666667,20.033333333333335,0.6962061975094122,0.0,6.258333333333334,0.9949424488944524,33.125,33.125,110.54166666666667,10,6,0.9948848560700878,0.9949899874843555,199,3453,3254,0.9423689545322907
income,income__N200__c0p30__pareto__biased__random,1,7,2026910007,200,pareto,c,0.3,1,120,98,0.8166666666666667,0.9484536082474226,0.7464234964730339,10.061224489795919,9.0,19.299999999999997,23.090000000000003,26,10,0.10204081632653061,8.63265306122449,1.4285714285714286,0.14198782961460446,0.061224489795918366,1502.85,0.6447676742443169,50.475,50.475,161.36666666666667,300,1252,0.34438795903072705,0.843698476142893,121,986,865,0.8772819472616633
income,income__N200__c0p30__pareto__biased__random,1,7,2026910007,200,pareto,c,0.3,2,120,120,1.0,1.0,0.07103981702398417,25.533333333333335,25.5,32.0,35.81,36,108,0.9,19.425,6.108333333333333,0.23922976501305482,0.0,705.575,0.9040974685652426,41.9,41.9,139.59166666666667,1252,374,0.8459218086435174,0.9356545091181614,175,3064,2889,0.9428851174934726
income,income__N200__c0p30__pareto__biased__random,1,7,2026910007,200,pareto,c,0.3,3,120,120,1.0,1.0,-0.140000673360483,30.066666666666666,30.0,34.0,37.0,38,120,1.0,19.8,10.266666666666667,0.34146341463414637,0.0,344.175,0.9513109542842876,39.583333333333336,39.583333333333336,132.0,385,258,0.9362115913065203,0.9633837122158382,186,3608,3422,0.9484478935698448
income,income__N200__c0p30__pareto__biased__random,1,7,2026910007,200,pareto,c,0.3,4,120,120,1.0,1.0,-0.15728728265998734,30.316666666666666,30.0,34.0,38.81,39,120,1.0,17.4,12.916666666666666,0.42605827377680044,0.0,232.48333333333332,0.9695129278041467,37.86666666666667,37.86666666666667,125.875,263,220,0.9634611541343994,0.9733537346989758,190,3638,3448,0.9477735019241341
income,income__N200__c0p30__pareto__biased__random,1,7,2026910007,200,pareto,c,0.3,5,120,120,1.0,1.0,-0.15108247959562499,29.716666666666665,30.0,35.0,37.0,37,116,0.9666666666666667,15.666666666666666,14.05,0.4727986539540101,0.0,194.45833333333334,0.9772974227662587,36.791666666666664,36.791666666666664,122.525,231,90,0.9734836372720461,0.980146140394704,194,3566,3372,0.9455973079080202
income,income__N200__c0p30__pareto__biased__random,1,7,2026910007,200,pareto,c,0.3,6,120,120,1.0,1.0,-0.12391339543082214,29.966666666666665,30.0,34.10000000000001,38.620000000000005,41,120,1.0,14.9,15.066666666666666,0.5027808676307007,0.0,117.43333333333334,0.9830197976517611,36.458333333333336,36.458333333333336,121.48333333333333,96,137,0.9803160129902575,0.9861066699975021,194,3596,3402,0.9460511679644049
income,income__N200__c0p30__pareto__biased__random,1,7,2026910007,200,pareto,c,0.3,7,120,120,1.0,1.0,-0.010956750900335635,30.141666666666666,30.0,35.0,37.0,39,120,1.0,13.883333333333333,16.258333333333333,0.5393972905722975,0.0,104.29166666666667,0.9882211050045798,35.675,35.675,119.05,134,82,0.9863265051211592,0.9897339495378468,196,3617,3421,0.945811445949682
income,income__N200__c0p30__pareto__biased__random,1,7,2026910007,200,pareto,c,0.3,8,120,120,1.0,1.0,-0.20034359325881393,29.866666666666667,30.0,34.0,37.81,39,119,0.9916666666666667,13.266666666666667,16.6,0.5558035714285714,0.0,96.19166666666666,0.9914479765176121,35.46666666666667,35.46666666666667,118.43333333333334,87,102,0.9897164626530104,0.9933337496877344,196,3584,3388,0.9453125
income,income__N200__c0p30__pareto__biased__random,1,7,2026910007,200,pareto,c,0.3,9,120,120,1.0,1.0,-0.15165424742104944,29.483333333333334,30.0,34.0,35.0,37,119,0.9916666666666667,10.9,18.583333333333332,0.6302996042962126,0.0,29.391666666666666,0.9940275418436174,34.18333333333333,34.18333333333333,114.15,100,24,0.9933687234574071,0.9944853859605296,198,3538,3340,0.9440361786319955
income,income__N200__c0p30__pareto__biased__random,1,7,2026910007,200,pareto,c,0.3,10,120,120,1.0,1.0,-0.20414489663667634,28.816666666666666,29.0,33.0,34.81,37,120,1.0,9.675,19.141666666666666,0.6642567958357432,0.0,28.383333333333333,0.9947721084186857,33.59166666666667,33.59166666666667,112.05,25,32,0.9943330002498127,0.9948201348988259,198,3458,3260,0.9427414690572585
income,income__N200__c0p50__lognormal__biased__random,2,0,2026920000,200,lognormal,c,0.5,1,120,120,1.0,1.0,0.6195935269500012,39.375,40.0,48.0,54.0,56,119,0.9916666666666667,27.016666666666666,12.358333333333333,0.31386243386243384,0.0,533.0416666666666,0.8860507882212969,85.125,85.125,162.95833333333334,408,264,0.5913533610945867,0.9514247471743011,182,4725,4543,0.9614814814814815
income,income__N200__c0p50__lognormal__biased__random,2,0,2026920000,200,lognormal,c,0.5,2,120,120,1.0,1.0,-0.1506459333801685,44.71666666666667,45.0,51.0,56.81,57,120,1.0,23.208333333333332,21.508333333333333,0.4809914275065226,0.0,186.5,0.9640998165774345,60.7,60.7,121.29166666666667,272,144,0.9514158239143369,0.9705889351576444,192,5366,5174,0.9642191576593365
income,income__N200__c0p50__lognormal__biased__random,2,0,2026920000,200,lognormal,c,0.5,3,120,120,1.0,1.0,-0.09339074082293945,43.86666666666667,44.0,50.10000000000001,55.620000000000005,59,120,1.0,20.616666666666667,23.25,0.5300151975683891,0.0,190.96666666666667,0.9756664435851674,57.95,57.95,115.8,151,233,0.9708566329565735,0.9812046400951815,192,5264,5072,0.9635258358662614
income,income__N200__c0p50__lognormal__biased__random,2,0,2026920000,200,lognormal,c,0.5,4,120,120,1.0,1.0,-0.09260273482949469,42.916666666666664,43.0,49.0,53.81,55,120,1.0,18.541666666666668,24.375,0.5679611650485437,0.0,185.6,0.9876695915129885,55.84166666666667,55.84166666666667,111.59166666666667,241,161,0.9813890541344439,0.9928732897085069,195,5150,4955,0.962135922330097
income,income__N200__c0p50__lognormal__biased__random,2,0,2026920000,200,lognormal,c,0.5,5,120,120,1.0,1.0,-0.257504068298346,40.208333333333336,40.0,46.10000000000001,50.0,53,120,1.0,13.066666666666666,27.141666666666666,0.6750259067357512,0.0,49.125,0.9943464703549473,50.858333333333334,50.858333333333334,101.65833333333333,148,23,0.9928584176085664,0.99493753718025,198,4825,4627,0.9589637305699482
income,income__N200__c0p50__lognormal__biased__random,2,0,2026920000,200,lognormal,c,0.5,6,120,120,1.0,1.0,-0.18460233132784412,38.94166666666667,39.0,45.0,49.620000000000005,50,120,1.0,9.866666666666667,29.075,0.7466295741493687,0.0,7.9,0.9949180299424953,48.28333333333333,48.28333333333333,96.54166666666667,29,4,0.9949167162403332,0.9949167162403332,199,4673,4474,0.9574149368713888
income,income__N200__c0p50__lognormal__biased__random,2,0,2026920000,200,lognormal,c,0.5,7,120,120,1.0,1.0,-0.18972778311969277,39.38333333333333,40.0,45.0,50.620000000000005,51,120,1.0,9.875,29.508333333333333,0.7492594159966145,0.0,6.408333333333333,0.9949220206226455,48.11666666666667,48.11666666666667,96.34166666666667,11,1,0.994970255800119,0.9949167162403332,199,4726,4527,0.9578925095217943
income,income__N200__c0p50__lognormal__biased__random,2,0,2026920000,200,lognormal,c,0.5,8,120,120,1.0,1.0,-0.38999764294223466,39.175,39.0,45.10000000000001,52.81,57,120,1.0,9.866666666666667,29.308333333333334,0.7481386938949159,0.0,7.958333333333333,0.9949198889549868,48.38333333333333,48.38333333333333,96.80833333333334,11,4,0.9949077929803689,0.99493753718025,199,4701,4502,0.9576685811529462
income,income__N200__c0p50__lognormal__biased__random,2,0,2026920000,200,lognormal,c,0.5,9,120,120,1.0,1.0,-0.07137112062418685,39.333333333333336,39.0,46.0,51.43000000000001,52,120,1.0,9.983333333333333,29.35,0.7461864406779661,0.0,5.733333333333333,0.9949270027761247,48.25833333333333,48.25833333333333,96.58333333333333,0,13,0.9949821534800716,0.9949553837001786,199,4720,4521,0.9578389830508475
income,income__N200__c0p50__lognormal__biased__random,2,0,2026920000,200,lognormal,c,0.5,10,120,120,1.0,1.0,-0.23735279551314228,39.00833333333333,39.0,45.0,48.81,52,120,1.0,9.9,29.108333333333334,0.7462080751976073,0.0,6.908333333333333,0.9949276968074554,48.21666666666667,48.21666666666667,96.4,23,5,0.9948364069006546,0.9949821534800716,199,4681,4482,0.9574877162999359
income,income__N200__c0p50__lognormal__biased__random,2,1,2026920001,200,lognormal,c,0.5,1,120,120,1.0,1.0,0.6709439098001445,42.791666666666664,44.0,53.10000000000001,58.0,59,119,0.9916666666666667,27.9,14.891666666666667,0.34800389483933786,0.0,542.8833333333333,0.8874561529740101,94.81666666666666,94.81666666666666,182.50833333333333,452,240,0.5903139717425432,0.9567922553636841,184,5135,4951,0.9641674780915287
income,income__N200__c0p50__lognormal__biased__random,2,1,2026920001,200,lognormal,c,0.5,2,120,120,1.0,1.0,0.04721959694224571,48.075,48.0,54.0,62.05000000000001,63,120,1.0,24.116666666666667,23.958333333333332,0.4983532674640319,0.0,192.33333333333334,0.9669308390022681,67.58333333333333,67.58333333333333,134.975,250,194,0.9566771323914183,0.9757378335949765,191,5769,5578,0.9668920090136939
income,income__N200__c0p50__lognormal__biased__random,2,1,2026920001,200,lognormal,c,0.5,3,120,120,1.0,1.0,-0.07349187890282784,47.583333333333336,48.0,53.0,55.81,59,120,1.0,20.475,27.108333333333334,0.5697022767075306,0.0,117.75,0.9804536019536018,63.233333333333334,63.233333333333334,126.425,191,136,0.9755860805860808,0.984387755102041,194,5710,5516,0.9660245183887916
income,income__N200__c0p50__lognormal__biased__random,2,1,2026920001,200,lognormal,c,0.5,4,120,120,1.0,1.0,-0.1637331477132689,46.46666666666667,47.0,53.0,56.0,58,120,1.0,18.083333333333332,28.383333333333333,0.610832137733142,0.0,103.74166666666666,0.9878979591836733,60.93333333333333,60.93333333333333,121.75,137,40,0.9844296180010468,0.9903793825222398,197,5576,5379,0.9646700143472023
income,income__N200__c0p50__lognormal__biased__random,2,1,2026920001,200,lognormal,c,0.5,5,120,120,1.0,1.0,-0.10846323260358727,45.55,45.5,52.0,56.81,58,120,1.0,15.416666666666666,30.133333333333333,0.6615440907427735,0.0,53.25,0.9915131475667193,58.608333333333334,58.608333333333334,117.08333333333333,38,56,0.990413396127682,0.99279958137101,197,5466,5269,0.9639590193926089
income,income__N200__c0p50__lognormal__biased__random,2,1,2026920001,200,lognormal,c,0.5,6,120,120,1.0,1.0,-0.04210373992571337,44.65833333333333,45.0,50.0,55.81,58,120,1.0,13.741666666666667,30.916666666666668,0.6922933383093861,0.0,34.15,0.9934309916274203,56.958333333333336,56.958333333333336,113.91666666666667,60,29,0.9928231292517007,0.9940816326530613,198,5359,5161,0.9630528083597686
income,income__N200__c0p50__lognormal__biased__random,2,1,2026920001,200,lognormal,c,0.5,7,120,120,1.0,1.0,-0.10536641315611632,43.71666666666667,44.0,50.0,52.0,53,120,1.0,12.408333333333333,31.308333333333334,0.7161646969119329,0.0,21.441666666666666,0.9946621533228676,55.84166666666667,55.84166666666667,111.64166666666667,36,15,0.9940790162218736,0.9949058084772371,199,5246,5047,0.9620663362561952
income,income__N200__c0p50__lognormal__biased__random,2,1,2026920001,200,lognormal,c,0.5,8,120,120,1.0,1.0,-0.304101286798853,43.1,43.0,50.0,55.620000000000005,57,120,1.0,10.291666666666666,32.80833333333333,0.7612142304717711,0.0,7.366666666666666,0.9949230115122969,54.291666666666664,54.291666666666664,108.575,5,7,0.9949058084772371,0.9948273155416014,199,5172,4973,0.961523588553751
income,income__N200__c0p50__lognormal__biased__random,2,1,2026920001,200,lognormal,c,0.5,9,120,120,1.0,1.0,-0.15846735676104898,43.575,43.0,50.0,54.43000000000001,56,120,1.0,10.291666666666666,33.28333333333333,0.7638171734557276,0.0,6.05,0.9949382522239663,54.325,54.325,108.65,5,8,0.9949031920460494,0.9948273155416014,199,5229,5030,0.9619430101357812
income,income__N200__c0p50__lognormal__biased__random,2,1,2026920001,200,lognormal,c,0.5,10,120,120,1.0,1.0,-0.201546508087427,42.8,42.0,50.0,53.0,53,120,1.0,10.275,32.525,0.759929906542056,0.0,8.125,0.9949238182452466,54.375,54.375,108.70833333333333,8,10,0.9949241234955521,0.9949450549450551,199,5136,4937,0.9612538940809969
income,income__N200__c0p50__lognormal__biased__random,2,2,2026920002,200,lognormal,c,0.5,1,120,120,1.0,1.0,0.5459235372983628,43.475,45.0,52.10000000000001,58.0,60,119,0.9916666666666667,28.458333333333332,15.016666666666667,0.3454092390262603,0.0,446.5416666666667,0.9075338210060511,89.96666666666667,89.96666666666667,172.75,390,253,0.6361568680574372,0.9719005689515037,182,5217,5035,0.9651140502204332
income,income__N200__c0p50__lognormal__biased__random,2,2,2026920002,200,lognormal,c,0.5,2,120,120,1.0,1.0,0.005899439564207781,46.06666666666667,46.0,53.10000000000001,59.43000000000001,60,120,1.0,19.958333333333332,26.108333333333334,0.5667510853835022,0.0,90.61666666666666,0.9861613835455614,61.86666666666667,61.86666666666667,123.56666666666666,229,31,0.9726347873205095,0.9907870495800597,197,5528,5331,0.9643632416787264
income,income__N200__c0p50__lognormal__biased__random,2,2,2026920002,200,lognormal,c,0.5,3,120,120,1.0,1.0,-0.23716599841116687,42.31666666666667,42.5,50.0,53.0,53,120,1.0,13.058333333333334,29.258333333333333,0.6914139424970461,0.0,33.05833333333333,0.9916030660164367,55.125,55.125,110.20833333333333,27,23,0.9908683283662965,0.9920008127878626,198,5078,4880,0.9610082709728239
income,income__N200__c0p50__lognormal__biased__random,2,2,2026920002,200,lognormal,c,0.5,4,120,120,1.0,1.0,-0.3237116305266121,43.49166666666667,44.0,49.0,53.81,55,120,1.0,13.05,30.441666666666666,0.6999425177237019,0.0,23.525,0.992453693669286,54.86666666666667,54.86666666666667,109.825,13,24,0.9920441614738553,0.9928732050934708,198,5219,5021,0.9620616976432267
income,income__N200__c0p50__lognormal__biased__random,2,2,2026920002,200,lognormal,c,0.5,5,120,120,1.0,1.0,-0.1965291235343067,43.275,44.0,49.0,53.81,57,120,1.0,12.983333333333333,30.291666666666668,0.6999807433082996,0.0,32.458333333333336,0.9934094644631082,54.81666666666667,54.81666666666667,109.675,26,33,0.9928921701435927,0.99395421295042,198,5193,4995,0.9618717504332756
income,income__N200__c0p50__lognormal__biased__random,2,2,2026920002,200,lognormal,c,0.5,6,120,120,1.0,1.0,-0.26819292932472594,42.641666666666666,43.0,49.0,53.0,54,120,1.0,12.233333333333333,30.408333333333335,0.7131131522376393,0.0,38.45,0.9945840332339928,54.15833333333333,54.15833333333333,108.275,38,40,0.993948794364671,0.9949105933351396,198,5117,4919,0.9613054524135235
income,income__N200__c0p50__lognormal__biased__random,2,2,2026920002,200,lognormal,c,0.5,7,120,120,1.0,1.0,-0.1285700821792034,40.99166666666667,41.0,47.10000000000001,51.0,52,120,1.0,10.266666666666667,30.725,0.7495425899573084,0.0,40.733333333333334,0.9948751015984829,52.583333333333336,52.583333333333336,105.11666666666666,41,45,0.9947805472771607,0.9948428610132756,198,4919,4721,0.9597479162431388
income,income__N200__c0p50__lognormal__biased__random,2,2,2026920002,200,lognormal,c,0.5,8,120,120,1.0,1.0,-0.18319262209403386,41.55833333333333,42.0,48.10000000000001,52.620000000000005,55,120,1.0,9.916666666666666,31.641666666666666,0.7613795869260076,0.0,31.933333333333334,0.9949145669646899,52.525,52.525,104.975,55,7,0.9948184773774047,0.9949403955567597,199,4987,4788,0.9600962502506517
income,income__N200__c0p50__lognormal__biased__random,2,2,2026920002,200,lognormal,c,0.5,9,120,120,1.0,1.0,-0.20457364320266647,41.825,41.5,48.0,53.0,59,120,1.0,10.525,31.3,0.7483562462641961,0.0,7.95,0.994915921611127,52.75,52.75,105.54166666666667,6,8,0.994902465456516,0.994902465456516,199,5019,4820,0.9603506674636382
income,income__N200__c0p50__lognormal__biased__random,2,2,2026920002,200,lognormal,c,0.5,10,120,120,1.0,1.0,-0.1962862231835113,41.891666666666666,42.0,47.0,54.620000000000005,55,120,1.0,10.483333333333333,31.408333333333335,0.7497513427491546,0.0,6.741666666666666,0.9949244333062407,52.78333333333333,52.78333333333333,105.50833333333334,2,1,0.9949214305066378,0.9949241397995123,199,5027,4828,0.9604137656654068
income,income__N200__c0p50__lognormal__biased__random,2,3,2026920003,200,lognormal,c,0.5,1,120,120,1.0,1.0,0.5675763174520845,42.6,44.0,52.0,56.0,58,119,0.9916666666666667,27.233333333333334,15.366666666666667,0.36071987480438183,0.0,417.2583333333333,0.9125005098257322,87.225,87.225,167.30833333333334,434,206,0.6235344827586209,0.9676195773081202,185,5112,4927,0.963810641627543
income,income__N200__c0p50__lognormal__biased__random,2,3,2026920003,200,lognormal,c,0.5,2,120,120,1.0,1.0,0.052521969394324144,45.8,46.0,52.0,54.81,59,120,1.0,21.575,24.225,0.5289301310043668,0.0,123.64166666666667,0.9762791527623289,61.775,61.775,123.38333333333334,196,88,0.9675083426028923,0.9814265850945496,194,5496,5302,0.9647016011644832
income,income__N200__c0p50__lognormal__biased__random,2,3,2026920003,200,lognormal,c,0.5,3,120,120,1.0,1.0,-0.07101305771486366,44.925,45.0,50.0,54.0,54,120,1.0,18.683333333333334,26.241666666666667,0.5841216842886292,0.0,90.125,0.9853072395253989,58.525,58.525,117.04166666666667,76,103,0.9813403781979979,0.9889460511679644,195,5391,5196,0.9638286032276016
income,income__N200__c0p50__lognormal__biased__random,2,3,2026920003,200,lognormal,c,0.5,4,120,120,1.0,1.0,-0.19136821638185406,43.766666666666666,44.0,51.0,56.43000000000001,59,120,1.0,15.808333333333334,27.958333333333332,0.6388042650418888,0.0,62.65,0.9921584167593622,56.225,56.225,112.4,92,49,0.9891518353726363,0.9940628476084539,197,5252,5055,0.9624904798172125
income,income__N200__c0p50__lognormal__biased__random,2,3,2026920003,200,lognormal,c,0.5,5,120,120,1.0,1.0,-0.13577713216932713,41.2,41.5,47.0,50.81,51,120,1.0,11.691666666666666,29.508333333333333,0.7162216828478964,0.0,26.683333333333334,0.994712690025955,52.666666666666664,52.666666666666664,105.20833333333333,55,14,0.9939377085650725,0.9948998887652949,199,4944,4745,0.9597491909385113
income,income__N200__c0p50__lognormal__biased__random,2,3,2026920003,200,lognormal,c,0.5,6,120,120,1.0,1.0,-0.2473733827185552,40.94166666666667,41.0,47.0,50.0,55,120,1.0,10.141666666666667,30.8,0.7522898432729493,0.0,5.683333333333334,0.9949324017426768,51.425,51.425,102.85,5,22,0.9949221357063405,0.9947830923248056,199,4913,4714,0.9594952167718298
income,income__N200__c0p50__lognormal__biased__random,2,3,2026920003,200,lognormal,c,0.5,7,120,120,1.0,1.0,-0.3349915548889091,41.641666666666666,42.0,49.0,52.81,54,120,1.0,10.383333333333333,31.258333333333333,0.7506503902341405,0.0,6.716666666666667,0.994926399703374,51.55833333333333,51.55833333333333,103.09166666666667,0,0,0.9948998887652949,0.9949721913236931,199,4997,4798,0.9601761056633981
income,income__N200__c0p50__lognormal__biased__random,2,3,2026920003,200,lognormal,c,0.5,8,120,120,1.0,1.0,-0.18723654967138212,41.09166666666667,41.0,47.0,49.0,53,120,1.0,9.925,31.166666666666668,0.7584668424254715,0.0,7.066666666666666,0.9949294818316651,51.233333333333334,51.233333333333334,102.51666666666667,1,5,0.9949721913236931,0.9949721913236931,199,4931,4732,0.9596430744270938
income,income__N200__c0p50__lognormal__biased__random,2,3,2026920003,200,lognormal,c,0.5,9,120,120,1.0,1.0,-0.3142221740292291,41.86666666666667,42.0,47.10000000000001,51.0,52,120,1.0,10.416666666666666,31.45,0.7511942675159236,0.0,5.558333333333334,0.9949328420467186,51.53333333333333,51.53333333333333,103.13333333333334,5,8,0.994955506117909,0.9949221357063405,199,5024,4825,0.960390127388535
income,income__N200__c0p50__lognormal__biased__random,2,3,2026920003,200,lognormal,c,0.5,10,120,120,1.0,1.0,-0.3155676265635506,41.125,41.0,47.0,56.81,60,120,1.0,10.066666666666666,31.058333333333334,0.7552178318135765,0.0,6.425,0.9949359473489063,51.391666666666666,51.391666666666666,102.66666666666667,4,6,0.9949416017797554,0.994983314794216,199,4935,4736,0.9596757852077001
income,income__N200__c0p50__lognormal__biased__random,2,4,2026920004,200,lognormal,c,0.5,1,120,120,1.0,1.0,0.6183218774857867,45.825,47.0,57.0,63.0,64,119,0.9916666666666667,30.316666666666666,15.508333333333333,0.33842516821240226,0.0,605.9916666666667,0.8893309972516684,103.16666666666667,103.16666666666667,199.30833333333334,434,379,0.6170800942285042,0.9612944640753829,180,5499,5319,0.967266775777414
income,income__N200__c0p50__lognormal__biased__random,2,4,2026920004,200,lognormal,c,0.5,2,120,120,1.0,1.0,0.08541679345024566,51.083333333333336,51.0,59.10000000000001,64.81,65,120,1.0,23.925,27.158333333333335,0.5316476345840131,0.0,205.08333333333334,0.9728434825284652,72.58333333333333,72.58333333333333,144.975,378,203,0.9615394581861014,0.9792214369846879,191,6130,5939,0.9688417618270799
income,income__N200__c0p50__lognormal__biased__random,2,4,2026920004,200,lognormal,c,0.5,3,120,120,1.0,1.0,-0.10620803448335578,50.4,50.0,56.10000000000001,62.0,63,120,1.0,19.775,30.625,0.6076388888888888,0.0,149.9,0.9815442677659996,67.85,67.85,135.61666666666667,205,151,0.979332155477032,0.9838080094228505,194,6048,5854,0.9679232804232805
income,income__N200__c0p50__lognormal__biased__random,2,4,2026920004,200,lognormal,c,0.5,4,120,120,1.0,1.0,-0.06971208523769906,49.625,50.0,58.0,61.81,64,120,1.0,17.85,31.775,0.6403022670025189,0.0,99.86666666666666,0.9850607577542208,65.96666666666667,65.96666666666667,132.06666666666666,106,111,0.9838339222614843,0.9864063604240283,196,5955,5759,0.9670864819479429
income,income__N200__c0p50__lognormal__biased__random,2,4,2026920004,200,lognormal,c,0.5,5,120,120,1.0,1.0,-0.2033430739160819,49.0,49.0,56.0,59.0,60,120,1.0,16.616666666666667,32.38333333333333,0.6608843537414966,0.0,83.6,0.9876550451511587,64.65833333333333,64.65833333333333,129.29166666666666,110,83,0.9864369846878682,0.9884840989399295,197,5880,5683,0.9664965986394558
income,income__N200__c0p50__lognormal__biased__random,2,4,2026920004,200,lognormal,c,0.5,6,120,120,1.0,1.0,-0.2754729074252592,49.06666666666667,49.0,55.0,62.620000000000005,63,120,1.0,16.2,32.86666666666667,0.6698369565217391,0.0,84.125,0.9894515901060073,64.475,64.475,128.94166666666666,79,96,0.988510011778563,0.9906183745583039,197,5888,5691,0.9665421195652174
income,income__N200__c0p50__lognormal__biased__random,2,4,2026920004,200,lognormal,c,0.5,7,120,120,1.0,1.0,-0.1690925906863205,48.391666666666666,49.0,55.0,60.0,62,120,1.0,15.683333333333334,32.708333333333336,0.6759083864301705,0.0,106.50833333333334,0.991805045151159,64.11666666666666,64.11666666666666,128.13333333333333,97,107,0.9906442873969377,0.9927856301531215,197,5807,5610,0.9660754262097468
income,income__N200__c0p50__lognormal__biased__random,2,4,2026920004,200,lognormal,c,0.5,8,120,120,1.0,1.0,-0.1473521908801754,47.833333333333336,48.0,54.0,57.0,57,120,1.0,14.15,33.68333333333333,0.7041811846689896,0.0,117.21666666666667,0.9930996270121711,62.541666666666664,62.541666666666664,124.99166666666666,101,116,0.9927903415783275,0.9935064782096585,197,5740,5543,0.9656794425087109
income,income__N200__c0p50__lognormal__biased__random,2,4,2026920004,200,lognormal,c,0.5,9,120,120,1.0,1.0,-0.1146514536455078,47.475,48.0,53.10000000000001,58.81,60,120,1.0,13.375,34.1,0.718272775144813,0.0,68.08333333333333,0.9940593835885355,62.2,62.2,124.58333333333333,116,58,0.9934994110718494,0.994689045936396,198,5697,5499,0.9652448657187994
income,income__N200__c0p50__lognormal__biased__random,2,4,2026920004,200,lognormal,c,0.5,10,120,120,1.0,1.0,-0.21124952356925128,46.69166666666667,46.0,54.10000000000001,57.81,60,120,1.0,11.641666666666667,35.05,0.7506692843119758,0.0,63.125,0.9948738123282291,60.35,60.35,120.59166666666667,56,61,0.9947220259128386,0.9949434628975267,198,5603,5405,0.9646617883276816
income,income__N200__c0p50__lognormal__biased__random,2,5,2026920005,200,lognormal,c,0.5,1,120,120,1.0,1.0,0.5279598944784236,45.916666666666664,47.0,54.0,57.0,57,120,1.0,29.566666666666666,16.35,0.3560798548094374,0.0,487.10833333333335,0.9133755356132268,97.6,97.6,188.13333333333333,377,231,0.6496325491147223,0.9756597138006307,185,5510,5325,0.9664246823956443
income,income__N200__c0p50__lognormal__biased__random,2,5,2026920005,200,lognormal,c,0.5,2,120,120,1.0,1.0,-0.08065081359752957,49.233333333333334,49.0,55.0,60.0,60,120,1.0,20.641666666666666,28.591666666666665,0.5807379823967501,0.0,111.25,0.9851366319023366,67.23333333333333,67.23333333333333,134.25833333333333,226,53,0.9761763279165656,0.989237205918021,196,5908,5712,0.966824644549763
income,income__N200__c0p50__lognormal__biased__random,2,5,2026920005,200,lognormal,c,0.5,3,120,120,1.0,1.0,-0.11527964463888084,48.3,48.0,55.10000000000001,59.0,61,120,1.0,15.833333333333334,32.46666666666667,0.6721877156659766,0.0,30.766666666666666,0.9907137602069693,62.725,62.725,125.25833333333334,50,18,0.9893099684695612,0.9916189667717683,198,5796,5598,0.9658385093167702
income,income__N200__c0p50__lognormal__biased__random,2,5,2026920005,200,lognormal,c,0.5,4,120,120,1.0,1.0,-0.17418938155744199,47.483333333333334,47.0,55.0,59.24000000000001,61,120,1.0,13.7,33.78333333333333,0.7114777114777114,0.0,17.5,0.9918186393402864,60.891666666666666,60.891666666666666,121.85833333333333,20,22,0.9916480717923843,0.9920506912442397,198,5698,5500,0.9652509652509652
income,income__N200__c0p50__lognormal__biased__random,2,5,2026920005,200,lognormal,c,0.5,5,120,120,1.0,1.0,-0.05542855997199412,47.75833333333333,48.0,54.0,58.81,60,120,1.0,14.325,33.43333333333333,0.7000523468853603,0.0,23.458333333333332,0.9922731223219338,61.11666666666667,61.11666666666667,122.19166666666666,15,30,0.9920118845500849,0.9924872665534805,198,5731,5533,0.9654510556621881
income,income__N200__c0p50__lognormal__biased__random,2,5,2026920005,200,lognormal,c,0.5,6,120,120,1.0,1.0,-0.06846465942453785,46.74166666666667,47.0,53.0,57.620000000000005,58,120,1.0,13.683333333333334,33.05833333333333,0.7072561954002496,0.0,34.208333333333336,0.9929428207615812,60.666666666666664,60.666666666666664,121.35833333333333,41,31,0.9925454765947126,0.9933531409168082,198,5609,5411,0.9646995899447317
income,income__N200__c0p50__lognormal__biased__random,2,5,2026920005,200,lognormal,c,0.5,7,120,120,1.0,1.0,-0.23548533341750283,47.166666666666664,47.0,54.0,57.0,60,120,1.0,13.658333333333333,33.50833333333333,0.7104240282685512,0.0,42.416666666666664,0.9937859568275528,60.69166666666667,60.69166666666667,121.38333333333334,37,41,0.9932876546204221,0.9943669658016008,198,5660,5462,0.9650176678445229
income,income__N200__c0p50__lognormal__biased__random,2,5,2026920005,200,lognormal,c,0.5,8,120,120,1.0,1.0,0.01130338612191392,46.68333333333333,47.0,53.0,57.81,58,120,1.0,12.316666666666666,34.36666666666667,0.7361656551231703,0.0,50.7,0.9947642089093702,59.675,59.675,119.24166666666666,45,51,0.9942384186272133,0.9949054086829978,198,5602,5404,0.964655480185648
income,income__N200__c0p50__lognormal__biased__random,2,5,2026920005,200,lognormal,c,0.5,9,120,120,1.0,1.0,-0.3381950479138739,45.733333333333334,46.0,52.10000000000001,57.81,59,120,1.0,10.891666666666667,34.84166666666667,0.7618440233236151,0.0,11.891666666666667,0.9949336850189983,58.36666666666667,58.36666666666667,116.80833333333334,44,5,0.994941789958768,0.9949636187242301,199,5488,5289,0.9637390670553936
income,income__N200__c0p50__lognormal__biased__random,2,5,2026920005,200,lognormal,c,0.5,10,120,120,1.0,1.0,-0.24069801562500764,45.925,46.0,52.10000000000001,59.620000000000005,63,120,1.0,10.75,35.175,0.7659227000544366,0.0,5.841666666666667,0.9949425175842831,58.25833333333333,58.25833333333333,116.55,0,1,0.9949636187242301,0.9949757458161534,199,5511,5312,0.9638904010161495
income,income__N200__c0p50__lognormal__biased__random,2,6,2026920006,200,lognormal,c,0.5,1,120,120,1.0,1.0,0.74699734181689,43.63333333333333,46.0,53.0,59.0,62,115,0.9583333333333334,29.558333333333334,14.075,0.3225744843391902,0.0,681.9166666666666,0.8747947396738683,100.4,100.4,193.75,459,370,0.570788428110256,0.956837596225478,179,5236,5057,0.9658135981665393
income,income__N200__c0p50__lognormal__biased__random,2,6,2026920006,200,lognormal,c,0.5,2,120,120,1.0,1.0,-0.10009979969515131,49.041666666666664,49.0,55.10000000000001,61.81,65,120,1.0,23.725,25.316666666666666,0.5162276975361088,0.0,231.99166666666667,0.9712614849764092,70.08333333333333,70.08333333333333,140.00833333333333,379,151,0.9573317606158431,0.9778333747206358,192,5885,5693,0.967374681393373
income,income__N200__c0p50__lognormal__biased__random,2,6,2026920006,200,lognormal,c,0.5,3,120,120,1.0,1.0,-0.06156618656055809,49.93333333333333,50.0,57.0,59.0,60,120,1.0,20.7,29.233333333333334,0.5854472630173565,0.0,147.05833333333334,0.9820549002566019,65.76666666666667,65.76666666666667,131.60833333333332,149,125,0.9778830394834865,0.9860181276384405,195,5992,5797,0.967456608811749
income,income__N200__c0p50__lognormal__biased__random,2,6,2026920006,200,lognormal,c,0.5,4,120,120,1.0,1.0,-0.043899013839471604,48.50833333333333,49.0,54.0,59.0,62,120,1.0,17.566666666666666,30.941666666666666,0.6378629101528946,0.0,91.83333333333333,0.9887687484479765,62.975,62.975,125.79166666666667,133,71,0.9860404767817235,0.9901899677179042,197,5821,5624,0.9661570176945542
income,income__N200__c0p50__lognormal__biased__random,2,6,2026920006,200,lognormal,c,0.5,5,120,120,1.0,1.0,-0.1557545920116368,47.8,48.5,54.0,57.81,63,120,1.0,15.225,32.575,0.6814853556485355,0.0,75.5,0.9912650856717158,60.94166666666667,60.94166666666667,121.91666666666667,64,75,0.9901874844797618,0.9921293767072263,197,5736,5539,0.9656555090655509
income,income__N200__c0p50__lognormal__biased__random,2,6,2026920006,200,lognormal,c,0.5,6,120,120,1.0,1.0,-0.17001849400881172,46.425,46.0,52.0,59.0,59,120,1.0,13.85,32.575,0.7016693591814755,0.0,42.75,0.9924744019534809,59.6,59.6,119.11666666666666,78,41,0.9921517258505093,0.9927899180531414,198,5571,5373,0.9644588045234249
income,income__N200__c0p50__lognormal__biased__random,2,6,2026920006,200,lognormal,c,0.5,7,120,120,1.0,1.0,0.05911093927594303,46.608333333333334,46.0,54.0,59.43000000000001,61,120,1.0,13.608333333333333,33.0,0.708027892007867,0.0,46.266666666666666,0.993307259332837,59.425,59.425,118.88333333333334,55,49,0.9928172336727092,0.9939446237894216,198,5593,5395,0.9645986053996066
income,income__N200__c0p50__lognormal__biased__random,2,6,2026920006,200,lognormal,c,0.5,8,120,120,1.0,1.0,-0.3152763771956566,45.541666666666664,45.0,52.0,59.81,60,120,1.0,12.75,32.791666666666664,0.7200365965233303,0.0,42.43333333333333,0.994534165218111,58.96666666666667,58.96666666666667,117.80833333333334,54,5,0.9939942885522723,0.9949478519990067,199,5465,5266,0.9635864592863678
income,income__N200__c0p50__lognormal__biased__random,2,6,2026920006,200,lognormal,c,0.5,9,120,120,1.0,1.0,-0.06876383337945541,44.75833333333333,45.0,52.0,54.0,57,120,1.0,10.616666666666667,34.141666666666666,0.7628002234220815,0.0,7.916666666666667,0.9949248406588859,57.291666666666664,57.291666666666664,114.43333333333334,8,9,0.9949478519990067,0.9949627514278621,199,5371,5172,0.9629491714764475
income,income__N200__c0p50__lognormal__biased__random,2,6,2026920006,200,lognormal,c,0.5,10,120,120,1.0,1.0,-0.20687872192335982,44.983333333333334,45.0,51.0,54.81,58,120,1.0,10.566666666666666,34.416666666666664,0.7650981845127826,0.0,6.683333333333334,0.9949309452859857,56.916666666666664,56.916666666666664,113.85833333333333,3,8,0.9949478519990067,0.9949627514278621,199,5398,5199,0.9631344942571323
income,income__N200__c0p50__lognormal__biased__random,2,7,2026920007,200,lognormal,c,0.5,1,120,120,1.0,1.0,0.5911282878639845,42.95,44.0,53.10000000000001,58.81,60,117,0.975,28.941666666666666,14.008333333333333,0.3261544431509507,0.0,632.2333333333333,0.8791723290316912,95.125,95.125,183.0,431,304,0.6051843560705821,0.9477153015538584,181,5154,4973,0.9648816453240202
income,income__N200__c0p50__lognormal__biased__random,2,7,2026920007,200,lognormal,c,0.5,2,120,120,1.0,1.0,-0.10907538263072715,47.925,49.0,55.0,59.0,59,120,1.0,24.991666666666667,22.933333333333334,0.47852547383063815,0.0,254.85833333333332,0.9629086340093059,68.18333333333334,68.18333333333334,136.25833333333333,314,230,0.948228864893337,0.9726402422965501,189,5751,5562,0.9671361502347418
income,income__N200__c0p50__lognormal__biased__random,2,7,2026920007,200,lognormal,c,0.5,3,120,120,1.0,1.0,-0.010028859121300273,47.041666666666664,47.0,53.0,56.620000000000005,58,120,1.0,20.875,26.166666666666668,0.5562444641275465,0.0,186.84166666666667,0.9781170661048197,63.19166666666667,63.19166666666667,126.25,233,129,0.9726191730313407,0.981721095601791,194,5645,5451,0.9656333038086803
income,income__N200__c0p50__lognormal__biased__random,2,7,2026920007,200,lognormal,c,0.5,4,120,120,1.0,1.0,-0.105197800248359,45.59166666666667,46.0,52.0,57.0,62,120,1.0,18.55,27.041666666666668,0.5931273990129775,0.0,150.675,0.983383570362567,61.15,61.15,122.14166666666667,126,191,0.9816605214643139,0.9857242559915724,194,5471,5277,0.9645403034180223
income,income__N200__c0p50__lognormal__biased__random,2,7,2026920007,200,lognormal,c,0.5,5,120,120,1.0,1.0,-0.19377074313483753,45.50833333333333,46.0,52.0,55.81,59,120,1.0,16.383333333333333,29.125,0.6399926753341879,0.0,94.39166666666667,0.9880487446229484,59.083333333333336,59.083333333333336,118.23333333333333,193,64,0.9855372662628392,0.9890426652620492,197,5461,5264,0.9639260208752976
income,income__N200__c0p50__lognormal__biased__random,2,7,2026920007,200,lognormal,c,0.5,6,120,120,1.0,1.0,-0.16629761286504594,45.09166666666667,45.0,52.0,56.0,61,120,1.0,14.458333333333334,30.633333333333333,0.6793568656440584,0.0,49.6,0.9897081028882453,57.40833333333333,57.40833333333333,114.75,71,20,0.9891164076902819,0.9900645246247037,198,5411,5213,0.9634078728515986
income,income__N200__c0p50__lognormal__biased__random,2,7,2026920007,200,lognormal,c,0.5,7,120,120,1.0,1.0,-0.023356463266328065,44.641666666666666,45.0,51.0,54.81,58,120,1.0,13.308333333333334,31.333333333333332,0.7018853836102296,0.0,28.841666666666665,0.9902505047844792,56.541666666666664,56.541666666666664,112.98333333333333,24,31,0.9900697919410062,0.9904016328680538,198,5357,5159,0.9630390143737166
income,income__N200__c0p50__lognormal__biased__random,2,7,2026920007,200,lognormal,c,0.5,8,120,120,1.0,1.0,-0.23065162980711718,45.31666666666667,45.5,51.0,55.81,61,120,1.0,13.625,31.691666666666666,0.69933799190879,0.0,33.46666666666667,0.9904107848301291,56.50833333333333,56.50833333333333,113.03333333333333,29,29,0.9903384250724256,0.990464840663682,198,5438,5240,0.9635895549834498
income,income__N200__c0p50__lognormal__biased__random,2,7,2026920007,200,lognormal,c,0.5,9,120,120,1.0,1.0,-0.2263896816322712,44.24166666666667,45.0,50.10000000000001,59.81,62,120,1.0,13.2,31.041666666666668,0.7016387266905255,0.0,39.11666666666667,0.990525941532789,56.25,56.25,112.43333333333334,30,40,0.9904543060310773,0.9906439294179616,198,5309,5111,0.9627048408363157
income,income__N200__c0p50__lognormal__biased__random,2,7,2026920007,200,lognormal,c,0.5,10,120,120,1.0,1.0,-0.21136874551987034,44.05833333333333,44.0,50.0,55.620000000000005,56,120,1.0,13.133333333333333,30.925,0.701910346132022,0.0,45.61666666666667,0.9906274471073657,56.38333333333333,56.38333333333333,112.7,39,38,0.9906228601527522,0.9907124045298921,198,5287,5089,0.9625496500851144
income,income__N200__c0p50__pareto__biased__random,3,0,2026930000,200,pareto,c,0.5,1,120,118,0.9833333333333333,0.9914529914529915,0.848058433342606,42.29661016949152,47.0,56.0,62.83,67,106,0.8983050847457628,26.54237288135593,15.754237288135593,0.3724704468042476,0.0,630.8666666666667,0.8982494375000001,99.21666666666667,99.21666666666667,191.25,500,134,0.4558850000000001,0.9821125000000002,188,4991,4803,0.9623321979563214
income,income__N200__c0p50__pareto__biased__random,3,0,2026930000,200,pareto,c,0.5,2,120,120,1.0,1.0,-0.06444144848528192,48.30833333333333,49.0,53.10000000000001,59.81,60,120,1.0,19.808333333333334,28.5,0.5899603243056754,0.0,85.94166666666666,0.9893997083333338,65.0,65.0,129.8,132,27,0.9821700000000002,0.9934875000000001,197,5797,5600,0.9660169052958427
income,income__N200__c0p50__pareto__biased__random,3,0,2026930000,200,pareto,c,0.5,3,120,120,1.0,1.0,-0.24241471399017192,45.475,46.0,52.0,56.81,60,120,1.0,12.883333333333333,32.59166666666667,0.7166941542972329,0.0,15.45,0.994642375,58.65,58.65,117.14166666666667,22,2,0.993495,0.994985,199,5457,5258,0.9635330767821148
income,income__N200__c0p50__pareto__biased__random,3,0,2026930000,200,pareto,c,0.5,4,120,120,1.0,1.0,-0.09248721424191482,44.975,45.0,51.10000000000001,54.81,55,120,1.0,10.791666666666666,34.18333333333333,0.7600518806744487,0.0,6.4,0.9949301458333328,56.791666666666664,56.791666666666664,113.6,9,11,0.9949475000000001,0.9949300000000001,199,5397,5198,0.9631276635167686
income,income__N200__c0p50__pareto__biased__random,3,0,2026930000,200,pareto,c,0.5,5,120,120,1.0,1.0,-0.21782127126810588,44.3,44.0,51.10000000000001,58.24000000000001,62,120,1.0,10.533333333333333,33.766666666666666,0.7622272385252069,0.0,7.875,0.99492325,56.775,56.775,113.41666666666667,0,4,0.9949975000000002,0.9948875000000001,199,5316,5117,0.9625658389766741
income,income__N200__c0p50__pareto__biased__random,3,0,2026930000,200,pareto,c,0.5,6,120,120,1.0,1.0,-0.26516668330085763,44.35,44.0,50.10000000000001,54.620000000000005,59,120,1.0,10.533333333333333,33.81666666666667,0.7624953025178505,0.0,6.583333333333333,0.9949391249999991,56.641666666666666,56.641666666666666,113.28333333333333,7,3,0.9949625000000002,0.9949625000000002,199,5322,5123,0.9626080420894401
income,income__N200__c0p50__pareto__biased__random,3,0,2026930000,200,pareto,c,0.5,7,120,120,1.0,1.0,-0.1736616782359479,44.7,45.0,50.0,53.81,55,120,1.0,10.408333333333333,34.291666666666664,0.7671513795674869,0.0,5.966666666666667,0.994944875,56.625,56.625,113.25833333333334,3,7,0.9949625000000002,0.994985,199,5364,5165,0.9629008202833707
income,income__N200__c0p50__pareto__biased__random,3,0,2026930000,200,pareto,c,0.5,8,120,120,1.0,1.0,-0.37174843722335754,45.358333333333334,45.0,53.0,57.81,65,120,1.0,10.933333333333334,34.425,0.7589564578357524,0.0,5.333333333333333,0.9949530624999994,56.86666666666667,56.86666666666667,113.76666666666667,0,8,0.9949275000000002,0.9949625000000002,199,5443,5244,0.9634392798089289
income,income__N200__c0p50__pareto__biased__random,3,0,2026930000,200,pareto,c,0.5,9,120,120,1.0,1.0,-0.2695793965042959,44.775,45.0,50.0,54.81,57,120,1.0,10.558333333333334,34.21666666666667,0.7641913270053974,0.0,6.4,0.9949241458333328,56.78333333333333,56.78333333333333,113.65833333333333,0,3,0.9949450000000002,0.9947350000000001,199,5373,5174,0.9629629629629629
income,income__N200__c0p50__pareto__biased__random,3,0,2026930000,200,pareto,c,0.5,10,120,120,1.0,1.0,-0.14611147526346255,44.708333333333336,45.0,51.0,56.0,56,120,1.0,10.741666666666667,33.96666666666667,0.7597390493942218,0.0,6.791666666666667,0.9949339791666663,56.825,56.825,113.625,3,16,0.9949625000000002,0.9949475000000001,199,5365,5166,0.9629077353215284
income,income__N200__c0p50__pareto__biased__random,3,1,2026930001,200,pareto,c,0.5,1,120,118,0.9833333333333333,1.0,0.8277878190792349,42.70338983050848,46.5,54.3,59.0,60,104,0.8813559322033898,25.88135593220339,16.822033898305083,0.3939273665409804,0.0,523.625,0.9064361959606075,98.55833333333334,98.55833333333334,190.01666666666668,500,104,0.44143715573360054,0.9852704056084127,190,5039,4849,0.9622941059734075
income,income__N200__c0p50__pareto__biased__random,3,1,2026930001,200,pareto,c,0.5,2,120,120,1.0,1.0,-0.0397889181769144,46.95,47.0,53.10000000000001,56.81,59,120,1.0,17.833333333333332,29.116666666666667,0.6201632942847001,0.0,63.11666666666667,0.9917309505925554,63.28333333333333,63.28333333333333,126.35,107,9,0.9854231347020532,0.9944792188282425,198,5634,5436,0.9648562300319489
income,income__N200__c0p50__pareto__biased__random,3,1,2026930001,200,pareto,c,0.5,3,120,120,1.0,1.0,-0.19880713769458425,44.84166666666667,45.0,51.0,57.81,58,120,1.0,11.375,33.46666666666667,0.7463296784984204,0.0,7.425,0.9948841178434317,57.28333333333333,57.28333333333333,114.64166666666667,16,0,0.9944366549824739,0.9949749624436657,199,5381,5182,0.963018026389147
income,income__N200__c0p50__pareto__biased__random,3,1,2026930001,200,pareto,c,0.5,4,120,120,1.0,1.0,-0.16762738475375913,43.875,44.0,50.10000000000001,54.620000000000005,57,120,1.0,10.45,33.425,0.7618233618233619,0.0,6.791666666666667,0.9949380946419629,56.7,56.7,113.425,0,13,0.9949098647971959,0.9948347521281924,199,5265,5066,0.9622032288698955
income,income__N200__c0p50__pareto__biased__random,3,1,2026930001,200,pareto,c,0.5,5,120,120,1.0,1.0,-0.2376036366557208,44.65,45.0,50.0,54.81,55,120,1.0,10.733333333333333,33.916666666666664,0.7596117954460619,0.0,6.858333333333333,0.9949345476548158,56.825,56.825,113.63333333333334,4,1,0.9949474211316978,0.9949474211316978,199,5358,5159,0.9628592758491975
income,income__N200__c0p50__pareto__biased__random,3,1,2026930001,200,pareto,c,0.5,6,120,120,1.0,1.0,-0.32338463487947977,44.791666666666664,45.0,51.0,54.620000000000005,56,120,1.0,10.866666666666667,33.925,0.7573953488372093,0.0,5.716666666666667,0.9949416624937407,56.84166666666667,56.84166666666667,113.66666666666667,5,2,0.9949298948422636,0.9949298948422636,199,5375,5176,0.9629767441860465
income,income__N200__c0p50__pareto__biased__random,3,1,2026930001,200,pareto,c,0.5,7,120,120,1.0,1.0,-0.22028177687031186,44.90833333333333,45.0,51.0,57.0,59,120,1.0,10.766666666666667,34.141666666666666,0.7602523659305994,0.0,5.025,0.9949454181271908,56.666666666666664,56.666666666666664,113.43333333333334,6,1,0.994959939909865,0.9949098647971959,199,5389,5190,0.9630729263314158
income,income__N200__c0p50__pareto__biased__random,3,1,2026930001,200,pareto,c,0.5,8,120,120,1.0,1.0,-0.19445802072010931,44.733333333333334,44.5,51.0,57.43000000000001,59,120,1.0,10.8,33.93333333333333,0.7585692995529061,0.0,5.733333333333333,0.9949382406943745,56.65,56.65,113.33333333333333,1,4,0.9949298948422636,0.9949474211316978,199,5368,5169,0.9629284649776453
income,income__N200__c0p50__pareto__biased__random,3,1,2026930001,200,pareto,c,0.5,9,120,120,1.0,1.0,-0.16646232111439319,44.99166666666667,45.0,52.0,57.0,59,120,1.0,10.666666666666666,34.325,0.7629190590850158,0.0,5.358333333333333,0.9949400141879491,56.708333333333336,56.708333333333336,113.425,6,3,0.9949474211316978,0.9948622934401603,199,5399,5200,0.9631413224671236
income,income__N200__c0p50__pareto__biased__random,3,1,2026930001,200,pareto,c,0.5,10,120,120,1.0,1.0,-0.31120136200373316,45.03333333333333,45.5,52.0,57.620000000000005,60,120,1.0,10.516666666666667,34.516666666666666,0.7664692820133234,0.0,6.5,0.9949328993490233,56.666666666666664,56.666666666666664,113.31666666666666,7,0,0.9949749624436657,0.9949849774661994,199,5404,5205,0.9631754256106587
income,income__N200__c0p50__pareto__biased__random,3,2,2026930002,200,pareto,c,0.5,1,120,116,0.9666666666666667,0.991304347826087,0.8947304773481011,40.491379310344826,46.0,54.0,59.69999999999999,65,100,0.8620689655172413,27.198275862068964,13.293103448275861,0.3282946561635086,0.008620689655172414,891.575,0.8435922753043189,105.80833333333334,105.80833333333334,204.58333333333334,500,362,0.36883441720860444,0.9535317658829416,179,4697,4518,0.9618905684479455
income,income__N200__c0p50__pareto__biased__random,3,2,2026930002,200,pareto,c,0.5,2,120,120,1.0,1.0,0.05256899314201672,50.125,50.0,57.0,60.0,61,120,1.0,25.133333333333333,24.991666666666667,0.49858686616791353,0.0,225.63333333333333,0.9680464815741202,70.89166666666667,70.89166666666667,141.68333333333334,364,257,0.9539044522261131,0.978759379689845,190,6015,5825,0.9684123025768911
income,income__N200__c0p50__pareto__biased__random,3,2,2026930002,200,pareto,c,0.5,3,120,120,1.0,1.0,-0.26743189471221157,48.3,47.5,56.0,60.81,62,120,1.0,19.841666666666665,28.458333333333332,0.5891994478951,0.0,132.39166666666668,0.9835235534433886,65.28333333333333,65.28333333333333,130.6,257,94,0.9789069534767385,0.9873936968484243,195,5796,5601,0.9663561076604554
income,income__N200__c0p50__pareto__biased__random,3,2,2026930002,200,pareto,c,0.5,4,120,120,1.0,1.0,-0.21485185265375936,46.725,47.0,53.10000000000001,57.0,57,120,1.0,16.366666666666667,30.358333333333334,0.6497235598359193,0.0,77.79166666666667,0.9895245122561281,61.833333333333336,61.833333333333336,123.45833333333333,90,49,0.9874162081040521,0.9906878439219611,197,5607,5410,0.9648653468878188
income,income__N200__c0p50__pareto__biased__random,3,2,2026930002,200,pareto,c,0.5,5,120,120,1.0,1.0,-0.07540891517889564,45.40833333333333,46.0,52.0,57.620000000000005,59,120,1.0,13.541666666666666,31.866666666666667,0.7017801431455313,0.0,40.00833333333333,0.990776659162915,59.108333333333334,59.108333333333334,118.26666666666667,49,30,0.9906003001500752,0.9909129564782393,198,5449,5251,0.9636630574417324
income,income__N200__c0p50__pareto__biased__random,3,2,2026930002,200,pareto,c,0.5,6,120,120,1.0,1.0,-0.31029436674217264,46.1,46.0,52.0,56.81,61,120,1.0,13.4,32.7,0.7093275488069414,0.0,36.61666666666667,0.9909185842921463,58.916666666666664,58.916666666666664,117.84166666666667,33,36,0.990910455227614,0.9911130565282642,198,5532,5334,0.9642082429501084
income,income__N200__c0p50__pareto__biased__random,3,2,2026930002,200,pareto,c,0.5,7,120,120,1.0,1.0,-0.23575278238378367,46.075,46.0,52.0,57.0,58,120,1.0,13.483333333333333,32.59166666666667,0.707361186471333,0.0,43.175,0.9913239744872436,59.125,59.125,118.29166666666667,38,47,0.9911230615307656,0.9914357178589295,198,5529,5331,0.9641888225718936
income,income__N200__c0p50__pareto__biased__random,3,2,2026930002,200,pareto,c,0.5,8,120,120,1.0,1.0,-0.15647524534837326,46.7,46.0,54.0,56.0,61,120,1.0,13.583333333333334,33.11666666666667,0.7091363311920057,0.0,50.208333333333336,0.9915686384859094,59.141666666666666,59.141666666666666,118.13333333333334,49,52,0.9914532266133067,0.9917783891945975,198,5604,5406,0.9646680942184154
income,income__N200__c0p50__pareto__biased__random,3,2,2026930002,200,pareto,c,0.5,9,120,120,1.0,1.0,-0.14835030059337173,47.15833333333333,48.0,53.0,59.0,60,120,1.0,13.725,33.43333333333333,0.7089591800671496,0.0,54.391666666666666,0.9920730782057698,59.21666666666667,59.21666666666667,118.49166666666666,61,49,0.9918209104552278,0.9924337168584294,198,5659,5461,0.9650114861282912
income,income__N200__c0p50__pareto__biased__random,3,2,2026930002,200,pareto,c,0.5,10,120,120,1.0,1.0,-0.2900907386078324,45.43333333333333,46.0,51.0,54.81,55,120,1.0,13.408333333333333,32.025,0.7048789435069699,0.0,61.675,0.992851592462898,59.06666666666667,59.06666666666667,118.18333333333334,49,75,0.9924562281140572,0.9932516258129065,198,5452,5254,0.9636830520909758
income,income__N200__c0p50__pareto__biased__random,3,3,2026930003,200,pareto,c,0.5,1,120,117,0.975,1.0,0.8829484494788299,40.70940170940171,47.0,53.0,58.0,61,101,0.8632478632478633,25.811965811965813,14.897435897435898,0.3659458324585345,0.0,702.0083333333333,0.8835534540158138,101.89166666666667,101.89166666666667,196.575,500,242,0.4052821473158552,0.9769525593008741,184,4763,4579,0.961368885156414
income,income__N200__c0p50__pareto__biased__random,3,3,2026930003,200,pareto,c,0.5,2,120,120,1.0,1.0,0.08148378354690947,49.083333333333336,49.0,56.0,61.0,63,120,1.0,20.7,28.383333333333333,0.5782682512733447,0.0,119.11666666666666,0.9869484394506869,66.25833333333334,66.25833333333334,132.34166666666667,225,50,0.9768327091136082,0.9921985018726593,196,5890,5694,0.966723259762309
income,income__N200__c0p50__pareto__biased__random,3,3,2026930003,200,pareto,c,0.5,3,120,120,1.0,1.0,-0.12803015519450028,46.425,47.0,53.0,56.0,59,120,1.0,14.983333333333333,31.441666666666666,0.677257224914737,0.0,29.316666666666666,0.9939085101955888,60.275,60.275,120.48333333333333,49,21,0.9921036204744071,0.9947503121098629,198,5571,5373,0.9644588045234249
income,income__N200__c0p50__pareto__biased__random,3,3,2026930003,200,pareto,c,0.5,4,120,120,1.0,1.0,-0.1927873835791354,45.4,45.0,51.0,58.24000000000001,59,120,1.0,11.116666666666667,34.28333333333333,0.7551395007342144,0.0,8.8,0.9949054307116109,57.28333333333333,57.28333333333333,114.525,28,13,0.9947602996254683,0.9949300873907616,199,5448,5249,0.9634728340675477
income,income__N200__c0p50__pareto__biased__random,3,3,2026930003,200,pareto,c,0.5,5,120,120,1.0,1.0,-0.32022805689231204,44.833333333333336,45.0,51.0,55.0,56,120,1.0,10.233333333333333,34.6,0.7717472118959108,0.0,7.291666666666667,0.9949369121930919,56.56666666666667,56.56666666666667,113.13333333333334,1,8,0.9949625468164796,0.9948876404494382,199,5380,5181,0.9630111524163569
income,income__N200__c0p50__pareto__biased__random,3,3,2026930003,200,pareto,c,0.5,6,120,120,1.0,1.0,-0.25414899222563814,44.325,44.0,51.0,56.0,56,120,1.0,10.525,33.8,0.7625493513818387,0.0,6.816666666666666,0.9949405742821472,56.69166666666667,56.69166666666667,113.45,13,12,0.9949101123595507,0.9949300873907616,199,5319,5120,0.9625869524346682
income,income__N200__c0p50__pareto__biased__random,3,3,2026930003,200,pareto,c,0.5,7,120,120,1.0,1.0,-0.22699721232904482,45.025,45.5,51.0,55.620000000000005,57,120,1.0,10.183333333333334,34.84166666666667,0.7738293540625578,0.0,4.966666666666667,0.9949471702039115,56.49166666666667,56.49166666666667,112.93333333333334,14,6,0.9948876404494382,0.9948626716604245,199,5403,5204,0.963168610031464
income,income__N200__c0p50__pareto__biased__random,3,3,2026930003,200,pareto,c,0.5,8,120,120,1.0,1.0,-0.24726978250809808,45.266666666666666,45.0,51.10000000000001,56.620000000000005,57,120,1.0,10.733333333333333,34.53333333333333,0.7628865979381443,0.0,5.516666666666667,0.9949430503537247,56.8,56.8,113.65833333333333,4,4,0.9949625468164796,0.9948626716604245,199,5432,5233,0.9633652430044183
income,income__N200__c0p50__pareto__biased__random,3,3,2026930003,200,pareto,c,0.5,9,120,120,1.0,1.0,-0.15197946058747286,44.25833333333333,44.0,51.0,59.0,64,120,1.0,10.691666666666666,33.56666666666667,0.7584259084918095,0.0,7.941666666666666,0.994924531835206,56.791666666666664,56.791666666666664,113.575,8,7,0.9949101123595507,0.9949300873907616,199,5311,5112,0.9625305968744116
income,income__N200__c0p50__pareto__biased__random,3,3,2026930003,200,pareto,c,0.5,10,120,120,1.0,1.0,-0.3215179567901513,44.25,44.0,52.0,54.81,65,120,1.0,10.425,33.825,0.764406779661017,0.0,7.216666666666667,0.994941032043279,56.59166666666667,56.59166666666667,113.30833333333334,2,4,0.9949475655430713,0.9949625468164796,199,5310,5111,0.9625235404896422
income,income__N200__c0p50__pareto__biased__random,3,4,2026930004,200,pareto,c,0.5,1,120,119,0.9916666666666667,1.0,0.7469117809615355,44.50420168067227,47.0,55.0,59.81999999999999,62,113,0.9495798319327731,23.319327731092436,21.18487394957983,0.47601963746223563,0.0,284.51666666666665,0.9492129329004328,90.30833333333334,90.30833333333334,173.39166666666668,500,32,0.5505794205794208,0.9927397602397603,196,5296,5100,0.9629909365558912
income,income__N200__c0p50__pareto__biased__random,3,4,2026930004,200,pareto,c,0.5,2,120,120,1.0,1.0,-0.150078579588139,46.75,47.0,53.0,58.81,62,120,1.0,13.933333333333334,32.81666666666667,0.7019607843137254,0.0,17.533333333333335,0.9941832958707958,59.391666666666666,59.391666666666666,118.74166666666666,37,13,0.9928446553446555,0.9949075924075925,198,5610,5412,0.9647058823529412
income,income__N200__c0p50__pareto__biased__random,3,4,2026930004,200,pareto,c,0.5,3,120,120,1.0,1.0,-0.23325700927274898,44.958333333333336,45.5,51.0,56.0,58,120,1.0,10.733333333333333,34.225,0.7612604263206673,0.0,6.558333333333334,0.994933066933067,56.858333333333334,56.858333333333334,113.725,14,10,0.9949450549450551,0.9948876123876125,199,5395,5196,0.9631139944392957
income,income__N200__c0p50__pareto__biased__random,3,4,2026930004,200,pareto,c,0.5,4,120,120,1.0,1.0,-0.19051892534179354,45.141666666666666,45.0,51.0,53.0,55,120,1.0,10.658333333333333,34.483333333333334,0.7638914528336718,0.0,5.483333333333333,0.9949465534465537,56.8,56.8,113.63333333333334,9,0,0.9949475524475526,0.9949475524475526,199,5417,5218,0.9632637991508215
income,income__N200__c0p50__pareto__biased__random,3,4,2026930004,200,pareto,c,0.5,5,120,120,1.0,1.0,-0.19663301423354357,44.666666666666664,45.0,52.0,58.81,62,120,1.0,10.7,33.96666666666667,0.7604477611940299,0.0,6.8,0.9949330877455881,56.875,56.875,113.73333333333333,2,7,0.9949750249750251,0.9949475524475526,199,5360,5161,0.9628731343283582
income,income__N200__c0p50__pareto__biased__random,3,4,2026930004,200,pareto,c,0.5,6,120,120,1.0,1.0,-0.3313287638451835,44.46666666666667,45.0,49.10000000000001,59.0,61,120,1.0,10.8,33.666666666666664,0.7571214392803598,0.0,6.358333333333333,0.9949335664335666,56.80833333333333,56.80833333333333,113.63333333333334,7,6,0.9949625374625375,0.9949475524475526,199,5336,5137,0.9627061469265368
income,income__N200__c0p50__pareto__biased__random,3,4,2026930004,200,pareto,c,0.5,7,120,120,1.0,1.0,-0.20978619791223688,44.791666666666664,45.0,50.0,55.0,55,120,1.0,10.65,34.141666666666666,0.7622325581395348,0.0,5.641666666666667,0.9949337121212127,56.78333333333333,56.78333333333333,113.51666666666667,0,12,0.9949475524475526,0.9949475524475526,199,5375,5176,0.9629767441860465
income,income__N200__c0p50__pareto__biased__random,3,4,2026930004,200,pareto,c,0.5,8,120,120,1.0,1.0,-0.24378461035609314,44.46666666666667,44.0,52.0,57.620000000000005,61,120,1.0,10.325,34.141666666666666,0.7678035982008995,0.0,6.225,0.9949445970695976,56.541666666666664,56.541666666666664,112.94166666666666,27,0,0.9949750249750251,0.994985014985015,199,5336,5137,0.9627061469265368
income,income__N200__c0p50__pareto__biased__random,3,4,2026930004,200,pareto,c,0.5,9,120,120,1.0,1.0,-0.19929586397909907,44.86666666666667,45.0,52.0,56.0,57,120,1.0,11.008333333333333,33.858333333333334,0.7546433878157504,0.0,6.95,0.9949313186813188,56.96666666666667,56.96666666666667,113.93333333333334,1,13,0.994985014985015,0.9949625374625375,199,5384,5185,0.9630386329866271
income,income__N200__c0p50__pareto__biased__random,3,4,2026930004,200,pareto,c,0.5,10,120,120,1.0,1.0,-0.30539933987456397,44.84166666666667,45.0,52.10000000000001,59.43000000000001,61,120,1.0,10.691666666666666,34.15,0.7615684816948523,0.0,5.775,0.9949413086913087,56.63333333333333,56.63333333333333,113.28333333333333,4,21,0.9949625374625375,0.9949275724275726,199,5381,5182,0.963018026389147
income,income__N200__c0p50__pareto__biased__random,3,5,2026930005,200,pareto,c,0.5,1,120,118,0.9833333333333333,1.0,0.8639611189051677,38.09322033898305,42.5,55.0,63.31999999999999,66,101,0.8559322033898306,25.093220338983052,13.0,0.34126807563959954,0.00847457627118644,937.6416666666667,0.8372879205275899,104.90833333333333,104.90833333333333,202.78333333333333,500,376,0.35128850488354635,0.9480127723516154,179,4495,4316,0.9601779755283648
income,income__N200__c0p50__pareto__biased__random,3,5,2026930005,200,pareto,c,0.5,2,120,120,1.0,1.0,-0.18669232315215267,50.075,51.0,56.0,58.81,59,120,1.0,25.366666666666667,24.708333333333332,0.49342652687635213,0.0,245.51666666666668,0.9638091451707164,71.25833333333334,71.25833333333334,142.30833333333334,382,196,0.9483658903080392,0.972152516904583,191,6009,5818,0.9682143451489432
income,income__N200__c0p50__pareto__biased__random,3,5,2026930005,200,pareto,c,0.5,3,120,120,1.0,1.0,-0.14008257448958822,48.71666666666667,49.0,55.0,60.0,61,120,1.0,21.2,27.516666666666666,0.5648306534382483,0.0,153.7,0.9769384756657484,66.23333333333333,66.23333333333333,132.29166666666666,196,131,0.9721099423991988,0.9807525669922366,194,5846,5652,0.9668149161820048
income,income__N200__c0p50__pareto__biased__random,3,5,2026930005,200,pareto,c,0.5,4,120,120,1.0,1.0,-0.3632752818891393,47.9,48.0,55.0,60.620000000000005,63,120,1.0,19.166666666666668,28.733333333333334,0.5998608211551845,0.0,151.09166666666667,0.9826518073294933,63.858333333333334,63.858333333333334,127.725,125,178,0.9807926371149513,0.9849549211119459,194,5748,5554,0.9662491301322199
income,income__N200__c0p50__pareto__biased__random,3,5,2026930005,200,pareto,c,0.5,5,120,120,1.0,1.0,-0.0889180581500482,46.525,47.0,53.0,57.81,58,120,1.0,16.916666666666668,29.608333333333334,0.6363962027583736,0.0,160.225,0.9870863594623925,62.166666666666664,62.166666666666664,124.225,173,146,0.9851402454295017,0.988122965189081,195,5583,5388,0.9650725416442772
income,income__N200__c0p50__pareto__biased__random,3,5,2026930005,200,pareto,c,0.5,6,120,120,1.0,1.0,-0.14287285827051857,47.108333333333334,48.0,53.0,55.81,56,120,1.0,15.4,31.708333333333332,0.6730939324252609,0.0,75.45,0.9887016445446197,60.88333333333333,60.88333333333333,121.80833333333334,100,69,0.9881505133984474,0.9895730027548211,197,5653,5456,0.9651512471254201
income,income__N200__c0p50__pareto__biased__random,3,5,2026930005,200,pareto,c,0.5,7,120,120,1.0,1.0,-0.20699120277454397,47.041666666666664,47.0,53.0,56.81,60,120,1.0,15.025,32.016666666666666,0.6806023029229407,0.0,65.925,0.9906122589531681,60.31666666666667,60.31666666666667,120.75,73,35,0.9895103931880793,0.99141372401703,198,5645,5447,0.9649247121346324
income,income__N200__c0p50__pareto__biased__random,3,5,2026930005,200,pareto,c,0.5,8,120,120,1.0,1.0,-0.19619598326166732,46.1,46.0,52.0,55.81,56,120,1.0,13.5,32.6,0.7071583514099783,0.0,40.43333333333333,0.991560063444361,59.09166666666667,59.09166666666667,118.125,44,45,0.9913611319809668,0.9918394690708741,198,5532,5334,0.9642082429501084
income,income__N200__c0p50__pareto__biased__random,3,5,2026930005,200,pareto,c,0.5,9,120,120,1.0,1.0,-0.23799179452822564,46.041666666666664,46.0,52.0,56.81,57,120,1.0,13.508333333333333,32.53333333333333,0.7066063348416289,0.0,49.65833333333333,0.9920293847566576,58.90833333333333,58.90833333333333,117.94166666666666,52,53,0.9917643375907841,0.9922126220886553,198,5525,5327,0.9641628959276018
income,income__N200__c0p50__pareto__biased__random,3,5,2026930005,200,pareto,c,0.5,10,120,120,1.0,1.0,-0.33170058893300713,45.53333333333333,45.5,54.0,60.81,63,120,1.0,13.091666666666667,32.44166666666667,0.7124816983894583,0.0,57.041666666666664,0.9925093914350112,59.016666666666666,59.016666666666666,118.05833333333334,59,61,0.9922126220886553,0.9929739544202356,198,5464,5266,0.9637628111273792
income,income__N200__c0p50__pareto__biased__random,3,6,2026930006,200,pareto,c,0.5,1,120,117,0.975,1.0,0.8826683989951695,41.94017094017094,47.0,55.400000000000006,60.0,61,101,0.8632478632478633,25.786324786324787,16.153846153846153,0.38516405135520687,0.008547008547008548,666.4583333333334,0.8925502704952147,101.01666666666667,101.01666666666667,194.85833333333332,500,51,0.40071285892634223,0.9887303370786518,192,4907,4715,0.9608722233543917
income,income__N200__c0p50__pareto__biased__random,3,6,2026930006,200,pareto,c,0.5,2,120,120,1.0,1.0,0.01929914925836951,47.333333333333336,48.0,54.0,57.0,60,120,1.0,16.675,30.658333333333335,0.6477112676056338,0.0,34.641666666666666,0.9924586350395341,62.025,62.025,123.89166666666667,53,41,0.9888202247191011,0.9940012484394507,197,5680,5483,0.9653169014084507
income,income__N200__c0p50__pareto__biased__random,3,6,2026930006,200,pareto,c,0.5,3,120,120,1.0,1.0,-0.1424757947791611,45.541666666666664,46.0,51.10000000000001,55.620000000000005,59,120,1.0,12.533333333333333,33.00833333333333,0.7247941445562671,0.0,18.6,0.9946911985018726,58.25833333333333,58.25833333333333,116.48333333333333,39,11,0.9939712858926344,0.9949750312109864,199,5465,5266,0.9635864592863678
income,income__N200__c0p50__pareto__biased__random,3,6,2026930006,200,pareto,c,0.5,4,120,120,1.0,1.0,-0.19712328673596016,44.016666666666666,44.0,52.0,55.81,59,120,1.0,10.9,33.11666666666667,0.7523665278303673,0.0,8.758333333333333,0.9949253433208491,57.06666666666667,57.06666666666667,114.08333333333333,20,9,0.994885143570537,0.9949300873907616,199,5282,5083,0.9623248769405528
income,income__N200__c0p50__pareto__biased__random,3,6,2026930006,200,pareto,c,0.5,5,120,120,1.0,1.0,-0.239159793308103,44.175,44.0,50.0,54.620000000000005,59,120,1.0,10.55,33.625,0.7611771363893605,0.0,7.141666666666667,0.9949236163129419,56.80833333333333,56.80833333333333,113.61666666666666,4,6,0.9949475655430713,0.9949475655430713,199,5301,5102,0.96245991322392
income,income__N200__c0p50__pareto__biased__random,3,6,2026930006,200,pareto,c,0.5,6,120,120,1.0,1.0,-0.0695636586752787,44.56666666666667,45.0,50.10000000000001,55.81,58,120,1.0,10.366666666666667,34.2,0.7673896783844428,0.0,6.033333333333333,0.994943237619642,56.75,56.75,113.50833333333334,12,6,0.9949625468164796,0.9949625468164796,199,5348,5149,0.962789827973074
income,income__N200__c0p50__pareto__biased__random,3,6,2026930006,200,pareto,c,0.5,7,120,120,1.0,1.0,-0.18539702971791452,44.35,44.0,52.0,55.0,55,120,1.0,10.933333333333334,33.416666666666664,0.7534761367906802,0.0,8.583333333333334,0.9949255722014146,56.891666666666666,56.891666666666666,113.90833333333333,12,12,0.9949625468164796,0.9948876404494382,199,5322,5123,0.9626080420894401
income,income__N200__c0p50__pareto__biased__random,3,6,2026930006,200,pareto,c,0.5,8,120,120,1.0,1.0,-0.20009410633204167,44.71666666666667,44.5,51.0,55.81,60,120,1.0,10.933333333333334,33.78333333333333,0.7554975773387999,0.0,6.925,0.9949364752392842,57.0,57.0,113.88333333333334,9,5,0.9949300873907616,0.9949825218476904,199,5366,5167,0.9629146477823332
income,income__N200__c0p50__pareto__biased__random,3,6,2026930006,200,pareto,c,0.5,9,120,120,1.0,1.0,-0.24534455929181623,44.75833333333333,45.0,51.0,56.620000000000005,60,120,1.0,10.566666666666666,34.19166666666667,0.7639173338298269,0.0,7.475,0.9949251352476068,56.766666666666666,56.766666666666666,113.65,5,6,0.9949300873907616,0.9949900124843947,199,5371,5172,0.9629491714764475
income,income__N200__c0p50__pareto__biased__random,3,6,2026930006,200,pareto,c,0.5,10,120,120,1.0,1.0,-0.23421141756356878,44.44166666666667,45.0,51.0,57.620000000000005,58,120,1.0,10.625,33.81666666666667,0.7609225576598537,0.0,6.958333333333333,0.9949405534748235,56.84166666666667,56.84166666666667,113.63333333333334,13,3,0.9949450686641699,0.9949475655430713,199,5333,5134,0.962685167822989
income,income__N200__c0p50__pareto__biased__random,3,7,2026930007,200,pareto,c,0.5,1,120,119,0.9916666666666667,1.0,0.8273658601168387,43.03361344537815,47.0,55.0,59.0,61,108,0.907563025210084,23.831932773109244,19.201680672268907,0.4462019136887327,0.0,413.475,0.930444277736101,94.20833333333333,94.20833333333333,181.09166666666667,500,55,0.5007314328582146,0.9893860965241312,194,5121,4927,0.9621167740675649
income,income__N200__c0p50__pareto__biased__random,3,7,2026930007,200,pareto,c,0.5,2,120,120,1.0,1.0,-0.039285005367592295,47.666666666666664,48.0,54.10000000000001,58.81,61,120,1.0,16.616666666666667,31.05,0.6513986013986014,0.0,27.041666666666668,0.9920608068683837,61.65,61.65,123.30833333333334,39,32,0.9894736184046014,0.9936371592898225,197,5720,5523,0.9655594405594405
income,income__N200__c0p50__pareto__biased__random,3,7,2026930007,200,pareto,c,0.5,3,120,120,1.0,1.0,-0.04398808480598714,44.88333333333333,45.0,52.10000000000001,55.620000000000005,57,120,1.0,12.058333333333334,32.825,0.7313405124396584,0.0,16.008333333333333,0.9946894015170463,58.1,58.1,116.10833333333333,30,26,0.993709677419355,0.9949274818704676,199,5386,5187,0.9630523579650947
income,income__N200__c0p50__pareto__biased__random,3,7,2026930007,200,pareto,c,0.5,4,120,120,1.0,1.0,-0.24569970491628737,44.791666666666664,45.0,50.0,54.0,57,120,1.0,10.75,34.041666666666664,0.76,0.0,5.358333333333333,0.9949356922563978,56.78333333333333,56.78333333333333,113.68333333333334,7,7,0.9949849962490624,0.9949099774943737,199,5375,5176,0.9629767441860465
income,income__N200__c0p50__pareto__biased__random,3,7,2026930007,200,pareto,c,0.5,5,120,120,1.0,1.0,-0.3598711494239696,44.766666666666666,45.5,50.0,57.43000000000001,61,120,1.0,10.383333333333333,34.38333333333333,0.7680565897244974,0.0,9.95,0.9949212094690343,56.675,56.675,113.30833333333334,5,0,0.9949099774943737,0.9949749937484371,199,5372,5173,0.9629560685033507
income,income__N200__c0p50__pareto__biased__random,3,7,2026930007,200,pareto,c,0.5,6,120,120,1.0,1.0,-0.30451442727768563,44.40833333333333,44.5,51.0,55.0,56,120,1.0,10.233333333333333,34.175,0.7695627697504223,0.0,4.133333333333334,0.9949504667833626,56.358333333333334,56.358333333333334,112.85,0,0,0.9949624906226557,0.9949974993748438,199,5329,5130,0.9626571589416401
income,income__N200__c0p50__pareto__biased__random,3,7,2026930007,200,pareto,c,0.5,7,120,120,1.0,1.0,-0.17804666834235242,45.233333333333334,46.0,51.10000000000001,55.0,57,120,1.0,10.525,34.708333333333336,0.7673176123802505,0.0,6.991666666666666,0.9949281903809294,56.55833333333333,56.55833333333333,113.16666666666667,0,3,0.994887471867967,0.994887471867967,199,5428,5229,0.9633382461311717
income,income__N200__c0p50__pareto__biased__random,3,7,2026930007,200,pareto,c,0.5,8,120,120,1.0,1.0,-0.030096086618805407,45.3,45.0,52.0,55.81,57,120,1.0,10.875,34.425,0.7599337748344371,0.0,6.391666666666667,0.9949292739851633,56.858333333333334,56.858333333333334,113.73333333333333,12,8,0.9949099774943737,0.994834958739685,199,5436,5237,0.9633922001471671
income,income__N200__c0p50__pareto__biased__random,3,7,2026930007,200,pareto,c,0.5,9,120,120,1.0,1.0,-0.343601311917427,44.80833333333333,45.0,51.0,55.0,56,120,1.0,10.4,34.40833333333333,0.7679003161614283,0.0,8.575,0.9949321497040929,56.75,56.75,113.375,9,4,0.9949849962490624,0.9949624906226557,199,5377,5178,0.9629905151571508
income,income__N200__c0p50__pareto__biased__random,3,7,2026930007,200,pareto,c,0.5,10,120,120,1.0,1.0,-0.2355455662060027,44.74166666666667,45.0,51.0,55.0,56,120,1.0,10.7,34.041666666666664,0.7608493201713541,0.0,7.458333333333333,0.9949255022088859,56.858333333333334,56.858333333333334,113.63333333333334,1,6,0.9949749937484371,0.9948024506126534,199,5369,5170,0.9629353697150307
income,income__N200__c0p80__lognormal__biased__random,4,0,2026940000,200,lognormal,c,0.8,1,120,120,1.0,1.0,0.24434128591225335,69.31666666666666,70.0,79.0,83.81,84,119,0.9916666666666667,34.916666666666664,34.4,0.4962731425823515,0.0,340.5833333333333,0.9421954729462872,156.20833333333334,156.20833333333334,187.95,633,88,0.6282938388625594,0.9801036729857822,193,8318,8125,0.9767973070449627
income,income__N200__c0p80__lognormal__biased__random,4,0,2026940000,200,lognormal,c,0.8,2,120,120,1.0,1.0,-0.17505638943678523,63.68333333333333,64.0,71.0,75.62,77,120,1.0,20.933333333333334,42.75,0.6712902381575504,0.0,65.98333333333333,0.9809715886650872,92.99166666666666,92.99166666666666,116.11666666666666,91,80,0.980204383886256,0.9816469194312798,196,7642,7446,0.9743522638052866
income,income__N200__c0p80__lognormal__biased__random,4,0,2026940000,200,lognormal,c,0.8,3,120,120,1.0,1.0,-0.23393957099965101,63.766666666666666,63.5,71.0,76.62,78,120,1.0,21.341666666666665,42.425,0.6653162571876634,0.0,89.675,0.9826131022906793,93.175,93.175,116.45833333333333,80,97,0.9817505924170618,0.9839780805687204,196,7652,7456,0.974385781495034
income,income__N200__c0p80__lognormal__biased__random,4,0,2026940000,200,lognormal,c,0.8,4,120,120,1.0,1.0,0.022753920391642243,64.30833333333334,64.0,72.10000000000001,75.81,77,120,1.0,20.333333333333332,43.975,0.6838149539976675,0.0,103.30833333333334,0.9855973291864141,91.53333333333333,91.53333333333333,114.45833333333333,101,74,0.9837973933649291,0.986552132701422,197,7717,7520,0.974471945056369
income,income__N200__c0p80__lognormal__biased__random,4,0,2026940000,200,lognormal,c,0.8,5,120,120,1.0,1.0,-0.16254171005142115,62.4,62.0,70.0,75.62,79,120,1.0,18.5,43.9,0.7035256410256411,0.0,100.95,0.9870776066350714,89.3,89.3,111.50833333333334,95,119,0.9866409952606636,0.9876895734597158,197,7488,7291,0.9736912393162394
income,income__N200__c0p80__lognormal__biased__random,4,0,2026940000,200,lognormal,c,0.8,6,120,120,1.0,1.0,-0.20284010077902198,62.475,63.0,69.0,76.43,78,120,1.0,18.291666666666668,44.18333333333333,0.7072162198212618,0.0,122.41666666666667,0.9887366953001581,88.825,88.825,111.05,119,125,0.9877340047393366,0.9900918246445498,197,7497,7300,0.9737228224623182
income,income__N200__c0p80__lognormal__biased__random,4,0,2026940000,200,lognormal,c,0.8,7,120,120,1.0,1.0,-0.19344932541510826,62.06666666666667,62.0,69.10000000000001,79.86000000000001,82,120,1.0,18.266666666666666,43.8,0.7056928034371643,0.0,132.01666666666668,0.9917734992101109,88.44166666666666,88.44166666666666,110.53333333333333,123,59,0.9901155213270143,0.9932612559241707,198,7448,7250,0.9734156820622986
income,income__N200__c0p80__lognormal__biased__random,4,0,2026940000,200,lognormal,c,0.8,8,120,120,1.0,1.0,-0.09194911069103916,59.425,60.0,66.10000000000001,71.0,76,120,1.0,14.8,44.625,0.750946571308372,0.0,46.583333333333336,0.9941734794628757,84.00833333333334,84.00833333333334,104.9,64,5,0.9930835308056873,0.9948667061611376,199,7131,6932,0.9720936755013322
income,income__N200__c0p80__lognormal__biased__random,4,0,2026940000,200,lognormal,c,0.8,9,120,120,1.0,1.0,-0.0741222903929307,57.733333333333334,58.0,64.0,70.0,70,120,1.0,11.991666666666667,45.74166666666667,0.7922921478060047,0.0,6.958333333333333,0.9949190116508698,80.05,80.05,100.04166666666667,9,6,0.9949377962085308,0.9949170616113745,199,6928,6729,0.9712759815242494
income,income__N200__c0p80__lognormal__biased__random,4,0,2026940000,200,lognormal,c,0.8,10,120,120,1.0,1.0,-0.3328021427058726,58.13333333333333,59.0,64.0,70.81,74,120,1.0,12.158333333333333,45.975,0.7908543577981652,0.0,7.666666666666667,0.994920517377568,80.25,80.25,100.28333333333333,11,3,0.9947689573459717,0.9949703791469195,199,6976,6777,0.971473623853211
income,income__N200__c0p80__lognormal__biased__random,4,1,2026940001,200,lognormal,c,0.8,1,120,120,1.0,1.0,0.2727691387558935,73.75833333333334,75.0,82.0,85.81,88,120,1.0,36.2,37.55833333333333,0.5092079990961473,0.0,313.06666666666666,0.9499503878042256,167.975,167.975,202.76666666666668,617,95,0.6141147365605779,0.9880435945439958,193,8851,8658,0.9781945542876511
income,income__N200__c0p80__lognormal__biased__random,4,1,2026940001,200,lognormal,c,0.8,2,120,120,1.0,1.0,0.20280671409092776,65.13333333333334,65.0,74.0,77.81,79,120,1.0,19.258333333333333,45.875,0.704324462640737,0.0,53.333333333333336,0.9929469109387544,97.925,97.925,122.16666666666667,95,29,0.9880115004011769,0.9948529018454133,199,7816,7617,0.974539406345957
income,income__N200__c0p80__lognormal__biased__random,4,1,2026940001,200,lognormal,c,0.8,3,120,120,1.0,1.0,-0.02175198502544598,62.18333333333333,62.0,69.0,74.62,80,120,1.0,12.675,49.50833333333333,0.7961672473867596,0.0,6.816666666666666,0.9949238878488015,88.15,88.15,110.18333333333334,2,6,0.9949732548809844,0.9949572078095748,199,7462,7263,0.9733315465022782
income,income__N200__c0p80__lognormal__biased__random,4,1,2026940001,200,lognormal,c,0.8,4,120,120,1.0,1.0,-0.1654114472282866,62.041666666666664,62.0,68.0,72.0,75,120,1.0,12.491666666666667,49.55,0.7986568166554735,0.0,7.458333333333333,0.9949335829544452,87.86666666666666,87.86666666666666,109.825,13,7,0.9949224391548543,0.9949598823214765,199,7445,7246,0.9732706514439221
income,income__N200__c0p80__lognormal__biased__random,4,1,2026940001,200,lognormal,c,0.8,5,120,120,1.0,1.0,-0.19187850868686732,62.858333333333334,62.0,71.0,77.24000000000001,78,120,1.0,12.891666666666667,49.96666666666667,0.7949091873259976,0.0,7.533333333333333,0.9949336943924408,88.20833333333333,88.20833333333333,110.31666666666666,9,4,0.9947566194169566,0.994943835250067,199,7543,7344,0.9736179239029564
income,income__N200__c0p80__lognormal__biased__random,4,1,2026940001,200,lognormal,c,0.8,6,120,120,1.0,1.0,-0.18642967835068291,62.983333333333334,63.0,71.0,74.81,78,120,1.0,13.141666666666667,49.84166666666667,0.7913469171738555,0.0,6.241666666666666,0.9949342738700199,88.625,88.625,110.85,14,5,0.994943835250067,0.9949037175715434,199,7558,7359,0.9736702831436888
income,income__N200__c0p80__lognormal__biased__random,4,1,2026940001,200,lognormal,c,0.8,7,120,120,1.0,1.0,-0.09273021866496842,62.35,63.0,70.0,73.0,74,120,1.0,12.833333333333334,49.516666666666666,0.7941726811013098,0.0,6.616666666666666,0.994929392885799,88.18333333333334,88.18333333333334,110.26666666666667,9,11,0.994879646964429,0.9948502273335118,199,7482,7283,0.9734028334669874
income,income__N200__c0p80__lognormal__biased__random,4,1,2026940001,200,lognormal,c,0.8,8,120,120,1.0,1.0,-0.161845035527367,61.675,61.0,68.0,75.24000000000001,82,120,1.0,12.75,48.925,0.7932711795703283,0.0,7.2,0.9949323794240896,88.16666666666667,88.16666666666667,110.21666666666667,6,3,0.9949037175715434,0.9949251136667558,199,7401,7202,0.9731117416565329
income,income__N200__c0p80__lognormal__biased__random,4,1,2026940001,200,lognormal,c,0.8,9,120,120,1.0,1.0,-0.008794775117969403,62.65,63.0,69.0,72.0,73,120,1.0,12.675,49.975,0.7976855546687949,0.0,6.125,0.9949354774003752,87.94166666666666,87.94166666666666,109.93333333333334,6,17,0.9948529018454133,0.9948716234287243,199,7518,7319,0.9735301942005853
income,income__N200__c0p80__lognormal__biased__random,4,1,2026940001,200,lognormal,c,0.8,10,120,120,1.0,1.0,-0.0875975929634125,62.083333333333336,62.0,70.0,74.0,77,120,1.0,12.625,49.458333333333336,0.7966442953020134,0.0,8.725,0.9949120308460379,87.95,87.95,109.95833333333333,14,0,0.9949037175715434,0.9949251136667558,199,7450,7251,0.9732885906040268
income,income__N200__c0p80__lognormal__biased__random,4,2,2026940002,200,lognormal,c,0.8,1,120,120,1.0,1.0,0.3940196238838532,75.0,75.0,83.0,86.0,87,120,1.0,39.19166666666667,35.80833333333333,0.47744444444444445,0.0,402.8333333333333,0.9295811881621575,178.075,178.075,215.525,611,200,0.6183806146572106,0.9721946414499607,190,9000,8810,0.9788888888888889
income,income__N200__c0p80__lognormal__biased__random,4,2,2026940002,200,lognormal,c,0.8,2,120,120,1.0,1.0,-0.06125942189325227,70.1,70.0,77.0,82.81,83,120,1.0,26.025,44.075,0.6287446504992867,0.0,166.40833333333333,0.9785833114438317,110.525,110.525,138.00833333333333,162,130,0.9726411872865774,0.9828224323614396,195,8412,8217,0.9768188302425107
income,income__N200__c0p80__lognormal__biased__random,4,2,2026940002,200,lognormal,c,0.8,3,120,120,1.0,1.0,-0.11840747562249358,68.18333333333334,68.0,76.10000000000001,82.81,85,120,1.0,21.825,46.358333333333334,0.6799071131752628,0.0,100.49166666666666,0.9847415068733033,102.575,102.575,128.25,130,131,0.9828040451799318,0.9868019437877595,196,8182,7986,0.9760449767782938
income,income__N200__c0p80__lognormal__biased__random,4,2,2026940002,200,lognormal,c,0.8,4,120,120,1.0,1.0,-0.07275744319764191,67.225,68.0,75.0,79.81,82,120,1.0,19.933333333333334,47.291666666666664,0.7034833271352423,0.0,113.68333333333334,0.9886783556606251,100.06666666666666,100.06666666666666,124.975,118,96,0.9869726819017601,0.9900722353559235,197,8067,7870,0.9755795215073757
income,income__N200__c0p80__lognormal__biased__random,4,2,2026940002,200,lognormal,c,0.8,5,120,120,1.0,1.0,-0.10066365760456614,65.9,66.0,74.0,77.81,80,120,1.0,18.308333333333334,47.59166666666667,0.7221800708143652,0.0,81.325,0.9919761623325454,97.28333333333333,97.28333333333333,121.55833333333334,92,42,0.9901352771210927,0.9932532177567639,198,7908,7710,0.9749620637329287
income,income__N200__c0p80__lognormal__biased__random,4,2,2026940002,200,lognormal,c,0.8,6,120,120,1.0,1.0,-0.01650498830493535,65.95,66.0,72.0,76.81,79,120,1.0,16.208333333333332,49.74166666666667,0.7542330048016174,0.0,39.95,0.9941502714298224,94.19166666666666,94.19166666666666,117.75833333333334,32,7,0.9932558444969795,0.9949264512739691,199,7914,7715,0.9748546878948698
income,income__N200__c0p80__lognormal__biased__random,4,2,2026940002,200,lognormal,c,0.8,7,120,120,1.0,1.0,-0.18372270695265394,63.016666666666666,63.0,71.0,74.0,75,120,1.0,12.666666666666666,50.35,0.7989949748743719,0.0,8.0,0.9949301724892738,89.6,89.6,111.94166666666666,18,5,0.9949054373522459,0.9948555292881536,199,7562,7363,0.9736842105263158
income,income__N200__c0p80__lognormal__biased__random,4,2,2026940002,200,lognormal,c,0.8,8,120,120,1.0,1.0,-0.35172188255684084,63.88333333333333,65.0,71.0,75.81,77,120,1.0,12.533333333333333,51.35,0.8038090268719019,0.0,6.416666666666667,0.9949385999474647,89.2,89.2,111.51666666666667,3,6,0.9949448384554769,0.9949264512739691,199,7666,7467,0.974041220975737
income,income__N200__c0p80__lognormal__biased__random,4,2,2026940002,200,lognormal,c,0.8,9,120,120,1.0,1.0,-0.19251299750255269,62.35,62.0,70.0,74.81,76,120,1.0,12.6,49.75,0.7979149959903769,0.0,8.041666666666666,0.9949294282462132,89.39166666666667,89.39166666666667,111.78333333333333,3,5,0.9949264512739691,0.9949264512739691,199,7482,7283,0.9734028334669874
income,income__N200__c0p80__lognormal__biased__random,4,2,2026940002,200,lognormal,c,0.8,10,120,120,1.0,1.0,-0.21367282158036327,63.583333333333336,63.0,70.0,74.0,75,120,1.0,12.933333333333334,50.65,0.7965923984272608,0.0,7.225,0.9949249846773488,89.875,89.875,112.28333333333333,3,1,0.9949448384554769,0.9949605988967691,199,7630,7431,0.97391874180865
income,income__N200__c0p80__lognormal__biased__random,4,3,2026940003,200,lognormal,c,0.8,1,120,120,1.0,1.0,0.21096794041911857,72.55833333333334,72.5,82.0,91.43,93,120,1.0,33.84166666666667,38.71666666666667,0.5335936602733433,0.0,240.19166666666666,0.9573029850746265,159.60833333333332,159.60833333333332,192.25,631,56,0.6455780189959295,0.9879389416553597,195,8707,8512,0.9776042264844378
income,income__N200__c0p80__lognormal__biased__random,4,3,2026940003,200,lognormal,c,0.8,2,120,120,1.0,1.0,-0.04071016765627199,66.5,67.0,75.10000000000001,80.24000000000001,82,120,1.0,19.591666666666665,46.90833333333333,0.7053884711779449,0.0,32.59166666666667,0.9915215287200358,96.7,96.7,120.71666666666667,43,16,0.9880990502035278,0.9930000000000001,198,7980,7782,0.975187969924812
income,income__N200__c0p80__lognormal__biased__random,4,3,2026940003,200,lognormal,c,0.8,3,120,120,1.0,1.0,-0.2159598037418022,63.175,63.0,70.0,74.81,79,120,1.0,16.183333333333334,46.99166666666667,0.7438332673789737,0.0,26.816666666666666,0.9937595884215287,91.88333333333334,91.88333333333334,114.89166666666667,11,33,0.9930135685210313,0.9946119402985076,198,7581,7383,0.9738820736050653
income,income__N200__c0p80__lognormal__biased__random,4,3,2026940003,200,lognormal,c,0.8,4,120,120,1.0,1.0,-0.1466063309571381,62.21666666666667,63.0,71.0,76.0,76,120,1.0,12.875,49.34166666666667,0.7930618805250469,0.0,10.525,0.994915626413388,87.375,87.375,109.21666666666667,40,8,0.994728629579376,0.9949240162822253,199,7466,7267,0.9733458344495044
income,income__N200__c0p80__lognormal__biased__random,4,3,2026940003,200,lognormal,c,0.8,5,120,120,1.0,1.0,-0.1405323260078032,61.458333333333336,62.0,68.0,72.81,76,120,1.0,12.275,49.18333333333333,0.800271186440678,0.0,7.158333333333333,0.9949339439167798,86.69166666666666,86.69166666666666,108.43333333333334,1,5,0.9949023066485754,0.9949240162822253,199,7375,7176,0.9730169491525423
income,income__N200__c0p80__lognormal__biased__random,4,3,2026940003,200,lognormal,c,0.8,6,120,120,1.0,1.0,-0.16687575357899367,61.525,62.0,69.0,73.0,74,120,1.0,12.308333333333334,49.21666666666667,0.7999458214817825,0.0,7.4,0.9949361148801442,86.80833333333334,86.80833333333334,108.475,7,3,0.9947883310719132,0.9949701492537315,199,7383,7184,0.9730461871867805
income,income__N200__c0p80__lognormal__biased__random,4,3,2026940003,200,lognormal,c,0.8,7,120,120,1.0,1.0,-0.22527134407142735,61.333333333333336,62.0,67.10000000000001,72.81,74,120,1.0,12.65,48.68333333333333,0.79375,0.0,7.225,0.9949290592492085,86.99166666666666,86.99166666666666,108.73333333333333,11,2,0.9949023066485754,0.9949402985074627,199,7360,7161,0.9729619565217391
income,income__N200__c0p80__lognormal__biased__random,4,3,2026940003,200,lognormal,c,0.8,8,120,120,1.0,1.0,-0.11285367964055758,61.791666666666664,61.0,70.10000000000001,74.81,76,120,1.0,12.766666666666667,49.025,0.793391773432232,0.0,6.808333333333334,0.9949270013568519,86.90833333333333,86.90833333333333,108.69166666666666,4,18,0.9949592944369066,0.9948507462686569,199,7415,7216,0.9731625084288604
income,income__N200__c0p80__lognormal__biased__random,4,3,2026940003,200,lognormal,c,0.8,9,120,120,1.0,1.0,-0.2198004637065756,62.266666666666666,62.5,70.0,75.0,79,120,1.0,12.741666666666667,49.525,0.7953693790149893,0.0,7.458333333333333,0.9949293306196286,86.95833333333333,86.95833333333333,108.66666666666667,19,16,0.9948181818181818,0.9949240162822253,199,7472,7273,0.9733672376873662
income,income__N200__c0p80__lognormal__biased__random,4,3,2026940003,200,lognormal,c,0.8,10,120,120,1.0,1.0,-0.03277634091036658,61.05833333333333,61.5,68.0,74.81,75,120,1.0,12.266666666666667,48.791666666666664,0.7990992220554115,0.0,8.258333333333333,0.9949306422433287,86.7,86.7,108.39166666666667,20,4,0.9949023066485754,0.9949728629579377,199,7327,7128,0.9728401801555889
income,income__N200__c0p80__lognormal__biased__random,4,4,2026940004,200,lognormal,c,0.8,1,120,120,1.0,1.0,0.4520752449604017,75.5,76.0,84.0,93.81,99,119,0.9916666666666667,37.85,37.65,0.4986754966887417,0.0,379.525,0.9360144074166876,180.20833333333334,180.20833333333334,218.15,631,152,0.6112841393134554,0.9715948383863695,192,9060,8868,0.9788079470198675
income,income__N200__c0p80__lognormal__biased__random,4,4,2026940004,200,lognormal,c,0.8,2,120,120,1.0,1.0,0.05239472908225179,73.49166666666666,74.0,81.0,85.0,87,120,1.0,27.45,46.041666666666664,0.6264882639755074,0.0,166.30833333333334,0.9780392967510234,115.65833333333333,115.65833333333333,144.525,153,123,0.9718203457780006,0.981672513154598,195,8819,8624,0.9778886495067468
income,income__N200__c0p80__lognormal__biased__random,4,4,2026940004,200,lognormal,c,0.8,3,120,120,1.0,1.0,0.07604470528921747,72.5,73.0,80.10000000000001,85.62,87,120,1.0,24.833333333333332,47.666666666666664,0.6574712643678161,0.0,141.83333333333334,0.9848233316629086,110.60833333333333,110.60833333333333,138.28333333333333,123,103,0.9817226259082938,0.9882798797293912,196,8700,8504,0.9774712643678161
income,income__N200__c0p80__lognormal__biased__random,4,4,2026940004,200,lognormal,c,0.8,4,120,120,1.0,1.0,-0.09382894190997848,69.45833333333333,69.0,78.0,82.0,82,120,1.0,19.866666666666667,49.59166666666667,0.7139772045590882,0.0,98.9,0.9894513071076593,103.18333333333334,103.18333333333334,128.91666666666666,113,78,0.98841518416437,0.9908707090954649,197,8335,8138,0.9763647270545891
income,income__N200__c0p80__lognormal__biased__random,4,4,2026940004,200,lognormal,c,0.8,5,120,120,1.0,1.0,-0.03889164576263049,69.425,69.0,76.10000000000001,81.0,85,120,1.0,19.641666666666666,49.78333333333333,0.7170807826191333,0.0,78.09166666666667,0.9928809195690306,102.95833333333333,102.95833333333333,128.575,75,3,0.9908982711099976,0.9949097970433476,199,8331,8132,0.9761133117272837
income,income__N200__c0p80__lognormal__biased__random,4,4,2026940004,200,lognormal,c,0.8,6,120,120,1.0,1.0,-0.1543978993342778,65.075,65.0,73.0,78.0,80,120,1.0,12.491666666666667,52.583333333333336,0.8080420028172621,0.0,6.675,0.9949429341017292,93.175,93.175,116.375,6,18,0.9949473816086194,0.9949749436231523,199,7809,7610,0.9745165834293764
income,income__N200__c0p80__lognormal__biased__random,4,4,2026940004,200,lognormal,c,0.8,7,120,120,1.0,1.0,-0.05780264503274301,65.05833333333334,66.0,73.0,77.81,78,120,1.0,12.708333333333334,52.35,0.8046624823876009,0.0,7.508333333333334,0.9949345610957995,93.43333333333334,93.43333333333334,116.79166666666667,7,8,0.9949849661738914,0.994929842144826,199,7807,7608,0.9745100550787754
income,income__N200__c0p80__lognormal__biased__random,4,4,2026940004,200,lognormal,c,0.8,8,120,120,1.0,1.0,-0.2526368303190392,64.15,64.0,73.0,76.81,80,120,1.0,12.808333333333334,51.34166666666667,0.8003377500649519,0.0,7.9,0.9949280673181331,93.625,93.625,117.05,10,6,0.9948621899273367,0.9948621899273367,199,7698,7499,0.9741491296440634
income,income__N200__c0p80__lognormal__biased__random,4,4,2026940004,200,lognormal,c,0.8,9,120,120,1.0,1.0,-0.22566961034916136,65.65,66.0,73.0,74.0,77,120,1.0,12.908333333333333,52.74166666666667,0.8033764914953033,0.0,6.091666666666667,0.9949443748433977,93.39166666666667,93.39166666666667,116.675,21,0,0.9948321222751191,0.9949849661738914,199,7878,7679,0.9747397816704747
income,income__N200__c0p80__lognormal__biased__random,4,4,2026940004,200,lognormal,c,0.8,10,120,120,1.0,1.0,-0.19487420857138585,64.19166666666666,64.0,73.0,77.0,79,120,1.0,12.758333333333333,51.43333333333333,0.8012462676879138,0.0,8.058333333333334,0.9949232230852755,93.1,93.1,116.425,0,7,0.9949849661738914,0.9948872463041845,199,7703,7504,0.9741659093859535
income,income__N200__c0p80__lognormal__biased__random,4,5,2026940005,200,lognormal,c,0.8,1,120,120,1.0,1.0,0.3207871587353109,76.0,77.0,85.0,89.0,97,120,1.0,35.875,40.125,0.5279605263157895,0.0,292.4583333333333,0.9502604972146005,173.78333333333333,173.78333333333333,210.1,546,129,0.6210962833624347,0.9821264654527315,193,9120,8927,0.9788377192982456
income,income__N200__c0p80__lognormal__biased__random,4,5,2026940005,200,lognormal,c,0.8,2,120,120,1.0,1.0,-0.03437808834844134,71.30833333333334,72.0,78.10000000000001,82.0,85,120,1.0,23.858333333333334,47.45,0.6654201238751899,0.0,74.1,0.987128419389706,109.625,109.625,136.85,134,42,0.9823958593165378,0.990123472187578,197,8557,8360,0.9769779128199135
income,income__N200__c0p80__lognormal__biased__random,4,5,2026940005,200,lognormal,c,0.8,3,120,120,1.0,1.0,-0.08465988545065557,67.05833333333334,67.0,75.0,79.0,84,120,1.0,17.125,49.93333333333333,0.744625326208525,0.0,31.108333333333334,0.9908248524153986,99.80833333333334,99.80833333333334,124.74166666666666,50,24,0.990200798204041,0.9912933399850339,198,8047,7849,0.9753945569777557
income,income__N200__c0p80__lognormal__biased__random,4,5,2026940005,200,lognormal,c,0.8,4,120,120,1.0,1.0,-0.2833447132793532,67.79166666666667,68.5,75.10000000000001,80.81,83,120,1.0,16.958333333333332,50.833333333333336,0.7498463429625076,0.0,30.316666666666666,0.9916396025609046,99.14166666666667,99.14166666666667,123.91666666666667,26,39,0.9911960588675481,0.9918545772012972,198,8135,7937,0.9756607252612169
income,income__N200__c0p80__lognormal__biased__random,4,5,2026940005,200,lognormal,c,0.8,5,120,120,1.0,1.0,-0.0828615864063791,67.29166666666667,68.0,75.0,79.81,84,120,1.0,16.883333333333333,50.40833333333333,0.7491021671826625,0.0,38.1,0.992421551509105,99.16666666666667,99.16666666666667,123.975,35,40,0.991857071588925,0.9930593664255427,198,8075,7877,0.9754798761609907
income,income__N200__c0p80__lognormal__biased__random,4,5,2026940005,200,lognormal,c,0.8,6,120,120,1.0,1.0,-0.16503257554282377,66.65,66.0,72.10000000000001,79.81,86,120,1.0,16.841666666666665,49.80833333333333,0.7473118279569892,0.0,44.59166666666667,0.9938963997671905,99.14166666666667,99.14166666666667,123.86666666666666,41,42,0.9930718383636818,0.9946981790970317,198,7998,7800,0.9752438109527382
income,income__N200__c0p80__lognormal__biased__random,4,5,2026940005,200,lognormal,c,0.8,7,120,120,1.0,1.0,-0.3540312480466708,65.4,66.0,73.0,76.81,85,120,1.0,13.266666666666667,52.13333333333333,0.7971457696228338,0.0,9.316666666666666,0.9949260414068359,94.11666666666666,94.11666666666666,117.60833333333333,39,2,0.9947829882763783,0.994773010725867,199,7848,7649,0.9746432212028542
income,income__N200__c0p80__lognormal__biased__random,4,5,2026940005,200,lognormal,c,0.8,8,120,120,1.0,1.0,-0.11836986256390933,65.44166666666666,66.0,72.0,79.62,82,120,1.0,13.133333333333333,52.30833333333333,0.799312364701388,0.0,7.233333333333333,0.994933046478758,93.79166666666667,93.79166666666667,117.225,6,6,0.9949476178598156,0.9949850336742332,199,7853,7654,0.9746593658474468
income,income__N200__c0p80__lognormal__biased__random,4,5,2026940005,200,lognormal,c,0.8,9,120,120,1.0,1.0,-0.23992067811804668,64.65,65.0,72.0,77.62,82,120,1.0,12.883333333333333,51.766666666666666,0.8007218355246197,0.0,8.216666666666667,0.9949296374823329,93.89166666666667,93.89166666666667,117.275,8,7,0.9949476178598156,0.9949102020453979,199,7758,7559,0.974349059035834
income,income__N200__c0p80__lognormal__biased__random,4,5,2026940005,200,lognormal,c,0.8,10,120,120,1.0,1.0,-0.1838632504553216,65.30833333333334,66.0,71.10000000000001,75.81,81,120,1.0,12.966666666666667,52.34166666666667,0.8014546382544341,0.0,6.991666666666666,0.9949336700756649,94.03333333333333,94.03333333333333,117.56666666666666,24,8,0.9949750561237218,0.9949600897979547,199,7837,7638,0.9746076304708434
income,income__N200__c0p80__lognormal__biased__random,4,6,2026940006,200,lognormal,c,0.8,1,120,120,1.0,1.0,0.3221023109195826,76.81666666666666,77.0,88.0,93.81,95,120,1.0,36.06666666666667,40.75,0.5304838359730961,0.0,311.30833333333334,0.951335043457267,177.33333333333334,177.33333333333334,214.59166666666667,587,116,0.6513568324480927,0.9831747947851281,193,9218,9025,0.9790627034063788
income,income__N200__c0p80__lognormal__biased__random,4,6,2026940006,200,lognormal,c,0.8,2,120,120,1.0,1.0,-0.10383503738282797,73.65,74.0,83.0,87.81,91,120,1.0,24.625,49.025,0.6656483367277665,0.0,98.55,0.9890643811363268,113.54166666666667,113.54166666666667,141.825,127,79,0.9830902945436988,0.993594881699662,196,8838,8642,0.9778230368861733
income,income__N200__c0p80__lognormal__biased__random,4,6,2026940006,200,lognormal,c,0.8,3,120,120,1.0,1.0,0.016374407769143576,67.325,67.0,76.0,80.81,81,120,1.0,15.016666666666667,52.30833333333333,0.7769525931427157,0.0,24.45,0.9947382504426197,99.58333333333333,99.58333333333333,124.28333333333333,89,6,0.9935321100917431,0.9949637856108162,199,8079,7880,0.9753682386433965
income,income__N200__c0p80__lognormal__biased__random,4,6,2026940006,200,lognormal,c,0.8,4,120,120,1.0,1.0,-0.08512741341952523,67.18333333333334,67.0,74.0,79.81,84,120,1.0,13.166666666666666,54.016666666666666,0.8040188538824113,0.0,7.491666666666666,0.994935719459198,96.88333333333334,96.88333333333334,121.11666666666666,4,8,0.9949130854659587,0.9949637856108162,199,8062,7863,0.9753162986851898
income,income__N200__c0p80__lognormal__biased__random,4,6,2026940006,200,lognormal,c,0.8,5,120,120,1.0,1.0,-0.028320974530071027,66.14166666666667,66.0,74.0,79.81,81,120,1.0,13.075,53.06666666666667,0.8023182562681114,0.0,7.841666666666667,0.9949348342185733,96.53333333333333,96.53333333333333,120.64166666666667,18,17,0.9949637856108162,0.9949130854659587,199,7937,7738,0.9749275544916215
income,income__N200__c0p80__lognormal__biased__random,4,6,2026940006,200,lognormal,c,0.8,6,120,120,1.0,1.0,-0.26789954213057754,66.86666666666666,67.0,74.0,79.81,83,120,1.0,13.233333333333333,53.63333333333333,0.8020937188434696,0.0,7.666666666666667,0.9949313536133914,96.63333333333334,96.63333333333334,120.76666666666667,5,8,0.9949492998551426,0.9949637856108162,199,8024,7825,0.9751994017946162
income,income__N200__c0p80__lognormal__biased__random,4,6,2026940006,200,lognormal,c,0.8,7,120,120,1.0,1.0,-0.11781315904353763,66.025,67.0,73.0,79.81,84,120,1.0,12.941666666666666,53.083333333333336,0.803988388236779,0.0,8.958333333333334,0.9949325607596974,96.59166666666667,96.59166666666667,120.70833333333333,6,2,0.9949492998551426,0.9948672139063255,199,7923,7724,0.9748832512937019
income,income__N200__c0p80__lognormal__biased__random,4,6,2026940006,200,lognormal,c,0.8,8,120,120,1.0,1.0,-0.16483324443176753,66.325,66.0,74.0,80.0,82,120,1.0,12.883333333333333,53.44166666666667,0.8057544917703229,0.0,6.525,0.9949493602124576,96.48333333333333,96.48333333333333,120.64166666666667,10,5,0.9948647996137132,0.9949130854659587,199,7959,7760,0.974996858901872
income,income__N200__c0p80__lognormal__biased__random,4,6,2026940006,200,lognormal,c,0.8,9,120,120,1.0,1.0,-0.21554401070226228,67.15833333333333,68.0,75.0,79.81,81,120,1.0,13.225,53.93333333333333,0.8030773048765355,0.0,7.3,0.9949350957669397,97.0,97.0,121.11666666666666,1,0,0.9949758570738774,0.9949492998551426,199,8059,7860,0.9753071100632833
income,income__N200__c0p80__lognormal__biased__random,4,6,2026940006,200,lognormal,c,0.8,10,120,120,1.0,1.0,-0.023948323085721125,67.05,67.0,74.0,80.81,81,120,1.0,12.775,54.275,0.8094705443698732,0.0,7.208333333333333,0.9949373088685013,96.53333333333333,96.53333333333333,120.71666666666667,2,8,0.9949975857073878,0.9949927571221633,199,8046,7847,0.9752672135222471
income,income__N200__c0p80__lognormal__biased__random,4,7,2026940007,200,lognormal,c,0.8,1,120,120,1.0,1.0,0.3819127483832525,72.3,71.0,83.10000000000001,93.62,95,120,1.0,33.74166666666667,38.55833333333333,0.5333102812355924,0.0,190.41666666666666,0.9574946267511034,150.51666666666668,150.51666666666668,180.86666666666667,583,65,0.6739378238341971,0.9817962003454233,195,8676,8481,0.9775242047026279
income,income__N200__c0p80__lognormal__biased__random,4,7,2026940007,200,lognormal,c,0.8,2,120,120,1.0,1.0,-0.09854775597824988,64.89166666666667,65.0,72.0,77.24000000000001,78,120,1.0,22.0,42.891666666666666,0.6609734172338513,0.0,64.91666666666667,0.9846938687392055,95.95,95.95,119.85833333333333,62,67,0.9818508923431204,0.9871042026482442,196,7787,7591,0.9748298446128162
income,income__N200__c0p80__lognormal__biased__random,4,7,2026940007,200,lognormal,c,0.8,3,120,120,1.0,1.0,7.962457705878263e-05,63.45,64.0,70.0,74.0,76,120,1.0,19.383333333333333,44.06666666666667,0.6945101129498292,0.0,69.45,0.9895419785070046,92.55833333333334,92.55833333333334,115.65,74,24,0.9870696603339091,0.9911370178468626,198,7614,7416,0.9739952718676123
income,income__N200__c0p80__lognormal__biased__random,4,7,2026940007,200,lognormal,c,0.8,4,120,120,1.0,1.0,-0.1417424162552861,60.71666666666667,61.0,69.0,75.43,79,120,1.0,15.525,45.19166666666667,0.7443041449354927,0.0,34.65,0.9914360247553256,86.91666666666667,86.91666666666667,108.68333333333334,33,35,0.9911456534254464,0.9918767990788717,198,7286,7088,0.9728245951139171
income,income__N200__c0p80__lognormal__biased__random,4,7,2026940007,200,lognormal,c,0.8,5,120,120,1.0,1.0,-0.08690985443668077,62.34166666666667,63.0,70.0,74.0,77,120,1.0,16.366666666666667,45.975,0.7374682529073653,0.0,40.99166666666667,0.9923308386106316,87.61666666666666,87.61666666666666,109.56666666666666,33,36,0.9919257340241798,0.9929101899827288,198,7481,7283,0.9735329501403556
income,income__N200__c0p80__lognormal__biased__random,4,7,2026940007,200,lognormal,c,0.8,6,120,120,1.0,1.0,-0.14568774754628708,61.3,62.0,69.0,74.0,86,120,1.0,15.925,45.375,0.7402120717781403,0.0,45.8,0.9937376223373634,87.36666666666666,87.36666666666666,109.18333333333334,36,54,0.9929303396660911,0.9946689694876225,198,7356,7158,0.9730831973898858
income,income__N200__c0p80__lognormal__biased__random,4,7,2026940007,200,lognormal,c,0.8,7,120,120,1.0,1.0,-0.144654570255106,58.325,58.0,67.10000000000001,71.81,73,120,1.0,12.541666666666666,45.78333333333333,0.7849692813259037,0.0,44.53333333333333,0.994859887737478,82.91666666666667,82.91666666666667,103.6,52,1,0.9946977547495683,0.9948704663212435,199,6999,6800,0.971567366766681
income,income__N200__c0p80__lognormal__biased__random,4,7,2026940007,200,lognormal,c,0.8,8,120,120,1.0,1.0,-0.3215133013098587,59.36666666666667,60.0,67.0,71.0,72,120,1.0,12.558333333333334,46.80833333333333,0.7884615384615384,0.0,7.308333333333334,0.9949125887545578,82.5,82.5,103.13333333333334,10,4,0.9948416810592977,0.9949712147380543,199,7124,6925,0.9720662549129703
income,income__N200__c0p80__lognormal__biased__random,4,7,2026940007,200,lognormal,c,0.8,9,120,120,1.0,1.0,-0.13843652239414705,59.766666666666666,60.0,66.0,73.81,77,120,1.0,12.508333333333333,47.25833333333333,0.7907138873396542,0.0,7.391666666666667,0.9949183697946652,82.49166666666666,82.49166666666666,103.05833333333334,3,13,0.9948704663212435,0.9948704663212435,199,7172,6973,0.9722532069157837
income,income__N200__c0p80__lognormal__biased__random,4,7,2026940007,200,lognormal,c,0.8,10,120,120,1.0,1.0,-0.14284518553566242,60.233333333333334,60.5,67.0,71.81,74,120,1.0,12.458333333333334,47.775,0.7931654676258992,0.0,6.241666666666666,0.9949369602763386,82.59166666666667,82.59166666666667,103.24166666666666,8,9,0.9949194012665517,0.9949712147380543,199,7228,7029,0.9724681793027117
income,income__N200__c0p80__pareto__biased__random,5,0,2026950000,200,pareto,c,0.8,1,120,119,0.9916666666666667,1.0,0.41172480891847335,75.71428571428571,77.0,86.0,90.82,92,118,0.9915966386554622,35.95798319327731,39.7563025210084,0.5250832408435072,0.0,368.84166666666664,0.9359459938302487,188.03333333333333,188.03333333333333,228.04166666666666,800,110,0.421255627813907,0.9747973986993497,193,9010,8817,0.9785793562708102
income,income__N200__c0p80__pareto__biased__random,5,0,2026950000,200,pareto,c,0.8,2,120,120,1.0,1.0,-0.14127874351886865,72.7,73.0,80.0,85.0,90,120,1.0,25.566666666666666,47.13333333333333,0.6483264557542412,0.0,124.45,0.9804396990161754,113.40833333333333,113.40833333333333,141.625,104,114,0.9752001000500252,0.9846848424212107,195,8724,8529,0.9776478679504814
income,income__N200__c0p80__pareto__biased__random,5,0,2026950000,200,pareto,c,0.8,3,120,120,1.0,1.0,-0.06379401413920097,70.29166666666667,70.0,79.0,83.0,84,120,1.0,21.516666666666666,48.775,0.6938944872554831,0.0,97.48333333333333,0.9871312948140732,106.225,106.225,132.66666666666666,114,76,0.9849574787393698,0.9888169084542273,197,8435,8238,0.9766449318316538
income,income__N200__c0p80__pareto__biased__random,5,0,2026950000,200,pareto,c,0.8,4,120,120,1.0,1.0,-0.000310822367645104,70.225,70.5,77.10000000000001,81.81,84,120,1.0,20.266666666666666,49.958333333333336,0.7114038210513824,0.0,83.99166666666666,0.9900752042688015,104.18333333333334,104.18333333333334,130.24166666666667,78,87,0.9887218609304653,0.9918509254627315,197,8427,8230,0.976622760175626
income,income__N200__c0p80__pareto__biased__random,5,0,2026950000,200,pareto,c,0.8,5,120,120,1.0,1.0,0.0416097749313213,67.10833333333333,66.5,76.0,82.0,84,120,1.0,17.525,49.583333333333336,0.7388550850614678,0.0,76.34166666666667,0.9938348966149746,100.53333333333333,100.53333333333333,125.49166666666666,86,48,0.9919134567283643,0.994767383691846,198,8053,7855,0.9754128896063579
income,income__N200__c0p80__pareto__biased__random,5,0,2026950000,200,pareto,c,0.8,6,120,120,1.0,1.0,-0.221494566740755,64.375,64.0,72.0,77.81,80,120,1.0,12.908333333333333,51.46666666666667,0.7994822006472492,0.0,23.958333333333332,0.9949056820076708,93.75,93.75,117.13333333333334,44,12,0.9948574287143572,0.9948349174587294,199,7725,7526,0.9742394822006473
income,income__N200__c0p80__pareto__biased__random,5,0,2026950000,200,pareto,c,0.8,7,120,120,1.0,1.0,-0.0194263437994454,65.23333333333333,65.0,72.10000000000001,77.0,78,120,1.0,13.033333333333333,52.2,0.8002043944813491,0.0,7.075,0.9949356344839092,93.71666666666667,93.71666666666667,117.09166666666667,23,3,0.9948624312156078,0.9949474737368686,199,7828,7629,0.9745784363822176
income,income__N200__c0p80__pareto__biased__random,5,0,2026950000,200,pareto,c,0.8,8,120,120,1.0,1.0,-0.19175128093316468,64.375,64.0,73.0,77.62,82,120,1.0,12.708333333333334,51.666666666666664,0.8025889967637541,0.0,8.8,0.9949239619809906,93.54166666666667,93.54166666666667,116.93333333333334,1,9,0.9949099549774889,0.9949849924962482,199,7725,7526,0.9742394822006473
income,income__N200__c0p80__pareto__biased__random,5,0,2026950000,200,pareto,c,0.8,9,120,120,1.0,1.0,-0.23359441912340695,65.375,66.0,72.0,81.43,82,120,1.0,12.875,52.5,0.8030592734225621,0.0,6.933333333333334,0.9949390320160082,93.85833333333333,93.85833333333333,117.29166666666667,1,3,0.9949474737368686,0.994974987493747,199,7845,7646,0.9746335245379223
income,income__N200__c0p80__pareto__biased__random,5,0,2026950000,200,pareto,c,0.8,10,120,120,1.0,1.0,-0.1612373874107217,65.56666666666666,66.0,73.0,76.62,79,120,1.0,12.808333333333334,52.75833333333333,0.8046517539400102,0.0,6.733333333333333,0.9949361764215446,93.55833333333334,93.55833333333334,116.89166666666667,8,16,0.9949849924962482,0.9949099549774889,199,7868,7669,0.974707676664972
income,income__N200__c0p80__pareto__biased__random,5,1,2026950001,200,pareto,c,0.8,1,120,119,0.9916666666666667,1.0,0.4825505816684369,75.84033613445378,77.0,86.0,92.82,96,118,0.9915966386554622,35.34453781512605,40.49579831932773,0.5339612188365651,0.0,335.69166666666666,0.9454915751372943,181.525,181.525,219.79166666666666,800,157,0.46100099850224674,0.9813429855217175,192,9025,8833,0.9787257617728532
income,income__N200__c0p80__pareto__biased__random,5,1,2026950001,200,pareto,c,0.8,2,120,120,1.0,1.0,0.02751849114123745,71.99166666666666,72.0,80.0,87.62,89,120,1.0,23.333333333333332,48.65833333333333,0.6758884130107652,0.0,82.19166666666666,0.9871059244466636,109.39166666666667,109.39166666666667,136.56666666666666,156,43,0.9815351972041939,0.9895431852221668,197,8639,8442,0.9771964347725431
income,income__N200__c0p80__pareto__biased__random,5,1,2026950001,200,pareto,c,0.8,3,120,120,1.0,1.0,-0.10887996176901535,69.15,69.5,76.10000000000001,83.81,88,120,1.0,19.158333333333335,49.99166666666667,0.7229452880212099,0.0,44.88333333333333,0.9912278873356634,102.44166666666666,102.44166666666666,127.98333333333333,44,29,0.9896105841238143,0.992573639540689,198,8298,8100,0.9761388286334056
income,income__N200__c0p80__pareto__biased__random,5,1,2026950001,200,pareto,c,0.8,4,120,120,1.0,1.0,-0.09303441058986145,67.36666666666666,67.0,74.0,78.0,81,120,1.0,17.391666666666666,49.975,0.741835724888669,0.0,32.49166666666667,0.9933460642369784,99.55833333333334,99.55833333333334,124.475,23,44,0.9926435346979532,0.994161258112831,198,8084,7886,0.9755071746660069
income,income__N200__c0p80__pareto__biased__random,5,1,2026950001,200,pareto,c,0.8,5,120,120,1.0,1.0,-0.1853347848183963,66.68333333333334,66.5,74.0,79.81,80,120,1.0,14.841666666666667,51.84166666666667,0.7774306423394152,0.0,19.816666666666666,0.9947808703611251,96.23333333333333,96.23333333333333,120.275,60,11,0.9941462805791315,0.9949475786320521,199,8002,7803,0.9751312171957011
income,income__N200__c0p80__pareto__biased__random,5,1,2026950001,200,pareto,c,0.8,6,120,120,1.0,1.0,-0.16941411371256906,65.86666666666666,65.5,75.10000000000001,78.81,80,120,1.0,12.841666666666667,53.025,0.8050354251012146,0.0,7.258333333333334,0.9949403810950243,93.68333333333334,93.68333333333334,117.14166666666667,11,3,0.9949301048427359,0.9949475786320521,199,7904,7705,0.9748228744939271
income,income__N200__c0p80__pareto__biased__random,5,1,2026950001,200,pareto,c,0.8,7,120,120,1.0,1.0,-0.19942641171227493,64.90833333333333,65.0,73.0,77.62,85,120,1.0,13.275,51.63333333333333,0.7954808062652459,0.0,9.366666666666667,0.994922096022633,94.125,94.125,117.55,2,10,0.9949301048427359,0.9947728407388918,199,7789,7590,0.9744511490563615
income,income__N200__c0p80__pareto__biased__random,5,1,2026950001,200,pareto,c,0.8,8,120,120,1.0,1.0,-0.1777310800680817,65.16666666666667,65.0,73.0,79.0,79,120,1.0,12.95,52.21666666666667,0.8012787723785166,0.0,7.833333333333333,0.9949339532368117,93.88333333333334,93.88333333333334,117.41666666666667,2,0,0.9949750374438344,0.9949301048427359,199,7820,7621,0.9745524296675192
income,income__N200__c0p80__pareto__biased__random,5,1,2026950001,200,pareto,c,0.8,9,120,120,1.0,1.0,-0.25645795999696164,64.1,64.0,71.0,75.0,78,120,1.0,12.825,51.275,0.7999219968798752,0.0,9.041666666666666,0.9949276917956401,93.725,93.725,117.13333333333334,5,1,0.9949475786320521,0.9949625561657516,199,7692,7493,0.9741289651586064
income,income__N200__c0p80__pareto__biased__random,5,1,2026950001,200,pareto,c,0.8,10,120,120,1.0,1.0,-0.13461004969078275,66.1,65.5,73.0,77.81,85,120,1.0,12.966666666666667,53.13333333333333,0.8038325769036813,0.0,6.05,0.9949414420036612,93.69166666666666,93.69166666666666,117.05833333333334,7,3,0.9949475786320521,0.9948876684972543,199,7932,7733,0.9749117498739284
income,income__N200__c0p80__pareto__biased__random,5,2,2026950002,200,pareto,c,0.8,1,120,120,1.0,1.0,0.5600853523962391,72.7,72.0,82.0,107.29000000000002,112,119,0.9916666666666667,27.025,45.675,0.6282668500687758,0.0,99.73333333333333,0.9808456605030815,145.96666666666667,145.96666666666667,175.2,712,23,0.7159345327336333,0.9914217891054473,197,8724,8527,0.9774186153140761
income,income__N200__c0p80__pareto__biased__random,5,2,2026950002,200,pareto,c,0.8,2,120,120,1.0,1.0,-0.3050778829307094,68.19166666666666,69.0,76.0,85.43,89,120,1.0,18.5,49.69166666666667,0.7287058535989246,0.0,39.03333333333333,0.9932052098950525,101.73333333333333,101.73333333333333,127.10833333333333,26,46,0.9914717641179411,0.9944952523738133,197,8183,7986,0.9759256996211658
income,income__N200__c0p80__pareto__biased__random,5,2,2026950002,200,pareto,c,0.8,3,120,120,1.0,1.0,-0.15530716501757802,64.55,65.0,72.0,78.81,81,120,1.0,13.483333333333333,51.06666666666667,0.7911179963852311,0.0,15.625,0.994873084291188,94.45833333333333,94.45833333333333,118.1,52,3,0.9944277861069466,0.9949850074962521,199,7746,7547,0.9743093209398399
income,income__N200__c0p80__pareto__biased__random,5,2,2026950002,200,pareto,c,0.8,4,120,120,1.0,1.0,-0.02451298255838661,64.51666666666667,65.0,72.0,74.0,79,120,1.0,12.6,51.916666666666664,0.8047016274864376,0.0,7.466666666666667,0.9949343453273362,93.46666666666667,93.46666666666667,116.875,7,4,0.9948625687156423,0.9948875562218891,199,7742,7543,0.9742960475329372
income,income__N200__c0p80__pareto__biased__random,5,2,2026950002,200,pareto,c,0.8,5,120,120,1.0,1.0,0.025641367319716994,65.14166666666667,65.0,71.10000000000001,75.0,80,120,1.0,13.158333333333333,51.983333333333334,0.798004349494691,0.0,7.166666666666667,0.9949357612860237,93.90833333333333,93.90833333333333,117.33333333333333,15,3,0.9949075462268866,0.9949625187406297,199,7817,7618,0.9745426634258667
income,income__N200__c0p80__pareto__biased__random,5,2,2026950002,200,pareto,c,0.8,6,120,120,1.0,1.0,-0.2151835767315776,64.6,65.0,71.0,75.0,76,120,1.0,12.975,51.625,0.7991486068111455,0.0,7.133333333333334,0.994933845577212,93.93333333333334,93.93333333333334,117.41666666666667,9,19,0.9949850074962521,0.9949100449775115,199,7752,7553,0.974329205366357
income,income__N200__c0p80__pareto__biased__random,5,2,2026950002,200,pareto,c,0.8,7,120,120,1.0,1.0,-0.10623199309713115,65.69166666666666,66.0,73.0,77.0,82,120,1.0,13.158333333333333,52.53333333333333,0.7996955473804389,0.0,7.275,0.994930326503415,94.09166666666667,94.09166666666667,117.64166666666667,5,15,0.9949625187406297,0.9949625187406297,199,7883,7684,0.9747558036280604
income,income__N200__c0p80__pareto__biased__random,5,2,2026950002,200,pareto,c,0.8,8,120,120,1.0,1.0,-0.25976962448828483,64.85833333333333,65.0,73.0,78.62,82,120,1.0,13.075,51.78333333333333,0.798406784016446,0.0,9.833333333333334,0.9949212893553226,93.95,93.95,117.41666666666667,6,6,0.9949100449775115,0.9949475262368817,199,7783,7584,0.9744314531671592
income,income__N200__c0p80__pareto__biased__random,5,2,2026950002,200,pareto,c,0.8,9,120,120,1.0,1.0,-0.2069777006251857,65.36666666666666,65.5,73.0,80.05000000000001,81,120,1.0,12.583333333333334,52.78333333333333,0.8074961754207037,0.0,6.625,0.9949467349658503,93.50833333333334,93.50833333333334,116.81666666666666,10,0,0.9949075462268866,0.9949750124937533,199,7844,7645,0.9746302906680265
income,income__N200__c0p80__pareto__biased__random,5,2,2026950002,200,pareto,c,0.8,10,120,120,1.0,1.0,-0.10094071393270224,64.91666666666667,64.0,74.10000000000001,81.62,84,120,1.0,12.95,51.96666666666667,0.8005134788189987,0.0,7.783333333333333,0.9949259120439783,93.74166666666666,93.74166666666666,117.14166666666667,0,4,0.994992503748126,0.9949725137431285,199,7790,7591,0.9744544287548139
income,income__N200__c0p80__pareto__biased__random,5,3,2026950003,200,pareto,c,0.8,1,120,119,0.9916666666666667,1.0,0.5348237756199854,75.08403361344538,75.0,85.0,91.63999999999999,96,118,0.9915966386554622,36.109243697478995,38.97478991596638,0.519082260772244,0.0,382.1166666666667,0.940994,188.25833333333333,188.25833333333333,228.24166666666667,800,194,0.41012000000000004,0.9805700000000002,191,8935,8744,0.9786233911583659
income,income__N200__c0p80__pareto__biased__random,5,3,2026950003,200,pareto,c,0.8,2,120,120,1.0,1.0,-0.20929609123845702,71.39166666666667,71.0,78.10000000000001,83.0,84,120,1.0,24.016666666666666,47.375,0.663592856309093,0.0,104.69166666666666,0.9858575416666664,110.44166666666666,110.44166666666666,137.95,187,70,0.9806225000000002,0.9888700000000001,196,8567,8371,0.9771215127816039
income,income__N200__c0p80__pareto__biased__random,5,3,2026950003,200,pareto,c,0.8,3,120,120,1.0,1.0,-0.10840864498548777,69.48333333333333,69.0,77.0,82.0,85,120,1.0,20.183333333333334,49.3,0.7095226673063084,0.0,60.041666666666664,0.9911224999999998,104.025,104.025,129.95,74,63,0.9889975000000002,0.9930000000000001,197,8338,8141,0.9763732309906452
income,income__N200__c0p80__pareto__biased__random,5,3,2026950003,200,pareto,c,0.8,4,120,120,1.0,1.0,-0.08424032752895604,67.54166666666667,67.0,75.20000000000002,80.81,82,120,1.0,16.75,50.791666666666664,0.7520049352251696,0.0,32.71666666666667,0.9943232083333334,98.79166666666667,98.79166666666667,123.35833333333333,61,1,0.99312,0.994985,199,8105,7906,0.9754472547809994
income,income__N200__c0p80__pareto__biased__random,5,3,2026950003,200,pareto,c,0.8,5,120,120,1.0,1.0,-0.22637613961407463,65.00833333333334,65.0,73.10000000000001,79.62,81,120,1.0,12.916666666666666,52.09166666666667,0.8013075246763236,0.0,7.625,0.9949268124999995,93.74166666666666,93.74166666666666,117.19166666666666,0,4,0.9949725,0.9949750000000002,199,7801,7602,0.974490449942315
income,income__N200__c0p80__pareto__biased__random,5,3,2026950003,200,pareto,c,0.8,6,120,120,1.0,1.0,-0.19436571869389027,65.19166666666666,65.0,72.10000000000001,81.43,83,120,1.0,12.9,52.291666666666664,0.8021219481017512,0.0,7.133333333333334,0.9949367291666659,93.66666666666667,93.66666666666667,117.01666666666667,8,17,0.9948875000000001,0.9948875000000001,199,7823,7624,0.9745621884187652
income,income__N200__c0p80__pareto__biased__random,5,3,2026950003,200,pareto,c,0.8,7,120,120,1.0,1.0,-0.20444227936276888,65.36666666666666,65.0,72.0,76.81,81,120,1.0,12.9,52.46666666666667,0.8026517083120857,0.0,8.883333333333333,0.9949231666666665,93.89166666666667,93.89166666666667,117.35,3,8,0.9949625000000002,0.9949625000000002,199,7844,7645,0.9746302906680265
income,income__N200__c0p80__pareto__biased__random,5,3,2026950003,200,pareto,c,0.8,8,120,120,1.0,1.0,-0.1517762147321409,64.8,65.5,72.0,78.05000000000001,81,120,1.0,13.208333333333334,51.59166666666667,0.7961676954732511,0.0,7.966666666666667,0.9949222291666665,93.95833333333333,93.95833333333333,117.46666666666667,1,15,0.9949475000000001,0.9949625000000002,199,7776,7577,0.9744084362139918
income,income__N200__c0p80__pareto__biased__random,5,3,2026950003,200,pareto,c,0.8,9,120,120,1.0,1.0,-0.030695887615977597,65.68333333333334,66.0,72.0,75.81,79,120,1.0,12.616666666666667,53.06666666666667,0.8079167723927937,0.0,6.666666666666667,0.9949438333333329,93.525,93.525,116.85833333333333,13,0,0.9949300000000001,0.9949750000000002,199,7882,7683,0.9747526008627252
income,income__N200__c0p80__pareto__biased__random,5,3,2026950003,200,pareto,c,0.8,10,120,120,1.0,1.0,-0.15199093204647274,65.06666666666666,66.0,73.0,77.81,79,120,1.0,13.1,51.96666666666667,0.7986680327868853,0.0,7.208333333333333,0.9949383124999993,93.69166666666666,93.69166666666666,117.10833333333333,0,10,0.9949975000000002,0.9948600000000001,199,7808,7609,0.9745133196721312
income,income__N200__c0p80__pareto__biased__random,5,4,2026950004,200,pareto,c,0.8,1,120,119,0.9916666666666667,1.0,0.5595138167997091,72.50420168067227,72.0,83.0,90.82,93,118,0.9915966386554622,30.092436974789916,42.411764705882355,0.5849559573481687,0.0,211.03333333333333,0.965644109805882,172.81666666666666,172.81666666666666,208.775,800,32,0.43431017245688586,0.9946875781054738,196,8628,8432,0.9772832637923041
income,income__N200__c0p80__pareto__biased__random,5,4,2026950004,200,pareto,c,0.8,2,120,120,1.0,1.0,-0.18604183208524036,65.375,65.5,73.0,77.43,78,120,1.0,13.125,52.25,0.7992351816443595,0.0,8.291666666666666,0.9949286636674164,93.975,93.975,117.35,39,0,0.9947225693576607,0.9949100224943765,199,7845,7646,0.9746335245379223
income,income__N200__c0p80__pareto__biased__random,5,4,2026950004,200,pareto,c,0.8,3,120,120,1.0,1.0,-0.26243614943818044,65.06666666666666,64.0,73.0,77.0,82,120,1.0,12.891666666666667,52.175,0.8018698770491803,0.0,5.933333333333334,0.9949387028242939,93.675,93.675,117.13333333333334,1,3,0.9949625093726568,0.9948875281179705,199,7808,7609,0.9745133196721312
income,income__N200__c0p80__pareto__biased__random,5,4,2026950004,200,pareto,c,0.8,4,120,120,1.0,1.0,-0.06361430947859092,65.85833333333333,66.0,72.10000000000001,78.43,81,120,1.0,13.008333333333333,52.85,0.8024800708591674,0.0,7.933333333333334,0.9949314962925931,93.8,93.8,117.20833333333333,2,13,0.9949475131217196,0.9949100224943765,199,7903,7704,0.9748196887258004
income,income__N200__c0p80__pareto__biased__random,5,4,2026950004,200,pareto,c,0.8,5,120,120,1.0,1.0,-0.26916564886267497,65.45,65.0,74.0,79.81,83,120,1.0,13.033333333333333,52.416666666666664,0.8008658008658008,0.0,7.1,0.9949291427143208,93.55,93.55,117.01666666666667,5,6,0.9949475131217196,0.9949850037490628,199,7854,7655,0.9746625923096511
income,income__N200__c0p80__pareto__biased__random,5,4,2026950004,200,pareto,c,0.8,6,120,120,1.0,1.0,-0.04967624530071796,64.225,65.0,72.0,77.0,79,120,1.0,12.741666666666667,51.483333333333334,0.8016089269495265,0.0,6.975,0.9949364950429058,93.45,93.45,116.75,13,10,0.9949625093726568,0.9948350412396902,199,7707,7508,0.9741793175035682
income,income__N200__c0p80__pareto__biased__random,5,4,2026950004,200,pareto,c,0.8,7,120,120,1.0,1.0,-0.08722715432290518,64.85,65.0,73.0,76.81,78,120,1.0,12.8,52.05,0.8026214340786431,0.0,7.775,0.9949276639173537,93.76666666666667,93.76666666666667,117.23333333333333,15,4,0.9948350412396902,0.9949750062484379,199,7782,7583,0.9744281675661783
income,income__N200__c0p80__pareto__biased__random,5,4,2026950004,200,pareto,c,0.8,8,120,120,1.0,1.0,-0.043269602396141645,65.075,65.0,72.10000000000001,77.62,80,120,1.0,13.075,52.0,0.7990779869381482,0.0,7.633333333333334,0.9949396400899768,93.7,93.7,117.16666666666667,2,12,0.9949300174956262,0.9949300174956262,199,7809,7610,0.9745165834293764
income,income__N200__c0p80__pareto__biased__random,5,4,2026950004,200,pareto,c,0.8,9,120,120,1.0,1.0,-0.3099905016721301,63.90833333333333,64.0,70.0,76.81,77,120,1.0,13.0,50.90833333333333,0.7965836484548181,0.0,8.95,0.9949152920103301,93.93333333333334,93.93333333333334,117.375,15,11,0.9948600349912522,0.9949600099975007,199,7669,7470,0.9740513756682748
income,income__N200__c0p80__pareto__biased__random,5,4,2026950004,200,pareto,c,0.8,10,120,120,1.0,1.0,-0.1568258830944743,64.65,64.0,73.0,77.62,85,120,1.0,12.925,51.725,0.800077339520495,0.0,8.75,0.9949128967758055,93.80833333333334,93.80833333333334,117.28333333333333,5,9,0.9949750062484379,0.9949625093726568,199,7758,7559,0.974349059035834
income,income__N200__c0p80__pareto__biased__random,5,5,2026950005,200,pareto,c,0.8,1,120,120,1.0,1.0,0.5482332586552848,70.94166666666666,70.0,83.0,104.43,105,119,0.9916666666666667,22.3,48.641666666666666,0.6856572301186421,0.0,59.35,0.9864686117372072,139.54166666666666,139.54166666666666,167.1,749,10,0.6686739293764088,0.9946819434009517,198,8513,8315,0.9767414542464466
income,income__N200__c0p80__pareto__biased__random,5,5,2026950005,200,pareto,c,0.8,2,120,120,1.0,1.0,-0.22892203163571442,64.98333333333333,65.0,72.0,78.0,84,120,1.0,13.183333333333334,51.8,0.7971274685816876,0.0,8.9,0.9949119709491605,94.175,94.175,117.675,8,3,0.9948071625344355,0.994962434259955,199,7798,7599,0.9744806360605284
income,income__N200__c0p80__pareto__biased__random,5,5,2026950005,200,pareto,c,0.8,3,120,120,1.0,1.0,-0.08734163806618363,65.78333333333333,65.0,74.0,78.81,80,120,1.0,12.858333333333333,52.925,0.8045350899417278,0.0,6.558333333333334,0.994932652976041,93.275,93.275,116.58333333333333,3,9,0.9949298772852493,0.994909842223892,199,7894,7695,0.9747909804915126
income,income__N200__c0p80__pareto__biased__random,5,5,2026950005,200,pareto,c,0.8,4,120,120,1.0,1.0,0.03960286060902147,64.35,64.0,71.10000000000001,77.0,78,120,1.0,13.175,51.175,0.7952602952602953,0.0,8.491666666666667,0.9949274772518569,93.78333333333333,93.78333333333333,117.275,14,1,0.9949724517906338,0.994962434259955,199,7722,7523,0.9742294742294743
income,income__N200__c0p80__pareto__biased__random,5,5,2026950005,200,pareto,c,0.8,5,120,120,1.0,1.0,-0.07512753316015512,65.55,66.0,72.0,78.43,83,120,1.0,12.85,52.7,0.8039664378337147,0.0,7.941666666666666,0.9949301903330827,93.525,93.525,116.90833333333333,4,3,0.994962434259955,0.994909842223892,199,7866,7667,0.9747012458682939
income,income__N200__c0p80__pareto__biased__random,5,5,2026950005,200,pareto,c,0.8,6,120,120,1.0,1.0,-0.12827640053276884,65.00833333333334,65.0,72.0,75.0,77,120,1.0,12.7,52.30833333333333,0.804640430714011,0.0,7.116666666666666,0.994934030386509,93.21666666666667,93.21666666666667,116.54166666666667,0,6,0.9949298772852493,0.9949474079639371,199,7801,7602,0.974490449942315
income,income__N200__c0p80__pareto__biased__random,5,5,2026950005,200,pareto,c,0.8,7,120,120,1.0,1.0,-0.292517218571497,64.48333333333333,65.0,71.0,76.81,78,120,1.0,13.125,51.358333333333334,0.7964590333419488,0.0,7.808333333333334,0.9949350947491438,93.54166666666667,93.54166666666667,116.91666666666667,6,4,0.9949474079639371,0.9949298772852493,199,7738,7539,0.9742827604032049
income,income__N200__c0p80__pareto__biased__random,5,5,2026950005,200,pareto,c,0.8,8,120,120,1.0,1.0,-0.05028180632151755,65.98333333333333,65.0,73.0,81.24000000000001,86,120,1.0,12.85,53.13333333333333,0.805253851982824,0.0,6.141666666666667,0.9949397904666496,93.25833333333334,93.25833333333334,116.6,2,4,0.9949474079639371,0.9949474079639371,199,7918,7719,0.9748673907552412
income,income__N200__c0p80__pareto__biased__random,5,5,2026950005,200,pareto,c,0.8,9,120,120,1.0,1.0,-0.30664747220386307,65.00833333333334,65.0,73.0,76.81,86,120,1.0,12.916666666666666,52.09166666666667,0.8013075246763236,0.0,6.75,0.9949351364888553,93.325,93.325,116.66666666666667,6,14,0.994962434259955,0.9948347107438018,199,7801,7602,0.974490449942315
income,income__N200__c0p80__pareto__biased__random,5,5,2026950005,200,pareto,c,0.8,10,120,120,1.0,1.0,-0.32952737051053804,65.1,65.0,73.0,78.81,80,120,1.0,13.108333333333333,51.99166666666667,0.7986431131592422,0.0,7.158333333333333,0.9949310877368729,93.61666666666666,93.61666666666666,116.975,3,4,0.9948046581517658,0.9949474079639371,199,7812,7613,0.97452636968766
income,income__N200__c0p80__pareto__biased__random,5,6,2026950006,200,pareto,c,0.8,1,120,119,0.9916666666666667,1.0,0.3930373314499167,72.84033613445378,73.0,85.0,95.09999999999997,97,118,0.9915966386554622,29.45378151260504,43.38655462184874,0.5956391324411628,0.0,212.61666666666667,0.9646012961573736,170.35833333333332,170.35833333333332,205.68333333333334,800,38,0.4457276819204803,0.9902488122030508,197,8668,8471,0.9772727272727273
income,income__N200__c0p80__pareto__biased__random,5,6,2026950006,200,pareto,c,0.8,2,120,120,1.0,1.0,-0.05695567571707521,69.0,69.0,77.0,82.0,84,120,1.0,19.066666666666666,49.93333333333333,0.7236714975845411,0.0,30.633333333333333,0.9918595065433025,101.84166666666667,101.84166666666667,127.28333333333333,38,27,0.9902313078269569,0.9929544886221557,198,8280,8082,0.9760869565217392
income,income__N200__c0p80__pareto__biased__random,5,6,2026950006,200,pareto,c,0.8,3,120,120,1.0,1.0,-0.09661356825811707,67.65833333333333,68.0,74.0,77.81,80,120,1.0,17.083333333333332,50.575,0.7475058504741964,0.0,35.275,0.9937553346670002,99.6,99.6,124.475,24,41,0.9930120030007503,0.9946074018504627,198,8119,7921,0.9756127601921419
income,income__N200__c0p80__pareto__biased__random,5,6,2026950006,200,pareto,c,0.8,4,120,120,1.0,1.0,-0.07441978293622245,64.56666666666666,65.0,71.10000000000001,75.0,75,120,1.0,13.191666666666666,51.375,0.7956892101187403,0.0,19.591666666666665,0.994905997332667,94.14166666666667,94.14166666666667,117.65,41,0,0.9946849212303077,0.9949924981245313,199,7748,7549,0.9743159525038719
income,income__N200__c0p80__pareto__biased__random,5,6,2026950006,200,pareto,c,0.8,5,120,120,1.0,1.0,-0.11825757567587195,64.51666666666667,65.0,71.0,77.24000000000001,84,120,1.0,12.883333333333333,51.63333333333333,0.8003099974166882,0.0,7.375,0.9949364841210304,93.49166666666666,93.49166666666666,116.875,3,8,0.9949624906226557,0.9949474868717181,199,7742,7543,0.9742960475329372
income,income__N200__c0p80__pareto__biased__random,5,6,2026950006,200,pareto,c,0.8,6,120,120,1.0,1.0,-0.12157749245418546,64.35833333333333,64.0,71.10000000000001,76.81,78,120,1.0,12.841666666666667,51.516666666666666,0.800466140100997,0.0,8.7,0.9949293990164211,93.63333333333334,93.63333333333334,116.98333333333333,3,11,0.9948624656164042,0.9949824956239062,199,7723,7524,0.9742328110837757
income,income__N200__c0p80__pareto__biased__random,5,6,2026950006,200,pareto,c,0.8,7,120,120,1.0,1.0,-0.11844012252411665,65.83333333333333,66.0,72.10000000000001,78.81,81,120,1.0,13.008333333333333,52.825,0.8024050632911393,0.0,6.808333333333334,0.9949376094023509,93.64166666666667,93.64166666666667,117.00833333333334,2,2,0.9949924981245313,0.9949474868717181,199,7900,7701,0.9748101265822785
income,income__N200__c0p80__pareto__biased__random,5,6,2026950006,200,pareto,c,0.8,8,120,120,1.0,1.0,-0.1557731945011789,64.5,65.0,71.10000000000001,77.0,78,120,1.0,12.75,51.75,0.8023255813953488,0.0,9.458333333333334,0.994924314411937,93.5,93.5,116.90833333333333,8,1,0.9949099774943737,0.9949749937484371,199,7740,7541,0.9742894056847545
income,income__N200__c0p80__pareto__biased__random,5,6,2026950006,200,pareto,c,0.8,9,120,120,1.0,1.0,-0.12880162470523698,65.36666666666666,65.5,72.0,76.0,78,120,1.0,12.933333333333334,52.43333333333333,0.8021417644059153,0.0,6.508333333333334,0.994942277235976,93.475,93.475,116.83333333333333,2,9,0.9949474868717181,0.9948624656164042,199,7844,7645,0.9746302906680265
income,income__N200__c0p80__pareto__biased__random,5,6,2026950006,200,pareto,c,0.8,10,120,120,1.0,1.0,-0.16389027433977305,64.46666666666667,64.5,72.0,77.81,85,120,1.0,12.8,51.666666666666664,0.8014477766287487,0.0,9.108333333333333,0.9949238976410766,93.725,93.725,117.15,12,12,0.994834958739685,0.9949849962490624,199,7736,7537,0.9742761116856257
income,income__N200__c0p80__pareto__biased__random,5,7,2026950007,200,pareto,c,0.8,1,120,119,0.9916666666666667,1.0,0.4824711118256722,75.66386554621849,76.0,86.0,93.45999999999998,100,118,0.9915966386554622,34.46218487394958,41.20168067226891,0.5445357618836073,0.0,245.80833333333334,0.957991566466266,177.25833333333333,177.25833333333333,214.40833333333333,800,88,0.4576628256513027,0.9904108216432868,194,9004,8810,0.9784540204353621
income,income__N200__c0p80__pareto__biased__random,5,7,2026950007,200,pareto,c,0.8,2,120,120,1.0,1.0,0.10190615359812175,68.91666666666667,70.0,76.10000000000001,83.0,84,120,1.0,18.791666666666668,50.125,0.7273276904474002,0.0,33.81666666666667,0.9936883558784231,101.71666666666667,101.71666666666667,126.99166666666666,89,6,0.9905385771543087,0.994804609218437,199,8270,8071,0.9759371221281741
income,income__N200__c0p80__pareto__biased__random,5,7,2026950007,200,pareto,c,0.8,3,120,120,1.0,1.0,-0.20465840035381078,64.79166666666667,66.0,72.10000000000001,79.62,80,120,1.0,13.075,51.71666666666667,0.7981993569131833,0.0,7.783333333333333,0.9949319681028721,93.49166666666666,93.49166666666666,116.9,3,14,0.9949749498997997,0.9948346693386774,199,7775,7576,0.9744051446945338
income,income__N200__c0p80__pareto__biased__random,5,7,2026950007,200,pareto,c,0.8,4,120,120,1.0,1.0,-0.2945584674550676,65.225,65.5,72.0,76.62,79,120,1.0,13.258333333333333,51.96666666666667,0.7967292704740002,0.0,8.15,0.9949301728456909,93.65,93.65,117.075,4,3,0.9948872745490982,0.9949298597194389,199,7827,7628,0.9745751884502364
income,income__N200__c0p80__pareto__biased__random,5,7,2026950007,200,pareto,c,0.8,5,120,120,1.0,1.0,-0.21267070361184393,65.25833333333334,65.0,73.0,77.62,80,120,1.0,12.95,52.30833333333333,0.8015579108670667,0.0,6.091666666666667,0.9949439295257178,93.43333333333334,93.43333333333334,116.83333333333333,6,2,0.9949473947895793,0.9949298597194389,199,7831,7632,0.9745881752011237
income,income__N200__c0p80__pareto__biased__random,5,7,2026950007,200,pareto,c,0.8,6,120,120,1.0,1.0,-0.26608987754638574,64.96666666666667,65.0,72.0,76.81,77,120,1.0,12.708333333333334,52.25833333333333,0.8043868650590046,0.0,6.233333333333333,0.9949450985303937,93.25833333333334,93.25833333333334,116.6,1,1,0.9949624248496995,0.9949849699398798,199,7796,7597,0.9744740892765521
income,income__N200__c0p80__pareto__biased__random,5,7,2026950007,200,pareto,c,0.8,7,120,120,1.0,1.0,-0.13079735877232526,65.18333333333334,66.0,71.0,76.81,78,120,1.0,13.316666666666666,51.86666666666667,0.7957044234211199,0.0,7.408333333333333,0.9949335128590507,93.96666666666667,93.96666666666667,117.39166666666667,0,8,0.9949098196392787,0.9949473947895793,199,7822,7623,0.9745589363334186
income,income__N200__c0p80__pareto__biased__random,5,7,2026950007,200,pareto,c,0.8,8,120,120,1.0,1.0,-0.14882675435544726,64.96666666666667,66.0,71.10000000000001,78.81,81,120,1.0,12.916666666666666,52.05,0.8011800923550538,0.0,8.25,0.9949291290915163,93.49166666666666,93.49166666666666,116.875,7,3,0.9949098196392787,0.9949473947895793,199,7796,7597,0.9744740892765521
income,income__N200__c0p80__pareto__biased__random,5,7,2026950007,200,pareto,c,0.8,9,120,120,1.0,1.0,-0.007142144739565324,64.94166666666666,65.0,72.0,77.62,79,120,1.0,12.891666666666667,52.05,0.8014885153342743,0.0,7.975,0.9949270207080827,93.5,93.5,116.86666666666666,3,8,0.9949273547094188,0.9949699398797596,199,7793,7594,0.9744642627999487
income,income__N200__c0p80__pareto__biased__random,5,7,2026950007,200,pareto,c,0.8,10,120,120,1.0,1.0,-0.27559106641448733,64.55833333333334,64.0,72.10000000000001,80.05000000000001,86,120,1.0,12.925,51.63333333333333,0.7997934684393959,0.0,8.258333333333333,0.9949239311957243,93.55833333333334,93.55833333333334,116.925,5,6,0.9949273547094188,0.9949624248496995,199,7747,7548,0.9743126371498645
