seed,ended_by_default,periods_completed,time_steps_completed,first_cascade_period,first_cascade_time_steps,last_period_length_steps,max_period_length_steps,total_credit_issued,credit_scale_before_cascade,active_credit_after_cascade,collapse_size,max_collapse_size,total_collapse_size,avalanche_count,collapse_fraction,critical_event,initial_total_money,final_cash_total,final_active_credit,initial_money_gini,final_net_worth_gini,failed_credit_events,total_income_last_period,n_nodes,mean_initial_money,money_distribution,income_distribution_rule,growth_rule,consumption_wealth_propensity,consumption_income_propensity,investment_income_propensity,initial_income_per_capita,income_bias_floor,collapse_threshold_fraction,max_periods,max_time_steps,default_threshold,wipe_defaulted_assets,validate_accounting,period_length_rule,fixed_period_length_steps,avalanche_protocol,default_check_mode,scenario_id,family,run_index,drive_value,events_per_100_periods,avalanche_period_occupancy,one_period_wait_fraction,size_lag1_correlation,mean_duration_generations,mean_weighted_branching_ratio
2026061400,True,240,4320,3,54,18,18,4320,54,642,15,15,1369,223,0.075,False,3621,3621,642,0.5103079259872965,0.8600096658381664,0,112,200,20.0,lognormal,biased,random,0.02,0.2,0.18,5.0,1.0,0.1,240,0,0.0,True,True,fixed,18,continue_after_avalanche,period_end,fixed_k_transition__N-200__fixed-K-18,fixed_k_transition,0,18.0,92.91666666666667,0.9291666666666667,0.963963963963964,0.5611293682116645,1.515695067264574,0.10717064450248306
2026061401,True,240,4320,4,72,18,18,4320,72,1104,13,13,988,221,0.065,False,4165,4165,1104,0.493499399759904,0.8012689075630253,0,127,200,20.0,lognormal,biased,random,0.02,0.2,0.18,5.0,1.0,0.1,240,0,0.0,True,True,fixed,18,continue_after_avalanche,period_end,fixed_k_transition__N-200__fixed-K-18,fixed_k_transition,1,18.0,92.08333333333333,0.9208333333333333,0.9363636363636364,0.39311282077933746,1.3755656108597285,0.09998563527975292
2026061402,True,240,4320,4,72,18,18,4320,72,789,15,15,1230,221,0.075,False,3765,3765,789,0.5275179282868527,0.8520624169986721,0,118,200,20.0,lognormal,biased,random,0.02,0.2,0.18,5.0,1.0,0.1,240,0,0.0,True,True,fixed,18,continue_after_avalanche,period_end,fixed_k_transition__N-200__fixed-K-18,fixed_k_transition,2,18.0,92.08333333333333,0.9208333333333333,0.9590909090909091,0.49165732815625457,1.48868778280543,0.11089354335960672
2026061403,True,240,4320,3,54,18,18,4320,54,1005,15,15,1056,223,0.075,False,4293,4293,1005,0.5404880037269975,0.8700547402748662,0,129,200,20.0,lognormal,biased,random,0.02,0.2,0.18,5.0,1.0,0.1,240,0,0.0,True,True,fixed,18,continue_after_avalanche,period_end,fixed_k_transition__N-200__fixed-K-18,fixed_k_transition,3,18.0,92.91666666666667,0.9291666666666667,0.9414414414414415,0.4912755245400653,1.3677130044843049,0.09066669503889234
2026061404,True,240,4320,1,18,18,18,4320,18,847,16,16,1257,225,0.08,False,3553,3553,847,0.48609203490008457,0.8384703067830004,0,104,200,20.0,lognormal,biased,random,0.02,0.2,0.18,5.0,1.0,0.1,240,0,0.0,True,True,fixed,18,continue_after_avalanche,period_end,fixed_k_transition__N-200__fixed-K-18,fixed_k_transition,4,18.0,93.75,0.9375,0.9508928571428571,0.5686270467270154,1.4666666666666666,0.10821196087862754
2026061405,True,240,4320,4,72,18,18,4320,72,1031,13,13,1102,223,0.065,False,3510,3510,1031,0.4366153846153846,0.7934985754985755,0,105,200,20.0,lognormal,biased,random,0.02,0.2,0.18,5.0,1.0,0.1,240,0,0.0,True,True,fixed,18,continue_after_avalanche,period_end,fixed_k_transition__N-200__fixed-K-18,fixed_k_transition,5,18.0,92.91666666666667,0.9291666666666667,0.9504504504504504,0.5541941210284812,1.4170403587443947,0.1041148189130252
2026061406,True,240,4320,3,54,18,18,4320,54,773,15,15,1280,219,0.075,False,4153,4153,773,0.5372417529496751,0.8641283409583436,0,121,200,20.0,lognormal,biased,random,0.02,0.2,0.18,5.0,1.0,0.1,240,0,0.0,True,True,fixed,18,continue_after_avalanche,period_end,fixed_k_transition__N-200__fixed-K-18,fixed_k_transition,6,18.0,91.25,0.9125,0.963302752293578,0.4531802048083422,1.4429223744292237,0.10545033353252531
2026061407,True,240,4320,1,18,18,18,4320,18,1038,13,13,1250,232,0.065,False,4305,4305,1038,0.5599802555168409,0.837281068524971,0,127,200,20.0,lognormal,biased,random,0.02,0.2,0.18,5.0,1.0,0.1,240,0,0.0,True,True,fixed,18,continue_after_avalanche,period_end,fixed_k_transition__N-200__fixed-K-18,fixed_k_transition,7,18.0,96.66666666666667,0.9666666666666667,0.9783549783549783,0.5071891378319163,1.4267241379310345,0.09779880081604218
2026061408,True,240,4320,2,36,18,18,4320,36,872,15,15,1149,220,0.075,False,4064,4064,872,0.5186195866141734,0.814630905511811,0,121,200,20.0,lognormal,biased,random,0.02,0.2,0.18,5.0,1.0,0.1,240,0,0.0,True,True,fixed,18,continue_after_avalanche,period_end,fixed_k_transition__N-200__fixed-K-18,fixed_k_transition,8,18.0,91.66666666666667,0.9166666666666666,0.9315068493150684,0.5897859875373822,1.45,0.10966083159264976
2026061409,True,240,4320,2,36,18,18,4320,36,653,14,14,1283,228,0.07,False,4442,4442,653,0.5718392615938768,0.8697185952273752,0,132,200,20.0,lognormal,biased,random,0.02,0.2,0.18,5.0,1.0,0.1,240,0,0.0,True,True,fixed,18,continue_after_avalanche,period_end,fixed_k_transition__N-200__fixed-K-18,fixed_k_transition,9,18.0,95.0,0.95,0.960352422907489,0.43467622895937486,1.5350877192982457,0.12002051311261838
2026061410,True,240,4320,9,162,18,18,4320,162,1006,14,14,1155,219,0.07,False,3433,3433,1006,0.4789819399941744,0.8142251674919896,0,107,200,20.0,lognormal,biased,random,0.02,0.2,0.18,5.0,1.0,0.1,240,0,0.0,True,True,fixed,18,continue_after_avalanche,period_end,fixed_k_transition__N-200__fixed-K-18,fixed_k_transition,10,18.0,91.25,0.9125,0.9541284403669725,0.5251788493560444,1.447488584474886,0.09807020731678266
2026061411,True,240,4320,2,36,18,18,4320,36,1230,16,16,1056,216,0.08,False,3977,3977,1230,0.5096995222529546,0.7945297963288913,0,118,200,20.0,lognormal,biased,random,0.02,0.2,0.18,5.0,1.0,0.1,240,0,0.0,True,True,fixed,18,continue_after_avalanche,period_end,fixed_k_transition__N-200__fixed-K-18,fixed_k_transition,11,18.0,90.0,0.9,0.9395348837209302,0.44235859594462296,1.3935185185185186,0.0964616402116402
2026061412,True,240,4320,1,18,18,18,4320,18,767,17,17,1182,223,0.085,False,3660,3660,767,0.47569672131147556,0.8168469945355192,0,111,200,20.0,lognormal,biased,random,0.02,0.2,0.18,5.0,1.0,0.1,240,0,0.0,True,True,fixed,18,continue_after_avalanche,period_end,fixed_k_transition__N-200__fixed-K-18,fixed_k_transition,12,18.0,92.91666666666667,0.9291666666666667,0.9504504504504504,0.516346446027496,1.4035874439461884,0.09278563987084167
2026061413,True,240,4320,3,54,18,18,4320,54,1416,11,11,1016,228,0.055,False,4109,4109,1416,0.5029459722560234,0.793578729617912,0,125,200,20.0,lognormal,biased,random,0.02,0.2,0.18,5.0,1.0,0.1,240,0,0.0,True,True,fixed,18,continue_after_avalanche,period_end,fixed_k_transition__N-200__fixed-K-18,fixed_k_transition,13,18.0,95.0,0.95,0.9647577092511013,0.3980613851091988,1.280701754385965,0.08064605959342801
2026061414,True,240,4320,5,90,18,18,4320,90,804,14,14,1272,228,0.07,False,4258,4258,804,0.5540065758572101,0.8512376702677313,0,123,200,20.0,lognormal,biased,random,0.02,0.2,0.18,5.0,1.0,0.1,240,0,0.0,True,True,fixed,18,continue_after_avalanche,period_end,fixed_k_transition__N-200__fixed-K-18,fixed_k_transition,14,18.0,95.0,0.95,0.9647577092511013,0.5463365408471216,1.4956140350877194,0.11368211466895678
2026061415,True,240,4320,1,18,18,18,4320,18,1092,13,13,1074,221,0.065,False,4771,4771,1092,0.5457042548731923,0.8126860197023686,0,138,200,20.0,lognormal,biased,random,0.02,0.2,0.18,5.0,1.0,0.1,240,0,0.0,True,True,fixed,18,continue_after_avalanche,period_end,fixed_k_transition__N-200__fixed-K-18,fixed_k_transition,15,18.0,92.08333333333333,0.9208333333333333,0.9454545454545454,0.46898805974368674,1.407239819004525,0.11825396825396826
2026061416,True,240,4320,1,18,18,18,4320,18,944,16,16,1125,227,0.08,False,4321,4321,944,0.5469509372830363,0.8672055079842631,0,122,200,20.0,lognormal,biased,random,0.02,0.2,0.18,5.0,1.0,0.1,240,0,0.0,True,True,fixed,18,continue_after_avalanche,period_end,fixed_k_transition__N-200__fixed-K-18,fixed_k_transition,16,18.0,94.58333333333333,0.9458333333333333,0.9513274336283186,0.5322774326223652,1.4140969162995596,0.1091986574365429
2026061417,True,240,4320,4,72,18,18,4320,72,965,16,16,1105,223,0.08,False,3786,3786,965,0.5042366613840465,0.8202826201796092,0,112,200,20.0,lognormal,biased,random,0.02,0.2,0.18,5.0,1.0,0.1,240,0,0.0,True,True,fixed,18,continue_after_avalanche,period_end,fixed_k_transition__N-200__fixed-K-18,fixed_k_transition,17,18.0,92.91666666666667,0.9291666666666667,0.9504504504504504,0.537607423950636,1.4170403587443947,0.10425111759192475
2026061418,True,240,4320,7,126,18,18,4320,126,1016,14,14,1201,223,0.07,False,3926,3926,1016,0.48268976057055535,0.8052394294447276,0,121,200,20.0,lognormal,biased,random,0.02,0.2,0.18,5.0,1.0,0.1,240,0,0.0,True,True,fixed,18,continue_after_avalanche,period_end,fixed_k_transition__N-200__fixed-K-18,fixed_k_transition,18,18.0,92.91666666666667,0.9291666666666667,0.963963963963964,0.5275174444699062,1.4125560538116593,0.0984856573421596
2026061419,True,240,4320,1,18,18,18,4320,18,966,12,12,1171,225,0.06,False,3840,3840,966,0.49793750000000014,0.80096875,0,112,200,20.0,lognormal,biased,random,0.02,0.2,0.18,5.0,1.0,0.1,240,0,0.0,True,True,fixed,18,continue_after_avalanche,period_end,fixed_k_transition__N-200__fixed-K-18,fixed_k_transition,19,18.0,93.75,0.9375,0.9464285714285714,0.4228050657665616,1.4044444444444444,0.10154192720859388
2026071400,True,240,4800,6,120,20,20,4800,120,1202,13,13,1164,228,0.065,False,3890,3890,1202,0.47043187660668395,0.8101388174807198,0,116,200,20.0,lognormal,biased,random,0.02,0.2,0.18,5.0,1.0,0.1,240,0,0.0,True,True,fixed,20,continue_after_avalanche,period_end,fixed_k_transition__N-200__fixed-K-20,fixed_k_transition,0,20.0,95.0,0.95,0.9779735682819384,0.4323568347295602,1.3771929824561404,0.0867726449963292
2026071401,True,240,4800,1,20,20,20,4800,20,993,14,14,1227,228,0.07,False,4111,4111,993,0.4942483580637316,0.821127462904403,0,127,200,20.0,lognormal,biased,random,0.02,0.2,0.18,5.0,1.0,0.1,240,0,0.0,True,True,fixed,20,continue_after_avalanche,period_end,fixed_k_transition__N-200__fixed-K-20,fixed_k_transition,1,20.0,95.0,0.95,0.9559471365638766,0.4445631279431986,1.381578947368421,0.08893648992333202
2026071402,True,240,4800,1,20,20,20,4800,20,862,16,16,1489,230,0.08,False,4665,4665,862,0.5850964630225082,0.8796237942122187,0,132,200,20.0,lognormal,biased,random,0.02,0.2,0.18,5.0,1.0,0.1,240,0,0.0,True,True,fixed,20,continue_after_avalanche,period_end,fixed_k_transition__N-200__fixed-K-20,fixed_k_transition,2,20.0,95.83333333333333,0.9583333333333334,0.9606986899563319,0.5756579812587017,1.5260869565217392,0.10899052638183071
2026071403,True,240,4800,2,40,20,20,4800,40,699,17,17,1654,230,0.085,False,3860,3860,699,0.5194222797927461,0.8539093264248705,0,119,200,20.0,lognormal,biased,random,0.02,0.2,0.18,5.0,1.0,0.1,240,0,0.0,True,True,fixed,20,continue_after_avalanche,period_end,fixed_k_transition__N-200__fixed-K-20,fixed_k_transition,3,20.0,95.83333333333333,0.9583333333333334,0.9694323144104804,0.6075420094905493,1.5217391304347827,0.11209104301495605
2026071404,True,240,4800,1,20,20,20,4800,20,864,15,15,1258,225,0.075,False,3836,3836,864,0.48308394160583945,0.841055787278415,0,117,200,20.0,lognormal,biased,random,0.02,0.2,0.18,5.0,1.0,0.1,240,0,0.0,True,True,fixed,20,continue_after_avalanche,period_end,fixed_k_transition__N-200__fixed-K-20,fixed_k_transition,4,20.0,93.75,0.9375,0.9464285714285714,0.5427627370560791,1.4355555555555555,0.10961391694725027
2026071405,True,240,4800,1,20,20,20,4800,20,865,16,16,1610,230,0.08,False,4187,4187,865,0.5290458562216385,0.8526689754000478,0,127,200,20.0,lognormal,biased,random,0.02,0.2,0.18,5.0,1.0,0.1,240,0,0.0,True,True,fixed,20,continue_after_avalanche,period_end,fixed_k_transition__N-200__fixed-K-20,fixed_k_transition,5,20.0,95.83333333333333,0.9583333333333334,0.9650655021834061,0.6638091845370454,1.5782608695652174,0.11971374036591426
2026071406,True,240,4800,2,40,20,20,4800,40,898,14,14,1251,226,0.07,False,4227,4227,898,0.5119576531819259,0.829345871776674,0,131,200,20.0,lognormal,biased,random,0.02,0.2,0.18,5.0,1.0,0.1,240,0,0.0,True,True,fixed,20,continue_after_avalanche,period_end,fixed_k_transition__N-200__fixed-K-20,fixed_k_transition,6,20.0,94.16666666666667,0.9416666666666667,0.9644444444444444,0.6137520052828923,1.3495575221238938,0.0835582436246153
2026071407,True,240,4800,3,60,20,20,4800,60,962,17,17,1429,230,0.085,False,3383,3383,962,0.4841664203369791,0.8320440437481527,0,109,200,20.0,lognormal,biased,random,0.02,0.2,0.18,5.0,1.0,0.1,240,0,0.0,True,True,fixed,20,continue_after_avalanche,period_end,fixed_k_transition__N-200__fixed-K-20,fixed_k_transition,7,20.0,95.83333333333333,0.9583333333333334,0.9650655021834061,0.5932409903077432,1.565217391304348,0.11097415265893525
2026071408,True,240,4800,5,100,20,20,4800,100,902,18,18,1383,227,0.09,False,4177,4177,902,0.5387275556619584,0.8586413694038786,0,128,200,20.0,lognormal,biased,random,0.02,0.2,0.18,5.0,1.0,0.1,240,0,0.0,True,True,fixed,20,continue_after_avalanche,period_end,fixed_k_transition__N-200__fixed-K-20,fixed_k_transition,8,20.0,94.58333333333333,0.9458333333333333,0.9734513274336283,0.5974839766401303,1.475770925110132,0.10323138682169519
2026071409,True,240,4800,4,80,20,20,4800,80,1304,14,14,1252,227,0.07,False,4280,4280,1304,0.503801401869159,0.8142266355140189,0,137,200,20.0,lognormal,biased,random,0.02,0.2,0.18,5.0,1.0,0.1,240,0,0.0,True,True,fixed,20,continue_after_avalanche,period_end,fixed_k_transition__N-200__fixed-K-20,fixed_k_transition,9,20.0,94.58333333333333,0.9458333333333333,0.9690265486725663,0.5672297453021616,1.3744493392070485,0.08451459211371105
2026071410,True,240,4800,1,20,20,20,4800,20,729,17,17,1595,232,0.085,False,3697,3697,729,0.521754124966189,0.8673776034622669,0,109,200,20.0,lognormal,biased,random,0.02,0.2,0.18,5.0,1.0,0.1,240,0,0.0,True,True,fixed,20,continue_after_avalanche,period_end,fixed_k_transition__N-200__fixed-K-20,fixed_k_transition,10,20.0,96.66666666666667,0.9666666666666667,0.9653679653679653,0.6207264012194235,1.6551724137931034,0.11808820968303725
2026071411,True,240,4800,1,20,20,20,4800,20,968,15,15,1348,230,0.075,False,3700,3700,968,0.486418918918919,0.8406297297297298,0,113,200,20.0,lognormal,biased,random,0.02,0.2,0.18,5.0,1.0,0.1,240,0,0.0,True,True,fixed,20,continue_after_avalanche,period_end,fixed_k_transition__N-200__fixed-K-20,fixed_k_transition,11,20.0,95.83333333333333,0.9583333333333334,0.9606986899563319,0.5779277707778191,1.4304347826086956,0.09964419638332682
2026071412,True,240,4800,2,40,20,20,4800,40,763,17,17,1540,227,0.085,False,4158,4158,763,0.5178956228956231,0.8774458874458875,0,121,200,20.0,lognormal,biased,random,0.02,0.2,0.18,5.0,1.0,0.1,240,0,0.0,True,True,fixed,20,continue_after_avalanche,period_end,fixed_k_transition__N-200__fixed-K-20,fixed_k_transition,12,20.0,94.58333333333333,0.9458333333333333,0.9601769911504425,0.5897679905677061,1.5814977973568283,0.12394357967045191
2026071413,True,240,4800,2,40,20,20,4800,40,1482,17,17,1145,229,0.085,False,4007,4007,1482,0.46471799351135523,0.766157973546294,0,123,200,20.0,lognormal,biased,random,0.02,0.2,0.18,5.0,1.0,0.1,240,0,0.0,True,True,fixed,20,continue_after_avalanche,period_end,fixed_k_transition__N-200__fixed-K-20,fixed_k_transition,13,20.0,95.41666666666667,0.9541666666666667,0.9605263157894737,0.37761916964218933,1.314410480349345,0.0747618102421596
2026071414,True,240,4800,2,40,20,20,4800,40,899,17,17,1574,227,0.085,False,4239,4239,899,0.5545329087048834,0.8613670677046474,0,131,200,20.0,lognormal,biased,random,0.02,0.2,0.18,5.0,1.0,0.1,240,0,0.0,True,True,fixed,20,continue_after_avalanche,period_end,fixed_k_transition__N-200__fixed-K-20,fixed_k_transition,14,20.0,94.58333333333333,0.9458333333333333,0.9734513274336283,0.6169318631046079,1.6343612334801763,0.13687773313323975
2026071415,True,240,4800,2,40,20,20,4800,40,958,15,15,1432,233,0.075,False,3743,3743,958,0.5031993053700241,0.8467926796687151,0,115,200,20.0,lognormal,biased,random,0.02,0.2,0.18,5.0,1.0,0.1,240,0,0.0,True,True,fixed,20,continue_after_avalanche,period_end,fixed_k_transition__N-200__fixed-K-20,fixed_k_transition,15,20.0,97.08333333333333,0.9708333333333333,0.978448275862069,0.5170937909907218,1.4163090128755365,0.09039087998315466
2026071416,True,240,4800,2,40,20,20,4800,40,947,17,17,1278,226,0.085,False,4173,4173,947,0.5084531512101607,0.8513359693266236,0,125,200,20.0,lognormal,biased,random,0.02,0.2,0.18,5.0,1.0,0.1,240,0,0.0,True,True,fixed,20,continue_after_avalanche,period_end,fixed_k_transition__N-200__fixed-K-20,fixed_k_transition,16,20.0,94.16666666666667,0.9416666666666667,0.9688888888888889,0.5343075370443695,1.4513274336283186,0.10387535276915807
2026071417,True,240,4800,3,60,20,20,4800,60,1127,16,16,1300,221,0.08,False,3753,3753,1127,0.5006648014921398,0.8426258992805757,0,119,200,20.0,lognormal,biased,random,0.02,0.2,0.18,5.0,1.0,0.1,240,0,0.0,True,True,fixed,20,continue_after_avalanche,period_end,fixed_k_transition__N-200__fixed-K-20,fixed_k_transition,17,20.0,92.08333333333333,0.9208333333333333,0.9590909090909091,0.5468787995577897,1.48868778280543,0.10904284252700541
2026071418,True,240,4800,2,40,20,20,4800,40,601,19,19,1736,233,0.095,False,3509,3509,601,0.544504132231405,0.8813664861783985,0,105,200,20.0,lognormal,biased,random,0.02,0.2,0.18,5.0,1.0,0.1,240,0,0.0,True,True,fixed,20,continue_after_avalanche,period_end,fixed_k_transition__N-200__fixed-K-20,fixed_k_transition,18,20.0,97.08333333333333,0.9708333333333333,0.9741379310344828,0.6931484567077869,1.6051502145922747,0.11996155966113047
2026071419,True,240,4800,2,40,20,20,4800,40,1107,17,17,1346,228,0.085,False,4282,4282,1107,0.523881363848669,0.83387435777674,0,133,200,20.0,lognormal,biased,random,0.02,0.2,0.18,5.0,1.0,0.1,240,0,0.0,True,True,fixed,20,continue_after_avalanche,period_end,fixed_k_transition__N-200__fixed-K-20,fixed_k_transition,19,20.0,95.0,0.95,0.9647577092511013,0.5965916262092609,1.4736842105263157,0.09608629674419147
2026081400,True,240,5280,4,88,22,22,5280,88,811,17,17,1847,235,0.085,False,4585,4585,811,0.553826608505998,0.8886052344601965,0,131,200,20.0,lognormal,biased,random,0.02,0.2,0.18,5.0,1.0,0.1,240,0,0.0,True,True,fixed,22,continue_after_avalanche,period_end,fixed_k_transition__N-200__fixed-K-22,fixed_k_transition,0,22.0,97.91666666666667,0.9791666666666666,0.9914529914529915,0.6931133713627873,1.625531914893617,0.10968833176279984
2026081401,True,240,5280,5,110,22,22,5280,110,698,18,18,1779,230,0.09,False,3979,3979,698,0.5479479768786129,0.886035436039206,0,122,200,20.0,lognormal,biased,random,0.02,0.2,0.18,5.0,1.0,0.1,240,0,0.0,True,True,fixed,22,continue_after_avalanche,period_end,fixed_k_transition__N-200__fixed-K-22,fixed_k_transition,1,22.0,95.83333333333333,0.9583333333333334,0.982532751091703,0.6576424336059464,1.6478260869565218,0.12982033666816273
2026081402,True,240,5280,3,66,22,22,5280,66,1049,18,18,1427,224,0.09,False,3914,3914,1049,0.46277210015329606,0.8235743484925908,0,125,200,20.0,lognormal,biased,random,0.02,0.2,0.18,5.0,1.0,0.1,240,0,0.0,True,True,fixed,22,continue_after_avalanche,period_end,fixed_k_transition__N-200__fixed-K-22,fixed_k_transition,2,22.0,93.33333333333333,0.9333333333333333,0.9461883408071748,0.6371666727916743,1.4508928571428572,0.0948315026768283
2026081403,True,240,5280,2,44,22,22,5280,44,812,18,18,1689,222,0.09,False,3656,3656,812,0.4806865426695843,0.8581974835886215,0,116,200,20.0,lognormal,biased,random,0.02,0.2,0.18,5.0,1.0,0.1,240,0,0.0,True,True,fixed,22,continue_after_avalanche,period_end,fixed_k_transition__N-200__fixed-K-22,fixed_k_transition,3,22.0,92.5,0.925,0.9638009049773756,0.6977786603652613,1.6711711711711712,0.12327135415370709
2026081404,True,240,5280,2,44,22,22,5280,44,888,17,17,1643,234,0.085,False,4239,4239,888,0.5155590941259731,0.8735303137532437,0,131,200,20.0,lognormal,biased,random,0.02,0.2,0.18,5.0,1.0,0.1,240,0,0.0,True,True,fixed,22,continue_after_avalanche,period_end,fixed_k_transition__N-200__fixed-K-22,fixed_k_transition,4,22.0,97.5,0.975,0.9828326180257511,0.5810121939931158,1.4871794871794872,0.09532489115822447
2026081405,True,240,5280,1,22,22,22,5280,22,831,19,19,1613,226,0.095,False,4387,4387,831,0.5344346934123547,0.8788226578527469,0,142,200,20.0,lognormal,biased,random,0.02,0.2,0.18,5.0,1.0,0.1,240,0,0.0,True,True,fixed,22,continue_after_avalanche,period_end,fixed_k_transition__N-200__fixed-K-22,fixed_k_transition,5,22.0,94.16666666666667,0.9416666666666667,0.9511111111111111,0.649458758738513,1.5486725663716814,0.11034697343260591
2026081406,True,240,5280,3,66,22,22,5280,66,825,18,18,1780,232,0.09,False,3891,3891,825,0.518639167309175,0.8581971215625803,0,123,200,20.0,lognormal,biased,random,0.02,0.2,0.18,5.0,1.0,0.1,240,0,0.0,True,True,fixed,22,continue_after_avalanche,period_end,fixed_k_transition__N-200__fixed-K-22,fixed_k_transition,6,22.0,96.66666666666667,0.9666666666666667,0.9826839826839827,0.6509654373181901,1.625,0.1220514638618087
2026081407,True,240,5280,2,44,22,22,5280,44,901,16,16,1643,227,0.08,False,4590,4590,901,0.5512875816993466,0.8910021786492375,0,148,200,20.0,lognormal,biased,random,0.02,0.2,0.18,5.0,1.0,0.1,240,0,0.0,True,True,fixed,22,continue_after_avalanche,period_end,fixed_k_transition__N-200__fixed-K-22,fixed_k_transition,7,22.0,94.58333333333333,0.9458333333333333,0.9734513274336283,0.6194376859908658,1.5638766519823788,0.1069036445688428
2026081408,True,240,5280,6,132,22,22,5280,132,777,18,18,1667,232,0.09,False,3389,3389,777,0.5077854824431987,0.9002847447624669,0,109,200,20.0,lognormal,biased,random,0.02,0.2,0.18,5.0,1.0,0.1,240,0,0.0,True,True,fixed,22,continue_after_avalanche,period_end,fixed_k_transition__N-200__fixed-K-22,fixed_k_transition,8,22.0,96.66666666666667,0.9666666666666667,0.987012987012987,0.640629278411389,1.5775862068965518,0.11445605998407722
2026081409,True,240,5280,3,66,22,22,5280,66,1043,18,18,1383,227,0.09,False,4124,4124,1043,0.47900581959262856,0.8316391852570322,0,122,200,20.0,lognormal,biased,random,0.02,0.2,0.18,5.0,1.0,0.1,240,0,0.0,True,True,fixed,22,continue_after_avalanche,period_end,fixed_k_transition__N-200__fixed-K-22,fixed_k_transition,9,22.0,94.58333333333333,0.9458333333333333,0.9557522123893806,0.5746374362937204,1.4581497797356828,0.09759291412569465
2026081410,True,240,5280,1,22,22,22,5280,22,795,16,16,1707,230,0.08,False,4197,4197,795,0.516215153681201,0.8680950679056469,0,130,200,20.0,lognormal,biased,random,0.02,0.2,0.18,5.0,1.0,0.1,240,0,0.0,True,True,fixed,22,continue_after_avalanche,period_end,fixed_k_transition__N-200__fixed-K-22,fixed_k_transition,10,22.0,95.83333333333333,0.9583333333333334,0.9694323144104804,0.6989696319029309,1.5521739130434782,0.09398877692355954
2026081411,True,240,5280,3,66,22,22,5280,66,947,18,18,1635,234,0.09,False,3529,3529,947,0.4548696514593371,0.8201459336922643,0,120,200,20.0,lognormal,biased,random,0.02,0.2,0.18,5.0,1.0,0.1,240,0,0.0,True,True,fixed,22,continue_after_avalanche,period_end,fixed_k_transition__N-200__fixed-K-22,fixed_k_transition,11,22.0,97.5,0.975,0.9871244635193133,0.6030299862381814,1.5384615384615385,0.10315515722755542
2026081412,True,240,5280,1,22,22,22,5280,22,671,20,20,1749,231,0.1,True,4020,4020,671,0.5114179104477612,0.8837761194029852,0,125,200,20.0,lognormal,biased,random,0.02,0.2,0.18,5.0,1.0,0.1,240,0,0.0,True,True,fixed,22,continue_after_avalanche,period_end,fixed_k_transition__N-200__fixed-K-22,fixed_k_transition,12,22.0,96.25,0.9625,0.9739130434782609,0.6351406076521471,1.6666666666666667,0.12243034837874207
2026081413,True,240,5280,2,44,22,22,5280,44,940,16,16,1644,236,0.08,False,4382,4382,940,0.535741670470105,0.8831104518484711,0,128,200,20.0,lognormal,biased,random,0.02,0.2,0.18,5.0,1.0,0.1,240,0,0.0,True,True,fixed,22,continue_after_avalanche,period_end,fixed_k_transition__N-200__fixed-K-22,fixed_k_transition,13,22.0,98.33333333333333,0.9833333333333333,0.9872340425531915,0.6722641798570069,1.5127118644067796,0.11184068991272382
2026081414,True,240,5280,2,44,22,22,5280,44,812,17,17,1832,228,0.085,False,3916,3916,812,0.5277630234933606,0.8764427987742596,0,120,200,20.0,lognormal,biased,random,0.02,0.2,0.18,5.0,1.0,0.1,240,0,0.0,True,True,fixed,22,continue_after_avalanche,period_end,fixed_k_transition__N-200__fixed-K-22,fixed_k_transition,14,22.0,95.0,0.95,0.960352422907489,0.6379652123862692,1.706140350877193,0.11917213512608249
2026081415,True,240,5280,4,88,22,22,5280,88,624,21,21,1789,226,0.105,True,3487,3487,624,0.48965443074275883,0.8922153713794094,0,108,200,20.0,lognormal,biased,random,0.02,0.2,0.18,5.0,1.0,0.1,240,0,0.0,True,True,fixed,22,continue_after_avalanche,period_end,fixed_k_transition__N-200__fixed-K-22,fixed_k_transition,15,22.0,94.16666666666667,0.9416666666666667,0.96,0.700260748748603,1.654867256637168,0.1265762568306816
2026081416,True,240,5280,3,66,22,22,5280,66,849,21,21,1657,231,0.105,True,3655,3655,849,0.4713337893296854,0.8715471956224352,0,118,200,20.0,lognormal,biased,random,0.02,0.2,0.18,5.0,1.0,0.1,240,0,0.0,True,True,fixed,22,continue_after_avalanche,period_end,fixed_k_transition__N-200__fixed-K-22,fixed_k_transition,16,22.0,96.25,0.9625,0.9782608695652174,0.6311377995977546,1.5064935064935066,0.10082497009540552
2026081417,True,240,5280,2,44,22,22,5280,44,633,20,20,1996,231,0.1,True,3535,3535,633,0.5098458274398869,0.8741966053748234,0,108,200,20.0,lognormal,biased,random,0.02,0.2,0.18,5.0,1.0,0.1,240,0,0.0,True,True,fixed,22,continue_after_avalanche,period_end,fixed_k_transition__N-200__fixed-K-22,fixed_k_transition,17,22.0,96.25,0.9625,0.9652173913043478,0.6045320655756112,1.7186147186147187,0.1220427840371751
2026081418,True,240,5280,2,44,22,22,5280,44,946,20,20,1653,231,0.1,True,4012,4012,946,0.4904985044865404,0.8262113659022932,0,124,200,20.0,lognormal,biased,random,0.02,0.2,0.18,5.0,1.0,0.1,240,0,0.0,True,True,fixed,22,continue_after_avalanche,period_end,fixed_k_transition__N-200__fixed-K-22,fixed_k_transition,18,22.0,96.25,0.9625,0.9695652173913043,0.6329746687617858,1.4632034632034632,0.09340169210299082
2026081419,True,240,5280,1,22,22,22,5280,22,676,16,16,1747,233,0.08,False,4005,4005,676,0.5360686641697878,0.8990299625468166,0,120,200,20.0,lognormal,biased,random,0.02,0.2,0.18,5.0,1.0,0.1,240,0,0.0,True,True,fixed,22,continue_after_avalanche,period_end,fixed_k_transition__N-200__fixed-K-22,fixed_k_transition,19,22.0,97.08333333333333,0.9708333333333333,0.978448275862069,0.6764123606039583,1.6180257510729614,0.11463043394373866
2026091400,True,240,5760,1,24,24,24,5760,24,741,21,21,1893,229,0.105,True,4183,4183,741,0.525119531436768,0.8962742051159456,0,134,200,20.0,lognormal,biased,random,0.02,0.2,0.18,5.0,1.0,0.1,240,0,0.0,True,True,fixed,24,continue_after_avalanche,period_end,fixed_k_transition__N-200__fixed-K-24,fixed_k_transition,0,24.0,95.41666666666667,0.9541666666666667,0.9605263157894737,0.7063183823676801,1.6157205240174672,0.11605664435744065
2026091401,True,240,5760,2,48,24,24,5760,48,1047,20,20,1871,227,0.1,True,4533,4533,1047,0.5329947054930511,0.8889797043900287,0,134,200,20.0,lognormal,biased,random,0.02,0.2,0.18,5.0,1.0,0.1,240,0,0.0,True,True,fixed,24,continue_after_avalanche,period_end,fixed_k_transition__N-200__fixed-K-24,fixed_k_transition,1,24.0,94.58333333333333,0.9458333333333333,0.9646017699115044,0.5996782253765515,1.6651982378854626,0.12725275861451038
2026091402,True,240,5760,2,48,24,24,5760,48,660,21,21,2151,230,0.105,True,3899,3899,660,0.5110348807386511,0.8896858168761221,0,119,200,20.0,lognormal,biased,random,0.02,0.2,0.18,5.0,1.0,0.1,240,0,0.0,True,True,fixed,24,continue_after_avalanche,period_end,fixed_k_transition__N-200__fixed-K-24,fixed_k_transition,2,24.0,95.83333333333333,0.9583333333333334,0.9694323144104804,0.726639584188747,1.7565217391304349,0.13427830939121152
2026091403,True,240,5760,2,48,24,24,5760,48,675,23,23,2016,227,0.115,True,4137,4137,675,0.5137962291515592,0.8911034566110709,0,132,200,20.0,lognormal,biased,random,0.02,0.2,0.18,5.0,1.0,0.1,240,0,0.0,True,True,fixed,24,continue_after_avalanche,period_end,fixed_k_transition__N-200__fixed-K-24,fixed_k_transition,3,24.0,94.58333333333333,0.9458333333333333,0.9690265486725663,0.7478541943315811,1.7621145374449338,0.13046215382022994
2026091404,True,240,5760,1,24,24,24,5760,24,599,21,21,2097,236,0.105,True,4236,4236,599,0.561909820585458,0.9316949952785647,0,128,200,20.0,lognormal,biased,random,0.02,0.2,0.18,5.0,1.0,0.1,240,0,0.0,True,True,fixed,24,continue_after_avalanche,period_end,fixed_k_transition__N-200__fixed-K-24,fixed_k_transition,4,24.0,98.33333333333333,0.9833333333333333,0.9829787234042553,0.6260140861807513,1.7754237288135593,0.14105271494042682
2026091405,True,240,5760,3,72,24,24,5760,72,908,20,20,1899,230,0.1,True,4286,4286,908,0.505788614092394,0.8589640690620626,0,130,200,20.0,lognormal,biased,random,0.02,0.2,0.18,5.0,1.0,0.1,240,0,0.0,True,True,fixed,24,continue_after_avalanche,period_end,fixed_k_transition__N-200__fixed-K-24,fixed_k_transition,5,24.0,95.83333333333333,0.9583333333333334,0.9781659388646288,0.6390056280969396,1.6,0.11099434488500984
2026091406,True,240,5760,2,48,24,24,5760,48,741,20,20,2063,231,0.1,True,4080,4080,741,0.5154583333333334,0.9145196078431375,0,123,200,20.0,lognormal,biased,random,0.02,0.2,0.18,5.0,1.0,0.1,240,0,0.0,True,True,fixed,24,continue_after_avalanche,period_end,fixed_k_transition__N-200__fixed-K-24,fixed_k_transition,6,24.0,96.25,0.9625,0.9695652173913043,0.7111466772061786,1.696969696969697,0.11493050812187558
2026091407,True,240,5760,1,24,24,24,5760,24,958,18,18,1880,232,0.09,False,4190,4190,958,0.5129069212410502,0.8662625298329356,0,129,200,20.0,lognormal,biased,random,0.02,0.2,0.18,5.0,1.0,0.1,240,0,0.0,True,True,fixed,24,continue_after_avalanche,period_end,fixed_k_transition__N-200__fixed-K-24,fixed_k_transition,7,24.0,96.66666666666667,0.9666666666666667,0.9826839826839827,0.707297481069991,1.6508620689655173,0.11219484397729834
2026091408,True,240,5760,1,24,24,24,5760,24,745,18,18,2135,233,0.09,False,4613,4613,745,0.5530186429655324,0.8730576631259486,0,139,200,20.0,lognormal,biased,random,0.02,0.2,0.18,5.0,1.0,0.1,240,0,0.0,True,True,fixed,24,continue_after_avalanche,period_end,fixed_k_transition__N-200__fixed-K-24,fixed_k_transition,8,24.0,97.08333333333333,0.9708333333333333,0.9827586206896551,0.7393571695875771,1.7081545064377683,0.11695352495971027
2026091409,True,240,5760,1,24,24,24,5760,24,1022,18,18,1763,231,0.09,False,4688,4688,1022,0.5139419795221845,0.8503924914675769,0,143,200,20.0,lognormal,biased,random,0.02,0.2,0.18,5.0,1.0,0.1,240,0,0.0,True,True,fixed,24,continue_after_avalanche,period_end,fixed_k_transition__N-200__fixed-K-24,fixed_k_transition,9,24.0,96.25,0.9625,0.9826086956521739,0.696063451652829,1.5194805194805194,0.09750866017099782
2026091410,True,240,5760,2,48,24,24,5760,48,944,19,19,1949,237,0.095,False,3903,3903,944,0.533116833205227,0.8867858057904177,0,132,200,20.0,lognormal,biased,random,0.02,0.2,0.18,5.0,1.0,0.1,240,0,0.0,True,True,fixed,24,continue_after_avalanche,period_end,fixed_k_transition__N-200__fixed-K-24,fixed_k_transition,10,24.0,98.75,0.9875,0.9915254237288136,0.5603347137431318,1.5822784810126582,0.09883643665289234
2026091411,True,240,5760,3,72,24,24,5760,72,762,22,22,2113,230,0.11,True,3531,3531,762,0.47874398187482314,0.8521877655055226,0,116,200,20.0,lognormal,biased,random,0.02,0.2,0.18,5.0,1.0,0.1,240,0,0.0,True,True,fixed,24,continue_after_avalanche,period_end,fixed_k_transition__N-200__fixed-K-24,fixed_k_transition,11,24.0,95.83333333333333,0.9583333333333334,0.9694323144104804,0.700152076424067,1.7521739130434784,0.12332104069484605
2026091412,True,240,5760,7,168,24,24,5760,168,749,24,24,2109,230,0.12,True,3705,3705,749,0.49166396761133613,0.8919797570850203,0,121,200,20.0,lognormal,biased,random,0.02,0.2,0.18,5.0,1.0,0.1,240,0,0.0,True,True,fixed,24,continue_after_avalanche,period_end,fixed_k_transition__N-200__fixed-K-24,fixed_k_transition,12,24.0,95.83333333333333,0.9583333333333334,0.982532751091703,0.6545906698994196,1.7217391304347827,0.12141118958324006
2026091413,True,240,5760,4,96,24,24,5760,96,1094,17,17,1740,225,0.085,False,4553,4553,1094,0.5012530199868219,0.8570491983307711,0,140,200,20.0,lognormal,biased,random,0.02,0.2,0.18,5.0,1.0,0.1,240,0,0.0,True,True,fixed,24,continue_after_avalanche,period_end,fixed_k_transition__N-200__fixed-K-24,fixed_k_transition,13,24.0,93.75,0.9375,0.9776785714285714,0.6170975619037916,1.5777777777777777,0.1014973914973915
2026091414,True,240,5760,2,48,24,24,5760,48,528,20,20,2253,233,0.1,True,3874,3874,528,0.5303975219411463,0.8946282911719154,0,127,200,20.0,lognormal,biased,random,0.02,0.2,0.18,5.0,1.0,0.1,240,0,0.0,True,True,fixed,24,continue_after_avalanche,period_end,fixed_k_transition__N-200__fixed-K-24,fixed_k_transition,14,24.0,97.08333333333333,0.9708333333333333,0.9956896551724138,0.7030398016599215,1.832618025751073,0.14394196977426224
2026091415,True,240,5760,4,96,24,24,5760,96,791,19,19,1994,230,0.095,False,3915,3915,791,0.4975644955300129,0.8624687100894,0,121,200,20.0,lognormal,biased,random,0.02,0.2,0.18,5.0,1.0,0.1,240,0,0.0,True,True,fixed,24,continue_after_avalanche,period_end,fixed_k_transition__N-200__fixed-K-24,fixed_k_transition,15,24.0,95.83333333333333,0.9583333333333334,0.9781659388646288,0.6534059991099086,1.6347826086956523,0.10344954065542299
2026091416,True,240,5760,2,48,24,24,5760,48,898,20,20,1953,234,0.1,True,4198,4198,898,0.5260647927584565,0.8825559790376372,0,131,200,20.0,lognormal,biased,random,0.02,0.2,0.18,5.0,1.0,0.1,240,0,0.0,True,True,fixed,24,continue_after_avalanche,period_end,fixed_k_transition__N-200__fixed-K-24,fixed_k_transition,16,24.0,97.5,0.975,0.9785407725321889,0.6616104964370362,1.7307692307692308,0.12238392548386992
2026091417,True,240,5760,2,48,24,24,5760,48,579,22,22,2146,232,0.11,True,3504,3504,579,0.5026284246575343,0.8956278538812787,0,118,200,20.0,lognormal,biased,random,0.02,0.2,0.18,5.0,1.0,0.1,240,0,0.0,True,True,fixed,24,continue_after_avalanche,period_end,fixed_k_transition__N-200__fixed-K-24,fixed_k_transition,17,24.0,96.66666666666667,0.9666666666666667,0.987012987012987,0.7260311006709799,1.8103448275862069,0.14143997729507363
2026091418,True,240,5760,1,24,24,24,5760,24,1041,20,20,1999,235,0.1,True,4500,4500,1041,0.5344266666666668,0.8572466666666667,0,129,200,20.0,lognormal,biased,random,0.02,0.2,0.18,5.0,1.0,0.1,240,0,0.0,True,True,fixed,24,continue_after_avalanche,period_end,fixed_k_transition__N-200__fixed-K-24,fixed_k_transition,18,24.0,97.91666666666667,0.9791666666666666,0.9829059829059829,0.6354734377218118,1.646808510638298,0.11483454419311742
2026091419,True,240,5760,4,96,24,24,5760,96,1059,17,17,1826,229,0.085,False,4409,4409,1059,0.5021354048537083,0.8596926740757542,0,137,200,20.0,lognormal,biased,random,0.02,0.2,0.18,5.0,1.0,0.1,240,0,0.0,True,True,fixed,24,continue_after_avalanche,period_end,fixed_k_transition__N-200__fixed-K-24,fixed_k_transition,19,24.0,95.41666666666667,0.9541666666666667,0.9824561403508771,0.666518914124903,1.6462882096069869,0.12599339646282878
2026101400,True,240,6240,4,104,26,26,6240,104,692,24,24,2469,236,0.12,True,3347,3347,692,0.48573797430534826,0.8877576934568272,0,109,200,20.0,lognormal,biased,random,0.02,0.2,0.18,5.0,1.0,0.1,240,0,0.0,True,True,fixed,26,continue_after_avalanche,period_end,fixed_k_transition__N-200__fixed-K-26,fixed_k_transition,0,26.0,98.33333333333333,0.9833333333333333,0.9957446808510638,0.6992763701216471,1.7669491525423728,0.13419721726592446
2026101401,True,240,6240,2,52,26,26,6240,52,476,23,23,2635,236,0.115,True,4206,4206,476,0.568635282929149,0.9280337612933904,0,131,200,20.0,lognormal,biased,random,0.02,0.2,0.18,5.0,1.0,0.1,240,0,0.0,True,True,fixed,26,continue_after_avalanche,period_end,fixed_k_transition__N-200__fixed-K-26,fixed_k_transition,1,26.0,98.33333333333333,0.9833333333333333,0.9872340425531915,0.7453273840153393,1.8601694915254237,0.15227140122126218
2026101402,True,240,6240,2,52,26,26,6240,52,677,23,23,2559,239,0.115,True,4204,4204,677,0.557930542340628,0.9008396764985729,0,134,200,20.0,lognormal,biased,random,0.02,0.2,0.18,5.0,1.0,0.1,240,0,0.0,True,True,fixed,26,continue_after_avalanche,period_end,fixed_k_transition__N-200__fixed-K-26,fixed_k_transition,2,26.0,99.58333333333333,0.9958333333333333,1.0,0.7640504954290324,1.8075313807531381,0.13514064166421122
2026101403,True,240,6240,1,26,26,26,6240,26,585,24,24,2490,235,0.12,True,4563,4563,585,0.5753659872890644,0.9269964935349553,0,145,200,20.0,lognormal,biased,random,0.02,0.2,0.18,5.0,1.0,0.1,240,0,0.0,True,True,fixed,26,continue_after_avalanche,period_end,fixed_k_transition__N-200__fixed-K-26,fixed_k_transition,3,26.0,97.91666666666667,0.9791666666666666,0.9871794871794872,0.7336603074374977,1.872340425531915,0.1378566320356258
2026101404,True,240,6240,1,26,26,26,6240,26,607,25,25,2764,239,0.125,True,3802,3802,607,0.5651078379800105,0.9289058390320886,0,123,200,20.0,lognormal,biased,random,0.02,0.2,0.18,5.0,1.0,0.1,240,0,0.0,True,True,fixed,26,continue_after_avalanche,period_end,fixed_k_transition__N-200__fixed-K-26,fixed_k_transition,4,26.0,99.58333333333333,0.9958333333333333,0.9957983193277311,0.7406971396106294,1.891213389121339,0.14017374941326002
2026101405,True,240,6240,1,26,26,26,6240,26,564,22,22,2535,237,0.11,True,3487,3487,564,0.5034227129337541,0.903276455405793,0,109,200,20.0,lognormal,biased,random,0.02,0.2,0.18,5.0,1.0,0.1,240,0,0.0,True,True,fixed,26,continue_after_avalanche,period_end,fixed_k_transition__N-200__fixed-K-26,fixed_k_transition,5,26.0,98.75,0.9875,0.9872881355932204,0.7776462607225454,1.7848101265822784,0.12601506375950863
2026101406,True,240,6240,3,78,26,26,6240,78,672,21,21,2249,228,0.105,True,4277,4277,672,0.5351589899462241,0.9057388356324527,0,135,200,20.0,lognormal,biased,random,0.02,0.2,0.18,5.0,1.0,0.1,240,0,0.0,True,True,fixed,26,continue_after_avalanche,period_end,fixed_k_transition__N-200__fixed-K-26,fixed_k_transition,6,26.0,95.0,0.95,0.960352422907489,0.7640359531204247,1.7587719298245614,0.1325728295680023
2026101407,True,240,6240,2,52,26,26,6240,52,840,23,23,2003,233,0.115,True,4136,4136,840,0.48501934235976796,0.8633583172147004,0,133,200,20.0,lognormal,biased,random,0.02,0.2,0.18,5.0,1.0,0.1,240,0,0.0,True,True,fixed,26,continue_after_avalanche,period_end,fixed_k_transition__N-200__fixed-K-26,fixed_k_transition,7,26.0,97.08333333333333,0.9708333333333333,0.9741379310344828,0.743229926787742,1.7081545064377683,0.12583841268832432
2026101408,True,240,6240,3,78,26,26,6240,78,436,23,23,2449,232,0.115,True,4042,4042,436,0.5261949529935677,0.9343270658090055,0,123,200,20.0,lognormal,biased,random,0.02,0.2,0.18,5.0,1.0,0.1,240,0,0.0,True,True,fixed,26,continue_after_avalanche,period_end,fixed_k_transition__N-200__fixed-K-26,fixed_k_transition,8,26.0,96.66666666666667,0.9666666666666667,0.974025974025974,0.7828952294071014,1.918103448275862,0.149030315578103
2026101409,True,240,6240,2,52,26,26,6240,52,597,25,25,2499,236,0.125,True,4694,4694,597,0.5690796761823607,0.9211674478057095,0,144,200,20.0,lognormal,biased,random,0.02,0.2,0.18,5.0,1.0,0.1,240,0,0.0,True,True,fixed,26,continue_after_avalanche,period_end,fixed_k_transition__N-200__fixed-K-26,fixed_k_transition,9,26.0,98.33333333333333,0.9833333333333333,0.9914893617021276,0.759132418766561,1.8855932203389831,0.14921163750366934
2026101410,True,240,6240,2,52,26,26,6240,52,921,23,23,2125,232,0.115,True,4089,4089,921,0.49868060650525803,0.8750195646857424,0,130,200,20.0,lognormal,biased,random,0.02,0.2,0.18,5.0,1.0,0.1,240,0,0.0,True,True,fixed,26,continue_after_avalanche,period_end,fixed_k_transition__N-200__fixed-K-26,fixed_k_transition,10,26.0,96.66666666666667,0.9666666666666667,0.9783549783549783,0.66081487179446,1.7112068965517242,0.12537220250568976
2026101411,True,240,6240,3,78,26,26,6240,78,793,22,22,2255,236,0.11,True,3568,3568,793,0.48189742152466386,0.896734865470852,0,110,200,20.0,lognormal,biased,random,0.02,0.2,0.18,5.0,1.0,0.1,240,0,0.0,True,True,fixed,26,continue_after_avalanche,period_end,fixed_k_transition__N-200__fixed-K-26,fixed_k_transition,11,26.0,98.33333333333333,0.9833333333333333,0.9914893617021276,0.6608007877403562,1.7415254237288136,0.11463424126307185
2026101412,True,240,6240,5,130,26,26,6240,130,588,24,24,2190,231,0.12,True,3661,3661,588,0.5036260584539745,0.9022575798962034,0,117,200,20.0,lognormal,biased,random,0.02,0.2,0.18,5.0,1.0,0.1,240,0,0.0,True,True,fixed,26,continue_after_avalanche,period_end,fixed_k_transition__N-200__fixed-K-26,fixed_k_transition,12,26.0,96.25,0.9625,0.9782608695652174,0.6416985300303875,1.7445887445887447,0.11772898844145172
2026101413,True,240,6240,4,104,26,26,6240,104,591,23,23,2489,235,0.115,True,3746,3746,591,0.512530699412707,0.9074239188467701,0,123,200,20.0,lognormal,biased,random,0.02,0.2,0.18,5.0,1.0,0.1,240,0,0.0,True,True,fixed,26,continue_after_avalanche,period_end,fixed_k_transition__N-200__fixed-K-26,fixed_k_transition,13,26.0,97.91666666666667,0.9791666666666666,0.9914529914529915,0.7327556715875864,1.8425531914893618,0.12656092217073048
2026101414,True,240,6240,1,26,26,26,6240,26,807,23,23,2176,232,0.115,True,4510,4510,807,0.544208425720621,0.8866141906873615,0,140,200,20.0,lognormal,biased,random,0.02,0.2,0.18,5.0,1.0,0.1,240,0,0.0,True,True,fixed,26,continue_after_avalanche,period_end,fixed_k_transition__N-200__fixed-K-26,fixed_k_transition,14,26.0,96.66666666666667,0.9666666666666667,0.987012987012987,0.6868423685379205,1.7241379310344827,0.12895383436712035
2026101415,True,240,6240,1,26,26,26,6240,26,930,22,22,2229,231,0.11,True,3788,3788,930,0.494538014783527,0.8717951425554384,0,117,200,20.0,lognormal,biased,random,0.02,0.2,0.18,5.0,1.0,0.1,240,0,0.0,True,True,fixed,26,continue_after_avalanche,period_end,fixed_k_transition__N-200__fixed-K-26,fixed_k_transition,15,26.0,96.25,0.9625,0.9739130434782609,0.6531644070511717,1.683982683982684,0.10678212091504681
2026101416,True,240,6240,1,26,26,26,6240,26,549,24,24,2334,231,0.12,True,3930,3930,549,0.4996564885496184,0.9104809160305345,0,123,200,20.0,lognormal,biased,random,0.02,0.2,0.18,5.0,1.0,0.1,240,0,0.0,True,True,fixed,26,continue_after_avalanche,period_end,fixed_k_transition__N-200__fixed-K-26,fixed_k_transition,16,26.0,96.25,0.9625,0.9782608695652174,0.782469110515897,1.8484848484848484,0.15953703352983636
2026101417,True,240,6240,3,78,26,26,6240,78,872,22,22,2348,234,0.11,True,3588,3588,872,0.4918422519509478,0.8819147157190637,0,121,200,20.0,lognormal,biased,random,0.02,0.2,0.18,5.0,1.0,0.1,240,0,0.0,True,True,fixed,26,continue_after_avalanche,period_end,fixed_k_transition__N-200__fixed-K-26,fixed_k_transition,17,26.0,97.5,0.975,0.9871244635193133,0.6914385082895147,1.8034188034188035,0.13546558834424993
2026101418,True,240,6240,3,78,26,26,6240,78,803,23,23,2239,234,0.115,True,4513,4513,803,0.5306968756924442,0.9086029248836696,0,143,200,20.0,lognormal,biased,random,0.02,0.2,0.18,5.0,1.0,0.1,240,0,0.0,True,True,fixed,26,continue_after_avalanche,period_end,fixed_k_transition__N-200__fixed-K-26,fixed_k_transition,18,26.0,97.5,0.975,0.9871244635193133,0.7500079039922499,1.6538461538461537,0.10487948666532854
2026101419,True,240,6240,2,52,26,26,6240,52,939,20,20,2340,234,0.1,True,4675,4675,939,0.541468449197861,0.885645989304813,0,142,200,20.0,lognormal,biased,random,0.02,0.2,0.18,5.0,1.0,0.1,240,0,0.0,True,True,fixed,26,continue_after_avalanche,period_end,fixed_k_transition__N-200__fixed-K-26,fixed_k_transition,19,26.0,97.5,0.975,0.9785407725321889,0.7226376646544305,1.7435897435897436,0.12223284627676546
2026111400,True,240,6720,3,84,28,28,6720,84,829,26,26,2585,236,0.13,True,3722,3722,829,0.4866603976356798,0.8755158516926385,0,122,200,20.0,lognormal,biased,random,0.02,0.2,0.18,5.0,1.0,0.1,240,0,0.0,True,True,fixed,28,continue_after_avalanche,period_end,fixed_k_transition__N-200__fixed-K-28,fixed_k_transition,0,28.0,98.33333333333333,0.9833333333333333,0.9914893617021276,0.6688332386247546,1.8220338983050848,0.12332074799606416
2026111401,True,240,6720,1,28,28,28,6720,28,633,24,24,2706,239,0.12,True,3503,3503,633,0.4978404224950044,0.8849257779046533,0,113,200,20.0,lognormal,biased,random,0.02,0.2,0.18,5.0,1.0,0.1,240,0,0.0,True,True,fixed,28,continue_after_avalanche,period_end,fixed_k_transition__N-200__fixed-K-28,fixed_k_transition,1,28.0,99.58333333333333,0.9958333333333333,0.9957983193277311,0.6661333263284815,1.8368200836820083,0.13717150769165773
2026111402,True,240,6720,2,56,28,28,6720,56,693,25,25,2454,232,0.125,True,4242,4242,693,0.5232626119754833,0.8934512022630836,0,134,200,20.0,lognormal,biased,random,0.02,0.2,0.18,5.0,1.0,0.1,240,0,0.0,True,True,fixed,28,continue_after_avalanche,period_end,fixed_k_transition__N-200__fixed-K-28,fixed_k_transition,2,28.0,96.66666666666667,0.9666666666666667,0.974025974025974,0.7338794408484527,1.8362068965517242,0.13563645402614655
2026111403,True,240,6720,2,56,28,28,6720,56,859,23,23,2229,227,0.115,True,4390,4390,859,0.5017312072892939,0.9003781321184512,0,143,200,20.0,lognormal,biased,random,0.02,0.2,0.18,5.0,1.0,0.1,240,0,0.0,True,True,fixed,28,continue_after_avalanche,period_end,fixed_k_transition__N-200__fixed-K-28,fixed_k_transition,3,28.0,94.58333333333333,0.9458333333333333,0.9646017699115044,0.739582742290709,1.7048458149779735,0.12592039362661012
2026111404,True,240,6720,1,28,28,28,6720,28,580,24,24,2766,232,0.12,True,3569,3569,580,0.5081073129728215,0.9160451106752592,0,115,200,20.0,lognormal,biased,random,0.02,0.2,0.18,5.0,1.0,0.1,240,0,0.0,True,True,fixed,28,continue_after_avalanche,period_end,fixed_k_transition__N-200__fixed-K-28,fixed_k_transition,4,28.0,96.66666666666667,0.9666666666666667,0.974025974025974,0.7545832759047886,1.8879310344827587,0.13496734384334558
2026111405,True,240,6720,1,28,28,28,6720,28,495,28,28,2745,233,0.14,True,3704,3704,495,0.501897948164147,0.9156668466522679,0,121,200,20.0,lognormal,biased,random,0.02,0.2,0.18,5.0,1.0,0.1,240,0,0.0,True,True,fixed,28,continue_after_avalanche,period_end,fixed_k_transition__N-200__fixed-K-28,fixed_k_transition,5,28.0,97.08333333333333,0.9708333333333333,0.9827586206896551,0.7257605359634585,1.9484978540772533,0.15390936141884895
2026111406,True,240,6720,2,56,28,28,6720,56,603,26,26,2572,234,0.13,True,4064,4064,603,0.5304749015748031,0.9205068897637796,0,132,200,20.0,lognormal,biased,random,0.02,0.2,0.18,5.0,1.0,0.1,240,0,0.0,True,True,fixed,28,continue_after_avalanche,period_end,fixed_k_transition__N-200__fixed-K-28,fixed_k_transition,6,28.0,97.5,0.975,0.9828326180257511,0.7377184302914153,1.858974358974359,0.1437314307235199
2026111407,True,240,6720,1,28,28,28,6720,28,383,28,28,2980,237,0.14,True,3641,3641,383,0.5511796209832465,0.9347912661356772,0,120,200,20.0,lognormal,biased,random,0.02,0.2,0.18,5.0,1.0,0.1,240,0,0.0,True,True,fixed,28,continue_after_avalanche,period_end,fixed_k_transition__N-200__fixed-K-28,fixed_k_transition,7,28.0,98.75,0.9875,0.9872881355932204,0.7043283161316086,2.0042194092827006,0.1551678056586549
2026111408,True,240,6720,2,56,28,28,6720,56,739,24,24,2449,229,0.12,True,4277,4277,739,0.5025052606967502,0.9088975917699322,0,130,200,20.0,lognormal,biased,random,0.02,0.2,0.18,5.0,1.0,0.1,240,0,0.0,True,True,fixed,28,continue_after_avalanche,period_end,fixed_k_transition__N-200__fixed-K-28,fixed_k_transition,8,28.0,95.41666666666667,0.9541666666666667,0.9824561403508771,0.7559317259360395,1.8165938864628821,0.12541047403207584
2026111409,True,240,6720,5,140,28,28,6720,140,539,29,29,2702,231,0.145,True,4405,4405,539,0.5463734392735529,0.9199738933030648,0,141,200,20.0,lognormal,biased,random,0.02,0.2,0.18,5.0,1.0,0.1,240,0,0.0,True,True,fixed,28,continue_after_avalanche,period_end,fixed_k_transition__N-200__fixed-K-28,fixed_k_transition,9,28.0,96.25,0.9625,0.9869565217391304,0.751664967577934,1.9696969696969697,0.15421165828618283
2026111410,True,240,6720,1,28,28,28,6720,28,480,27,27,2808,240,0.135,True,4126,4126,480,0.5351429956374214,0.9144522539990307,0,128,200,20.0,lognormal,biased,random,0.02,0.2,0.18,5.0,1.0,0.1,240,0,0.0,True,True,fixed,28,continue_after_avalanche,period_end,fixed_k_transition__N-200__fixed-K-28,fixed_k_transition,10,28.0,100.0,1.0,1.0,0.7542362680795226,1.8875,0.13440607063072232
2026111411,True,240,6720,3,84,28,28,6720,84,510,25,25,2902,232,0.125,True,4308,4308,510,0.5401369545032499,0.9433658310120707,0,140,200,20.0,lognormal,biased,random,0.02,0.2,0.18,5.0,1.0,0.1,240,0,0.0,True,True,fixed,28,continue_after_avalanche,period_end,fixed_k_transition__N-200__fixed-K-28,fixed_k_transition,11,28.0,96.66666666666667,0.9666666666666667,0.9826839826839827,0.8176842624049737,1.9439655172413792,0.15227288335141823
2026111412,True,240,6720,6,168,28,28,6720,168,630,25,25,2532,230,0.125,True,3915,3915,630,0.48474712643678175,0.8997049808429121,0,121,200,20.0,lognormal,biased,random,0.02,0.2,0.18,5.0,1.0,0.1,240,0,0.0,True,True,fixed,28,continue_after_avalanche,period_end,fixed_k_transition__N-200__fixed-K-28,fixed_k_transition,12,28.0,95.83333333333333,0.9583333333333334,0.982532751091703,0.7346100596663485,1.826086956521739,0.14707763297689963
2026111413,True,240,6720,2,56,28,28,6720,56,332,27,27,2835,235,0.135,True,3144,3144,332,0.49725508905852434,0.9368638676844785,0,108,200,20.0,lognormal,biased,random,0.02,0.2,0.18,5.0,1.0,0.1,240,0,0.0,True,True,fixed,28,continue_after_avalanche,period_end,fixed_k_transition__N-200__fixed-K-28,fixed_k_transition,13,28.0,97.91666666666667,0.9791666666666666,0.9914529914529915,0.7705141079446347,2.0425531914893615,0.1670129747689369
2026111414,True,240,6720,3,84,28,28,6720,84,351,31,31,3018,235,0.155,True,3614,3614,351,0.5348561151079139,0.9377946873270615,0,117,200,20.0,lognormal,biased,random,0.02,0.2,0.18,5.0,1.0,0.1,240,0,0.0,True,True,fixed,28,continue_after_avalanche,period_end,fixed_k_transition__N-200__fixed-K-28,fixed_k_transition,14,28.0,97.91666666666667,0.9791666666666666,0.9914529914529915,0.7216090024999113,2.0340425531914894,0.1654905025430482
2026111415,True,240,6720,3,84,28,28,6720,84,594,27,27,2808,236,0.135,True,4265,4265,594,0.5434032825322392,0.9353493552168817,0,139,200,20.0,lognormal,biased,random,0.02,0.2,0.18,5.0,1.0,0.1,240,0,0.0,True,True,fixed,28,continue_after_avalanche,period_end,fixed_k_transition__N-200__fixed-K-28,fixed_k_transition,15,28.0,98.33333333333333,0.9833333333333333,0.9957446808510638,0.7415290676924423,1.8940677966101696,0.14263505686735994
2026111416,True,240,6720,4,112,28,28,6720,112,979,26,26,2349,234,0.13,True,4019,4019,979,0.4858186115949241,0.8699564568300573,0,131,200,20.0,lognormal,biased,random,0.02,0.2,0.18,5.0,1.0,0.1,240,0,0.0,True,True,fixed,28,continue_after_avalanche,period_end,fixed_k_transition__N-200__fixed-K-28,fixed_k_transition,16,28.0,97.5,0.975,0.9871244635193133,0.6954189876487028,1.705128205128205,0.1140016410641361
2026111417,True,240,6720,1,28,28,28,6720,28,581,27,27,2613,236,0.135,True,4262,4262,581,0.5116142656030034,0.9033481933364618,0,137,200,20.0,lognormal,biased,random,0.02,0.2,0.18,5.0,1.0,0.1,240,0,0.0,True,True,fixed,28,continue_after_avalanche,period_end,fixed_k_transition__N-200__fixed-K-28,fixed_k_transition,17,28.0,98.33333333333333,0.9833333333333333,0.9829787234042553,0.7622599916666545,1.8347457627118644,0.12003371667687929
2026111418,True,240,6720,2,56,28,28,6720,56,659,27,27,2823,238,0.135,True,4190,4190,659,0.5650477326968975,0.9337398568019095,0,135,200,20.0,lognormal,biased,random,0.02,0.2,0.18,5.0,1.0,0.1,240,0,0.0,True,True,fixed,28,continue_after_avalanche,period_end,fixed_k_transition__N-200__fixed-K-28,fixed_k_transition,18,28.0,99.16666666666667,0.9916666666666667,0.9957805907172996,0.7618787873474555,1.915966386554622,0.13219499942996382
2026111419,True,240,6720,1,28,28,28,6720,28,793,23,23,2519,237,0.115,True,3943,3943,793,0.5118627948262746,0.8909599289880803,0,127,200,20.0,lognormal,biased,random,0.02,0.2,0.18,5.0,1.0,0.1,240,0,0.0,True,True,fixed,28,continue_after_avalanche,period_end,fixed_k_transition__N-200__fixed-K-28,fixed_k_transition,19,28.0,98.75,0.9875,0.9957627118644068,0.6987919627166119,1.8059071729957805,0.1261134238345509
2026121400,True,240,4765,1,140,19,140,4765,140,709,17,17,1483,232,0.085,False,4566,4566,709,0.570438020148927,0.893348664038546,0,142,200,20.0,lognormal,biased,random,0.02,0.2,0.14,5.0,1.0,0.1,240,0,0.0,True,True,income,20,continue_after_avalanche,period_end,income_c_transition__N-200__income-c-0.14,income_c_transition,0,0.14,96.66666666666667,0.9666666666666667,0.9653679653679653,0.5690909633217061,1.4698275862068966,0.10326014383126453
2026121401,True,240,4028,1,140,16,140,4028,140,1076,11,11,879,221,0.055,False,3811,3811,1076,0.47635135135135154,0.7889097349776963,0,110,200,20.0,lognormal,biased,random,0.02,0.2,0.14,5.0,1.0,0.1,240,0,0.0,True,True,income,20,continue_after_avalanche,period_end,income_c_transition__N-200__income-c-0.14,income_c_transition,1,0.14,92.08333333333333,0.9208333333333333,0.9363636363636364,0.3938594687399243,1.3257918552036199,0.09775192128133303
2026121402,True,240,4005,2,198,15,140,4005,198,996,14,14,895,225,0.07,False,3792,3792,996,0.4923154008438819,0.8283386075949368,0,108,200,20.0,lognormal,biased,random,0.02,0.2,0.14,5.0,1.0,0.1,240,0,0.0,True,True,income,20,continue_after_avalanche,period_end,income_c_transition__N-200__income-c-0.14,income_c_transition,2,0.14,93.75,0.9375,0.9508928571428571,0.3446909257463408,1.2844444444444445,0.07974603174603175
2026121403,True,240,4356,1,140,18,140,4356,140,754,14,14,1301,228,0.07,False,4149,4149,754,0.5380561581103882,0.8685815859243191,0,120,200,20.0,lognormal,biased,random,0.02,0.2,0.14,5.0,1.0,0.1,240,0,0.0,True,True,income,20,continue_after_avalanche,period_end,income_c_transition__N-200__income-c-0.14,income_c_transition,3,0.14,95.0,0.95,0.960352422907489,0.49122545387776506,1.513157894736842,0.1254336915521126
2026121404,True,240,4175,1,140,18,140,4175,140,889,12,12,1106,229,0.06,False,3948,3948,889,0.5266995947315096,0.8656231003039514,0,123,200,20.0,lognormal,biased,random,0.02,0.2,0.14,5.0,1.0,0.1,240,0,0.0,True,True,income,20,continue_after_avalanche,period_end,income_c_transition__N-200__income-c-0.14,income_c_transition,4,0.14,95.41666666666667,0.9541666666666667,0.9692982456140351,0.38183620604908053,1.3799126637554586,0.09155686622935531
2026121405,True,240,3985,1,140,16,140,3985,140,889,13,13,1045,224,0.065,False,3742,3742,889,0.5016969535008018,0.8196392303580973,0,110,200,20.0,lognormal,biased,random,0.02,0.2,0.14,5.0,1.0,0.1,240,0,0.0,True,True,income,20,continue_after_avalanche,period_end,income_c_transition__N-200__income-c-0.14,income_c_transition,5,0.14,93.33333333333333,0.9333333333333333,0.9596412556053812,0.39966614811869366,1.4553571428571428,0.11866319444444444
2026121406,True,240,4287,1,140,16,140,4287,140,1045,13,13,1164,231,0.065,False,4054,4054,1045,0.5105895411938828,0.8123704982733104,0,116,200,20.0,lognormal,biased,random,0.02,0.2,0.14,5.0,1.0,0.1,240,0,0.0,True,True,income,20,continue_after_avalanche,period_end,income_c_transition__N-200__income-c-0.14,income_c_transition,6,0.14,96.25,0.9625,0.9695652173913043,0.47049382750740276,1.3982683982683983,0.09440399667672394
2026121407,True,240,4747,1,140,20,140,4747,140,1285,14,14,1263,236,0.07,False,4570,4570,1285,0.547676148796499,0.8513260393873086,0,135,200,20.0,lognormal,biased,random,0.02,0.2,0.14,5.0,1.0,0.1,240,0,0.0,True,True,income,20,continue_after_avalanche,period_end,income_c_transition__N-200__income-c-0.14,income_c_transition,7,0.14,98.33333333333333,0.9833333333333333,0.9872340425531915,0.4887461847067476,1.3728813559322033,0.09158309910428554
2026121408,True,240,4168,2,200,16,140,4168,200,1038,14,14,1076,232,0.07,False,3943,3943,1038,0.52342505706315,0.7997146842505707,0,112,200,20.0,lognormal,biased,random,0.02,0.2,0.14,5.0,1.0,0.1,240,0,0.0,True,True,income,20,continue_after_avalanche,period_end,income_c_transition__N-200__income-c-0.14,income_c_transition,8,0.14,96.66666666666667,0.9666666666666667,0.9696969696969697,0.3568866320545257,1.3577586206896552,0.09611424255820808
2026121409,True,240,3821,1,140,15,140,3821,140,886,12,12,1034,228,0.06,False,3579,3579,886,0.5139550153674213,0.8288139145012574,0,101,200,20.0,lognormal,biased,random,0.02,0.2,0.14,5.0,1.0,0.1,240,0,0.0,True,True,income,20,continue_after_avalanche,period_end,income_c_transition__N-200__income-c-0.14,income_c_transition,9,0.14,95.0,0.95,0.960352422907489,0.41655999933995164,1.3991228070175439,0.11207580187843344
2026121410,True,240,3913,1,140,16,140,3913,140,836,13,13,1007,229,0.065,False,3690,3690,836,0.4947615176151763,0.8265230352303523,0,106,200,20.0,lognormal,biased,random,0.02,0.2,0.14,5.0,1.0,0.1,240,0,0.0,True,True,income,20,continue_after_avalanche,period_end,income_c_transition__N-200__income-c-0.14,income_c_transition,10,0.14,95.41666666666667,0.9541666666666667,0.956140350877193,0.43086197996440917,1.4366812227074235,0.11298086920357663
2026121411,True,240,3553,1,140,15,140,3553,140,776,12,12,923,224,0.06,False,3341,3341,776,0.49038760850044905,0.7953891050583659,0,108,200,20.0,lognormal,biased,random,0.02,0.2,0.14,5.0,1.0,0.1,240,0,0.0,True,True,income,20,continue_after_avalanche,period_end,income_c_transition__N-200__income-c-0.14,income_c_transition,11,0.14,93.33333333333333,0.9333333333333333,0.9417040358744395,0.39120309144069043,1.3348214285714286,0.1001080640589569
2026121412,True,240,3258,1,140,13,140,3258,140,585,12,12,952,232,0.06,False,3050,3050,585,0.5108688524590166,0.8345573770491805,0,91,200,20.0,lognormal,biased,random,0.02,0.2,0.14,5.0,1.0,0.1,240,0,0.0,True,True,income,20,continue_after_avalanche,period_end,income_c_transition__N-200__income-c-0.14,income_c_transition,12,0.14,96.66666666666667,0.9666666666666667,0.9696969696969697,0.30662292682579273,1.3879310344827587,0.11417344628551525
2026121413,True,240,4471,1,140,17,140,4471,140,1112,12,12,1104,227,0.06,False,4277,4277,1112,0.5303659106850598,0.8373334112695816,0,132,200,20.0,lognormal,biased,random,0.02,0.2,0.14,5.0,1.0,0.1,240,0,0.0,True,True,income,20,continue_after_avalanche,period_end,income_c_transition__N-200__income-c-0.14,income_c_transition,13,0.14,94.58333333333333,0.9458333333333333,0.9557522123893806,0.4419982367972988,1.3436123348017621,0.08447359053085925
2026121414,True,240,4330,1,140,17,140,4330,140,934,14,14,1141,227,0.07,False,4075,4075,934,0.49996932515337433,0.8312576687116566,0,123,200,20.0,lognormal,biased,random,0.02,0.2,0.14,5.0,1.0,0.1,240,0,0.0,True,True,income,20,continue_after_avalanche,period_end,income_c_transition__N-200__income-c-0.14,income_c_transition,14,0.14,94.58333333333333,0.9458333333333333,0.9557522123893806,0.5334834071115685,1.3568281938325992,0.09431428825701953
2026121415,True,240,4442,1,140,17,140,4442,140,1281,12,12,1049,228,0.06,False,4211,4211,1281,0.4723640465447638,0.766052006649252,0,129,200,20.0,lognormal,biased,random,0.02,0.2,0.14,5.0,1.0,0.1,240,0,0.0,True,True,income,20,continue_after_avalanche,period_end,income_c_transition__N-200__income-c-0.14,income_c_transition,15,0.14,95.0,0.95,0.947136563876652,0.47160532564488084,1.3114035087719298,0.07301065162907268
2026121416,True,240,4074,1,140,16,140,4074,140,901,11,11,1084,226,0.055,False,3851,3851,901,0.5183575694624774,0.8290431056868346,0,115,200,20.0,lognormal,biased,random,0.02,0.2,0.14,5.0,1.0,0.1,240,0,0.0,True,True,income,20,continue_after_avalanche,period_end,income_c_transition__N-200__income-c-0.14,income_c_transition,16,0.14,94.16666666666667,0.9416666666666667,0.9511111111111111,0.317991639496698,1.415929203539823,0.1206015592077539
2026121417,True,240,4348,1,140,17,140,4348,140,894,14,14,1256,235,0.07,False,4149,4149,894,0.5547276452157148,0.8402759701132805,0,125,200,20.0,lognormal,biased,random,0.02,0.2,0.14,5.0,1.0,0.1,240,0,0.0,True,True,income,20,continue_after_avalanche,period_end,income_c_transition__N-200__income-c-0.14,income_c_transition,17,0.14,97.91666666666667,0.9791666666666666,0.9786324786324786,0.45935058825352953,1.4,0.09562206115397605
2026121418,True,240,4087,1,140,17,140,4087,140,883,12,12,1070,224,0.06,False,3883,3883,883,0.5067666752510946,0.8289196497553439,0,110,200,20.0,lognormal,biased,random,0.02,0.2,0.14,5.0,1.0,0.1,240,0,0.0,True,True,income,20,continue_after_avalanche,period_end,income_c_transition__N-200__income-c-0.14,income_c_transition,18,0.14,93.33333333333333,0.9333333333333333,0.9417040358744395,0.5570774693763861,1.4107142857142858,0.09762484539270254
2026121419,True,240,4403,1,140,17,140,4403,140,833,19,19,1410,235,0.095,False,4169,4169,833,0.5390681218517632,0.8394567042456225,0,123,200,20.0,lognormal,biased,random,0.02,0.2,0.14,5.0,1.0,0.1,240,0,0.0,True,True,income,20,continue_after_avalanche,period_end,income_c_transition__N-200__income-c-0.14,income_c_transition,19,0.14,97.91666666666667,0.9791666666666666,0.9829059829059829,0.45199325606359964,1.553191489361702,0.1253836175644686
2026131400,True,240,4413,1,160,17,160,4413,160,771,15,15,1315,232,0.075,False,3526,3526,771,0.4869909245604085,0.8436812251843451,0,104,200,20.0,lognormal,biased,random,0.02,0.2,0.16,5.0,1.0,0.1,240,0,0.0,True,True,income,20,continue_after_avalanche,period_end,income_c_transition__N-200__income-c-0.16,income_c_transition,0,0.16,96.66666666666667,0.9666666666666667,0.9653679653679653,0.5509113555615042,1.4956896551724137,0.1143500895656068
2026131401,True,240,5223,1,160,22,160,5223,160,992,20,20,1474,231,0.1,True,4243,4243,992,0.5066191374027811,0.8477928352580721,0,131,200,20.0,lognormal,biased,random,0.02,0.2,0.16,5.0,1.0,0.1,240,0,0.0,True,True,income,20,continue_after_avalanche,period_end,income_c_transition__N-200__income-c-0.16,income_c_transition,1,0.16,96.25,0.9625,0.9608695652173913,0.6219899938167917,1.5238095238095237,0.11816048783752134
2026131402,True,240,5197,1,160,21,160,5197,160,845,16,16,1602,232,0.08,False,4254,4254,845,0.5274000940291492,0.8619464033850495,0,129,200,20.0,lognormal,biased,random,0.02,0.2,0.16,5.0,1.0,0.1,240,0,0.0,True,True,income,20,continue_after_avalanche,period_end,income_c_transition__N-200__income-c-0.16,income_c_transition,2,0.16,96.66666666666667,0.9666666666666667,0.9653679653679653,0.5773779110384659,1.5387931034482758,0.11140893349945075
2026131403,True,240,4942,1,160,18,160,4942,160,973,14,14,1495,238,0.07,False,4010,4010,973,0.5178927680798007,0.8367231920199503,0,122,200,20.0,lognormal,biased,random,0.02,0.2,0.16,5.0,1.0,0.1,240,0,0.0,True,True,income,20,continue_after_avalanche,period_end,income_c_transition__N-200__income-c-0.16,income_c_transition,3,0.16,99.16666666666667,0.9916666666666667,0.9915611814345991,0.3666324631780975,1.4285714285714286,0.08874856469394284
2026131404,True,240,5232,1,160,20,160,5232,160,916,19,19,1783,236,0.095,False,4271,4271,916,0.5504015453055491,0.8762268789510654,0,128,200,20.0,lognormal,biased,random,0.02,0.2,0.16,5.0,1.0,0.1,240,0,0.0,True,True,income,20,continue_after_avalanche,period_end,income_c_transition__N-200__income-c-0.16,income_c_transition,4,0.16,98.33333333333333,0.9833333333333333,0.9872340425531915,0.5777998969106899,1.5635593220338984,0.10938719112946431
2026131405,True,240,4707,1,160,19,160,4707,160,583,19,19,1533,234,0.095,False,3798,3798,583,0.5419457609268037,0.8915481832543446,0,118,200,20.0,lognormal,biased,random,0.02,0.2,0.16,5.0,1.0,0.1,240,0,0.0,True,True,income,20,continue_after_avalanche,period_end,income_c_transition__N-200__income-c-0.16,income_c_transition,5,0.16,97.5,0.975,0.9785407725321889,0.6824961629221585,1.5854700854700854,0.1228441053667298
2026131406,True,240,4717,1,160,18,160,4717,160,1121,15,15,1308,235,0.075,False,3798,3798,1121,0.4968299104791998,0.8262453923117432,0,117,200,20.0,lognormal,biased,random,0.02,0.2,0.16,5.0,1.0,0.1,240,0,0.0,True,True,income,20,continue_after_avalanche,period_end,income_c_transition__N-200__income-c-0.16,income_c_transition,6,0.16,97.91666666666667,0.9791666666666666,0.9786324786324786,0.395064041050505,1.4042553191489362,0.08801525897270578
2026131407,True,240,4706,1,160,19,160,4706,160,743,18,18,1718,234,0.09,False,3800,3800,743,0.5465447368421055,0.8820736842105263,0,112,200,20.0,lognormal,biased,random,0.02,0.2,0.16,5.0,1.0,0.1,240,0,0.0,True,True,income,20,continue_after_avalanche,period_end,income_c_transition__N-200__income-c-0.16,income_c_transition,7,0.16,97.5,0.975,0.9871244635193133,0.6279095469648455,1.6538461538461537,0.13859188406699718
2026131408,True,240,4420,1,160,16,160,4420,160,949,13,13,1199,230,0.065,False,3522,3522,949,0.48542873367404904,0.8297700170357751,0,111,200,20.0,lognormal,biased,random,0.02,0.2,0.16,5.0,1.0,0.1,240,0,0.0,True,True,income,20,continue_after_avalanche,period_end,income_c_transition__N-200__income-c-0.16,income_c_transition,8,0.16,95.83333333333333,0.9583333333333334,0.9563318777292577,0.3574807557166218,1.4521739130434783,0.11090658134136396
2026131409,True,240,4544,1,160,17,160,4544,160,907,17,17,1304,236,0.085,False,3673,3673,907,0.5105458753062893,0.8344745439695074,0,115,200,20.0,lognormal,biased,random,0.02,0.2,0.16,5.0,1.0,0.1,240,0,0.0,True,True,income,20,continue_after_avalanche,period_end,income_c_transition__N-200__income-c-0.16,income_c_transition,9,0.16,98.33333333333333,0.9833333333333333,0.9872340425531915,0.46269904253374355,1.3983050847457628,0.09299550496584394
2026131410,True,240,4730,1,160,18,160,4730,160,1022,13,13,1247,228,0.065,False,3803,3803,1022,0.4653444648961347,0.8096384433342099,0,116,200,20.0,lognormal,biased,random,0.02,0.2,0.16,5.0,1.0,0.1,240,0,0.0,True,True,income,20,continue_after_avalanche,period_end,income_c_transition__N-200__income-c-0.16,income_c_transition,10,0.16,95.0,0.95,0.960352422907489,0.6119739904393929,1.4166666666666667,0.10625253158147895
2026131411,True,240,4585,1,160,18,160,4585,160,517,18,18,1523,235,0.09,False,3693,3693,517,0.5346533983211483,0.8762293528296778,0,119,200,20.0,lognormal,biased,random,0.02,0.2,0.16,5.0,1.0,0.1,240,0,0.0,True,True,income,20,continue_after_avalanche,period_end,income_c_transition__N-200__income-c-0.16,income_c_transition,11,0.16,97.91666666666667,0.9791666666666666,0.9829059829059829,0.6364616304838305,1.6297872340425532,0.13859524844506071
2026131412,True,240,5373,1,160,21,160,5373,160,892,17,17,1628,231,0.085,False,4396,4396,892,0.5438535031847134,0.8808689717925389,0,132,200,20.0,lognormal,biased,random,0.02,0.2,0.16,5.0,1.0,0.1,240,0,0.0,True,True,income,20,continue_after_avalanche,period_end,income_c_transition__N-200__income-c-0.16,income_c_transition,12,0.16,96.25,0.9625,0.9782608695652174,0.520235860930414,1.5844155844155845,0.11091599598093106
2026131413,True,240,5068,1,160,20,160,5068,160,948,17,17,1664,233,0.085,False,4141,4141,948,0.5353694759719876,0.8762509055783627,0,127,200,20.0,lognormal,biased,random,0.02,0.2,0.16,5.0,1.0,0.1,240,0,0.0,True,True,income,20,continue_after_avalanche,period_end,income_c_transition__N-200__income-c-0.16,income_c_transition,13,0.16,97.08333333333333,0.9708333333333333,0.9741379310344828,0.6220451093579743,1.5665236051502145,0.10355116390524116
2026131414,True,240,4983,1,160,20,160,4983,160,784,16,16,1676,239,0.08,False,4025,4025,784,0.5170223602484474,0.8670198757763976,0,121,200,20.0,lognormal,biased,random,0.02,0.2,0.16,5.0,1.0,0.1,240,0,0.0,True,True,income,20,continue_after_avalanche,period_end,income_c_transition__N-200__income-c-0.16,income_c_transition,14,0.16,99.58333333333333,0.9958333333333333,0.9957983193277311,0.5447099600904054,1.5648535564853556,0.09975538176374997
2026131415,True,240,4425,1,160,17,160,4425,160,847,14,14,1179,233,0.07,False,3527,3527,847,0.468393819109725,0.8400297703430679,0,105,200,20.0,lognormal,biased,random,0.02,0.2,0.16,5.0,1.0,0.1,240,0,0.0,True,True,income,20,continue_after_avalanche,period_end,income_c_transition__N-200__income-c-0.16,income_c_transition,15,0.16,97.08333333333333,0.9708333333333333,0.9698275862068966,0.4707700204861256,1.3690987124463518,0.09677120685704377
2026131416,True,240,4612,1,160,19,160,4612,160,964,14,14,1217,232,0.07,False,3716,3716,964,0.4766119483315394,0.8338159311087192,0,114,200,20.0,lognormal,biased,random,0.02,0.2,0.16,5.0,1.0,0.1,240,0,0.0,True,True,income,20,continue_after_avalanche,period_end,income_c_transition__N-200__income-c-0.16,income_c_transition,16,0.16,96.66666666666667,0.9666666666666667,0.9696969696969697,0.42181876246897665,1.4827586206896552,0.11380405992474958
2026131417,True,240,4488,1,160,17,160,4488,160,793,16,16,1476,232,0.08,False,3592,3592,793,0.5144710467706015,0.8471185968819601,0,110,200,20.0,lognormal,biased,random,0.02,0.2,0.16,5.0,1.0,0.1,240,0,0.0,True,True,income,20,continue_after_avalanche,period_end,income_c_transition__N-200__income-c-0.16,income_c_transition,17,0.16,96.66666666666667,0.9666666666666667,0.974025974025974,0.48006866859494673,1.5732758620689655,0.11500222717895131
2026131418,True,240,4367,1,160,17,160,4367,160,491,22,22,1487,235,0.11,True,3524,3524,491,0.5342423382519865,0.8644892167990921,0,107,200,20.0,lognormal,biased,random,0.02,0.2,0.16,5.0,1.0,0.1,240,0,0.0,True,True,income,20,continue_after_avalanche,period_end,income_c_transition__N-200__income-c-0.16,income_c_transition,18,0.16,97.91666666666667,0.9791666666666666,0.9871794871794872,0.45833055952395213,1.5276595744680852,0.11043689171348747
2026131419,True,240,5352,1,160,21,160,5352,160,1201,19,19,1499,232,0.095,False,4361,4361,1201,0.5025991745012612,0.8476438890162807,0,127,200,20.0,lognormal,biased,random,0.02,0.2,0.16,5.0,1.0,0.1,240,0,0.0,True,True,income,20,continue_after_avalanche,period_end,income_c_transition__N-200__income-c-0.16,income_c_transition,19,0.16,96.66666666666667,0.9666666666666667,0.974025974025974,0.579678433731379,1.4827586206896552,0.0949188622680002
2026141400,True,240,7116,1,180,27,180,7116,180,427,28,28,2775,239,0.14,True,5078,5078,427,0.5767113036628595,0.9551870815281609,0,150,200,20.0,lognormal,biased,random,0.02,0.2,0.18,5.0,1.0,0.1,240,0,0.0,True,True,income,20,continue_after_avalanche,period_end,income_c_transition__N-200__income-c-0.18,income_c_transition,0,0.18,99.58333333333333,0.9958333333333333,0.9957983193277311,0.792895555467713,1.8744769874476988,0.14446009915741928
2026141401,True,240,5139,1,180,20,180,5139,180,727,17,17,1791,236,0.085,False,3583,3583,727,0.53405107451856,0.8807744906502932,0,110,200,20.0,lognormal,biased,random,0.02,0.2,0.18,5.0,1.0,0.1,240,0,0.0,True,True,income,20,continue_after_avalanche,period_end,income_c_transition__N-200__income-c-0.18,income_c_transition,1,0.18,98.33333333333333,0.9833333333333333,0.9829787234042553,0.4621862705339473,1.61864406779661,0.12604411831106746
2026141402,True,240,5953,2,262,22,180,5953,262,666,19,19,1971,234,0.095,False,4169,4169,666,0.5055420964260016,0.8849928040297435,0,125,200,20.0,lognormal,biased,random,0.02,0.2,0.18,5.0,1.0,0.1,240,0,0.0,True,True,income,20,continue_after_avalanche,period_end,income_c_transition__N-200__income-c-0.18,income_c_transition,2,0.18,97.5,0.975,0.9828326180257511,0.6752883586301823,1.6666666666666667,0.11488776397335974
2026141403,True,240,5496,1,180,23,180,5496,180,798,19,19,1786,235,0.095,False,3844,3844,798,0.4961082206035381,0.8796982310093653,0,124,200,20.0,lognormal,biased,random,0.02,0.2,0.18,5.0,1.0,0.1,240,0,0.0,True,True,income,20,continue_after_avalanche,period_end,income_c_transition__N-200__income-c-0.18,income_c_transition,3,0.18,97.91666666666667,0.9791666666666666,0.9786324786324786,0.6038965153390075,1.6425531914893616,0.13033304339937632
2026141404,True,240,5649,1,180,23,180,5649,180,586,22,22,1992,239,0.11,True,3989,3989,586,0.5084494860867386,0.8836964151416395,0,118,200,20.0,lognormal,biased,random,0.02,0.2,0.18,5.0,1.0,0.1,240,0,0.0,True,True,income,20,continue_after_avalanche,period_end,income_c_transition__N-200__income-c-0.18,income_c_transition,4,0.18,99.58333333333333,0.9958333333333333,0.9957983193277311,0.6789047501767005,1.6945606694560669,0.12376464464515166
2026141405,True,240,5812,1,180,23,180,5812,180,817,18,18,1833,234,0.09,False,4081,4081,817,0.4767446704239158,0.8629857877971086,0,130,200,20.0,lognormal,biased,random,0.02,0.2,0.18,5.0,1.0,0.1,240,0,0.0,True,True,income,20,continue_after_avalanche,period_end,income_c_transition__N-200__income-c-0.18,income_c_transition,5,0.18,97.5,0.975,0.9742489270386266,0.5320644331096678,1.6623931623931625,0.11516927398337656
2026141406,True,240,7092,1,180,28,180,7092,180,608,23,23,2783,240,0.115,True,5034,5034,608,0.5761044894715932,0.9334008740564166,0,156,200,20.0,lognormal,biased,random,0.02,0.2,0.18,5.0,1.0,0.1,240,0,0.0,True,True,income,20,continue_after_avalanche,period_end,income_c_transition__N-200__income-c-0.18,income_c_transition,6,0.18,100.0,1.0,1.0,0.6662788829083619,1.8333333333333333,0.12018099747975909
2026141407,True,240,5413,1,180,22,180,5413,180,771,21,21,1871,239,0.105,True,3793,3793,771,0.5204890587925126,0.8938109675718431,0,119,200,20.0,lognormal,biased,random,0.02,0.2,0.18,5.0,1.0,0.1,240,0,0.0,True,True,income,20,continue_after_avalanche,period_end,income_c_transition__N-200__income-c-0.18,income_c_transition,7,0.18,99.58333333333333,0.9958333333333333,0.9957983193277311,0.5288613574041936,1.610878661087866,0.11222968720507484
2026141408,True,240,5831,1,180,24,180,5831,180,761,18,18,2013,237,0.09,False,4088,4088,761,0.5173654598825832,0.8836399217221136,0,125,200,20.0,lognormal,biased,random,0.02,0.2,0.18,5.0,1.0,0.1,240,0,0.0,True,True,income,20,continue_after_avalanche,period_end,income_c_transition__N-200__income-c-0.18,income_c_transition,8,0.18,98.75,0.9875,0.9872881355932204,0.5755627995123077,1.7341772151898733,0.1256092147008007
2026141409,True,240,6086,1,180,24,180,6086,180,517,22,22,2615,240,0.11,True,4322,4322,517,0.5870037019898195,0.9199051365108748,0,130,200,20.0,lognormal,biased,random,0.02,0.2,0.18,5.0,1.0,0.1,240,0,0.0,True,True,income,20,continue_after_avalanche,period_end,income_c_transition__N-200__income-c-0.18,income_c_transition,9,0.18,100.0,1.0,1.0,0.6439322468867028,1.9333333333333333,0.14929466819801573
2026141410,True,240,6216,1,180,25,180,6216,180,582,23,23,2425,234,0.115,True,4399,4399,582,0.5621175267106162,0.9307581268470109,0,138,200,20.0,lognormal,biased,random,0.02,0.2,0.18,5.0,1.0,0.1,240,0,0.0,True,True,income,20,continue_after_avalanche,period_end,income_c_transition__N-200__income-c-0.18,income_c_transition,10,0.18,97.5,0.975,0.9742489270386266,0.7652575009452671,1.8504273504273505,0.13740456765383333
2026141411,True,240,5479,1,180,21,180,5479,180,656,24,24,1868,237,0.12,True,3854,3854,656,0.5369953295277634,0.8827477944992217,0,118,200,20.0,lognormal,biased,random,0.02,0.2,0.18,5.0,1.0,0.1,240,0,0.0,True,True,income,20,continue_after_avalanche,period_end,income_c_transition__N-200__income-c-0.18,income_c_transition,11,0.18,98.75,0.9875,0.9915254237288136,0.5267640080504628,1.6919831223628692,0.1255066281483453
2026141412,True,240,5072,1,180,19,180,5072,180,672,17,17,1765,232,0.085,False,3525,3525,672,0.4926141843971632,0.8714709219858157,0,112,200,20.0,lognormal,biased,random,0.02,0.2,0.18,5.0,1.0,0.1,240,0,0.0,True,True,income,20,continue_after_avalanche,period_end,income_c_transition__N-200__income-c-0.18,income_c_transition,12,0.18,96.66666666666667,0.9666666666666667,0.9696969696969697,0.6290435129382758,1.6594827586206897,0.13680324105970657
2026141413,True,240,5774,1,180,23,180,5774,180,868,19,19,2103,238,0.095,False,4048,4048,868,0.5161338932806325,0.885918972332016,0,127,200,20.0,lognormal,biased,random,0.02,0.2,0.18,5.0,1.0,0.1,240,0,0.0,True,True,income,20,continue_after_avalanche,period_end,income_c_transition__N-200__income-c-0.18,income_c_transition,13,0.18,99.16666666666667,0.9916666666666667,0.9915611814345991,0.6238708171613895,1.7016806722689075,0.11823492800383556
2026141414,True,240,5497,1,180,21,180,5497,180,773,18,18,1781,236,0.09,False,3860,3860,773,0.5134715025906738,0.8833316062176166,0,122,200,20.0,lognormal,biased,random,0.02,0.2,0.18,5.0,1.0,0.1,240,0,0.0,True,True,income,20,continue_after_avalanche,period_end,income_c_transition__N-200__income-c-0.18,income_c_transition,14,0.18,98.33333333333333,0.9833333333333333,0.9872340425531915,0.5683349037327677,1.5847457627118644,0.10286921764676002
2026141415,True,240,6171,1,180,24,180,6171,180,801,21,21,2125,239,0.105,True,4335,4335,801,0.5190392156862746,0.8972768166089966,0,134,200,20.0,lognormal,biased,random,0.02,0.2,0.18,5.0,1.0,0.1,240,0,0.0,True,True,income,20,continue_after_avalanche,period_end,income_c_transition__N-200__income-c-0.18,income_c_transition,15,0.18,99.58333333333333,0.9958333333333333,0.9957983193277311,0.6293940485321369,1.6359832635983265,0.11634015739648082
2026141416,True,240,5770,1,180,23,180,5770,180,947,18,18,1807,238,0.09,False,4029,4029,947,0.47922189128816095,0.8479262844378259,0,127,200,20.0,lognormal,biased,random,0.02,0.2,0.18,5.0,1.0,0.1,240,0,0.0,True,True,income,20,continue_after_avalanche,period_end,income_c_transition__N-200__income-c-0.18,income_c_transition,16,0.18,99.16666666666667,0.9916666666666667,0.9915611814345991,0.6277510086867614,1.6008403361344539,0.10437740947194728
2026141417,True,240,5689,1,180,23,180,5689,180,708,19,19,2087,237,0.095,False,3979,3979,708,0.5205013822568485,0.9077243025885902,0,127,200,20.0,lognormal,biased,random,0.02,0.2,0.18,5.0,1.0,0.1,240,0,0.0,True,True,income,20,continue_after_avalanche,period_end,income_c_transition__N-200__income-c-0.18,income_c_transition,17,0.18,98.75,0.9875,0.9915254237288136,0.6808724578375579,1.7046413502109705,0.12594273504549008
2026141418,True,240,5832,1,180,23,180,5832,180,665,21,21,2140,238,0.105,True,4118,4118,665,0.5223919378339001,0.908280718795532,0,123,200,20.0,lognormal,biased,random,0.02,0.2,0.18,5.0,1.0,0.1,240,0,0.0,True,True,income,20,continue_after_avalanche,period_end,income_c_transition__N-200__income-c-0.18,income_c_transition,18,0.18,99.16666666666667,0.9916666666666667,0.9915611814345991,0.5789801498264951,1.7605042016806722,0.13596203461502523
2026141419,True,240,4945,1,180,19,180,4945,180,748,17,17,1596,236,0.085,False,3430,3430,748,0.46962682215743445,0.842055393586006,0,107,200,20.0,lognormal,biased,random,0.02,0.2,0.18,5.0,1.0,0.1,240,0,0.0,True,True,income,20,continue_after_avalanche,period_end,income_c_transition__N-200__income-c-0.18,income_c_transition,19,0.18,98.33333333333333,0.9833333333333333,0.9829787234042553,0.6462813428064225,1.5847457627118644,0.11711079645401679
2026151400,True,240,6381,1,200,26,200,6381,200,683,22,22,2557,238,0.11,True,3922,3922,683,0.5207955124936259,0.9111779704232537,0,124,200,20.0,lognormal,biased,random,0.02,0.2,0.2,5.0,1.0,0.1,240,0,0.0,True,True,income,20,continue_after_avalanche,period_end,income_c_transition__N-200__income-c-0.20,income_c_transition,0,0.2,99.16666666666667,0.9916666666666667,0.9915611814345991,0.700148988768078,1.7983193277310925,0.13008520574293786
2026151401,True,240,5971,1,200,24,200,5971,200,1067,18,18,1865,235,0.09,False,3640,3640,1067,0.4616236263736264,0.8463406593406595,0,115,200,20.0,lognormal,biased,random,0.02,0.2,0.2,5.0,1.0,0.1,240,0,0.0,True,True,income,20,continue_after_avalanche,period_end,income_c_transition__N-200__income-c-0.20,income_c_transition,1,0.2,97.91666666666667,0.9791666666666666,0.9786324786324786,0.6641839565548142,1.5659574468085107,0.10336342005928989
2026151402,True,240,7520,1,200,29,200,7520,200,498,27,27,3154,240,0.135,True,4706,4706,498,0.5690820229494264,0.9468635784105399,0,143,200,20.0,lognormal,biased,random,0.02,0.2,0.2,5.0,1.0,0.1,240,0,0.0,True,True,income,20,continue_after_avalanche,period_end,income_c_transition__N-200__income-c-0.20,income_c_transition,2,0.2,100.0,1.0,1.0,0.7552627645987027,2.1,0.17340656873793064
2026151403,True,240,6787,1,200,28,200,6787,200,699,22,22,2607,239,0.11,True,4183,4183,699,0.5076703322973943,0.8976559885249822,0,133,200,20.0,lognormal,biased,random,0.02,0.2,0.2,5.0,1.0,0.1,240,0,0.0,True,True,income,20,continue_after_avalanche,period_end,income_c_transition__N-200__income-c-0.20,income_c_transition,3,0.2,99.58333333333333,0.9958333333333333,0.9957983193277311,0.7434557091733041,1.8242677824267783,0.13481641431140765
2026151404,True,240,5724,1,200,23,200,5724,200,802,18,18,1954,237,0.09,False,3464,3464,802,0.47813510392609704,0.8909613163972288,0,112,200,20.0,lognormal,biased,random,0.02,0.2,0.2,5.0,1.0,0.1,240,0,0.0,True,True,income,20,continue_after_avalanche,period_end,income_c_transition__N-200__income-c-0.20,income_c_transition,4,0.2,98.75,0.9875,0.9915254237288136,0.6509828839522134,1.6329113924050633,0.11477302378270358
2026151405,True,240,6431,1,200,26,200,6431,200,507,22,22,2501,240,0.11,True,3949,3949,507,0.527575335527982,0.9242757660167131,0,127,200,20.0,lognormal,biased,random,0.02,0.2,0.2,5.0,1.0,0.1,240,0,0.0,True,True,income,20,continue_after_avalanche,period_end,income_c_transition__N-200__income-c-0.20,income_c_transition,5,0.2,100.0,1.0,1.0,0.731567349405643,1.85,0.14534179285340276
2026151406,True,240,5490,1,200,22,200,5490,200,960,16,16,1720,239,0.08,False,3363,3363,960,0.484182277728219,0.8806289027653882,0,104,200,20.0,lognormal,biased,random,0.02,0.2,0.2,5.0,1.0,0.1,240,0,0.0,True,True,income,20,continue_after_avalanche,period_end,income_c_transition__N-200__income-c-0.20,income_c_transition,6,0.2,99.58333333333333,0.9958333333333333,0.9957983193277311,0.5356315500322772,1.5732217573221758,0.11757798222233369
2026151407,True,240,6971,1,200,28,200,6971,200,950,21,21,2525,237,0.105,True,4302,4302,950,0.5118154346815436,0.8880683403068341,0,137,200,20.0,lognormal,biased,random,0.02,0.2,0.2,5.0,1.0,0.1,240,0,0.0,True,True,income,20,continue_after_avalanche,period_end,income_c_transition__N-200__income-c-0.20,income_c_transition,7,0.2,98.75,0.9875,0.9957627118644068,0.701048692429611,1.8227848101265822,0.12817105125370204
2026151408,True,240,6927,1,200,26,200,6927,200,679,26,26,2878,239,0.13,True,4282,4282,679,0.5281433909388138,0.9164315740308269,0,138,200,20.0,lognormal,biased,random,0.02,0.2,0.2,5.0,1.0,0.1,240,0,0.0,True,True,income,20,continue_after_avalanche,period_end,income_c_transition__N-200__income-c-0.20,income_c_transition,8,0.2,99.58333333333333,0.9958333333333333,0.9957983193277311,0.7438941395213075,1.9372384937238494,0.16060920650668306
2026151409,True,240,5962,1,200,22,200,5962,200,882,20,20,1872,236,0.1,True,3644,3644,882,0.4434742041712405,0.8574176728869376,0,110,200,20.0,lognormal,biased,random,0.02,0.2,0.2,5.0,1.0,0.1,240,0,0.0,True,True,income,20,continue_after_avalanche,period_end,income_c_transition__N-200__income-c-0.20,income_c_transition,9,0.2,98.33333333333333,0.9833333333333333,0.9829787234042553,0.6960206822082365,1.6144067796610169,0.11731056137835799
2026151410,True,240,6516,1,200,25,200,6516,200,697,21,21,2538,239,0.105,True,4008,4008,697,0.525434131736527,0.9077819361277446,0,127,200,20.0,lognormal,biased,random,0.02,0.2,0.2,5.0,1.0,0.1,240,0,0.0,True,True,income,20,continue_after_avalanche,period_end,income_c_transition__N-200__income-c-0.20,income_c_transition,10,0.2,99.58333333333333,0.9958333333333333,0.9957983193277311,0.6205142706760787,1.8200836820083681,0.14406151181932625
2026151411,True,240,5905,1,200,23,200,5905,200,478,22,22,2264,240,0.11,True,3597,3597,478,0.509589936057826,0.931277453433417,0,113,200,20.0,lognormal,biased,random,0.02,0.2,0.2,5.0,1.0,0.1,240,0,0.0,True,True,income,20,continue_after_avalanche,period_end,income_c_transition__N-200__income-c-0.20,income_c_transition,11,0.2,100.0,1.0,1.0,0.7104626583235715,1.7291666666666667,0.12680934242128125
2026151412,True,240,5917,1,200,23,200,5917,200,752,20,20,2178,234,0.1,True,3613,3613,752,0.5053238306116801,0.885135621367285,0,112,200,20.0,lognormal,biased,random,0.02,0.2,0.2,5.0,1.0,0.1,240,0,0.0,True,True,income,20,continue_after_avalanche,period_end,income_c_transition__N-200__income-c-0.20,income_c_transition,12,0.2,97.5,0.975,0.9871244635193133,0.5290394884191707,1.7905982905982907,0.13179856894580638
2026151413,True,240,6612,1,200,25,200,6612,200,528,26,26,2682,237,0.13,True,4093,4093,528,0.5332775470315174,0.9187258734424628,0,124,200,20.0,lognormal,biased,random,0.02,0.2,0.2,5.0,1.0,0.1,240,0,0.0,True,True,income,20,continue_after_avalanche,period_end,income_c_transition__N-200__income-c-0.20,income_c_transition,13,0.2,98.75,0.9875,0.9915254237288136,0.715099898619536,1.8987341772151898,0.1367720777739589
2026151414,True,240,6677,1,200,26,200,6677,200,860,22,22,2553,240,0.11,True,4084,4084,860,0.5195886385896182,0.9065940254652303,0,129,200,20.0,lognormal,biased,random,0.02,0.2,0.2,5.0,1.0,0.1,240,0,0.0,True,True,income,20,continue_after_avalanche,period_end,income_c_transition__N-200__income-c-0.20,income_c_transition,14,0.2,100.0,1.0,1.0,0.6712065045365578,1.7958333333333334,0.12623383261976528
2026151415,True,240,6199,1,200,23,200,6199,200,825,23,23,2169,237,0.115,True,3803,3803,825,0.4828990270838813,0.8681501446226665,0,120,200,20.0,lognormal,biased,random,0.02,0.2,0.2,5.0,1.0,0.1,240,0,0.0,True,True,income,20,continue_after_avalanche,period_end,income_c_transition__N-200__income-c-0.20,income_c_transition,15,0.2,98.75,0.9875,0.9872881355932204,0.6539337259707787,1.7552742616033756,0.1287307246819533
2026151416,True,240,6568,1,200,26,200,6568,200,697,22,22,2328,238,0.11,True,4031,4031,697,0.49457826841974706,0.8899888365169935,0,127,200,20.0,lognormal,biased,random,0.02,0.2,0.2,5.0,1.0,0.1,240,0,0.0,True,True,income,20,continue_after_avalanche,period_end,income_c_transition__N-200__income-c-0.20,income_c_transition,16,0.2,99.16666666666667,0.9916666666666667,0.9915611814345991,0.6496846010087794,1.7478991596638656,0.1284954369069284
2026151417,True,240,7011,1,200,28,200,7011,200,390,25,25,2911,240,0.125,True,4357,4357,390,0.563303878815699,0.9486630709203581,0,141,200,20.0,lognormal,biased,random,0.02,0.2,0.2,5.0,1.0,0.1,240,0,0.0,True,True,income,20,continue_after_avalanche,period_end,income_c_transition__N-200__income-c-0.20,income_c_transition,17,0.2,100.0,1.0,1.0,0.7115892479241015,1.9625,0.1634599060042424
2026151418,True,240,6445,1,200,25,200,6445,200,313,24,24,2632,234,0.12,True,3983,3983,313,0.5285124278182276,0.9329663570173237,0,119,200,20.0,lognormal,biased,random,0.02,0.2,0.2,5.0,1.0,0.1,240,0,0.0,True,True,income,20,continue_after_avalanche,period_end,income_c_transition__N-200__income-c-0.20,income_c_transition,18,0.2,97.5,0.975,0.9785407725321889,0.7622019080382525,1.9743589743589745,0.15561236579437512
2026151419,True,240,6741,1,200,27,200,6741,200,796,22,22,2520,240,0.11,True,4145,4145,796,0.5180229191797348,0.8844644149577805,0,130,200,20.0,lognormal,biased,random,0.02,0.2,0.2,5.0,1.0,0.1,240,0,0.0,True,True,income,20,continue_after_avalanche,period_end,income_c_transition__N-200__income-c-0.20,income_c_transition,19,0.2,100.0,1.0,1.0,0.6406261196102986,1.7583333333333333,0.11241811205578621
2026161400,True,240,3147,1,90,12,90,3147,90,200,15,15,1339,234,0.15,True,2233,2233,200,0.5859785042543664,0.9367084639498433,0,72,100,20.0,lognormal,biased,random,0.02,0.2,0.18,5.0,1.0,0.1,240,0,0.0,True,True,income,20,continue_after_avalanche,period_end,size_scaling_income_c018__N-100__income-c-0.18,size_scaling_income_c018,0,0.18,97.5,0.975,0.9828326180257511,0.49478242594063554,1.6196581196581197,0.15657213157213154
2026161401,True,240,3057,1,90,12,90,3057,90,352,14,14,1037,218,0.14,True,2146,2146,352,0.5183504193849022,0.8948275862068966,0,65,100,20.0,lognormal,biased,random,0.02,0.2,0.18,5.0,1.0,0.1,240,0,0.0,True,True,income,20,continue_after_avalanche,period_end,size_scaling_income_c018__N-100__income-c-0.18,size_scaling_income_c018,1,0.18,90.83333333333333,0.9083333333333333,0.9216589861751152,0.344376652973486,1.426605504587156,0.13247828878562823
2026161402,True,240,2558,1,90,10,90,2558,90,335,9,9,899,217,0.09,False,1778,1778,335,0.49943757030371194,0.8671541057367829,0,54,100,20.0,lognormal,biased,random,0.02,0.2,0.18,5.0,1.0,0.1,240,0,0.0,True,True,income,20,continue_after_avalanche,period_end,size_scaling_income_c018__N-100__income-c-0.18,size_scaling_income_c018,2,0.18,90.41666666666667,0.9041666666666667,0.9120370370370371,0.38519134691106105,1.4101382488479262,0.14434386657888962
2026161403,True,240,3068,1,90,12,90,3068,90,421,12,12,1037,232,0.12,True,2151,2151,421,0.5074337517433751,0.8551046025104603,0,61,100,20.0,lognormal,biased,random,0.02,0.2,0.18,5.0,1.0,0.1,240,0,0.0,True,True,income,20,continue_after_avalanche,period_end,size_scaling_income_c018__N-100__income-c-0.18,size_scaling_income_c018,3,0.18,96.66666666666667,0.9666666666666667,0.9696969696969697,0.4116539030345181,1.4439655172413792,0.11887486316365627
2026161404,True,240,2671,1,90,10,90,2671,90,206,13,13,1010,226,0.13,True,1864,1864,206,0.5174356223175967,0.9186695278969956,0,55,100,20.0,lognormal,biased,random,0.02,0.2,0.18,5.0,1.0,0.1,240,0,0.0,True,True,income,20,continue_after_avalanche,period_end,size_scaling_income_c018__N-100__income-c-0.18,size_scaling_income_c018,4,0.18,94.16666666666667,0.9416666666666667,0.9466666666666667,0.3363776878624722,1.4469026548672566,0.11824119832969389
2026161405,True,240,3460,1,90,14,90,3460,90,251,15,15,1424,234,0.15,True,2443,2443,251,0.543548915268113,0.9338722881702823,0,74,100,20.0,lognormal,biased,random,0.02,0.2,0.18,5.0,1.0,0.1,240,0,0.0,True,True,income,20,continue_after_avalanche,period_end,size_scaling_income_c018__N-100__income-c-0.18,size_scaling_income_c018,5,0.18,97.5,0.975,0.9742489270386266,0.6104846458453144,1.623931623931624,0.1412948162948163
2026161406,True,240,2262,1,90,9,90,2262,90,278,11,11,686,208,0.11,True,1562,1562,278,0.4649423815620999,0.8891805377720872,0,51,100,20.0,lognormal,biased,random,0.02,0.2,0.18,5.0,1.0,0.1,240,0,0.0,True,True,income,20,continue_after_avalanche,period_end,size_scaling_income_c018__N-100__income-c-0.18,size_scaling_income_c018,6,0.18,86.66666666666667,0.8666666666666667,0.8888888888888888,0.35235967109554045,1.3413461538461537,0.11836080586080587
2026161407,True,240,2921,1,90,12,90,2921,90,227,14,14,1124,231,0.14,True,2043,2043,227,0.5331424375917768,0.9052325012236906,0,63,100,20.0,lognormal,biased,random,0.02,0.2,0.18,5.0,1.0,0.1,240,0,0.0,True,True,income,20,continue_after_avalanche,period_end,size_scaling_income_c018__N-100__income-c-0.18,size_scaling_income_c018,7,0.18,96.25,0.9625,0.9695652173913043,0.4741478498703642,1.5324675324675325,0.14190386333243477
2026161408,True,240,2740,2,131,11,90,2740,131,282,12,12,1058,227,0.12,True,1921,1921,282,0.5542477876106195,0.914716293597085,0,61,100,20.0,lognormal,biased,random,0.02,0.2,0.18,5.0,1.0,0.1,240,0,0.0,True,True,income,20,continue_after_avalanche,period_end,size_scaling_income_c018__N-100__income-c-0.18,size_scaling_income_c018,8,0.18,94.58333333333333,0.9458333333333333,0.9513274336283186,0.45045999027311534,1.4317180616740088,0.13901650234249352
2026161409,True,240,2671,1,90,11,90,2671,90,267,16,16,1030,226,0.16,True,1871,1871,267,0.5238214858364512,0.8908230892570819,0,60,100,20.0,lognormal,biased,random,0.02,0.2,0.18,5.0,1.0,0.1,240,0,0.0,True,True,income,20,continue_after_avalanche,period_end,size_scaling_income_c018__N-100__income-c-0.18,size_scaling_income_c018,9,0.18,94.16666666666667,0.9416666666666667,0.96,0.40418907111659247,1.420353982300885,0.11820818070818069
2026161410,True,240,2907,1,90,12,90,2907,90,356,13,13,1082,229,0.13,True,2029,2029,356,0.5392656481025135,0.8996205027106949,0,64,100,20.0,lognormal,biased,random,0.02,0.2,0.18,5.0,1.0,0.1,240,0,0.0,True,True,income,20,continue_after_avalanche,period_end,size_scaling_income_c018__N-100__income-c-0.18,size_scaling_income_c018,10,0.18,95.41666666666667,0.9541666666666667,0.956140350877193,0.5142696977140014,1.4541484716157205,0.1194052187501969
2026161411,True,240,2812,1,90,11,90,2812,90,415,10,10,1036,231,0.1,True,1961,1961,415,0.5070933197348291,0.8790260071392146,0,60,100,20.0,lognormal,biased,random,0.02,0.2,0.18,5.0,1.0,0.1,240,0,0.0,True,True,income,20,continue_after_avalanche,period_end,size_scaling_income_c018__N-100__income-c-0.18,size_scaling_income_c018,11,0.18,96.25,0.9625,0.9652173913043478,0.48223689772044964,1.4112554112554112,0.120299938157081
2026161412,True,240,4110,3,162,16,90,4110,162,85,16,16,1815,231,0.16,True,2991,2991,85,0.6281812102975592,0.9731828819792712,0,88,100,20.0,lognormal,biased,random,0.02,0.2,0.18,5.0,1.0,0.1,240,0,0.0,True,True,income,20,continue_after_avalanche,period_end,size_scaling_income_c018__N-100__income-c-0.18,size_scaling_income_c018,12,0.18,96.25,0.9625,0.9739130434782609,0.71384766320039,1.8138528138528138,0.17649775669256185
2026161413,True,240,2611,1,90,11,90,2611,90,315,10,10,989,223,0.1,True,1837,1837,315,0.5316004354926511,0.8753783342406096,0,57,100,20.0,lognormal,biased,random,0.02,0.2,0.18,5.0,1.0,0.1,240,0,0.0,True,True,income,20,continue_after_avalanche,period_end,size_scaling_income_c018__N-100__income-c-0.18,size_scaling_income_c018,13,0.18,92.91666666666667,0.9291666666666667,0.9504504504504504,0.3308157108383837,1.452914798206278,0.12918179229838422
2026161414,True,240,3197,1,90,12,90,3197,90,350,15,15,1103,226,0.15,True,2263,2263,350,0.5324127264692886,0.9123420238621298,0,69,100,20.0,lognormal,biased,random,0.02,0.2,0.18,5.0,1.0,0.1,240,0,0.0,True,True,income,20,continue_after_avalanche,period_end,size_scaling_income_c018__N-100__income-c-0.18,size_scaling_income_c018,14,0.18,94.16666666666667,0.9416666666666667,0.9466666666666667,0.5446632353223667,1.4690265486725664,0.1244999837920192
2026161415,True,240,2817,1,90,12,90,2817,90,328,11,11,1005,232,0.11,True,1969,1969,328,0.5242712036566786,0.8541645505332656,0,62,100,20.0,lognormal,biased,random,0.02,0.2,0.18,5.0,1.0,0.1,240,0,0.0,True,True,income,20,continue_after_avalanche,period_end,size_scaling_income_c018__N-100__income-c-0.18,size_scaling_income_c018,15,0.18,96.66666666666667,0.9666666666666667,0.9826839826839827,0.2722813506302167,1.3836206896551724,0.10485769020251778
2026161416,True,240,3252,1,90,12,90,3252,90,323,13,13,1301,236,0.13,True,2299,2299,323,0.5534710743801652,0.891705089169204,0,69,100,20.0,lognormal,biased,random,0.02,0.2,0.18,5.0,1.0,0.1,240,0,0.0,True,True,income,20,continue_after_avalanche,period_end,size_scaling_income_c018__N-100__income-c-0.18,size_scaling_income_c018,16,0.18,98.33333333333333,0.9833333333333333,0.9829787234042553,0.6191738289549276,1.5381355932203389,0.12512962555335436
2026161417,True,240,2745,1,90,10,90,2745,90,475,11,11,965,234,0.11,True,1911,1911,475,0.4986132914704344,0.8658241758241758,0,66,100,20.0,lognormal,biased,random,0.02,0.2,0.18,5.0,1.0,0.1,240,0,0.0,True,True,income,20,continue_after_avalanche,period_end,size_scaling_income_c018__N-100__income-c-0.18,size_scaling_income_c018,17,0.18,97.5,0.975,0.9742489270386266,0.35017566909272113,1.3717948717948718,0.10933048433048431
2026161418,True,240,3171,1,90,12,90,3171,90,233,13,13,1379,234,0.13,True,2242,2242,233,0.5802230151650312,0.9177966101694914,0,67,100,20.0,lognormal,biased,random,0.02,0.2,0.18,5.0,1.0,0.1,240,0,0.0,True,True,income,20,continue_after_avalanche,period_end,size_scaling_income_c018__N-100__income-c-0.18,size_scaling_income_c018,18,0.18,97.5,0.975,0.9742489270386266,0.44253564972041565,1.5897435897435896,0.14335340585340586
2026161419,True,240,2846,1,90,12,90,2846,90,247,11,11,1151,233,0.11,True,1996,1996,247,0.5849398797595191,0.9000501002004009,0,61,100,20.0,lognormal,biased,random,0.02,0.2,0.18,5.0,1.0,0.1,240,0,0.0,True,True,income,20,continue_after_avalanche,period_end,size_scaling_income_c018__N-100__income-c-0.18,size_scaling_income_c018,19,0.18,97.08333333333333,0.9708333333333333,0.9698275862068966,0.4736635117769935,1.5107296137339057,0.12784760542271273
2026171400,True,240,5976,1,180,24,180,5976,180,625,21,21,2030,236,0.105,True,4198,4198,625,0.5140948070509768,0.905814673654121,0,129,200,20.0,lognormal,biased,random,0.02,0.2,0.18,5.0,1.0,0.1,240,0,0.0,True,True,income,20,continue_after_avalanche,period_end,size_scaling_income_c018__N-200__income-c-0.18,size_scaling_income_c018,0,0.18,98.33333333333333,0.9833333333333333,0.9829787234042553,0.6937500400445895,1.6991525423728813,0.133272752920061
2026171401,True,240,5446,2,262,21,180,5446,262,985,17,17,1723,235,0.085,False,3794,3794,985,0.4969240906694783,0.8840195044807593,0,115,200,20.0,lognormal,biased,random,0.02,0.2,0.18,5.0,1.0,0.1,240,0,0.0,True,True,income,20,continue_after_avalanche,period_end,size_scaling_income_c018__N-200__income-c-0.18,size_scaling_income_c018,1,0.18,97.91666666666667,0.9791666666666666,0.9871794871794872,0.5581473315605955,1.548936170212766,0.11176997352529267
2026171402,True,240,5924,1,180,23,180,5924,180,740,21,21,2359,240,0.105,True,4145,4145,740,0.543043425814234,0.8976248492159229,0,128,200,20.0,lognormal,biased,random,0.02,0.2,0.18,5.0,1.0,0.1,240,0,0.0,True,True,income,20,continue_after_avalanche,period_end,size_scaling_income_c018__N-200__income-c-0.18,size_scaling_income_c018,2,0.18,100.0,1.0,1.0,0.6948346806487862,1.7958333333333334,0.143030743425964
2026171403,True,240,5463,1,180,21,180,5463,180,578,27,27,1785,238,0.135,True,3839,3839,578,0.5209676999218547,0.8973209169054441,0,120,200,20.0,lognormal,biased,random,0.02,0.2,0.18,5.0,1.0,0.1,240,0,0.0,True,True,income,20,continue_after_avalanche,period_end,size_scaling_income_c018__N-200__income-c-0.18,size_scaling_income_c018,3,0.18,99.16666666666667,0.9916666666666667,0.9915611814345991,0.5637353254106284,1.6008403361344539,0.12199069021548013
2026171404,True,240,5751,1,180,23,180,5751,180,608,19,19,2085,235,0.095,False,4045,4045,608,0.5302731767614339,0.9094796044499383,0,124,200,20.0,lognormal,biased,random,0.02,0.2,0.18,5.0,1.0,0.1,240,0,0.0,True,True,income,20,continue_after_avalanche,period_end,size_scaling_income_c018__N-200__income-c-0.18,size_scaling_income_c018,4,0.18,97.91666666666667,0.9791666666666666,0.9829059829059829,0.6921171716561874,1.6595744680851063,0.10810584770534708
2026171405,True,240,5059,1,180,20,180,5059,180,873,15,15,1608,240,0.075,False,3524,3524,873,0.4959846765039728,0.8471509648127129,0,108,200,20.0,lognormal,biased,random,0.02,0.2,0.18,5.0,1.0,0.1,240,0,0.0,True,True,income,20,continue_after_avalanche,period_end,size_scaling_income_c018__N-200__income-c-0.18,size_scaling_income_c018,5,0.18,100.0,1.0,1.0,0.5628056683835178,1.575,0.11408612221112222
2026171406,True,240,5706,1,180,23,180,5706,180,970,17,17,1831,236,0.085,False,4013,4013,970,0.5009332170446053,0.8628744081734365,0,129,200,20.0,lognormal,biased,random,0.02,0.2,0.18,5.0,1.0,0.1,240,0,0.0,True,True,income,20,continue_after_avalanche,period_end,size_scaling_income_c018__N-200__income-c-0.18,size_scaling_income_c018,6,0.18,98.33333333333333,0.9833333333333333,0.9872340425531915,0.6396135471718685,1.521186440677966,0.0952526463649345
2026171407,True,240,5327,1,180,20,180,5327,180,796,18,18,1718,231,0.09,False,3722,3722,796,0.5027243417517464,0.8612547017732404,0,110,200,20.0,lognormal,biased,random,0.02,0.2,0.18,5.0,1.0,0.1,240,0,0.0,True,True,income,20,continue_after_avalanche,period_end,size_scaling_income_c018__N-200__income-c-0.18,size_scaling_income_c018,7,0.18,96.25,0.9625,0.9826086956521739,0.6615219635997526,1.593073593073593,0.11718982676774883
2026171408,True,240,5797,1,180,22,180,5797,180,868,19,19,1980,237,0.095,False,4067,4067,868,0.5172645684779937,0.8831853946397836,0,127,200,20.0,lognormal,biased,random,0.02,0.2,0.18,5.0,1.0,0.1,240,0,0.0,True,True,income,20,continue_after_avalanche,period_end,size_scaling_income_c018__N-200__income-c-0.18,size_scaling_income_c018,8,0.18,98.75,0.9875,0.9915254237288136,0.5844966787522742,1.6962025316455696,0.13308531599670842
2026171409,True,240,5302,1,180,21,180,5302,180,597,19,19,1732,234,0.095,False,3710,3710,597,0.4976630727762805,0.8920566037735851,0,114,200,20.0,lognormal,biased,random,0.02,0.2,0.18,5.0,1.0,0.1,240,0,0.0,True,True,income,20,continue_after_avalanche,period_end,size_scaling_income_c018__N-200__income-c-0.18,size_scaling_income_c018,9,0.18,97.5,0.975,0.9785407725321889,0.6211677562629024,1.7008547008547008,0.14170556414146157
2026171410,True,240,5275,1,180,21,180,5275,180,666,17,17,1812,239,0.085,False,3703,3703,666,0.5293802322441266,0.8844977045638673,0,115,200,20.0,lognormal,biased,random,0.02,0.2,0.18,5.0,1.0,0.1,240,0,0.0,True,True,income,20,continue_after_avalanche,period_end,size_scaling_income_c018__N-200__income-c-0.18,size_scaling_income_c018,10,0.18,99.58333333333333,0.9958333333333333,0.9957983193277311,0.5181998208688754,1.6234309623430963,0.11431104924828775
2026171411,True,240,5801,1,180,23,180,5801,180,590,23,23,2108,237,0.115,True,4092,4092,590,0.51430596285435,0.8966959921798632,0,123,200,20.0,lognormal,biased,random,0.02,0.2,0.18,5.0,1.0,0.1,240,0,0.0,True,True,income,20,continue_after_avalanche,period_end,size_scaling_income_c018__N-200__income-c-0.18,size_scaling_income_c018,11,0.18,98.75,0.9875,0.9872881355932204,0.6573741911720443,1.729957805907173,0.1140097223864908
2026171412,True,240,5530,1,180,22,180,5530,180,885,18,18,1849,234,0.09,False,3869,3869,885,0.49491212199534784,0.852319720858103,0,117,200,20.0,lognormal,biased,random,0.02,0.2,0.18,5.0,1.0,0.1,240,0,0.0,True,True,income,20,continue_after_avalanche,period_end,size_scaling_income_c018__N-200__income-c-0.18,size_scaling_income_c018,12,0.18,97.5,0.975,0.9785407725321889,0.5949730762911332,1.6495726495726495,0.12692684808069424
2026171413,True,240,6152,1,180,25,180,6152,180,798,20,20,2270,237,0.1,True,4349,4349,798,0.5396976316394575,0.9063704299839044,0,145,200,20.0,lognormal,biased,random,0.02,0.2,0.18,5.0,1.0,0.1,240,0,0.0,True,True,income,20,continue_after_avalanche,period_end,size_scaling_income_c018__N-200__income-c-0.18,size_scaling_income_c018,13,0.18,98.75,0.9875,0.9872881355932204,0.638081552524497,1.7637130801687764,0.1381910504392575
2026171414,True,240,5839,1,180,24,180,5839,180,1003,20,20,1948,236,0.1,True,4096,4096,1003,0.48763183593750004,0.8440234375000002,0,130,200,20.0,lognormal,biased,random,0.02,0.2,0.18,5.0,1.0,0.1,240,0,0.0,True,True,income,20,continue_after_avalanche,period_end,size_scaling_income_c018__N-200__income-c-0.18,size_scaling_income_c018,14,0.18,98.33333333333333,0.9833333333333333,0.9829787234042553,0.5426921046509033,1.6271186440677967,0.10863237020685726
2026171415,True,240,5248,1,180,21,180,5248,180,802,19,19,1767,235,0.095,False,3657,3657,802,0.5014479081214112,0.8716748701121138,0,115,200,20.0,lognormal,biased,random,0.02,0.2,0.18,5.0,1.0,0.1,240,0,0.0,True,True,income,20,continue_after_avalanche,period_end,size_scaling_income_c018__N-200__income-c-0.18,size_scaling_income_c018,15,0.18,97.91666666666667,0.9791666666666666,0.9786324786324786,0.6199765477214327,1.5276595744680852,0.10432655406059661
2026171416,True,240,5988,1,180,23,180,5988,180,967,20,20,2094,239,0.1,True,4224,4224,967,0.49829545454545454,0.8629592803030304,0,136,200,20.0,lognormal,biased,random,0.02,0.2,0.18,5.0,1.0,0.1,240,0,0.0,True,True,income,20,continue_after_avalanche,period_end,size_scaling_income_c018__N-200__income-c-0.18,size_scaling_income_c018,16,0.18,99.58333333333333,0.9958333333333333,0.9957983193277311,0.656962438237204,1.6443514644351465,0.10748221443828136
2026171417,True,240,5565,1,180,22,180,5565,180,804,19,19,1726,234,0.095,False,3923,3923,804,0.49656003058883513,0.8739268417027786,0,118,200,20.0,lognormal,biased,random,0.02,0.2,0.18,5.0,1.0,0.1,240,0,0.0,True,True,income,20,continue_after_avalanche,period_end,size_scaling_income_c018__N-200__income-c-0.18,size_scaling_income_c018,17,0.18,97.5,0.975,0.9742489270386266,0.6374293557959037,1.6196581196581197,0.12435478813683942
2026171418,True,240,5943,1,180,24,180,5943,180,793,21,21,2065,238,0.105,True,4157,4157,793,0.5055821505893674,0.8689331248496512,0,130,200,20.0,lognormal,biased,random,0.02,0.2,0.18,5.0,1.0,0.1,240,0,0.0,True,True,income,20,continue_after_avalanche,period_end,size_scaling_income_c018__N-200__income-c-0.18,size_scaling_income_c018,18,0.18,99.16666666666667,0.9916666666666667,0.9915611814345991,0.5872676061310954,1.6512605042016806,0.10912630169303426
2026171419,True,240,5822,1,180,23,180,5822,180,903,18,18,2019,238,0.09,False,4098,4098,903,0.5124377745241582,0.8621571498291851,0,129,200,20.0,lognormal,biased,random,0.02,0.2,0.18,5.0,1.0,0.1,240,0,0.0,True,True,income,20,continue_after_avalanche,period_end,size_scaling_income_c018__N-200__income-c-0.18,size_scaling_income_c018,19,0.18,99.16666666666667,0.9916666666666667,0.9915611814345991,0.5724198023886078,1.6974789915966386,0.11986355148119854
2026181400,True,240,13714,1,450,54,450,13714,450,1988,42,42,4859,240,0.084,False,9606,9606,1988,0.5223918384343118,0.8854828232354779,0,313,500,20.0,lognormal,biased,random,0.02,0.2,0.18,5.0,1.0,0.1,240,0,0.0,True,True,income,20,continue_after_avalanche,period_end,size_scaling_income_c018__N-500__income-c-0.18,size_scaling_income_c018,0,0.18,100.0,1.0,1.0,0.7652077049578749,2.120833333333333,0.11931939912415811
2026181401,True,240,13301,1,450,52,450,13301,450,1583,38,38,4882,240,0.076,False,9280,9280,1583,0.5333293103448276,0.881082327586207,0,289,500,20.0,lognormal,biased,random,0.02,0.2,0.18,5.0,1.0,0.1,240,0,0.0,True,True,income,20,continue_after_avalanche,period_end,size_scaling_income_c018__N-500__income-c-0.18,size_scaling_income_c018,1,0.18,100.0,1.0,1.0,0.7852084603917069,2.1041666666666665,0.12428365690522412
2026181402,True,240,13333,1,450,51,450,13333,450,2345,36,36,4065,240,0.072,False,9296,9296,2345,0.48495697074010335,0.8622930292598967,0,293,500,20.0,lognormal,biased,random,0.02,0.2,0.18,5.0,1.0,0.1,240,0,0.0,True,True,income,20,continue_after_avalanche,period_end,size_scaling_income_c018__N-500__income-c-0.18,size_scaling_income_c018,2,0.18,100.0,1.0,1.0,0.7732232229493124,1.9541666666666666,0.10494386175146717
2026181403,True,240,15382,1,450,61,450,15382,450,1776,50,50,5382,240,0.1,True,10851,10851,1776,0.5248111694774675,0.896079071053359,0,340,500,20.0,lognormal,biased,random,0.02,0.2,0.18,5.0,1.0,0.1,240,0,0.0,True,True,income,20,continue_after_avalanche,period_end,size_scaling_income_c018__N-500__income-c-0.18,size_scaling_income_c018,3,0.18,100.0,1.0,1.0,0.8436277317547862,2.191666666666667,0.12721874357044005
2026181404,True,240,14501,1,450,58,450,14501,450,1176,50,50,5501,240,0.1,True,10208,10208,1176,0.5533706896551724,0.9317974137931035,0,315,500,20.0,lognormal,biased,random,0.02,0.2,0.18,5.0,1.0,0.1,240,0,0.0,True,True,income,20,continue_after_avalanche,period_end,size_scaling_income_c018__N-500__income-c-0.18,size_scaling_income_c018,4,0.18,100.0,1.0,1.0,0.8466057579848061,2.2666666666666666,0.13590125038168513
2026181405,True,240,14524,1,450,60,450,14524,450,2240,39,39,5000,239,0.078,False,10211,10211,2240,0.5180822642248555,0.8792053667613358,0,325,500,20.0,lognormal,biased,random,0.02,0.2,0.18,5.0,1.0,0.1,240,0,0.0,True,True,income,20,continue_after_avalanche,period_end,size_scaling_income_c018__N-500__income-c-0.18,size_scaling_income_c018,5,0.18,99.58333333333333,0.9958333333333333,0.9957983193277311,0.8477081079322286,2.1046025104602513,0.12557955473291013
2026181406,True,240,14974,1,450,60,450,14974,450,1856,45,45,5426,240,0.09,False,10532,10532,1856,0.5076950246866692,0.8750869730345614,0,338,500,20.0,lognormal,biased,random,0.02,0.2,0.18,5.0,1.0,0.1,240,0,0.0,True,True,income,20,continue_after_avalanche,period_end,size_scaling_income_c018__N-500__income-c-0.18,size_scaling_income_c018,6,0.18,100.0,1.0,1.0,0.8606420972402815,2.1375,0.12869539167789662
2026181407,True,240,13773,1,450,54,450,13773,450,2233,39,39,4561,240,0.078,False,9638,9638,2233,0.5030246939199003,0.8686935048765303,0,302,500,20.0,lognormal,biased,random,0.02,0.2,0.18,5.0,1.0,0.1,240,0,0.0,True,True,income,20,continue_after_avalanche,period_end,size_scaling_income_c018__N-500__income-c-0.18,size_scaling_income_c018,7,0.18,100.0,1.0,1.0,0.8162356321091216,2.025,0.12641136854474963
2026181408,True,240,13033,1,450,53,450,13033,450,1674,42,42,4578,240,0.084,False,9072,9072,1674,0.5140260141093473,0.8991371252204585,0,290,500,20.0,lognormal,biased,random,0.02,0.2,0.18,5.0,1.0,0.1,240,0,0.0,True,True,income,20,continue_after_avalanche,period_end,size_scaling_income_c018__N-500__income-c-0.18,size_scaling_income_c018,8,0.18,100.0,1.0,1.0,0.8215966896182595,2.0083333333333333,0.11780132516233
2026181409,True,240,13720,1,450,53,450,13720,450,2212,37,37,4321,240,0.074,False,9562,9562,2212,0.49644844174858815,0.8802631248692743,0,301,500,20.0,lognormal,biased,random,0.02,0.2,0.18,5.0,1.0,0.1,240,0,0.0,True,True,income,20,continue_after_avalanche,period_end,size_scaling_income_c018__N-500__income-c-0.18,size_scaling_income_c018,9,0.18,100.0,1.0,1.0,0.811199169705297,1.9708333333333334,0.1118806693087587
2026181410,True,240,13809,1,450,55,450,13809,450,2094,40,40,4648,240,0.08,False,9651,9651,2094,0.5074825406693606,0.8850226919490207,0,295,500,20.0,lognormal,biased,random,0.02,0.2,0.18,5.0,1.0,0.1,240,0,0.0,True,True,income,20,continue_after_avalanche,period_end,size_scaling_income_c018__N-500__income-c-0.18,size_scaling_income_c018,10,0.18,100.0,1.0,1.0,0.7932835525982062,2.1041666666666665,0.12154139432540267
2026181411,True,240,13512,1,450,52,450,13512,450,1997,38,38,4371,240,0.076,False,9473,9473,1997,0.5058488335268658,0.8672545128259264,0,292,500,20.0,lognormal,biased,random,0.02,0.2,0.18,5.0,1.0,0.1,240,0,0.0,True,True,income,20,continue_after_avalanche,period_end,size_scaling_income_c018__N-500__income-c-0.18,size_scaling_income_c018,11,0.18,100.0,1.0,1.0,0.8007555700226219,1.9958333333333333,0.11844194524112976
2026181412,True,240,14649,1,450,57,450,14649,450,1840,41,41,5067,240,0.082,False,10279,10279,1840,0.5207158283879756,0.8915098745014107,0,316,500,20.0,lognormal,biased,random,0.02,0.2,0.18,5.0,1.0,0.1,240,0,0.0,True,True,income,20,continue_after_avalanche,period_end,size_scaling_income_c018__N-500__income-c-0.18,size_scaling_income_c018,12,0.18,100.0,1.0,1.0,0.839603450205481,2.15,0.13169645806411487
2026181413,True,240,15954,1,450,62,450,15954,450,1497,55,55,6195,240,0.11,True,11253,11253,1497,0.5557972096329868,0.915207144761397,0,352,500,20.0,lognormal,biased,random,0.02,0.2,0.18,5.0,1.0,0.1,240,0,0.0,True,True,income,20,continue_after_avalanche,period_end,size_scaling_income_c018__N-500__income-c-0.18,size_scaling_income_c018,13,0.18,100.0,1.0,1.0,0.8819571533665015,2.2583333333333333,0.14201843262663924
2026181414,True,240,15704,1,450,62,450,15704,450,1870,46,46,5790,240,0.092,False,11103,11103,1870,0.5337805998378817,0.909794289831577,0,348,500,20.0,lognormal,biased,random,0.02,0.2,0.18,5.0,1.0,0.1,240,0,0.0,True,True,income,20,continue_after_avalanche,period_end,size_scaling_income_c018__N-500__income-c-0.18,size_scaling_income_c018,14,0.18,100.0,1.0,1.0,0.8726166773782555,2.125,0.13155986037356504
2026181415,True,240,14965,1,450,59,450,14965,450,1779,45,45,5442,240,0.09,False,10556,10556,1779,0.5212716938234179,0.8903353543008716,0,322,500,20.0,lognormal,biased,random,0.02,0.2,0.18,5.0,1.0,0.1,240,0,0.0,True,True,income,20,continue_after_avalanche,period_end,size_scaling_income_c018__N-500__income-c-0.18,size_scaling_income_c018,15,0.18,100.0,1.0,1.0,0.8267663318441805,2.1666666666666665,0.13180218141228572
2026181416,True,240,14580,1,450,58,450,14580,450,1657,43,43,5446,240,0.086,False,10270,10270,1657,0.536530477117819,0.9063345666991236,0,332,500,20.0,lognormal,biased,random,0.02,0.2,0.18,5.0,1.0,0.1,240,0,0.0,True,True,income,20,continue_after_avalanche,period_end,size_scaling_income_c018__N-500__income-c-0.18,size_scaling_income_c018,16,0.18,100.0,1.0,1.0,0.8241125742786533,2.2666666666666666,0.13483460739048117
2026181417,True,240,13975,1,450,55,450,13975,450,1576,49,49,5136,240,0.098,False,9792,9792,1576,0.546486111111111,0.926951388888889,0,305,500,20.0,lognormal,biased,random,0.02,0.2,0.18,5.0,1.0,0.1,240,0,0.0,True,True,income,20,continue_after_avalanche,period_end,size_scaling_income_c018__N-500__income-c-0.18,size_scaling_income_c018,17,0.18,100.0,1.0,1.0,0.7793556629467842,2.1666666666666665,0.12891305872595715
2026181418,True,240,13962,1,450,56,450,13962,450,1737,49,49,5081,239,0.098,False,9773,9773,1737,0.5347354957536068,0.8924860329479178,0,307,500,20.0,lognormal,biased,random,0.02,0.2,0.18,5.0,1.0,0.1,240,0,0.0,True,True,income,20,continue_after_avalanche,period_end,size_scaling_income_c018__N-500__income-c-0.18,size_scaling_income_c018,18,0.18,99.58333333333333,0.9958333333333333,0.9957983193277311,0.8145928914247689,2.1464435146443517,0.1311349180695026
2026181419,True,240,14004,1,450,55,450,14004,450,1656,48,48,4896,240,0.096,False,9804,9804,1656,0.5133553651570788,0.8936156670746633,0,302,500,20.0,lognormal,biased,random,0.02,0.2,0.18,5.0,1.0,0.1,240,0,0.0,True,True,income,20,continue_after_avalanche,period_end,size_scaling_income_c018__N-500__income-c-0.18,size_scaling_income_c018,19,0.18,100.0,1.0,1.0,0.7711645042141326,2.2333333333333334,0.13057421768285324
2026191400,True,1000,20000,1,20,20,20,20000,20,93,24,24,14185,994,0.12,True,3570,3570,93,0.5443977591036415,0.9877282913165266,0,102,200,20.0,lognormal,biased,random,0.02,0.2,0.18,5.0,1.0,0.1,1000,0,0.0,True,True,fixed,20,continue_after_avalanche,period_end,long_run_attractor__N-200__fixed-K-20,long_run_attractor,0,20.0,99.4,0.994,0.9949647532729103,0.6876462402032617,2.574446680080483,0.27564791895415897
2026191401,True,1000,20000,2,40,20,20,20000,40,163,24,24,12940,994,0.12,True,4475,4475,163,0.5582245810055868,0.9812055865921789,0,128,200,20.0,lognormal,biased,random,0.02,0.2,0.18,5.0,1.0,0.1,1000,0,0.0,True,True,fixed,20,continue_after_avalanche,period_end,long_run_attractor__N-200__fixed-K-20,long_run_attractor,1,20.0,99.4,0.994,0.9949647532729103,0.7071154675141724,2.289738430583501,0.22514692671666617
2026191402,True,1000,20000,7,140,20,20,20000,140,57,25,25,13378,986,0.125,True,3498,3498,57,0.5077415666094913,0.9857547169811323,0,101,200,20.0,lognormal,biased,random,0.02,0.2,0.18,5.0,1.0,0.1,1000,0,0.0,True,True,fixed,20,continue_after_avalanche,period_end,long_run_attractor__N-200__fixed-K-20,long_run_attractor,2,20.0,98.6,0.986,0.9939086294416244,0.7184716866784102,2.477687626774848,0.25911306982964516
2026191403,True,1000,20000,5,100,20,20,20000,100,2,25,25,14753,989,0.125,True,4331,4331,2,0.5904975756176403,0.9949145693835144,0,117,200,20.0,lognormal,biased,random,0.02,0.2,0.18,5.0,1.0,0.1,1000,0,0.0,True,True,fixed,20,continue_after_avalanche,period_end,long_run_attractor__N-200__fixed-K-20,long_run_attractor,3,20.0,98.9,0.989,0.9939271255060729,0.7233984952732532,3.129423660262892,0.3778276545577282
2026191404,True,1000,20000,2,40,20,20,20000,40,177,27,27,12618,989,0.135,True,3932,3932,177,0.5057019328585963,0.9722100712105799,0,120,200,20.0,lognormal,biased,random,0.02,0.2,0.18,5.0,1.0,0.1,1000,0,0.0,True,True,fixed,20,continue_after_avalanche,period_end,long_run_attractor__N-200__fixed-K-20,long_run_attractor,4,20.0,98.9,0.989,0.9919028340080972,0.7281737590569873,2.274014155712841,0.22552942086996247
2026201400,True,1000,30000,1,30,30,30,30000,30,19,35,35,21788,999,0.175,True,3730,3730,19,0.5107774798927616,0.9911903485254692,0,104,200,20.0,lognormal,biased,random,0.02,0.2,0.18,5.0,1.0,0.1,1000,0,0.0,True,True,fixed,30,continue_after_avalanche,period_end,long_run_attractor__N-200__fixed-K-30,long_run_attractor,0,30.0,99.9,0.999,0.998997995991984,0.7810756376110422,3.4194194194194196,0.38217566776967904
2026201401,True,1000,30000,1,30,30,30,30000,30,61,35,35,21615,993,0.175,True,3564,3564,61,0.48402076318743004,0.9890796857463524,0,106,200,20.0,lognormal,biased,random,0.02,0.2,0.18,5.0,1.0,0.1,1000,0,0.0,True,True,fixed,30,continue_after_avalanche,period_end,long_run_attractor__N-200__fixed-K-30,long_run_attractor,1,30.0,99.3,0.993,0.9959677419354839,0.7434035184296679,3.4672708962739174,0.3846811499200315
2026201402,True,1000,30000,3,90,30,30,30000,90,72,40,40,22057,994,0.2,True,3783,3783,72,0.5282725350251125,0.9899986782976475,0,107,200,20.0,lognormal,biased,random,0.02,0.2,0.18,5.0,1.0,0.1,1000,0,0.0,True,True,fixed,30,continue_after_avalanche,period_end,long_run_attractor__N-200__fixed-K-30,long_run_attractor,2,30.0,99.4,0.994,0.9959718026183283,0.7204139879817556,3.7414486921529173,0.4203521309999985
2026201403,True,1000,30000,1,30,30,30,30000,30,55,38,38,22190,999,0.19,True,3303,3303,55,0.4693596730245233,0.9939161368452922,0,96,200,20.0,lognormal,biased,random,0.02,0.2,0.18,5.0,1.0,0.1,1000,0,0.0,True,True,fixed,30,continue_after_avalanche,period_end,long_run_attractor__N-200__fixed-K-30,long_run_attractor,3,30.0,99.9,0.999,0.998997995991984,0.7348608907476484,3.66966966966967,0.4090268738926212
2026201404,True,1000,30000,2,60,30,30,30000,60,47,36,36,21647,995,0.18,True,3943,3943,47,0.5043076337813848,0.9886672584326657,0,112,200,20.0,lognormal,biased,random,0.02,0.2,0.18,5.0,1.0,0.1,1000,0,0.0,True,True,fixed,30,continue_after_avalanche,period_end,long_run_attractor__N-200__fixed-K-30,long_run_attractor,4,30.0,99.5,0.995,0.9969818913480886,0.787291678698729,3.658291457286432,0.41284599548615547
2026211400,True,1000,20542,1,180,20,180,20542,180,95,24,24,14337,995,0.12,True,3744,3744,95,0.5121688034188034,0.9832024572649574,0,110,200,20.0,lognormal,biased,random,0.02,0.2,0.18,5.0,1.0,0.1,1000,0,0.0,True,True,income,20,continue_after_avalanche,period_end,long_run_attractor__N-200__income-c-0.18,long_run_attractor,0,0.18,99.5,0.995,0.9949698189134809,0.6547275278747702,2.6472361809045224,0.29769002283344925
2026211401,True,1000,22272,1,180,21,180,22272,180,73,26,26,14811,996,0.13,True,4061,4061,73,0.5086321103176559,0.989154149224329,0,115,200,20.0,lognormal,biased,random,0.02,0.2,0.18,5.0,1.0,0.1,1000,0,0.0,True,True,income,20,continue_after_avalanche,period_end,long_run_attractor__N-200__income-c-0.18,long_run_attractor,1,0.18,99.6,0.996,0.9959798994974874,0.7369185599704481,2.5652610441767068,0.2676104301111163
2026211402,True,1000,21078,1,180,20,180,21078,180,74,29,29,14535,997,0.145,True,3850,3850,74,0.5247272727272729,0.9892857142857143,0,109,200,20.0,lognormal,biased,random,0.02,0.2,0.18,5.0,1.0,0.1,1000,0,0.0,True,True,income,20,continue_after_avalanche,period_end,long_run_attractor__N-200__income-c-0.18,long_run_attractor,2,0.18,99.7,0.997,0.9979919678714859,0.6856405660317694,2.657973921765296,0.2865596060575551
2026211403,True,1000,20616,2,259,20,180,20616,259,200,24,24,12979,996,0.12,True,3702,3702,200,0.46233117233927623,0.9770583468395464,0,114,200,20.0,lognormal,biased,random,0.02,0.2,0.18,5.0,1.0,0.1,1000,0,0.0,True,True,income,20,continue_after_avalanche,period_end,long_run_attractor__N-200__income-c-0.18,long_run_attractor,3,0.18,99.6,0.996,0.9969849246231156,0.6916072210047373,2.3152610441767068,0.22293639644369626
2026211404,True,1000,24102,1,180,23,180,24102,180,65,29,29,17101,995,0.145,True,4490,4490,65,0.540445434298441,0.9875345211581292,0,128,200,20.0,lognormal,biased,random,0.02,0.2,0.18,5.0,1.0,0.1,1000,0,0.0,True,True,income,20,continue_after_avalanche,period_end,long_run_attractor__N-200__income-c-0.18,long_run_attractor,4,0.18,99.5,0.995,0.9959758551307847,0.7505157365323514,3.064321608040201,0.34073687527188945
2026221400,True,1000,23187,1,200,22,200,23187,200,130,27,27,15838,999,0.135,True,3733,3733,130,0.49118001607286366,0.9919461559067775,0,109,200,20.0,lognormal,biased,random,0.02,0.2,0.2,5.0,1.0,0.1,1000,0,0.0,True,True,income,20,continue_after_avalanche,period_end,long_run_attractor__N-200__income-c-0.20,long_run_attractor,0,0.2,99.9,0.999,0.998997995991984,0.7073957836913399,2.7237237237237237,0.29694776094123243
2026221401,True,1000,25549,1,200,25,200,25549,200,131,31,31,18248,999,0.155,True,4150,4150,131,0.5506891566265062,0.9875783132530123,0,122,200,20.0,lognormal,biased,random,0.02,0.2,0.2,5.0,1.0,0.1,1000,0,0.0,True,True,income,20,continue_after_avalanche,period_end,long_run_attractor__N-200__income-c-0.20,long_run_attractor,1,0.2,99.9,0.999,0.998997995991984,0.641467774626122,2.8978978978978978,0.318568257333544
2026221402,True,1000,25565,1,200,24,200,25565,200,74,32,32,17952,1000,0.16,True,4146,4146,74,0.504585142305837,0.9889652677279306,0,116,200,20.0,lognormal,biased,random,0.02,0.2,0.2,5.0,1.0,0.1,1000,0,0.0,True,True,income,20,continue_after_avalanche,period_end,long_run_attractor__N-200__income-c-0.20,long_run_attractor,2,0.2,100.0,1.0,1.0,0.7021161989200095,2.888,0.3157489141575462
2026221403,True,1000,24012,1,200,23,200,24012,200,48,28,28,17543,999,0.14,True,3982,3982,48,0.5442089402310397,0.9908513309894527,0,114,200,20.0,lognormal,biased,random,0.02,0.2,0.2,5.0,1.0,0.1,1000,0,0.0,True,True,income,20,continue_after_avalanche,period_end,long_run_attractor__N-200__income-c-0.20,long_run_attractor,3,0.2,99.9,0.999,0.998997995991984,0.6306351860786727,3.3133133133133135,0.38551151676048856
2026221404,True,1000,22859,1,200,22,200,22859,200,75,27,27,16678,998,0.135,True,3740,3740,75,0.5245213903743318,0.9861764705882354,0,111,200,20.0,lognormal,biased,random,0.02,0.2,0.2,5.0,1.0,0.1,1000,0,0.0,True,True,income,20,continue_after_avalanche,period_end,long_run_attractor__N-200__income-c-0.20,long_run_attractor,4,0.2,99.8,0.998,0.9979939819458375,0.6629109936858615,3.0340681362725452,0.3507921146223721
