seed,ended_by_default,macro_periods_completed,settlements_completed,checks_completed,uncapped_total_drive_steps,total_drive_steps,capped_macro_periods,time_steps_completed,total_credit_issued,failed_credit_events,avalanche_count,active_avalanche_macro_periods,avalanche_active_macro_rate,max_collapse_size,total_collapse_size,collapse_fraction,critical_event,unique_default_nodes,total_default_occurrences,repeat_default_occurrences,repeat_default_share,initial_total_money,final_cash_total,external_reset_cash_flow,final_active_credit,mean_active_credit_after_settlement,final_active_nodes,initial_money_gini,final_net_worth_gini,total_target_recovery,total_actual_recovery,total_creditor_loss,realized_recovery_share,total_income_last_macro,n_nodes,mean_initial_money,money_distribution,income_distribution_rule,growth_rule,consumption_wealth_propensity,consumption_income_propensity,investment_income_propensity,initial_income_per_capita,income_bias_floor,collapse_threshold_fraction,max_macro_periods,default_threshold,drive_rule,fixed_drive_steps,max_drive_steps_per_macro,settlement_mode,settlement_batches,default_check_every_settlements,recovery_rate,wipe_defaulted_assets,default_node_mode,validate_accounting,scenario_id,protocol_id,mechanism_id,run_index
2026086000,True,1000,1000,1000,26314,26314,0,26314,26314,0,997,997,0.997,33,18766,0.165,True,197,18766,18569,0.989502291378024,4355.0,4355.0,0.0,49.0,328.624,200,0.5284741676234215,0.9875763490241103,0.0,0.0,23064.0,0.0,125,200,20.0,lognormal,biased,random,0.02,0.2,0.2,5.0,1.0,0.1,1000,0.0,income,20,500,period_end,1,1,0.0,True,continue,False,high_risk_income_c020__reference_period_end,high_risk_income_c020,reference_period_end,0
2026086001,True,1000,1000,1000,23984,23984,0,23984,23984,0,999,999,0.999,30,17233,0.15,True,196,17233,17037,0.9886264724656183,3931.0,3931.0,0.0,52.0,320.114,200,0.5385919613329944,0.9896069702365811,0.0,0.0,21050.0,0.0,111,200,20.0,lognormal,biased,random,0.02,0.2,0.2,5.0,1.0,0.1,1000,0.0,income,20,500,period_end,1,1,0.0,True,continue,False,high_risk_income_c020__reference_period_end,high_risk_income_c020,reference_period_end,1
2026086002,True,1000,1000,1000,22665,22665,0,22665,22665,0,997,997,0.997,28,15392,0.14,True,196,15392,15196,0.9872661122661123,3649.0,3649.0,0.0,50.0,467.002,200,0.48188133735269956,0.9875075363113184,0.0,0.0,19489.0,0.0,106,200,20.0,lognormal,biased,random,0.02,0.2,0.2,5.0,1.0,0.1,1000,0.0,income,20,500,period_end,1,1,0.0,True,continue,False,high_risk_income_c020__reference_period_end,high_risk_income_c020,reference_period_end,2
2026086003,True,1000,1000,1000,25493,25493,0,25493,25493,0,996,996,0.996,29,17919,0.145,True,195,17919,17724,0.9891176963000168,4142.0,4142.0,0.0,110.0,387.887,200,0.5174915499758572,0.9843046837276679,0.0,0.0,22211.0,0.0,121,200,20.0,lognormal,biased,random,0.02,0.2,0.2,5.0,1.0,0.1,1000,0.0,income,20,500,period_end,1,1,0.0,True,continue,False,high_risk_income_c020__reference_period_end,high_risk_income_c020,reference_period_end,3
2026086004,True,1000,1000,1000,22252,22252,0,22252,22252,0,998,998,0.998,31,15704,0.155,True,196,15704,15508,0.9875191034131432,3602.0,3602.0,0.0,54.0,351.213,200,0.48373681288173254,0.9861604664075514,0.0,0.0,19424.0,0.0,106,200,20.0,lognormal,biased,random,0.02,0.2,0.2,5.0,1.0,0.1,1000,0.0,income,20,500,period_end,1,1,0.0,True,continue,False,high_risk_income_c020__reference_period_end,high_risk_income_c020,reference_period_end,4
2026086005,True,1000,1000,1000,23974,23974,0,23974,23974,0,999,999,0.999,29,17175,0.145,True,197,17175,16978,0.9885298398835517,3896.0,3896.0,0.0,49.0,339.699,200,0.5481493839835729,0.9915118069815196,0.0,0.0,21048.0,0.0,108,200,20.0,lognormal,biased,random,0.02,0.2,0.2,5.0,1.0,0.1,1000,0.0,income,20,500,period_end,1,1,0.0,True,continue,False,high_risk_income_c020__reference_period_end,high_risk_income_c020,reference_period_end,5
2026086006,True,1000,1000,1000,24968,24968,0,24968,24968,0,996,996,0.996,29,17225,0.145,True,195,17225,17030,0.9886792452830189,4056.0,4056.0,0.0,97.0,397.823,200,0.47638313609467464,0.9877021696252466,0.0,0.0,21642.0,0.0,118,200,20.0,lognormal,biased,random,0.02,0.2,0.2,5.0,1.0,0.1,1000,0.0,income,20,500,period_end,1,1,0.0,True,continue,False,high_risk_income_c020__reference_period_end,high_risk_income_c020,reference_period_end,6
2026086007,True,1000,1000,1000,23871,23871,0,23871,23871,0,995,995,0.995,27,17144,0.135,True,197,17144,16947,0.9885090993933737,3913.0,3913.0,0.0,46.0,331.77,200,0.5201443904932279,0.9908037311525684,0.0,0.0,21012.0,0.0,111,200,20.0,lognormal,biased,random,0.02,0.2,0.2,5.0,1.0,0.1,1000,0.0,income,20,500,period_end,1,1,0.0,True,continue,False,high_risk_income_c020__reference_period_end,high_risk_income_c020,reference_period_end,7
2026086008,True,1000,1000,1000,21841,21841,0,21841,21841,0,1000,1000,1.0,29,15739,0.145,True,196,15739,15543,0.9875468581231336,3541.0,3541.0,0.0,56.0,303.152,200,0.5471152216887887,0.9922889014402712,0.0,0.0,19202.0,0.0,102,200,20.0,lognormal,biased,random,0.02,0.2,0.2,5.0,1.0,0.1,1000,0.0,income,20,500,period_end,1,1,0.0,True,continue,False,high_risk_income_c020__reference_period_end,high_risk_income_c020,reference_period_end,8
2026086009,True,1000,1000,1000,26632,26632,0,26632,26632,0,998,998,0.998,32,18548,0.16,True,195,18548,18353,0.9894867371145137,4346.0,4346.0,0.0,120.0,416.989,200,0.5118706856879891,0.983571099861942,0.0,0.0,23162.0,0.0,126,200,20.0,lognormal,biased,random,0.02,0.2,0.2,5.0,1.0,0.1,1000,0.0,income,20,500,period_end,1,1,0.0,True,continue,False,high_risk_income_c020__reference_period_end,high_risk_income_c020,reference_period_end,9
2026086010,True,1000,1000,1000,21709,21709,0,21709,21709,0,1000,1000,1.0,26,15098,0.13,True,196,15098,14902,0.987018148099086,3503.0,3503.0,0.0,60.0,365.27,200,0.49197116757065373,0.9820482443619756,0.0,0.0,18879.0,0.0,102,200,20.0,lognormal,biased,random,0.02,0.2,0.2,5.0,1.0,0.1,1000,0.0,income,20,500,period_end,1,1,0.0,True,continue,False,high_risk_income_c020__reference_period_end,high_risk_income_c020,reference_period_end,10
2026086011,True,1000,1000,1000,23106,23106,0,23106,23106,0,999,999,0.999,28,15936,0.14,True,194,15936,15742,0.9878263052208835,3703.0,3703.0,0.0,129.0,411.684,200,0.4992992168512018,0.9866662165811506,0.0,0.0,19961.0,0.0,105,200,20.0,lognormal,biased,random,0.02,0.2,0.2,5.0,1.0,0.1,1000,0.0,income,20,500,period_end,1,1,0.0,True,continue,False,high_risk_income_c020__reference_period_end,high_risk_income_c020,reference_period_end,11
2026086000,True,1000,1000,11000,26314,26314,0,26314,26314,0,997,997,0.997,33,18766,0.165,True,197,18766,18569,0.989502291378024,4355.0,4355.0,0.0,49.0,328.624,200,0.5284741676234215,0.9875763490241103,0.0,0.0,23064.0,0.0,125,200,20.0,lognormal,biased,random,0.02,0.2,0.2,5.0,1.0,0.1,1000,0.0,income,20,500,check_only,10,1,0.0,True,continue,False,high_risk_income_c020__check_only_b10,high_risk_income_c020,check_only_b10,0
2026086001,True,1000,1000,11000,23984,23984,0,23984,23984,0,999,999,0.999,30,17233,0.15,True,196,17233,17037,0.9886264724656183,3931.0,3931.0,0.0,52.0,320.114,200,0.5385919613329944,0.9896069702365811,0.0,0.0,21050.0,0.0,111,200,20.0,lognormal,biased,random,0.02,0.2,0.2,5.0,1.0,0.1,1000,0.0,income,20,500,check_only,10,1,0.0,True,continue,False,high_risk_income_c020__check_only_b10,high_risk_income_c020,check_only_b10,1
2026086002,True,1000,1000,11000,22665,22665,0,22665,22665,0,997,997,0.997,28,15392,0.14,True,196,15392,15196,0.9872661122661123,3649.0,3649.0,0.0,50.0,467.002,200,0.48188133735269956,0.9875075363113184,0.0,0.0,19489.0,0.0,106,200,20.0,lognormal,biased,random,0.02,0.2,0.2,5.0,1.0,0.1,1000,0.0,income,20,500,check_only,10,1,0.0,True,continue,False,high_risk_income_c020__check_only_b10,high_risk_income_c020,check_only_b10,2
2026086003,True,1000,1000,11000,25493,25493,0,25493,25493,0,996,996,0.996,29,17919,0.145,True,195,17919,17724,0.9891176963000168,4142.0,4142.0,0.0,110.0,387.887,200,0.5174915499758572,0.9843046837276679,0.0,0.0,22211.0,0.0,121,200,20.0,lognormal,biased,random,0.02,0.2,0.2,5.0,1.0,0.1,1000,0.0,income,20,500,check_only,10,1,0.0,True,continue,False,high_risk_income_c020__check_only_b10,high_risk_income_c020,check_only_b10,3
2026086004,True,1000,1000,11000,22252,22252,0,22252,22252,0,998,998,0.998,31,15704,0.155,True,196,15704,15508,0.9875191034131432,3602.0,3602.0,0.0,54.0,351.213,200,0.48373681288173254,0.9861604664075514,0.0,0.0,19424.0,0.0,106,200,20.0,lognormal,biased,random,0.02,0.2,0.2,5.0,1.0,0.1,1000,0.0,income,20,500,check_only,10,1,0.0,True,continue,False,high_risk_income_c020__check_only_b10,high_risk_income_c020,check_only_b10,4
2026086005,True,1000,1000,11000,23974,23974,0,23974,23974,0,999,999,0.999,29,17175,0.145,True,197,17175,16978,0.9885298398835517,3896.0,3896.0,0.0,49.0,339.699,200,0.5481493839835729,0.9915118069815196,0.0,0.0,21048.0,0.0,108,200,20.0,lognormal,biased,random,0.02,0.2,0.2,5.0,1.0,0.1,1000,0.0,income,20,500,check_only,10,1,0.0,True,continue,False,high_risk_income_c020__check_only_b10,high_risk_income_c020,check_only_b10,5
2026086006,True,1000,1000,11000,24968,24968,0,24968,24968,0,996,996,0.996,29,17225,0.145,True,195,17225,17030,0.9886792452830189,4056.0,4056.0,0.0,97.0,397.823,200,0.47638313609467464,0.9877021696252466,0.0,0.0,21642.0,0.0,118,200,20.0,lognormal,biased,random,0.02,0.2,0.2,5.0,1.0,0.1,1000,0.0,income,20,500,check_only,10,1,0.0,True,continue,False,high_risk_income_c020__check_only_b10,high_risk_income_c020,check_only_b10,6
2026086007,True,1000,1000,11000,23871,23871,0,23871,23871,0,995,995,0.995,27,17144,0.135,True,197,17144,16947,0.9885090993933737,3913.0,3913.0,0.0,46.0,331.77,200,0.5201443904932279,0.9908037311525684,0.0,0.0,21012.0,0.0,111,200,20.0,lognormal,biased,random,0.02,0.2,0.2,5.0,1.0,0.1,1000,0.0,income,20,500,check_only,10,1,0.0,True,continue,False,high_risk_income_c020__check_only_b10,high_risk_income_c020,check_only_b10,7
2026086008,True,1000,1000,11000,21841,21841,0,21841,21841,0,1000,1000,1.0,29,15739,0.145,True,196,15739,15543,0.9875468581231336,3541.0,3541.0,0.0,56.0,303.152,200,0.5471152216887887,0.9922889014402712,0.0,0.0,19202.0,0.0,102,200,20.0,lognormal,biased,random,0.02,0.2,0.2,5.0,1.0,0.1,1000,0.0,income,20,500,check_only,10,1,0.0,True,continue,False,high_risk_income_c020__check_only_b10,high_risk_income_c020,check_only_b10,8
2026086009,True,1000,1000,11000,26632,26632,0,26632,26632,0,998,998,0.998,32,18548,0.16,True,195,18548,18353,0.9894867371145137,4346.0,4346.0,0.0,120.0,416.989,200,0.5118706856879891,0.983571099861942,0.0,0.0,23162.0,0.0,126,200,20.0,lognormal,biased,random,0.02,0.2,0.2,5.0,1.0,0.1,1000,0.0,income,20,500,check_only,10,1,0.0,True,continue,False,high_risk_income_c020__check_only_b10,high_risk_income_c020,check_only_b10,9
2026086010,True,1000,1000,11000,21709,21709,0,21709,21709,0,1000,1000,1.0,26,15098,0.13,True,196,15098,14902,0.987018148099086,3503.0,3503.0,0.0,60.0,365.27,200,0.49197116757065373,0.9820482443619756,0.0,0.0,18879.0,0.0,102,200,20.0,lognormal,biased,random,0.02,0.2,0.2,5.0,1.0,0.1,1000,0.0,income,20,500,check_only,10,1,0.0,True,continue,False,high_risk_income_c020__check_only_b10,high_risk_income_c020,check_only_b10,10
2026086011,True,1000,1000,11000,23106,23106,0,23106,23106,0,999,999,0.999,28,15936,0.14,True,194,15936,15742,0.9878263052208835,3703.0,3703.0,0.0,129.0,411.684,200,0.4992992168512018,0.9866662165811506,0.0,0.0,19961.0,0.0,105,200,20.0,lognormal,biased,random,0.02,0.2,0.2,5.0,1.0,0.1,1000,0.0,income,20,500,check_only,10,1,0.0,True,continue,False,high_risk_income_c020__check_only_b10,high_risk_income_c020,check_only_b10,11
2026086000,True,1000,10000,1000,27751,27751,0,27751,27751,0,998,998,0.998,31,21575,0.155,True,199,21575,21376,0.9907763615295481,4355.0,4355.0,0.0,5.0,268.8096,200,0.5284741676234215,0.9950000000000001,0.0,0.0,25373.0,0.0,126,200,20.0,lognormal,biased,random,0.02,0.2,0.2,5.0,1.0,0.1,1000,0.0,income,20,500,settle_and_check,10,10,0.0,True,continue,False,high_risk_income_c020__flow_split_b10_check_q10,high_risk_income_c020,flow_split_b10_check_q10,0
2026086001,True,1000,10000,1000,25307,25307,0,25307,25307,0,1000,1000,1.0,27,19692,0.135,True,199,19692,19493,0.9898943733495836,3931.0,3931.0,0.0,2.0,257.4198,200,0.5385919613329944,0.9949974561180361,0.0,0.0,23196.0,0.0,119,200,20.0,lognormal,biased,random,0.02,0.2,0.2,5.0,1.0,0.1,1000,0.0,income,20,500,settle_and_check,10,10,0.0,True,continue,False,high_risk_income_c020__flow_split_b10_check_q10,high_risk_income_c020,flow_split_b10_check_q10,1
2026086002,True,1000,10000,1000,23642,23642,0,23642,23642,0,999,999,0.999,27,17755,0.135,True,199,17755,17556,0.988791889608561,3649.0,3649.0,0.0,0.0,337.2752,200,0.48188133735269956,0.9949917785694713,0.0,0.0,21325.0,0.0,111,200,20.0,lognormal,biased,random,0.02,0.2,0.2,5.0,1.0,0.1,1000,0.0,income,20,500,settle_and_check,10,10,0.0,True,continue,False,high_risk_income_c020__flow_split_b10_check_q10,high_risk_income_c020,flow_split_b10_check_q10,2
2026086003,True,1000,10000,1000,26923,26923,0,26923,26923,0,999,999,0.999,29,20670,0.145,True,198,20670,20472,0.9904208998548621,4142.0,4142.0,0.0,36.0,313.978,200,0.5174915499758572,0.9944084983099952,0.0,0.0,24555.0,0.0,130,200,20.0,lognormal,biased,random,0.02,0.2,0.2,5.0,1.0,0.1,1000,0.0,income,20,500,settle_and_check,10,10,0.0,True,continue,False,high_risk_income_c020__flow_split_b10_check_q10,high_risk_income_c020,flow_split_b10_check_q10,3
2026086004,True,1000,10000,1000,23445,23445,0,23445,23445,0,997,997,0.997,26,17612,0.13,True,198,17612,17414,0.9887576652282535,3602.0,3602.0,0.0,28.0,338.7278,200,0.48373681288173254,0.9949805663520268,0.0,0.0,21144.0,0.0,109,200,20.0,lognormal,biased,random,0.02,0.2,0.2,5.0,1.0,0.1,1000,0.0,income,20,500,settle_and_check,10,10,0.0,True,continue,False,high_risk_income_c020__flow_split_b10_check_q10,high_risk_income_c020,flow_split_b10_check_q10,4
2026086005,True,1000,10000,1000,25293,25293,0,25293,25293,0,1000,1000,1.0,28,19697,0.14,True,197,19697,19500,0.9899984769254201,3896.0,3896.0,0.0,75.0,287.2717,200,0.5481493839835729,0.9937371663244354,0.0,0.0,23147.0,0.0,124,200,20.0,lognormal,biased,random,0.02,0.2,0.2,5.0,1.0,0.1,1000,0.0,income,20,500,settle_and_check,10,10,0.0,True,continue,False,high_risk_income_c020__flow_split_b10_check_q10,high_risk_income_c020,flow_split_b10_check_q10,5
2026086006,True,1000,10000,1000,26373,26373,0,26373,26373,0,998,998,0.998,29,19524,0.145,True,198,19524,19326,0.989858635525507,4056.0,4056.0,0.0,22.0,396.3652,200,0.47638313609467464,0.9918244575936885,0.0,0.0,23715.0,0.0,125,200,20.0,lognormal,biased,random,0.02,0.2,0.2,5.0,1.0,0.1,1000,0.0,income,20,500,settle_and_check,10,10,0.0,True,continue,False,high_risk_income_c020__flow_split_b10_check_q10,high_risk_income_c020,flow_split_b10_check_q10,6
2026086007,True,1000,10000,1000,25176,25176,0,25176,25176,0,1000,1000,1.0,28,19589,0.14,True,199,19589,19390,0.9898412374291694,3913.0,3913.0,0.0,3.0,263.4014,200,0.5201443904932279,0.9949974444160492,0.0,0.0,23034.0,0.0,117,200,20.0,lognormal,biased,random,0.02,0.2,0.2,5.0,1.0,0.1,1000,0.0,income,20,500,settle_and_check,10,10,0.0,True,continue,False,high_risk_income_c020__flow_split_b10_check_q10,high_risk_income_c020,flow_split_b10_check_q10,7
2026086008,True,1000,10000,1000,22923,22923,0,22923,22923,0,1000,1000,1.0,28,17871,0.14,True,199,17871,17672,0.9888646410385541,3541.0,3541.0,0.0,3.0,258.0302,200,0.5471152216887887,0.9949830556340018,0.0,0.0,20967.0,0.0,109,200,20.0,lognormal,biased,random,0.02,0.2,0.2,5.0,1.0,0.1,1000,0.0,income,20,500,settle_and_check,10,10,0.0,True,continue,False,high_risk_income_c020__flow_split_b10_check_q10,high_risk_income_c020,flow_split_b10_check_q10,8
2026086009,True,1000,10000,1000,28321,28321,0,28321,28321,0,1000,1000,1.0,31,21833,0.155,True,197,21833,21636,0.990976961480328,4346.0,4346.0,0.0,76.0,319.6972,200,0.5118706856879891,0.993490566037736,0.0,0.0,25886.0,0.0,133,200,20.0,lognormal,biased,random,0.02,0.2,0.2,5.0,1.0,0.1,1000,0.0,income,20,500,settle_and_check,10,10,0.0,True,continue,False,high_risk_income_c020__flow_split_b10_check_q10,high_risk_income_c020,flow_split_b10_check_q10,9
2026086010,True,1000,10000,1000,22989,22989,0,22989,22989,0,1000,1000,1.0,27,17089,0.135,True,196,17089,16893,0.988530633741003,3503.0,3503.0,0.0,114.0,398.6027,200,0.49197116757065373,0.9913003140165573,0.0,0.0,20595.0,0.0,111,200,20.0,lognormal,biased,random,0.02,0.2,0.2,5.0,1.0,0.1,1000,0.0,income,20,500,settle_and_check,10,10,0.0,True,continue,False,high_risk_income_c020__flow_split_b10_check_q10,high_risk_income_c020,flow_split_b10_check_q10,10
2026086011,True,1000,10000,1000,24168,24168,0,24168,24168,0,1000,1000,1.0,26,18086,0.13,True,197,18086,17889,0.9891075970363817,3703.0,3703.0,0.0,68.0,379.0944,200,0.4992992168512018,0.9904280313259521,0.0,0.0,21747.0,0.0,115,200,20.0,lognormal,biased,random,0.02,0.2,0.2,5.0,1.0,0.1,1000,0.0,income,20,500,settle_and_check,10,10,0.0,True,continue,False,high_risk_income_c020__flow_split_b10_check_q10,high_risk_income_c020,flow_split_b10_check_q10,11
2026086000,True,1000,10000,2000,27779,27779,0,27779,27779,0,1985,999,0.999,17,22319,0.085,False,199,22319,22120,0.9910838299206953,4355.0,4355.0,0.0,1.0,254.2501,200,0.5284741676234215,0.9949931113662458,0.0,0.0,25488.0,0.0,129,200,20.0,lognormal,biased,random,0.02,0.2,0.2,5.0,1.0,0.1,1000,0.0,income,20,500,settle_and_check,10,5,0.0,True,continue,False,high_risk_income_c020__flow_split_b10_check_q5,high_risk_income_c020,flow_split_b10_check_q5,0
2026086001,True,1000,10000,2000,25455,25455,0,25455,25455,0,1986,1000,1.0,17,20370,0.085,False,199,20370,20171,0.9902307314678449,3931.0,3931.0,0.0,0.0,285.2391,200,0.5385919613329944,0.9950000000000001,0.0,0.0,23377.0,0.0,120,200,20.0,lognormal,biased,random,0.02,0.2,0.2,5.0,1.0,0.1,1000,0.0,income,20,500,settle_and_check,10,5,0.0,True,continue,False,high_risk_income_c020__flow_split_b10_check_q5,high_risk_income_c020,flow_split_b10_check_q5,1
2026086002,True,1000,10000,2000,23799,23799,0,23799,23799,0,1984,998,0.998,20,18576,0.1,True,198,18576,18378,0.9893410852713178,3649.0,3649.0,0.0,31.0,303.9376,200,0.48188133735269956,0.9917169087421212,0.0,0.0,21607.0,0.0,115,200,20.0,lognormal,biased,random,0.02,0.2,0.2,5.0,1.0,0.1,1000,0.0,income,20,500,settle_and_check,10,5,0.0,True,continue,False,high_risk_income_c020__flow_split_b10_check_q5,high_risk_income_c020,flow_split_b10_check_q5,2
2026086003,True,1000,10000,2000,26863,26863,0,26863,26863,0,1984,999,0.999,19,21156,0.095,False,198,21156,20958,0.9906409529211572,4142.0,4142.0,0.0,42.0,329.9061,200,0.5174915499758572,0.992436021245775,0.0,0.0,24479.0,0.0,131,200,20.0,lognormal,biased,random,0.02,0.2,0.2,5.0,1.0,0.1,1000,0.0,income,20,500,settle_and_check,10,5,0.0,True,continue,False,high_risk_income_c020__flow_split_b10_check_q5,high_risk_income_c020,flow_split_b10_check_q5,3
2026086004,True,1000,10000,2000,23608,23608,0,23608,23608,0,1976,996,0.996,17,18280,0.085,False,197,18280,18083,0.9892231947483588,3602.0,3602.0,0.0,66.0,316.8087,200,0.48373681288173254,0.9904525263742368,0.0,0.0,21327.0,0.0,114,200,20.0,lognormal,biased,random,0.02,0.2,0.2,5.0,1.0,0.1,1000,0.0,income,20,500,settle_and_check,10,5,0.0,True,continue,False,high_risk_income_c020__flow_split_b10_check_q5,high_risk_income_c020,flow_split_b10_check_q5,4
2026086005,True,1000,10000,2000,25422,25422,0,25422,25422,0,1990,999,0.999,19,20278,0.095,False,197,20278,20081,0.9902850379721866,3896.0,3896.0,0.0,74.0,314.3029,200,0.5481493839835729,0.9937012320328542,0.0,0.0,23276.0,0.0,124,200,20.0,lognormal,biased,random,0.02,0.2,0.2,5.0,1.0,0.1,1000,0.0,income,20,500,settle_and_check,10,5,0.0,True,continue,False,high_risk_income_c020__flow_split_b10_check_q5,high_risk_income_c020,flow_split_b10_check_q5,5
2026086006,True,1000,10000,2000,26161,26161,0,26161,26161,0,1969,996,0.996,19,20305,0.095,False,199,20305,20106,0.9901994582615119,4056.0,4056.0,0.0,3.0,337.1695,200,0.47638313609467464,0.9949926035502961,0.0,0.0,23696.0,0.0,122,200,20.0,lognormal,biased,random,0.02,0.2,0.2,5.0,1.0,0.1,1000,0.0,income,20,500,settle_and_check,10,5,0.0,True,continue,False,high_risk_income_c020__flow_split_b10_check_q5,high_risk_income_c020,flow_split_b10_check_q5,6
2026086007,True,1000,10000,2000,25215,25215,0,25215,25215,0,1983,998,0.998,17,20011,0.085,False,199,20011,19812,0.9900554694917795,3913.0,3913.0,0.0,1.0,293.6737,200,0.5201443904932279,0.9949974444160492,0.0,0.0,23092.0,0.0,117,200,20.0,lognormal,biased,random,0.02,0.2,0.2,5.0,1.0,0.1,1000,0.0,income,20,500,settle_and_check,10,5,0.0,True,continue,False,high_risk_income_c020__flow_split_b10_check_q5,high_risk_income_c020,flow_split_b10_check_q5,7
2026086008,True,1000,10000,2000,22768,22768,0,22768,22768,0,1992,999,0.999,18,18709,0.09,False,199,18709,18510,0.9893634079854615,3541.0,3541.0,0.0,0.0,199.9093,200,0.5471152216887887,0.9949971759390004,0.0,0.0,21117.0,0.0,106,200,20.0,lognormal,biased,random,0.02,0.2,0.2,5.0,1.0,0.1,1000,0.0,income,20,500,settle_and_check,10,5,0.0,True,continue,False,high_risk_income_c020__flow_split_b10_check_q5,high_risk_income_c020,flow_split_b10_check_q5,8
2026086009,True,1000,10000,2000,28122,28122,0,28122,28122,0,1988,999,0.999,20,22131,0.1,True,198,22131,21933,0.9910532736884913,4346.0,4346.0,0.0,27.0,343.9856,200,0.5118706856879891,0.9909042797975152,0.0,0.0,25622.0,0.0,134,200,20.0,lognormal,biased,random,0.02,0.2,0.2,5.0,1.0,0.1,1000,0.0,income,20,500,settle_and_check,10,5,0.0,True,continue,False,high_risk_income_c020__flow_split_b10_check_q5,high_risk_income_c020,flow_split_b10_check_q5,9
2026086010,True,1000,10000,2000,23049,23049,0,23049,23049,0,1988,1000,1.0,18,17759,0.09,False,196,17759,17563,0.9889633425305479,3503.0,3503.0,0.0,118.0,365.3551,200,0.49197116757065373,0.9886226091921211,0.0,0.0,20769.0,0.0,120,200,20.0,lognormal,biased,random,0.02,0.2,0.2,5.0,1.0,0.1,1000,0.0,income,20,500,settle_and_check,10,5,0.0,True,continue,False,high_risk_income_c020__flow_split_b10_check_q5,high_risk_income_c020,flow_split_b10_check_q5,10
2026086011,True,1000,10000,2000,24133,24133,0,24133,24133,0,1981,998,0.998,18,19071,0.09,False,197,19071,18874,0.9896701798542289,3703.0,3703.0,0.0,63.0,295.9722,200,0.4992992168512018,0.9932203618687552,0.0,0.0,21996.0,0.0,115,200,20.0,lognormal,biased,random,0.02,0.2,0.2,5.0,1.0,0.1,1000,0.0,income,20,500,settle_and_check,10,5,0.0,True,continue,False,high_risk_income_c020__flow_split_b10_check_q5,high_risk_income_c020,flow_split_b10_check_q5,11
2026086000,True,1000,10000,5000,27817,27817,0,27817,27817,0,4826,998,0.998,11,23035,0.055,False,199,23035,22836,0.9913609724332537,4355.0,4355.0,0.0,2.0,236.9836,200,0.5284741676234215,0.9949931113662458,0.0,0.0,25734.0,0.0,130,200,20.0,lognormal,biased,random,0.02,0.2,0.2,5.0,1.0,0.1,1000,0.0,income,20,500,settle_and_check,10,2,0.0,True,continue,False,high_risk_income_c020__flow_split_b10_check_q2,high_risk_income_c020,flow_split_b10_check_q2,0
2026086001,True,1000,10000,5000,25192,25192,0,25192,25192,0,4871,1000,1.0,10,20669,0.05,False,199,20669,20470,0.99037205476801,3931.0,3931.0,0.0,0.0,248.7774,200,0.5385919613329944,0.9949974561180361,0.0,0.0,23207.0,0.0,118,200,20.0,lognormal,biased,random,0.02,0.2,0.2,5.0,1.0,0.1,1000,0.0,income,20,500,settle_and_check,10,2,0.0,True,continue,False,high_risk_income_c020__flow_split_b10_check_q2,high_risk_income_c020,flow_split_b10_check_q2,1
2026086002,True,1000,10000,5000,23657,23657,0,23657,23657,0,4788,998,0.998,10,18552,0.05,False,199,18552,18353,0.9892733937041829,3649.0,3649.0,0.0,2.0,336.9549,200,0.48188133735269956,0.9949725952315704,0.0,0.0,21384.0,0.0,113,200,20.0,lognormal,biased,random,0.02,0.2,0.2,5.0,1.0,0.1,1000,0.0,income,20,500,settle_and_check,10,2,0.0,True,continue,False,high_risk_income_c020__flow_split_b10_check_q2,high_risk_income_c020,flow_split_b10_check_q2,2
2026086003,True,1000,10000,5000,27118,27118,0,27118,27118,0,4861,999,0.999,8,21653,0.04,False,197,21653,21456,0.9909019535399252,4142.0,4142.0,0.0,80.0,366.0398,200,0.5174915499758572,0.9881554804442299,0.0,0.0,24662.0,0.0,128,200,20.0,lognormal,biased,random,0.02,0.2,0.2,5.0,1.0,0.1,1000,0.0,income,20,500,settle_and_check,10,2,0.0,True,continue,False,high_risk_income_c020__flow_split_b10_check_q2,high_risk_income_c020,flow_split_b10_check_q2,3
2026086004,True,1000,10000,5000,23488,23488,0,23488,23488,0,4781,997,0.997,9,18545,0.045,False,195,18545,18350,0.9894850363979509,3602.0,3602.0,0.0,199.0,349.3391,200,0.48373681288173254,0.9843309272626319,0.0,0.0,21188.0,0.0,120,200,20.0,lognormal,biased,random,0.02,0.2,0.2,5.0,1.0,0.1,1000,0.0,income,20,500,settle_and_check,10,2,0.0,True,continue,False,high_risk_income_c020__flow_split_b10_check_q2,high_risk_income_c020,flow_split_b10_check_q2,4
2026086005,True,1000,10000,5000,25212,25212,0,25212,25212,0,4893,1000,1.0,9,20715,0.045,False,199,20715,20516,0.990393434709148,3896.0,3896.0,0.0,1.0,278.796,200,0.5481493839835729,0.9949922997946612,0.0,0.0,23230.0,0.0,119,200,20.0,lognormal,biased,random,0.02,0.2,0.2,5.0,1.0,0.1,1000,0.0,income,20,500,settle_and_check,10,2,0.0,True,continue,False,high_risk_income_c020__flow_split_b10_check_q2,high_risk_income_c020,flow_split_b10_check_q2,5
2026086006,True,1000,10000,5000,26270,26270,0,26270,26270,0,4766,994,0.994,9,20669,0.045,False,199,20669,20470,0.99037205476801,4056.0,4056.0,0.0,1.0,358.5254,200,0.47638313609467464,0.9949975345167654,0.0,0.0,23784.0,0.0,123,200,20.0,lognormal,biased,random,0.02,0.2,0.2,5.0,1.0,0.1,1000,0.0,income,20,500,settle_and_check,10,2,0.0,True,continue,False,high_risk_income_c020__flow_split_b10_check_q2,high_risk_income_c020,flow_split_b10_check_q2,6
2026086007,True,1000,10000,5000,25263,25263,0,25263,25263,0,4852,999,0.999,9,20504,0.045,False,198,20504,20306,0.990343347639485,3913.0,3913.0,0.0,47.0,287.1056,200,0.5201443904932279,0.9930986455405062,0.0,0.0,23166.0,0.0,125,200,20.0,lognormal,biased,random,0.02,0.2,0.2,5.0,1.0,0.1,1000,0.0,income,20,500,settle_and_check,10,2,0.0,True,continue,False,high_risk_income_c020__flow_split_b10_check_q2,high_risk_income_c020,flow_split_b10_check_q2,7
2026086008,True,1000,10000,5000,22983,22983,0,22983,22983,0,4853,1000,1.0,9,18936,0.045,False,199,18936,18737,0.9894909167722856,3541.0,3541.0,0.0,1.0,237.7227,200,0.5471152216887887,0.994991527817001,0.0,0.0,21206.0,0.0,107,200,20.0,lognormal,biased,random,0.02,0.2,0.2,5.0,1.0,0.1,1000,0.0,income,20,500,settle_and_check,10,2,0.0,True,continue,False,high_risk_income_c020__flow_split_b10_check_q2,high_risk_income_c020,flow_split_b10_check_q2,8
2026086009,True,1000,10000,5000,28066,28066,0,28066,28066,0,4864,999,0.999,10,23141,0.05,False,198,23141,22943,0.9914437578324187,4346.0,4346.0,0.0,31.0,266.8591,200,0.5118706856879891,0.9904118729866545,0.0,0.0,25882.0,0.0,134,200,20.0,lognormal,biased,random,0.02,0.2,0.2,5.0,1.0,0.1,1000,0.0,income,20,500,settle_and_check,10,2,0.0,True,continue,False,high_risk_income_c020__flow_split_b10_check_q2,high_risk_income_c020,flow_split_b10_check_q2,9
2026086010,True,1000,10000,5000,22898,22898,0,22898,22898,0,4818,999,0.999,8,18079,0.04,False,198,18079,17881,0.989048066817855,3503.0,3503.0,0.0,21.0,342.5424,200,0.49197116757065373,0.9941378818155868,0.0,0.0,20744.0,0.0,109,200,20.0,lognormal,biased,random,0.02,0.2,0.2,5.0,1.0,0.1,1000,0.0,income,20,500,settle_and_check,10,2,0.0,True,continue,False,high_risk_income_c020__flow_split_b10_check_q2,high_risk_income_c020,flow_split_b10_check_q2,10
2026086011,True,1000,10000,5000,24134,24134,0,24134,24134,0,4843,1000,1.0,9,19356,0.045,False,199,19356,19157,0.9897189501963215,3703.0,3703.0,0.0,0.0,311.7225,200,0.4992992168512018,0.9949972994869025,0.0,0.0,22048.0,0.0,115,200,20.0,lognormal,biased,random,0.02,0.2,0.2,5.0,1.0,0.1,1000,0.0,income,20,500,settle_and_check,10,2,0.0,True,continue,False,high_risk_income_c020__flow_split_b10_check_q2,high_risk_income_c020,flow_split_b10_check_q2,11
2026086000,True,1000,10000,10000,27911,27911,0,27911,27911,0,9267,999,0.999,7,22947,0.035,False,199,22947,22748,0.9913278424194883,4355.0,4355.0,0.0,4.0,278.2407,200,0.5284741676234215,0.9949977037887487,0.0,0.0,25682.0,0.0,134,200,20.0,lognormal,biased,random,0.02,0.2,0.2,5.0,1.0,0.1,1000,0.0,income,20,500,settle_and_check,10,1,0.0,True,continue,False,high_risk_income_c020__flow_split_b10_check_q1,high_risk_income_c020,flow_split_b10_check_q1,0
2026086001,True,1000,10000,10000,25260,25260,0,25260,25260,0,9309,1000,1.0,8,20854,0.04,False,199,20854,20655,0.990457466193536,3931.0,3931.0,0.0,2.0,260.8352,200,0.5385919613329944,0.9949974561180361,0.0,0.0,23265.0,0.0,115,200,20.0,lognormal,biased,random,0.02,0.2,0.2,5.0,1.0,0.1,1000,0.0,income,20,500,settle_and_check,10,1,0.0,True,continue,False,high_risk_income_c020__flow_split_b10_check_q1,high_risk_income_c020,flow_split_b10_check_q1,1
2026086002,True,1000,10000,10000,23768,23768,0,23768,23768,0,9046,999,0.999,7,18668,0.035,False,199,18668,18469,0.9893400471394901,3649.0,3649.0,0.0,0.0,345.7354,200,0.48188133735269956,0.9949972595231571,0.0,0.0,21472.0,0.0,107,200,20.0,lognormal,biased,random,0.02,0.2,0.2,5.0,1.0,0.1,1000,0.0,income,20,500,settle_and_check,10,1,0.0,True,continue,False,high_risk_income_c020__flow_split_b10_check_q1,high_risk_income_c020,flow_split_b10_check_q1,2
2026086003,True,1000,10000,10000,26954,26954,0,26954,26954,0,9298,999,0.999,7,21548,0.035,False,198,21548,21350,0.9908112121774643,4142.0,4142.0,0.0,30.0,397.3063,200,0.5174915499758572,0.9929164654756157,0.0,0.0,24512.0,0.0,126,200,20.0,lognormal,biased,random,0.02,0.2,0.2,5.0,1.0,0.1,1000,0.0,income,20,500,settle_and_check,10,1,0.0,True,continue,False,high_risk_income_c020__flow_split_b10_check_q1,high_risk_income_c020,flow_split_b10_check_q1,3
2026086004,True,1000,10000,10000,23523,23523,0,23523,23523,0,9123,996,0.996,7,18687,0.035,False,198,18687,18489,0.9894043987799005,3602.0,3602.0,0.0,24.0,335.0311,200,0.48373681288173254,0.9931121599111605,0.0,0.0,21303.0,0.0,111,200,20.0,lognormal,biased,random,0.02,0.2,0.2,5.0,1.0,0.1,1000,0.0,income,20,500,settle_and_check,10,1,0.0,True,continue,False,high_risk_income_c020__flow_split_b10_check_q1,high_risk_income_c020,flow_split_b10_check_q1,4
2026086005,True,1000,10000,10000,25280,25280,0,25280,25280,0,9363,1000,1.0,8,20736,0.04,False,198,20736,20538,0.9904513888888888,3896.0,3896.0,0.0,30.0,296.5615,200,0.5481493839835729,0.992469199178645,0.0,0.0,23215.0,0.0,121,200,20.0,lognormal,biased,random,0.02,0.2,0.2,5.0,1.0,0.1,1000,0.0,income,20,500,settle_and_check,10,1,0.0,True,continue,False,high_risk_income_c020__flow_split_b10_check_q1,high_risk_income_c020,flow_split_b10_check_q1,5
2026086006,True,1000,10000,10000,26356,26356,0,26356,26356,0,9081,995,0.995,8,20935,0.04,False,198,20935,20737,0.990542154287079,4056.0,4056.0,0.0,32.0,365.7032,200,0.47638313609467464,0.99280325443787,0.0,0.0,23922.0,0.0,127,200,20.0,lognormal,biased,random,0.02,0.2,0.2,5.0,1.0,0.1,1000,0.0,income,20,500,settle_and_check,10,1,0.0,True,continue,False,high_risk_income_c020__flow_split_b10_check_q1,high_risk_income_c020,flow_split_b10_check_q1,6
2026086007,True,1000,10000,10000,25257,25257,0,25257,25257,0,9282,999,0.999,9,20765,0.045,False,198,20765,20567,0.9904647242956899,3913.0,3913.0,0.0,31.0,259.2878,200,0.5201443904932279,0.9928890876565297,0.0,0.0,23238.0,0.0,125,200,20.0,lognormal,biased,random,0.02,0.2,0.2,5.0,1.0,0.1,1000,0.0,income,20,500,settle_and_check,10,1,0.0,True,continue,False,high_risk_income_c020__flow_split_b10_check_q1,high_risk_income_c020,flow_split_b10_check_q1,7
2026086008,True,1000,10000,10000,22831,22831,0,22831,22831,0,9324,1000,1.0,8,19068,0.04,False,199,19068,18869,0.9895636668764423,3541.0,3541.0,0.0,0.0,218.4924,200,0.5471152216887887,0.9949971759390004,0.0,0.0,21155.0,0.0,107,200,20.0,lognormal,biased,random,0.02,0.2,0.2,5.0,1.0,0.1,1000,0.0,income,20,500,settle_and_check,10,1,0.0,True,continue,False,high_risk_income_c020__flow_split_b10_check_q1,high_risk_income_c020,flow_split_b10_check_q1,8
2026086009,True,1000,10000,10000,28169,28169,0,28169,28169,0,9367,999,0.999,9,23215,0.045,False,197,23215,23018,0.9915141072582382,4346.0,4346.0,0.0,97.0,301.9538,200,0.5118706856879891,0.9901219512195123,0.0,0.0,25893.0,0.0,134,200,20.0,lognormal,biased,random,0.02,0.2,0.2,5.0,1.0,0.1,1000,0.0,income,20,500,settle_and_check,10,1,0.0,True,continue,False,high_risk_income_c020__flow_split_b10_check_q1,high_risk_income_c020,flow_split_b10_check_q1,9
2026086010,True,1000,10000,10000,22871,22871,0,22871,22871,0,8962,998,0.998,10,17801,0.05,False,198,17801,17603,0.9888770293803719,3503.0,3503.0,0.0,21.0,377.8065,200,0.49197116757065373,0.9904581787039681,0.0,0.0,20563.0,0.0,112,200,20.0,lognormal,biased,random,0.02,0.2,0.2,5.0,1.0,0.1,1000,0.0,income,20,500,settle_and_check,10,1,0.0,True,continue,False,high_risk_income_c020__flow_split_b10_check_q1,high_risk_income_c020,flow_split_b10_check_q1,10
2026086011,True,1000,10000,10000,24167,24167,0,24167,24167,0,9180,1000,1.0,7,19247,0.035,False,198,19247,19049,0.9897126824959734,3703.0,3703.0,0.0,33.0,335.3729,200,0.4992992168512018,0.9904982446664867,0.0,0.0,21935.0,0.0,116,200,20.0,lognormal,biased,random,0.02,0.2,0.2,5.0,1.0,0.1,1000,0.0,income,20,500,settle_and_check,10,1,0.0,True,continue,False,high_risk_income_c020__flow_split_b10_check_q1,high_risk_income_c020,flow_split_b10_check_q1,11
2026086000,True,1000,1000,1000,26299,26299,0,26299,26299,0,1000,1000,1.0,33,19239,0.165,True,197,19239,19042,0.989760382556266,4355.0,4355.000000000001,0.0,51.0,307.665,200,0.5284741676234215,0.9918376878666255,11639.5,574.6697626870517,22704.33023731295,0.04937237533287957,124,200,20.0,lognormal,biased,random,0.02,0.2,0.2,5.0,1.0,0.1,1000,0.0,income,20,500,period_end,1,1,0.5,True,continue,False,high_risk_income_c020__recovery_50pct,high_risk_income_c020,recovery_50pct,0
2026086001,True,1000,1000,1000,23974,23974,0,23974,23974,0,1000,1000,1.0,30,17627,0.15,True,195,17627,17432,0.9889374255403642,3931.0,3931.0000000000005,0.0,103.0,307.275,200,0.5385919613329944,0.9884212367569161,10615.5,538.9440067992289,20692.055993200775,0.05076953575424887,115,200,20.0,lognormal,biased,random,0.02,0.2,0.2,5.0,1.0,0.1,1000,0.0,income,20,500,period_end,1,1,0.5,True,continue,False,high_risk_income_c020__recovery_50pct,high_risk_income_c020,recovery_50pct,1
2026086002,True,1000,1000,1000,22510,22510,0,22510,22510,0,998,998,0.998,28,15882,0.14,True,197,15882,15685,0.9875960206523108,3649.0,3649.0000000000005,0.0,23.0,404.765,200,0.48188133735269956,0.9904753078879311,9815.0,533.8592087959039,19096.1407912041,0.05439217613814609,106,200,20.0,lognormal,biased,random,0.02,0.2,0.2,5.0,1.0,0.1,1000,0.0,income,20,500,period_end,1,1,0.5,True,continue,False,high_risk_income_c020__recovery_50pct,high_risk_income_c020,recovery_50pct,2
2026086003,True,1000,1000,1000,25531,25531,0,25531,25531,0,997,997,0.997,33,17987,0.165,True,196,17987,17791,0.9891032412297771,4142.0,4142.0,0.0,53.0,461.002,200,0.5174915499758572,0.9869173967531084,11142.0,586.9973763552233,21697.002623644767,0.05268330428605487,118,200,20.0,lognormal,biased,random,0.02,0.2,0.2,5.0,1.0,0.1,1000,0.0,income,20,500,period_end,1,1,0.5,True,continue,False,high_risk_income_c020__recovery_50pct,high_risk_income_c020,recovery_50pct,3
2026086004,True,1000,1000,1000,22173,22173,0,22173,22173,0,997,997,0.997,27,15597,0.135,True,197,15597,15400,0.9873693659036994,3602.0,3602.0000000000005,0.0,46.0,390.533,200,0.48373681288173254,0.986928818061761,9669.5,636.9442131722291,18702.05578682777,0.06587147351695838,101,200,20.0,lognormal,biased,random,0.02,0.2,0.2,5.0,1.0,0.1,1000,0.0,income,20,500,period_end,1,1,0.5,True,continue,False,high_risk_income_c020__recovery_50pct,high_risk_income_c020,recovery_50pct,4
2026086005,True,1000,1000,1000,24058,24058,0,24058,24058,0,999,999,0.999,31,17368,0.155,True,197,17368,17171,0.9886573007830493,3896.0,3895.9999999999995,0.0,28.0,374.547,200,0.5481493839835729,0.9908372985759182,10621.0,636.7925211468292,20605.207478853165,0.059955985420095025,111,200,20.0,lognormal,biased,random,0.02,0.2,0.2,5.0,1.0,0.1,1000,0.0,income,20,500,period_end,1,1,0.5,True,continue,False,high_risk_income_c020__recovery_50pct,high_risk_income_c020,recovery_50pct,5
2026086006,True,1000,1000,1000,24862,24862,0,24862,24862,0,998,998,0.998,29,17391,0.145,True,197,17391,17194,0.9886723017652809,4056.0,4056.0000000000005,0.0,39.0,421.5,200,0.47638313609467464,0.9908007098853593,10826.0,641.0630678057163,21010.93693219428,0.059215136505238894,118,200,20.0,lognormal,biased,random,0.02,0.2,0.2,5.0,1.0,0.1,1000,0.0,income,20,500,period_end,1,1,0.5,True,continue,False,high_risk_income_c020__recovery_50pct,high_risk_income_c020,recovery_50pct,6
2026086007,True,1000,1000,1000,23826,23826,0,23826,23826,0,998,998,0.998,28,17242,0.14,True,197,17242,17045,0.9885744113211924,3913.0,3912.9999999999995,0.0,42.0,343.038,200,0.5201443904932279,0.9931370686850707,10500.5,541.9696338783469,20459.03036612166,0.05161369781232769,105,200,20.0,lognormal,biased,random,0.02,0.2,0.2,5.0,1.0,0.1,1000,0.0,income,20,500,period_end,1,1,0.5,True,continue,False,high_risk_income_c020__recovery_50pct,high_risk_income_c020,recovery_50pct,7
2026086008,True,1000,1000,1000,21756,21756,0,21756,21756,0,1000,1000,1.0,29,16108,0.145,True,196,16108,15912,0.9878321331015645,3541.0,3541.0000000000005,0.0,56.0,271.197,200,0.5471152216887887,0.988278229341004,9672.5,601.8058339043444,18743.19416609565,0.062218230437254524,101,200,20.0,lognormal,biased,random,0.02,0.2,0.2,5.0,1.0,0.1,1000,0.0,income,20,500,period_end,1,1,0.5,True,continue,False,high_risk_income_c020__recovery_50pct,high_risk_income_c020,recovery_50pct,8
2026086009,True,1000,1000,1000,26566,26566,0,26566,26566,0,996,996,0.996,30,18911,0.15,True,195,18911,18716,0.9896885410607583,4346.0,4346.0,0.0,117.0,401.381,200,0.5118706856879891,0.9877099236348412,11633.0,659.3459832274573,22606.654016772543,0.056678929186577603,125,200,20.0,lognormal,biased,random,0.02,0.2,0.2,5.0,1.0,0.1,1000,0.0,income,20,500,period_end,1,1,0.5,True,continue,False,high_risk_income_c020__recovery_50pct,high_risk_income_c020,recovery_50pct,9
2026086010,True,1000,1000,1000,21841,21841,0,21841,21841,0,1000,1000,1.0,26,15227,0.13,True,195,15227,15032,0.9871938004859788,3503.0,3503.0,0.0,74.0,435.464,200,0.49197116757065373,0.9842606265413076,9491.0,648.267011335742,18333.732988664266,0.06830334120068929,103,200,20.0,lognormal,biased,random,0.02,0.2,0.2,5.0,1.0,0.1,1000,0.0,income,20,500,period_end,1,1,0.5,True,continue,False,high_risk_income_c020__recovery_50pct,high_risk_income_c020,recovery_50pct,10
2026086011,True,1000,1000,1000,22914,22914,0,22914,22914,0,999,999,0.999,27,16234,0.135,True,196,16234,16038,0.9879265738573365,3703.0,3702.999999999999,0.0,55.0,393.068,200,0.4992992168512018,0.984916178887594,10032.5,634.836822597395,19430.163177402614,0.06327802866657313,106,200,20.0,lognormal,biased,random,0.02,0.2,0.2,5.0,1.0,0.1,1000,0.0,income,20,500,period_end,1,1,0.5,True,continue,False,high_risk_income_c020__recovery_50pct,high_risk_income_c020,recovery_50pct,11
2026086000,True,1000,1000,1000,26241,26241,0,26241,26241,0,1000,1000,1.0,29,18963,0.145,True,197,18963,18766,0.9896113484153352,4355.0,4355.0,0.0,41.0,345.639,200,0.5284741676234215,0.9892560198312041,20810.699999999983,661.5377695455544,22461.462230454432,0.03178834779923573,118,200,20.0,lognormal,biased,random,0.02,0.2,0.2,5.0,1.0,0.1,1000,0.0,income,20,500,period_end,1,1,0.9,True,continue,False,high_risk_income_c020__recovery_90pct,high_risk_income_c020,recovery_90pct,0
2026086001,True,1000,1000,1000,24008,24008,0,24008,24008,0,1000,1000,1.0,29,17434,0.145,True,197,17434,17237,0.9887002409085694,3931.0,3931.0,0.0,40.0,306.138,200,0.5385919613329944,0.9916536912497695,19064.700000000026,528.8275721723948,20654.172427827594,0.027738572973736487,108,200,20.0,lognormal,biased,random,0.02,0.2,0.2,5.0,1.0,0.1,1000,0.0,income,20,500,period_end,1,1,0.9,True,continue,False,high_risk_income_c020__recovery_90pct,high_risk_income_c020,recovery_90pct,1
2026086002,True,1000,1000,1000,22639,22639,0,22639,22639,0,1000,1000,1.0,28,15855,0.14,True,196,15855,15659,0.9876379690949227,3649.0,3649.0,0.0,46.0,419.888,200,0.48188133735269956,0.9854474969765421,17751.599999999977,658.0167974136072,19065.983202586398,0.03706802752504608,103,200,20.0,lognormal,biased,random,0.02,0.2,0.2,5.0,1.0,0.1,1000,0.0,income,20,500,period_end,1,1,0.9,True,continue,False,high_risk_income_c020__recovery_90pct,high_risk_income_c020,recovery_90pct,2
2026086003,True,1000,1000,1000,25602,25602,0,25602,25602,0,997,997,0.997,29,17950,0.145,True,194,17950,17756,0.9891922005571031,4142.0,4141.999999999999,0.0,158.0,459.574,200,0.5174915499758572,0.98397575006403,20015.100000000013,596.4326500240384,21642.567349975965,0.029799134154914936,121,200,20.0,lognormal,biased,random,0.02,0.2,0.2,5.0,1.0,0.1,1000,0.0,income,20,500,period_end,1,1,0.9,True,continue,False,high_risk_income_c020__recovery_90pct,high_risk_income_c020,recovery_90pct,3
2026086004,True,1000,1000,1000,22277,22277,0,22277,22277,0,996,996,0.996,27,15492,0.135,True,196,15492,15296,0.9873483088045443,3602.0,3601.999999999999,0.0,56.0,418.023,200,0.48373681288173254,0.9840915567068182,17375.400000000005,584.1470383795316,18721.85296162046,0.03361919946473356,102,200,20.0,lognormal,biased,random,0.02,0.2,0.2,5.0,1.0,0.1,1000,0.0,income,20,500,period_end,1,1,0.9,True,continue,False,high_risk_income_c020__recovery_90pct,high_risk_income_c020,recovery_90pct,4
2026086005,True,1000,1000,1000,23872,23872,0,23872,23872,0,999,999,0.999,30,17396,0.15,True,198,17396,17198,0.9886180731202575,3896.0,3896.0,0.0,28.0,350.37,200,0.5481493839835729,0.9928984777148464,18981.0,566.9972630909391,20523.00273690907,0.029871833048360944,108,200,20.0,lognormal,biased,random,0.02,0.2,0.2,5.0,1.0,0.1,1000,0.0,income,20,500,period_end,1,1,0.9,True,continue,False,high_risk_income_c020__recovery_90pct,high_risk_income_c020,recovery_90pct,5
2026086006,True,1000,1000,1000,24940,24940,0,24940,24940,0,998,998,0.998,29,17291,0.145,True,196,17291,17095,0.988664623214389,4056.0,4056.0,0.0,75.0,440.022,200,0.47638313609467464,0.9913586547996287,19459.799999999996,625.6592837741282,20996.340716225874,0.03215137276714706,114,200,20.0,lognormal,biased,random,0.02,0.2,0.2,5.0,1.0,0.1,1000,0.0,income,20,500,period_end,1,1,0.9,True,continue,False,high_risk_income_c020__recovery_90pct,high_risk_income_c020,recovery_90pct,6
2026086007,True,1000,1000,1000,23957,23957,0,23957,23957,0,998,998,0.998,32,17062,0.16,True,197,17062,16865,0.9884538741062009,3913.0,3913.0000000000005,0.0,35.0,357.41,200,0.5201443904932279,0.9928510135692119,18913.499999999996,610.46994713711,20404.53005286289,0.03227694224427579,112,200,20.0,lognormal,biased,random,0.02,0.2,0.2,5.0,1.0,0.1,1000,0.0,income,20,500,period_end,1,1,0.9,True,continue,False,high_risk_income_c020__recovery_90pct,high_risk_income_c020,recovery_90pct,7
2026086008,True,1000,1000,1000,21711,21711,0,21711,21711,0,1000,1000,1.0,27,16068,0.135,True,198,16068,15870,0.9876773711725167,3541.0,3541.0,0.0,25.0,281.323,200,0.5471152216887887,0.9934612047088489,17395.19999999998,578.3707365814373,18749.629263418567,0.0332488696066408,102,200,20.0,lognormal,biased,random,0.02,0.2,0.2,5.0,1.0,0.1,1000,0.0,income,20,500,period_end,1,1,0.9,True,continue,False,high_risk_income_c020__recovery_90pct,high_risk_income_c020,recovery_90pct,8
2026086009,True,1000,1000,1000,26551,26551,0,26551,26551,0,996,996,0.996,30,18577,0.15,True,195,18577,18382,0.9895031490552834,4346.0,4346.0,0.0,99.0,431.626,200,0.5118706856879891,0.9899136161541469,20757.600000000017,576.1516714922983,22487.848328507705,0.027756179495331726,123,200,20.0,lognormal,biased,random,0.02,0.2,0.2,5.0,1.0,0.1,1000,0.0,income,20,500,period_end,1,1,0.9,True,continue,False,high_risk_income_c020__recovery_90pct,high_risk_income_c020,recovery_90pct,9
2026086010,True,1000,1000,1000,21805,21805,0,21805,21805,0,1000,1000,1.0,25,15520,0.125,True,193,15520,15327,0.9875644329896908,3503.0,3503.0,0.0,148.0,372.097,200,0.49197116757065373,0.9796544448211808,17194.5,667.4338592327285,18437.56614076727,0.03881670646036398,101,200,20.0,lognormal,biased,random,0.02,0.2,0.2,5.0,1.0,0.1,1000,0.0,income,20,500,period_end,1,1,0.9,True,continue,False,high_risk_income_c020__recovery_90pct,high_risk_income_c020,recovery_90pct,10
2026086011,True,1000,1000,1000,23117,23117,0,23117,23117,0,999,999,0.999,28,16422,0.14,True,193,16422,16229,0.9882474729022044,3703.0,3703.0000000000005,0.0,149.0,436.07,200,0.4992992168512018,0.9783300711171385,18162.9,587.3888096384635,19593.611190361535,0.032340034335841934,110,200,20.0,lognormal,biased,random,0.02,0.2,0.2,5.0,1.0,0.1,1000,0.0,income,20,500,period_end,1,1,0.9,True,continue,False,high_risk_income_c020__recovery_90pct,high_risk_income_c020,recovery_90pct,11
2026086000,True,1000,1000,1000,25607,25607,0,25607,25607,0,951,951,0.951,39,4862,0.195,True,196,4862,4666,0.9596873714520774,4355.0,4355.0,0.0,889.0,1215.319,200,0.5284741676234215,0.9392112514351321,0.0,0.0,24718.0,0.0,117,200,20.0,lognormal,biased,random,0.02,0.2,0.2,5.0,1.0,0.1,1000,0.0,income,20,500,period_end,1,1,0.0,False,continue,False,high_risk_income_c020__keep_defaulted_assets,high_risk_income_c020,keep_defaulted_assets,0
2026086001,True,1000,1000,1000,23323,23323,0,23323,23323,0,956,956,0.956,35,4490,0.175,True,196,4490,4294,0.9563474387527839,3931.0,3931.0,0.0,796.0,1268.729,200,0.5385919613329944,0.9331684049860087,0.0,0.0,22527.0,0.0,107,200,20.0,lognormal,biased,random,0.02,0.2,0.2,5.0,1.0,0.1,1000,0.0,income,20,500,period_end,1,1,0.0,False,continue,False,high_risk_income_c020__keep_defaulted_assets,high_risk_income_c020,keep_defaulted_assets,1
2026086002,True,1000,1000,1000,21826,21826,0,21826,21826,0,884,884,0.884,26,2991,0.13,True,192,2991,2799,0.9358074222668004,3649.0,3649.0,0.0,1478.0,1547.567,200,0.48188133735269956,0.8583351603178955,0.0,0.0,20348.0,0.0,107,200,20.0,lognormal,biased,random,0.02,0.2,0.2,5.0,1.0,0.1,1000,0.0,income,20,500,period_end,1,1,0.0,False,continue,False,high_risk_income_c020__keep_defaulted_assets,high_risk_income_c020,keep_defaulted_assets,2
2026086003,True,1000,1000,1000,24628,24628,0,24628,24628,0,830,830,0.83,23,2692,0.115,True,191,2692,2501,0.9290490341753344,4142.0,4142.0,0.0,1923.0,1926.255,200,0.5174915499758572,0.8058860453887011,0.0,0.0,22705.0,0.0,112,200,20.0,lognormal,biased,random,0.02,0.2,0.2,5.0,1.0,0.1,1000,0.0,income,20,500,period_end,1,1,0.0,False,continue,False,high_risk_income_c020__keep_defaulted_assets,high_risk_income_c020,keep_defaulted_assets,3
2026086004,True,1000,1000,1000,21496,21496,0,21496,21496,0,860,860,0.86,19,2806,0.095,False,190,2806,2616,0.932287954383464,3602.0,3602.0,0.0,1827.0,1628.546,200,0.48373681288173254,0.7953026096612994,0.0,0.0,19669.0,0.0,102,200,20.0,lognormal,biased,random,0.02,0.2,0.2,5.0,1.0,0.1,1000,0.0,income,20,500,period_end,1,1,0.0,False,continue,False,high_risk_income_c020__keep_defaulted_assets,high_risk_income_c020,keep_defaulted_assets,4
2026086005,True,1000,1000,1000,23118,23118,0,23118,23118,0,934,934,0.934,27,3872,0.135,True,194,3872,3678,0.949896694214876,3896.0,3896.0,0.0,1210.0,1370.177,200,0.5481493839835729,0.8896252566735114,0.0,0.0,21908.0,0.0,109,200,20.0,lognormal,biased,random,0.02,0.2,0.2,5.0,1.0,0.1,1000,0.0,income,20,500,period_end,1,1,0.0,False,continue,False,high_risk_income_c020__keep_defaulted_assets,high_risk_income_c020,keep_defaulted_assets,5
2026086006,True,1000,1000,1000,24027,24027,0,24027,24027,0,932,932,0.932,24,3723,0.12,True,193,3723,3530,0.9481600859521891,4056.0,4056.0,0.0,1291.0,1444.549,200,0.47638313609467464,0.8898890532544379,0.0,0.0,22736.0,0.0,116,200,20.0,lognormal,biased,random,0.02,0.2,0.2,5.0,1.0,0.1,1000,0.0,income,20,500,period_end,1,1,0.0,False,continue,False,high_risk_income_c020__keep_defaulted_assets,high_risk_income_c020,keep_defaulted_assets,6
2026086007,True,1000,1000,1000,23175,23175,0,23175,23175,0,918,918,0.918,53,4052,0.265,True,196,4052,3856,0.9516288252714709,3913.0,3913.0,0.0,820.0,1309.918,200,0.5201443904932279,0.9280769230769232,0.0,0.0,22355.0,0.0,112,200,20.0,lognormal,biased,random,0.02,0.2,0.2,5.0,1.0,0.1,1000,0.0,income,20,500,period_end,1,1,0.0,False,continue,False,high_risk_income_c020__keep_defaulted_assets,high_risk_income_c020,keep_defaulted_assets,7
2026086008,True,1000,1000,1000,21040,21040,0,21040,21040,0,962,962,0.962,38,4323,0.19,True,195,4323,4128,0.9548924358084664,3541.0,3541.0,0.0,919.0,1139.9,200,0.5471152216887887,0.9219782547303024,0.0,0.0,20121.0,0.0,98,200,20.0,lognormal,biased,random,0.02,0.2,0.2,5.0,1.0,0.1,1000,0.0,income,20,500,period_end,1,1,0.0,False,continue,False,high_risk_income_c020__keep_defaulted_assets,high_risk_income_c020,keep_defaulted_assets,8
2026086009,True,1000,1000,1000,25495,25495,0,25495,25495,0,914,914,0.914,26,3612,0.13,True,193,3612,3419,0.9465669988925803,4346.0,4346.0,0.0,1536.0,1577.655,200,0.5118706856879891,0.8628762080073633,0.0,0.0,23959.0,0.0,122,200,20.0,lognormal,biased,random,0.02,0.2,0.2,5.0,1.0,0.1,1000,0.0,income,20,500,period_end,1,1,0.0,False,continue,False,high_risk_income_c020__keep_defaulted_assets,high_risk_income_c020,keep_defaulted_assets,9
2026086010,True,1000,1000,1000,20822,20822,0,20822,20822,0,893,893,0.893,27,3244,0.135,True,191,3244,3053,0.9411220715166461,3503.0,3503.0,0.0,1421.0,1446.598,200,0.49197116757065373,0.8199528975164145,0.0,0.0,19401.0,0.0,104,200,20.0,lognormal,biased,random,0.02,0.2,0.2,5.0,1.0,0.1,1000,0.0,income,20,500,period_end,1,1,0.0,False,continue,False,high_risk_income_c020__keep_defaulted_assets,high_risk_income_c020,keep_defaulted_assets,10
2026086011,True,1000,1000,1000,22066,22066,0,22066,22066,0,920,920,0.92,30,3257,0.15,True,193,3257,3064,0.9407430150445195,3703.0,3703.0,0.0,1428.0,1468.667,200,0.4992992168512018,0.8631690521199029,0.0,0.0,20638.0,0.0,107,200,20.0,lognormal,biased,random,0.02,0.2,0.2,5.0,1.0,0.1,1000,0.0,income,20,500,period_end,1,1,0.0,False,continue,False,high_risk_income_c020__keep_defaulted_assets,high_risk_income_c020,keep_defaulted_assets,11
2026086000,True,1000,1000,1000,23365,23365,0,23365,14900,8465,109,109,0.109,7,199,0.035,False,199,199,0,0.0,4355.0,4355.0,0.0,0.0,770.628,1,0.5284741676234215,0.9629035591274397,0.0,0.0,7825.0,0.0,97,200,20.0,lognormal,biased,random,0.02,0.2,0.2,5.0,1.0,0.1,1000,0.0,income,20,500,period_end,1,1,0.0,True,exit,False,high_risk_income_c020__permanent_exit,high_risk_income_c020,permanent_exit,0
2026086001,True,1000,1000,1000,20879,20879,0,20879,12729,8150,127,127,0.127,6,199,0.03,False,199,199,0,0.0,3931.0,3931.0,0.0,0.0,664.268,1,0.5385919613329944,0.9629241923174765,0.0,0.0,6742.0,0.0,86,200,20.0,lognormal,biased,random,0.02,0.2,0.2,5.0,1.0,0.1,1000,0.0,income,20,500,period_end,1,1,0.0,True,exit,False,high_risk_income_c020__permanent_exit,high_risk_income_c020,permanent_exit,1
2026086002,True,1000,1000,1000,20023,20023,0,20023,14420,5603,120,120,0.12,6,199,0.03,False,199,199,0,0.0,3649.0,3649.0,0.0,0.0,896.62,1,0.48188133735269956,0.9613770896135929,0.0,0.0,7586.0,0.0,79,200,20.0,lognormal,biased,random,0.02,0.2,0.2,5.0,1.0,0.1,1000,0.0,income,20,500,period_end,1,1,0.0,True,exit,False,high_risk_income_c020__permanent_exit,high_risk_income_c020,permanent_exit,2
2026086003,True,1000,1000,1000,23530,23530,0,23530,18247,5283,124,124,0.124,6,199,0.03,False,199,199,0,0.0,4142.0,4142.0,0.0,0.0,1210.697,1,0.5174915499758572,0.9726436504104299,0.0,0.0,9491.0,0.0,91,200,20.0,lognormal,biased,random,0.02,0.2,0.2,5.0,1.0,0.1,1000,0.0,income,20,500,period_end,1,1,0.0,True,exit,False,high_risk_income_c020__permanent_exit,high_risk_income_c020,permanent_exit,3
2026086004,True,1000,1000,1000,21008,21008,0,21008,18797,2211,108,108,0.108,8,199,0.04,False,199,199,0,0.0,3602.0,3602.0,0.0,0.0,1886.514,1,0.48373681288173254,0.9682232093281511,0.0,0.0,9741.0,0.0,79,200,20.0,lognormal,biased,random,0.02,0.2,0.2,5.0,1.0,0.1,1000,0.0,income,20,500,period_end,1,1,0.0,True,exit,False,high_risk_income_c020__permanent_exit,high_risk_income_c020,permanent_exit,4
2026086005,True,1000,1000,1000,21774,21774,0,21774,15887,5887,113,113,0.113,7,199,0.035,False,199,199,0,0.0,3896.0,3896.0,0.0,0.0,995.499,1,0.5481493839835729,0.9735189938398359,0.0,0.0,8277.0,0.0,87,200,20.0,lognormal,biased,random,0.02,0.2,0.2,5.0,1.0,0.1,1000,0.0,income,20,500,period_end,1,1,0.0,True,exit,False,high_risk_income_c020__permanent_exit,high_risk_income_c020,permanent_exit,5
2026086006,True,1000,1000,1000,22070,22070,0,22070,13929,8141,120,120,0.12,6,199,0.03,False,199,199,0,0.0,4056.0,4056.0,0.0,0.0,812.369,1,0.47638313609467464,0.9674852071005917,0.0,0.0,7321.0,0.0,89,200,20.0,lognormal,biased,random,0.02,0.2,0.2,5.0,1.0,0.1,1000,0.0,income,20,500,period_end,1,1,0.0,True,exit,False,high_risk_income_c020__permanent_exit,high_risk_income_c020,permanent_exit,6
2026086007,True,1000,1000,1000,21305,21305,0,21305,14821,6484,115,115,0.115,5,199,0.025,False,199,199,0,0.0,3913.0,3913.0,0.0,0.0,857.954,1,0.5201443904932279,0.9642946588295427,0.0,0.0,7787.0,0.0,86,200,20.0,lognormal,biased,random,0.02,0.2,0.2,5.0,1.0,0.1,1000,0.0,income,20,500,period_end,1,1,0.0,True,exit,False,high_risk_income_c020__permanent_exit,high_risk_income_c020,permanent_exit,7
2026086008,True,1000,1000,1000,19071,19071,0,19071,10985,8086,119,119,0.119,8,199,0.04,False,199,199,0,0.0,3541.0,3541.0,0.0,0.0,595.265,1,0.5471152216887887,0.9656523580909349,0.0,0.0,5821.0,0.0,78,200,20.0,lognormal,biased,random,0.02,0.2,0.2,5.0,1.0,0.1,1000,0.0,income,20,500,period_end,1,1,0.0,True,exit,False,high_risk_income_c020__permanent_exit,high_risk_income_c020,permanent_exit,8
2026086009,True,1000,1000,1000,25020,25020,0,25020,20755,4265,125,125,0.125,6,199,0.03,False,199,199,0,0.0,4346.0,4346.0,0.0,0.0,1676.966,1,0.5118706856879891,0.9690450989415555,0.0,0.0,10760.0,0.0,96,200,20.0,lognormal,biased,random,0.02,0.2,0.2,5.0,1.0,0.1,1000,0.0,income,20,500,period_end,1,1,0.0,True,exit,False,high_risk_income_c020__permanent_exit,high_risk_income_c020,permanent_exit,9
2026086010,True,1000,1000,1000,19494,19494,0,19494,14690,4804,119,119,0.119,5,199,0.025,False,199,199,0,0.0,3503.0,3503.0,0.0,0.0,932.192,1,0.49197116757065373,0.9660134170710821,0.0,0.0,7689.0,0.0,77,200,20.0,lognormal,biased,random,0.02,0.2,0.2,5.0,1.0,0.1,1000,0.0,income,20,500,period_end,1,1,0.0,True,exit,False,high_risk_income_c020__permanent_exit,high_risk_income_c020,permanent_exit,10
2026086011,True,1000,1000,1000,21004,21004,0,21004,17510,3494,116,116,0.116,7,199,0.035,False,199,199,0,0.0,3703.0,3703.0,0.0,0.0,1310.084,1,0.4992992168512018,0.9603254118282474,0.0,0.0,9160.0,0.0,79,200,20.0,lognormal,biased,random,0.02,0.2,0.2,5.0,1.0,0.1,1000,0.0,income,20,500,period_end,1,1,0.0,True,exit,False,high_risk_income_c020__permanent_exit,high_risk_income_c020,permanent_exit,11
2026086000,True,1000,1000,1000,265594,221403,221,221403,221403,0,961,961,0.961,64,18506,0.32,True,181,18506,18325,0.9902193883064951,4355.0,159932.0,155577.0,2967.0,1883.824,200,0.5284741676234215,0.9576329940224597,0.0,0.0,130214.0,0.0,4544,200,20.0,lognormal,biased,random,0.02,0.2,0.2,5.0,1.0,0.1,1000,0.0,income,20,500,period_end,1,1,0.0,True,reset,False,high_risk_income_c020__reset_to_initial_cash,high_risk_income_c020,reset_to_initial_cash,0
2026086001,True,1000,1000,1000,228240,201172,174,201172,201172,0,973,973,0.973,64,19397,0.32,True,184,19397,19213,0.9905139970098469,3931.0,142584.0,138653.0,2106.0,1718.516,200,0.5385919613329944,0.959245357122819,0.0,0.0,119917.0,0.0,4074,200,20.0,lognormal,biased,random,0.02,0.2,0.2,5.0,1.0,0.1,1000,0.0,income,20,500,period_end,1,1,0.0,True,reset,False,high_risk_income_c020__reset_to_initial_cash,high_risk_income_c020,reset_to_initial_cash,1
2026086002,True,1000,1000,1000,199282,182795,134,182795,182795,0,959,959,0.959,65,16699,0.325,True,183,16699,16516,0.9890412599556859,3649.0,129002.0,125353.0,2212.0,1772.244,200,0.48188133735269956,0.9547458954124743,0.0,0.0,108514.0,0.0,3763,200,20.0,lognormal,biased,random,0.02,0.2,0.2,5.0,1.0,0.1,1000,0.0,income,20,500,period_end,1,1,0.0,True,reset,False,high_risk_income_c020__reset_to_initial_cash,high_risk_income_c020,reset_to_initial_cash,2
2026086003,True,1000,1000,1000,227078,201155,171,201155,201155,0,967,967,0.967,65,17562,0.325,True,180,17562,17382,0.9897505978817902,4142.0,140597.0,136455.0,3069.0,2086.625,200,0.5174915499758572,0.9381794419511087,0.0,0.0,118423.0,0.0,4040,200,20.0,lognormal,biased,random,0.02,0.2,0.2,5.0,1.0,0.1,1000,0.0,income,20,500,period_end,1,1,0.0,True,reset,False,high_risk_income_c020__reset_to_initial_cash,high_risk_income_c020,reset_to_initial_cash,3
2026086004,True,1000,1000,1000,199628,182379,137,182379,182379,0,963,963,0.963,73,16890,0.365,True,181,16890,16709,0.9892835997631735,3602.0,129654.0,126052.0,2553.0,1764.285,200,0.48373681288173254,0.946214848751292,0.0,0.0,108313.0,0.0,3738,200,20.0,lognormal,biased,random,0.02,0.2,0.2,5.0,1.0,0.1,1000,0.0,income,20,500,period_end,1,1,0.0,True,reset,False,high_risk_income_c020__reset_to_initial_cash,high_risk_income_c020,reset_to_initial_cash,4
2026086005,True,1000,1000,1000,228588,202463,172,202463,202463,0,984,984,0.984,72,20073,0.36,True,178,20073,19895,0.9911323668609575,3896.0,140351.0,136455.0,3336.0,1857.884,200,0.5481493839835729,0.9515123868016617,0.0,0.0,120687.0,0.0,4009,200,20.0,lognormal,biased,random,0.02,0.2,0.2,5.0,1.0,0.1,1000,0.0,income,20,500,period_end,1,1,0.0,True,reset,False,high_risk_income_c020__reset_to_initial_cash,high_risk_income_c020,reset_to_initial_cash,5
2026086006,True,1000,1000,1000,242661,206690,196,206690,206690,0,942,942,0.942,62,16835,0.31,True,183,16835,16652,0.9891297891297891,4056.0,152999.0,148943.0,2212.0,1708.92,200,0.47638313609467464,0.951031411970013,0.0,0.0,121601.0,0.0,4325,200,20.0,lognormal,biased,random,0.02,0.2,0.2,5.0,1.0,0.1,1000,0.0,income,20,500,period_end,1,1,0.0,True,reset,False,high_risk_income_c020__reset_to_initial_cash,high_risk_income_c020,reset_to_initial_cash,6
2026086007,True,1000,1000,1000,236643,205231,185,205231,205231,0,958,958,0.958,68,18959,0.34,True,183,18959,18776,0.990347592172583,3913.0,147394.0,143481.0,2421.0,1674.717,200,0.5201443904932279,0.9531090817808052,0.0,0.0,121923.0,0.0,4170,200,20.0,lognormal,biased,random,0.02,0.2,0.2,5.0,1.0,0.1,1000,0.0,income,20,500,period_end,1,1,0.0,True,reset,False,high_risk_income_c020__reset_to_initial_cash,high_risk_income_c020,reset_to_initial_cash,7
2026086008,True,1000,1000,1000,206469,187539,144,187539,187539,0,974,974,0.974,71,20023,0.355,True,184,20023,19839,0.990810567846976,3541.0,132313.0,128772.0,2135.0,1472.856,200,0.5471152216887887,0.9634015931919011,0.0,0.0,113153.0,0.0,3818,200,20.0,lognormal,biased,random,0.02,0.2,0.2,5.0,1.0,0.1,1000,0.0,income,20,500,period_end,1,1,0.0,True,reset,False,high_risk_income_c020__reset_to_initial_cash,high_risk_income_c020,reset_to_initial_cash,8
2026086009,True,1000,1000,1000,253600,213577,207,213577,213577,0,965,965,0.965,64,17914,0.32,True,185,17914,17729,0.9896728815451602,4346.0,157310.0,152964.0,2212.0,1766.263,200,0.5118706856879891,0.9559899561375629,0.0,0.0,125627.0,0.0,4430,200,20.0,lognormal,biased,random,0.02,0.2,0.2,5.0,1.0,0.1,1000,0.0,income,20,500,period_end,1,1,0.0,True,reset,False,high_risk_income_c020__reset_to_initial_cash,high_risk_income_c020,reset_to_initial_cash,9
2026086010,True,1000,1000,1000,183949,173953,106,173953,173953,0,964,964,0.964,72,16673,0.36,True,179,16673,16494,0.9892640796497331,3503.0,117216.0,113713.0,2653.0,1978.44,200,0.49197116757065373,0.9440259009009011,0.0,0.0,103016.0,0.0,3424,200,20.0,lognormal,biased,random,0.02,0.2,0.2,5.0,1.0,0.1,1000,0.0,income,20,500,period_end,1,1,0.0,True,reset,False,high_risk_income_c020__reset_to_initial_cash,high_risk_income_c020,reset_to_initial_cash,10
2026086011,True,1000,1000,1000,213088,191924,155,191924,191924,0,964,964,0.964,72,18083,0.36,True,179,18083,17904,0.9901012000221202,3703.0,134546.0,130843.0,3081.0,1794.77,200,0.4992992168512018,0.9381520074918617,0.0,0.0,114017.0,0.0,3889,200,20.0,lognormal,biased,random,0.02,0.2,0.2,5.0,1.0,0.1,1000,0.0,income,20,500,period_end,1,1,0.0,True,reset,False,high_risk_income_c020__reset_to_initial_cash,high_risk_income_c020,reset_to_initial_cash,11
2026186000,True,1000,1000,1000,20000,20000,0,20000,20000,0,995,995,0.995,27,13849,0.135,True,195,13849,13654,0.985919560979132,3533.0,3533.0,0.0,81.0,378.8,200,0.5094041890744412,0.9887786583639968,0.0,0.0,17287.0,0.0,103,200,20.0,lognormal,biased,random,0.02,0.2,0.2,5.0,1.0,0.1,1000,0.0,fixed,20,500,period_end,1,1,0.0,True,continue,False,boundary_fixed_k20__reference_period_end,boundary_fixed_k20,reference_period_end,0
2026186001,True,1000,1000,1000,20000,20000,0,20000,20000,0,980,980,0.98,25,13046,0.125,True,191,13046,12855,0.9853594971638816,3936.0,3936.0,0.0,220.0,475.113,200,0.4802616869918701,0.98088668699187,0.0,0.0,16880.0,0.0,113,200,20.0,lognormal,biased,random,0.02,0.2,0.2,5.0,1.0,0.1,1000,0.0,fixed,20,500,period_end,1,1,0.0,True,continue,False,boundary_fixed_k20__reference_period_end,boundary_fixed_k20,reference_period_end,1
2026186002,True,1000,1000,1000,20000,20000,0,20000,20000,0,985,985,0.985,25,13442,0.125,True,194,13442,13248,0.9855676238654962,4166.0,4166.0,0.0,102.0,445.902,200,0.5348007681228997,0.9869827172347576,0.0,0.0,17100.0,0.0,119,200,20.0,lognormal,biased,random,0.02,0.2,0.2,5.0,1.0,0.1,1000,0.0,fixed,20,500,period_end,1,1,0.0,True,continue,False,boundary_fixed_k20__reference_period_end,boundary_fixed_k20,reference_period_end,2
2026186003,True,1000,1000,1000,20000,20000,0,20000,20000,0,987,987,0.987,25,12970,0.125,True,194,12970,12776,0.9850424055512722,4222.0,4222.0,0.0,115.0,483.811,200,0.5427854097584084,0.9894528659403128,0.0,0.0,16905.0,0.0,119,200,20.0,lognormal,biased,random,0.02,0.2,0.2,5.0,1.0,0.1,1000,0.0,fixed,20,500,period_end,1,1,0.0,True,continue,False,boundary_fixed_k20__reference_period_end,boundary_fixed_k20,reference_period_end,3
2026186004,True,1000,1000,1000,20000,20000,0,20000,20000,0,980,980,0.98,25,13895,0.125,True,196,13895,13699,0.9858942065491184,3902.0,3902.0,0.0,57.0,379.013,200,0.5331573552024604,0.9897514095335727,0.0,0.0,17344.0,0.0,109,200,20.0,lognormal,biased,random,0.02,0.2,0.2,5.0,1.0,0.1,1000,0.0,fixed,20,500,period_end,1,1,0.0,True,continue,False,boundary_fixed_k20__reference_period_end,boundary_fixed_k20,reference_period_end,4
2026186005,True,1000,1000,1000,20000,20000,0,20000,20000,0,982,982,0.982,25,13650,0.125,True,194,13650,13456,0.9857875457875458,4483.0,4483.0,0.0,112.0,392.861,200,0.5631820209681018,0.9867019852777159,0.0,0.0,17178.0,0.0,128,200,20.0,lognormal,biased,random,0.02,0.2,0.2,5.0,1.0,0.1,1000,0.0,fixed,20,500,period_end,1,1,0.0,True,continue,False,boundary_fixed_k20__reference_period_end,boundary_fixed_k20,reference_period_end,5
2026186006,True,1000,1000,1000,20000,20000,0,20000,20000,0,992,992,0.992,28,13567,0.14,True,196,13567,13371,0.9855531805115354,3150.0,3150.0,0.0,50.0,394.074,200,0.4777809523809524,0.9867650793650795,0.0,0.0,17204.0,0.0,91,200,20.0,lognormal,biased,random,0.02,0.2,0.2,5.0,1.0,0.1,1000,0.0,fixed,20,500,period_end,1,1,0.0,True,continue,False,boundary_fixed_k20__reference_period_end,boundary_fixed_k20,reference_period_end,6
2026186007,True,1000,1000,1000,20000,20000,0,20000,20000,0,991,991,0.991,27,13499,0.135,True,197,13499,13302,0.9854063263945477,4508.0,4508.0,0.0,33.0,439.871,200,0.5628416149068325,0.986510647737356,0.0,0.0,17178.0,0.0,123,200,20.0,lognormal,biased,random,0.02,0.2,0.2,5.0,1.0,0.1,1000,0.0,fixed,20,500,period_end,1,1,0.0,True,continue,False,boundary_fixed_k20__reference_period_end,boundary_fixed_k20,reference_period_end,7
2026186008,True,1000,1000,1000,20000,20000,0,20000,20000,0,984,984,0.984,25,13208,0.125,True,195,13208,13013,0.985236220472441,3941.0,3941.0,0.0,77.0,470.141,200,0.5037135244861712,0.9861240801826949,0.0,0.0,17009.0,0.0,112,200,20.0,lognormal,biased,random,0.02,0.2,0.2,5.0,1.0,0.1,1000,0.0,fixed,20,500,period_end,1,1,0.0,True,continue,False,boundary_fixed_k20__reference_period_end,boundary_fixed_k20,reference_period_end,8
2026186009,True,1000,1000,1000,20000,20000,0,20000,20000,0,988,988,0.988,27,13466,0.135,True,194,13466,13272,0.9855933462052577,3765.0,3765.0,0.0,101.0,441.9,200,0.5078791500664013,0.9890451527224438,0.0,0.0,17159.0,0.0,113,200,20.0,lognormal,biased,random,0.02,0.2,0.2,5.0,1.0,0.1,1000,0.0,fixed,20,500,period_end,1,1,0.0,True,continue,False,boundary_fixed_k20__reference_period_end,boundary_fixed_k20,reference_period_end,9
2026186010,True,1000,1000,1000,20000,20000,0,20000,20000,0,993,993,0.993,25,13991,0.125,True,197,13991,13794,0.98591951969123,3620.0,3620.0,0.0,33.0,359.734,200,0.5213287292817681,0.9917071823204422,0.0,0.0,17427.0,0.0,103,200,20.0,lognormal,biased,random,0.02,0.2,0.2,5.0,1.0,0.1,1000,0.0,fixed,20,500,period_end,1,1,0.0,True,continue,False,boundary_fixed_k20__reference_period_end,boundary_fixed_k20,reference_period_end,10
2026186011,True,1000,1000,1000,20000,20000,0,20000,20000,0,985,985,0.985,24,13033,0.12,True,196,13033,12837,0.9849612522059388,3714.0,3714.0,0.0,57.0,514.263,200,0.4782014001077006,0.990961227786753,0.0,0.0,16903.0,0.0,109,200,20.0,lognormal,biased,random,0.02,0.2,0.2,5.0,1.0,0.1,1000,0.0,fixed,20,500,period_end,1,1,0.0,True,continue,False,boundary_fixed_k20__reference_period_end,boundary_fixed_k20,reference_period_end,11
2026186000,True,1000,1000,11000,20000,20000,0,20000,20000,0,995,995,0.995,27,13849,0.135,True,195,13849,13654,0.985919560979132,3533.0,3533.0,0.0,81.0,378.8,200,0.5094041890744412,0.9887786583639968,0.0,0.0,17287.0,0.0,103,200,20.0,lognormal,biased,random,0.02,0.2,0.2,5.0,1.0,0.1,1000,0.0,fixed,20,500,check_only,10,1,0.0,True,continue,False,boundary_fixed_k20__check_only_b10,boundary_fixed_k20,check_only_b10,0
2026186001,True,1000,1000,11000,20000,20000,0,20000,20000,0,980,980,0.98,25,13046,0.125,True,191,13046,12855,0.9853594971638816,3936.0,3936.0,0.0,220.0,475.113,200,0.4802616869918701,0.98088668699187,0.0,0.0,16880.0,0.0,113,200,20.0,lognormal,biased,random,0.02,0.2,0.2,5.0,1.0,0.1,1000,0.0,fixed,20,500,check_only,10,1,0.0,True,continue,False,boundary_fixed_k20__check_only_b10,boundary_fixed_k20,check_only_b10,1
2026186002,True,1000,1000,11000,20000,20000,0,20000,20000,0,985,985,0.985,25,13442,0.125,True,194,13442,13248,0.9855676238654962,4166.0,4166.0,0.0,102.0,445.902,200,0.5348007681228997,0.9869827172347576,0.0,0.0,17100.0,0.0,119,200,20.0,lognormal,biased,random,0.02,0.2,0.2,5.0,1.0,0.1,1000,0.0,fixed,20,500,check_only,10,1,0.0,True,continue,False,boundary_fixed_k20__check_only_b10,boundary_fixed_k20,check_only_b10,2
2026186003,True,1000,1000,11000,20000,20000,0,20000,20000,0,987,987,0.987,25,12970,0.125,True,194,12970,12776,0.9850424055512722,4222.0,4222.0,0.0,115.0,483.811,200,0.5427854097584084,0.9894528659403128,0.0,0.0,16905.0,0.0,119,200,20.0,lognormal,biased,random,0.02,0.2,0.2,5.0,1.0,0.1,1000,0.0,fixed,20,500,check_only,10,1,0.0,True,continue,False,boundary_fixed_k20__check_only_b10,boundary_fixed_k20,check_only_b10,3
2026186004,True,1000,1000,11000,20000,20000,0,20000,20000,0,980,980,0.98,25,13895,0.125,True,196,13895,13699,0.9858942065491184,3902.0,3902.0,0.0,57.0,379.013,200,0.5331573552024604,0.9897514095335727,0.0,0.0,17344.0,0.0,109,200,20.0,lognormal,biased,random,0.02,0.2,0.2,5.0,1.0,0.1,1000,0.0,fixed,20,500,check_only,10,1,0.0,True,continue,False,boundary_fixed_k20__check_only_b10,boundary_fixed_k20,check_only_b10,4
2026186005,True,1000,1000,11000,20000,20000,0,20000,20000,0,982,982,0.982,25,13650,0.125,True,194,13650,13456,0.9857875457875458,4483.0,4483.0,0.0,112.0,392.861,200,0.5631820209681018,0.9867019852777159,0.0,0.0,17178.0,0.0,128,200,20.0,lognormal,biased,random,0.02,0.2,0.2,5.0,1.0,0.1,1000,0.0,fixed,20,500,check_only,10,1,0.0,True,continue,False,boundary_fixed_k20__check_only_b10,boundary_fixed_k20,check_only_b10,5
2026186006,True,1000,1000,11000,20000,20000,0,20000,20000,0,992,992,0.992,28,13567,0.14,True,196,13567,13371,0.9855531805115354,3150.0,3150.0,0.0,50.0,394.074,200,0.4777809523809524,0.9867650793650795,0.0,0.0,17204.0,0.0,91,200,20.0,lognormal,biased,random,0.02,0.2,0.2,5.0,1.0,0.1,1000,0.0,fixed,20,500,check_only,10,1,0.0,True,continue,False,boundary_fixed_k20__check_only_b10,boundary_fixed_k20,check_only_b10,6
2026186007,True,1000,1000,11000,20000,20000,0,20000,20000,0,991,991,0.991,27,13499,0.135,True,197,13499,13302,0.9854063263945477,4508.0,4508.0,0.0,33.0,439.871,200,0.5628416149068325,0.986510647737356,0.0,0.0,17178.0,0.0,123,200,20.0,lognormal,biased,random,0.02,0.2,0.2,5.0,1.0,0.1,1000,0.0,fixed,20,500,check_only,10,1,0.0,True,continue,False,boundary_fixed_k20__check_only_b10,boundary_fixed_k20,check_only_b10,7
2026186008,True,1000,1000,11000,20000,20000,0,20000,20000,0,984,984,0.984,25,13208,0.125,True,195,13208,13013,0.985236220472441,3941.0,3941.0,0.0,77.0,470.141,200,0.5037135244861712,0.9861240801826949,0.0,0.0,17009.0,0.0,112,200,20.0,lognormal,biased,random,0.02,0.2,0.2,5.0,1.0,0.1,1000,0.0,fixed,20,500,check_only,10,1,0.0,True,continue,False,boundary_fixed_k20__check_only_b10,boundary_fixed_k20,check_only_b10,8
2026186009,True,1000,1000,11000,20000,20000,0,20000,20000,0,988,988,0.988,27,13466,0.135,True,194,13466,13272,0.9855933462052577,3765.0,3765.0,0.0,101.0,441.9,200,0.5078791500664013,0.9890451527224438,0.0,0.0,17159.0,0.0,113,200,20.0,lognormal,biased,random,0.02,0.2,0.2,5.0,1.0,0.1,1000,0.0,fixed,20,500,check_only,10,1,0.0,True,continue,False,boundary_fixed_k20__check_only_b10,boundary_fixed_k20,check_only_b10,9
2026186010,True,1000,1000,11000,20000,20000,0,20000,20000,0,993,993,0.993,25,13991,0.125,True,197,13991,13794,0.98591951969123,3620.0,3620.0,0.0,33.0,359.734,200,0.5213287292817681,0.9917071823204422,0.0,0.0,17427.0,0.0,103,200,20.0,lognormal,biased,random,0.02,0.2,0.2,5.0,1.0,0.1,1000,0.0,fixed,20,500,check_only,10,1,0.0,True,continue,False,boundary_fixed_k20__check_only_b10,boundary_fixed_k20,check_only_b10,10
2026186011,True,1000,1000,11000,20000,20000,0,20000,20000,0,985,985,0.985,24,13033,0.12,True,196,13033,12837,0.9849612522059388,3714.0,3714.0,0.0,57.0,514.263,200,0.4782014001077006,0.990961227786753,0.0,0.0,16903.0,0.0,109,200,20.0,lognormal,biased,random,0.02,0.2,0.2,5.0,1.0,0.1,1000,0.0,fixed,20,500,check_only,10,1,0.0,True,continue,False,boundary_fixed_k20__check_only_b10,boundary_fixed_k20,check_only_b10,11
2026186000,True,1000,10000,1000,20000,20000,0,20000,20000,0,991,991,0.991,23,14849,0.115,True,198,14849,14651,0.9866657687386357,3533.0,3533.0,0.0,15.0,344.3105,200,0.5094041890744412,0.9948981035946789,0.0,0.0,17907.0,0.0,107,200,20.0,lognormal,biased,random,0.02,0.2,0.2,5.0,1.0,0.1,1000,0.0,fixed,20,500,settle_and_check,10,10,0.0,True,continue,False,boundary_fixed_k20__flow_split_b10_check_q10,boundary_fixed_k20,flow_split_b10_check_q10,0
2026186001,True,1000,10000,1000,20000,20000,0,20000,20000,0,991,991,0.991,23,14071,0.115,True,196,14071,13875,0.9860706417454339,3936.0,3936.0,0.0,70.0,442.203,200,0.4802616869918701,0.9885823170731709,0.0,0.0,17533.0,0.0,124,200,20.0,lognormal,biased,random,0.02,0.2,0.2,5.0,1.0,0.1,1000,0.0,fixed,20,500,settle_and_check,10,10,0.0,True,continue,False,boundary_fixed_k20__flow_split_b10_check_q10,boundary_fixed_k20,flow_split_b10_check_q10,1
2026186002,True,1000,10000,1000,20000,20000,0,20000,20000,0,987,987,0.987,24,14327,0.12,True,196,14327,14131,0.9863195365394011,4166.0,4166.0,0.0,86.0,427.4766,200,0.5348007681228997,0.9941574651944312,0.0,0.0,17644.0,0.0,123,200,20.0,lognormal,biased,random,0.02,0.2,0.2,5.0,1.0,0.1,1000,0.0,fixed,20,500,settle_and_check,10,10,0.0,True,continue,False,boundary_fixed_k20__flow_split_b10_check_q10,boundary_fixed_k20,flow_split_b10_check_q10,2
2026186003,True,1000,10000,1000,20000,20000,0,20000,20000,0,994,994,0.994,22,14586,0.11,True,197,14586,14389,0.9864938982586041,4222.0,4222.0,0.0,41.0,380.5231,200,0.5427854097584084,0.9912932259592611,0.0,0.0,17802.0,0.0,126,200,20.0,lognormal,biased,random,0.02,0.2,0.2,5.0,1.0,0.1,1000,0.0,fixed,20,500,settle_and_check,10,10,0.0,True,continue,False,boundary_fixed_k20__flow_split_b10_check_q10,boundary_fixed_k20,flow_split_b10_check_q10,3
2026186004,True,1000,10000,1000,20000,20000,0,20000,20000,0,984,984,0.984,23,14922,0.115,True,198,14922,14724,0.9867310012062727,3902.0,3902.0,0.0,25.0,321.9745,200,0.5331573552024604,0.9949589953869811,0.0,0.0,17988.0,0.0,116,200,20.0,lognormal,biased,random,0.02,0.2,0.2,5.0,1.0,0.1,1000,0.0,fixed,20,500,settle_and_check,10,10,0.0,True,continue,False,boundary_fixed_k20__flow_split_b10_check_q10,boundary_fixed_k20,flow_split_b10_check_q10,4
2026186005,True,1000,10000,1000,20000,20000,0,20000,20000,0,975,975,0.975,23,14729,0.115,True,198,14729,14531,0.9865571321882002,4483.0,4483.0,0.0,18.0,337.2628,200,0.5631820209681018,0.9937352219495874,0.0,0.0,17904.0,0.0,131,200,20.0,lognormal,biased,random,0.02,0.2,0.2,5.0,1.0,0.1,1000,0.0,fixed,20,500,settle_and_check,10,10,0.0,True,continue,False,boundary_fixed_k20__flow_split_b10_check_q10,boundary_fixed_k20,flow_split_b10_check_q10,5
2026186006,True,1000,10000,1000,20000,20000,0,20000,20000,0,997,997,0.997,23,14491,0.115,True,197,14491,14294,0.9864053550479608,3150.0,3150.0,0.0,43.0,380.5713,200,0.4777809523809524,0.9887492063492065,0.0,0.0,17754.0,0.0,105,200,20.0,lognormal,biased,random,0.02,0.2,0.2,5.0,1.0,0.1,1000,0.0,fixed,20,500,settle_and_check,10,10,0.0,True,continue,False,boundary_fixed_k20__flow_split_b10_check_q10,boundary_fixed_k20,flow_split_b10_check_q10,6
2026186007,True,1000,10000,1000,20000,20000,0,20000,20000,0,989,989,0.989,23,14398,0.115,True,197,14398,14201,0.9863175441033477,4508.0,4508.0,0.0,50.0,400.185,200,0.5628416149068325,0.9881499556344278,0.0,0.0,17689.0,0.0,138,200,20.0,lognormal,biased,random,0.02,0.2,0.2,5.0,1.0,0.1,1000,0.0,fixed,20,500,settle_and_check,10,10,0.0,True,continue,False,boundary_fixed_k20__flow_split_b10_check_q10,boundary_fixed_k20,flow_split_b10_check_q10,7
2026186008,True,1000,10000,1000,20000,20000,0,20000,20000,0,983,983,0.983,23,14259,0.115,True,195,14259,14064,0.9863244266778877,3941.0,3941.0,0.0,124.0,445.2264,200,0.5037135244861712,0.9868396346105051,0.0,0.0,17563.0,0.0,124,200,20.0,lognormal,biased,random,0.02,0.2,0.2,5.0,1.0,0.1,1000,0.0,fixed,20,500,settle_and_check,10,10,0.0,True,continue,False,boundary_fixed_k20__flow_split_b10_check_q10,boundary_fixed_k20,flow_split_b10_check_q10,8
2026186009,True,1000,10000,1000,20000,20000,0,20000,20000,0,987,987,0.987,23,14744,0.115,True,196,14744,14548,0.986706456863809,3765.0,3765.0,0.0,85.0,320.3085,200,0.5078791500664013,0.9865112881806111,0.0,0.0,17883.0,0.0,113,200,20.0,lognormal,biased,random,0.02,0.2,0.2,5.0,1.0,0.1,1000,0.0,fixed,20,500,settle_and_check,10,10,0.0,True,continue,False,boundary_fixed_k20__flow_split_b10_check_q10,boundary_fixed_k20,flow_split_b10_check_q10,9
2026186010,True,1000,10000,1000,20000,20000,0,20000,20000,0,990,990,0.99,23,14784,0.115,True,198,14784,14586,0.9866071428571429,3620.0,3620.0,0.0,19.0,336.1329,200,0.5213287292817681,0.9923232044198895,0.0,0.0,17881.0,0.0,110,200,20.0,lognormal,biased,random,0.02,0.2,0.2,5.0,1.0,0.1,1000,0.0,fixed,20,500,settle_and_check,10,10,0.0,True,continue,False,boundary_fixed_k20__flow_split_b10_check_q10,boundary_fixed_k20,flow_split_b10_check_q10,10
2026186011,True,1000,10000,1000,20000,20000,0,20000,20000,0,991,991,0.991,24,14298,0.12,True,199,14298,14099,0.9860819695062246,3714.0,3714.0,0.0,0.0,414.925,200,0.4782014001077006,0.9950000000000001,0.0,0.0,17679.0,0.0,107,200,20.0,lognormal,biased,random,0.02,0.2,0.2,5.0,1.0,0.1,1000,0.0,fixed,20,500,settle_and_check,10,10,0.0,True,continue,False,boundary_fixed_k20__flow_split_b10_check_q10,boundary_fixed_k20,flow_split_b10_check_q10,11
2026186000,True,1000,10000,2000,20000,20000,0,20000,20000,0,1959,991,0.991,14,15397,0.07,False,198,15397,15199,0.9871403520166266,3533.0,3533.0,0.0,16.0,317.6296,200,0.5094041890744412,0.9919261251061422,0.0,0.0,18026.0,0.0,107,200,20.0,lognormal,biased,random,0.02,0.2,0.2,5.0,1.0,0.1,1000,0.0,fixed,20,500,settle_and_check,10,5,0.0,True,continue,False,boundary_fixed_k20__flow_split_b10_check_q5,boundary_fixed_k20,flow_split_b10_check_q5,0
2026186001,True,1000,10000,2000,20000,20000,0,20000,20000,0,1944,990,0.99,13,14037,0.065,False,196,14037,13841,0.9860369024720382,3936.0,3936.0,0.0,55.0,535.218,200,0.4802616869918701,0.9907215447154472,0.0,0.0,17361.0,0.0,121,200,20.0,lognormal,biased,random,0.02,0.2,0.2,5.0,1.0,0.1,1000,0.0,fixed,20,500,settle_and_check,10,5,0.0,True,continue,False,boundary_fixed_k20__flow_split_b10_check_q5,boundary_fixed_k20,flow_split_b10_check_q5,1
2026186002,True,1000,10000,2000,20000,20000,0,20000,20000,0,1939,985,0.985,16,14843,0.08,False,197,14843,14646,0.9867277504547598,4166.0,4166.0,0.0,42.0,371.6202,200,0.5348007681228997,0.9936725876140184,0.0,0.0,17780.0,0.0,127,200,20.0,lognormal,biased,random,0.02,0.2,0.2,5.0,1.0,0.1,1000,0.0,fixed,20,500,settle_and_check,10,5,0.0,True,continue,False,boundary_fixed_k20__flow_split_b10_check_q5,boundary_fixed_k20,flow_split_b10_check_q5,2
2026186003,True,1000,10000,2000,20000,20000,0,20000,20000,0,1954,994,0.994,14,14652,0.07,False,199,14652,14453,0.9864182364182364,4222.0,4222.0,0.0,1.0,432.5636,200,0.5427854097584084,0.9949857887257225,0.0,0.0,17699.0,0.0,122,200,20.0,lognormal,biased,random,0.02,0.2,0.2,5.0,1.0,0.1,1000,0.0,fixed,20,500,settle_and_check,10,5,0.0,True,continue,False,boundary_fixed_k20__flow_split_b10_check_q5,boundary_fixed_k20,flow_split_b10_check_q5,3
2026186004,True,1000,10000,2000,20000,20000,0,20000,20000,0,1948,986,0.986,13,15563,0.065,False,199,15563,15364,0.9872132622245069,3902.0,3902.0,0.0,2.0,276.2477,200,0.5331573552024604,0.9950000000000001,0.0,0.0,18101.0,0.0,117,200,20.0,lognormal,biased,random,0.02,0.2,0.2,5.0,1.0,0.1,1000,0.0,fixed,20,500,settle_and_check,10,5,0.0,True,continue,False,boundary_fixed_k20__flow_split_b10_check_q5,boundary_fixed_k20,flow_split_b10_check_q5,4
2026186005,True,1000,10000,2000,20000,20000,0,20000,20000,0,1938,980,0.98,13,15035,0.065,False,197,15035,14838,0.986897239773861,4483.0,4483.0,0.0,64.0,357.5109,200,0.5631820209681018,0.9903825563238904,0.0,0.0,17821.0,0.0,132,200,20.0,lognormal,biased,random,0.02,0.2,0.2,5.0,1.0,0.1,1000,0.0,fixed,20,500,settle_and_check,10,5,0.0,True,continue,False,boundary_fixed_k20__flow_split_b10_check_q5,boundary_fixed_k20,flow_split_b10_check_q5,5
2026186006,True,1000,10000,2000,20000,20000,0,20000,20000,0,1954,990,0.99,13,15151,0.065,False,197,15151,14954,0.9869975579169692,3150.0,3150.0,0.0,31.0,355.8896,200,0.4777809523809524,0.9892000000000001,0.0,0.0,17932.0,0.0,100,200,20.0,lognormal,biased,random,0.02,0.2,0.2,5.0,1.0,0.1,1000,0.0,fixed,20,500,settle_and_check,10,5,0.0,True,continue,False,boundary_fixed_k20__flow_split_b10_check_q5,boundary_fixed_k20,flow_split_b10_check_q5,6
2026186007,True,1000,10000,2000,20000,20000,0,20000,20000,0,1954,989,0.989,15,14951,0.075,False,197,14951,14754,0.9868236238378704,4508.0,4508.0,0.0,44.0,387.1909,200,0.5628416149068325,0.9881299911268857,0.0,0.0,17811.0,0.0,137,200,20.0,lognormal,biased,random,0.02,0.2,0.2,5.0,1.0,0.1,1000,0.0,fixed,20,500,settle_and_check,10,5,0.0,True,continue,False,boundary_fixed_k20__flow_split_b10_check_q5,boundary_fixed_k20,flow_split_b10_check_q5,7
2026186008,True,1000,10000,2000,20000,20000,0,20000,20000,0,1930,982,0.982,13,14708,0.065,False,196,14708,14512,0.9866739189556704,3941.0,3941.0,0.0,90.0,433.67,200,0.5037135244861712,0.9892324283176859,0.0,0.0,17683.0,0.0,121,200,20.0,lognormal,biased,random,0.02,0.2,0.2,5.0,1.0,0.1,1000,0.0,fixed,20,500,settle_and_check,10,5,0.0,True,continue,False,boundary_fixed_k20__flow_split_b10_check_q5,boundary_fixed_k20,flow_split_b10_check_q5,8
2026186009,True,1000,10000,2000,20000,20000,0,20000,20000,0,1947,989,0.989,14,14723,0.07,False,198,14723,14525,0.9865516538748896,3765.0,3765.0,0.0,21.0,426.1611,200,0.5078791500664013,0.9925059760956176,0.0,0.0,17690.0,0.0,112,200,20.0,lognormal,biased,random,0.02,0.2,0.2,5.0,1.0,0.1,1000,0.0,fixed,20,500,settle_and_check,10,5,0.0,True,continue,False,boundary_fixed_k20__flow_split_b10_check_q5,boundary_fixed_k20,flow_split_b10_check_q5,9
2026186010,True,1000,10000,2000,20000,20000,0,20000,20000,0,1945,990,0.99,18,15100,0.09,False,197,15100,14903,0.986953642384106,3620.0,3620.0,0.0,46.0,352.5501,200,0.5213287292817681,0.9920110497237571,0.0,0.0,17906.0,0.0,105,200,20.0,lognormal,biased,random,0.02,0.2,0.2,5.0,1.0,0.1,1000,0.0,fixed,20,500,settle_and_check,10,5,0.0,True,continue,False,boundary_fixed_k20__flow_split_b10_check_q5,boundary_fixed_k20,flow_split_b10_check_q5,10
2026186011,True,1000,10000,2000,20000,20000,0,20000,20000,0,1932,987,0.987,13,14285,0.065,False,198,14285,14087,0.9861393069653482,3714.0,3714.0,0.0,15.0,473.3315,200,0.4782014001077006,0.994410339256866,0.0,0.0,17556.0,0.0,111,200,20.0,lognormal,biased,random,0.02,0.2,0.2,5.0,1.0,0.1,1000,0.0,fixed,20,500,settle_and_check,10,5,0.0,True,continue,False,boundary_fixed_k20__flow_split_b10_check_q5,boundary_fixed_k20,flow_split_b10_check_q5,11
2026186000,True,1000,10000,5000,20000,20000,0,20000,20000,0,4690,991,0.991,8,15639,0.04,False,198,15639,15441,0.9873393439478227,3533.0,3533.0,0.0,15.0,307.1055,200,0.5094041890744412,0.9918100764223041,0.0,0.0,18042.0,0.0,109,200,20.0,lognormal,biased,random,0.02,0.2,0.2,5.0,1.0,0.1,1000,0.0,fixed,20,500,settle_and_check,10,2,0.0,True,continue,False,boundary_fixed_k20__flow_split_b10_check_q2,boundary_fixed_k20,flow_split_b10_check_q2,0
2026186001,True,1000,10000,5000,20000,20000,0,20000,20000,0,4630,991,0.991,7,14700,0.035,False,194,14700,14506,0.9868027210884354,3936.0,3936.0,0.0,153.0,473.5057,200,0.4802616869918701,0.9849720528455286,0.0,0.0,17554.0,0.0,122,200,20.0,lognormal,biased,random,0.02,0.2,0.2,5.0,1.0,0.1,1000,0.0,fixed,20,500,settle_and_check,10,2,0.0,True,continue,False,boundary_fixed_k20__flow_split_b10_check_q2,boundary_fixed_k20,flow_split_b10_check_q2,1
2026186002,True,1000,10000,5000,20000,20000,0,20000,20000,0,4611,985,0.985,10,15257,0.05,False,198,15257,15059,0.9870223503965393,4166.0,4166.0,0.0,20.0,346.1006,200,0.5348007681228997,0.9931757081132981,0.0,0.0,17892.0,0.0,130,200,20.0,lognormal,biased,random,0.02,0.2,0.2,5.0,1.0,0.1,1000,0.0,fixed,20,500,settle_and_check,10,2,0.0,True,continue,False,boundary_fixed_k20__flow_split_b10_check_q2,boundary_fixed_k20,flow_split_b10_check_q2,2
2026186003,True,1000,10000,5000,20000,20000,0,20000,20000,0,4645,989,0.989,8,15219,0.04,False,199,15219,15020,0.9869242394375451,4222.0,4222.0,0.0,5.0,372.2579,200,0.5427854097584084,0.9949928943628612,0.0,0.0,17866.0,0.0,126,200,20.0,lognormal,biased,random,0.02,0.2,0.2,5.0,1.0,0.1,1000,0.0,fixed,20,500,settle_and_check,10,2,0.0,True,continue,False,boundary_fixed_k20__flow_split_b10_check_q2,boundary_fixed_k20,flow_split_b10_check_q2,3
2026186004,True,1000,10000,5000,20000,20000,0,20000,20000,0,4628,986,0.986,11,15487,0.055,False,199,15487,15288,0.9871505133337638,3902.0,3902.0,0.0,2.0,313.8868,200,0.5331573552024604,0.994984623270118,0.0,0.0,17982.0,0.0,116,200,20.0,lognormal,biased,random,0.02,0.2,0.2,5.0,1.0,0.1,1000,0.0,fixed,20,500,settle_and_check,10,2,0.0,True,continue,False,boundary_fixed_k20__flow_split_b10_check_q2,boundary_fixed_k20,flow_split_b10_check_q2,4
2026186005,True,1000,10000,5000,20000,20000,0,20000,20000,0,4606,978,0.978,7,15356,0.035,False,197,15356,15159,0.9871711383172701,4483.0,4483.0,0.0,58.0,336.7914,200,0.5631820209681018,0.9923009145661388,0.0,0.0,17895.0,0.0,135,200,20.0,lognormal,biased,random,0.02,0.2,0.2,5.0,1.0,0.1,1000,0.0,fixed,20,500,settle_and_check,10,2,0.0,True,continue,False,boundary_fixed_k20__flow_split_b10_check_q2,boundary_fixed_k20,flow_split_b10_check_q2,5
2026186006,True,1000,10000,5000,20000,20000,0,20000,20000,0,4655,994,0.994,8,15218,0.04,False,199,15218,15019,0.9869233802076488,3150.0,3150.0,0.0,3.0,353.9003,200,0.4777809523809524,0.9949809523809525,0.0,0.0,17861.0,0.0,95,200,20.0,lognormal,biased,random,0.02,0.2,0.2,5.0,1.0,0.1,1000,0.0,fixed,20,500,settle_and_check,10,2,0.0,True,continue,False,boundary_fixed_k20__flow_split_b10_check_q2,boundary_fixed_k20,flow_split_b10_check_q2,6
2026186007,True,1000,10000,5000,20000,20000,0,20000,20000,0,4639,990,0.99,7,15368,0.035,False,197,15368,15171,0.9871811556480999,4508.0,4508.0,0.0,56.0,322.1486,200,0.5628416149068325,0.9875931677018635,0.0,0.0,17944.0,0.0,133,200,20.0,lognormal,biased,random,0.02,0.2,0.2,5.0,1.0,0.1,1000,0.0,fixed,20,500,settle_and_check,10,2,0.0,True,continue,False,boundary_fixed_k20__flow_split_b10_check_q2,boundary_fixed_k20,flow_split_b10_check_q2,7
2026186008,True,1000,10000,5000,20000,20000,0,20000,20000,0,4616,987,0.987,9,14955,0.045,False,196,14955,14759,0.9868940153794717,3941.0,3941.0,0.0,96.0,421.3676,200,0.5037135244861712,0.986387972595788,0.0,0.0,17694.0,0.0,122,200,20.0,lognormal,biased,random,0.02,0.2,0.2,5.0,1.0,0.1,1000,0.0,fixed,20,500,settle_and_check,10,2,0.0,True,continue,False,boundary_fixed_k20__flow_split_b10_check_q2,boundary_fixed_k20,flow_split_b10_check_q2,8
2026186009,True,1000,10000,5000,20000,20000,0,20000,20000,0,4611,989,0.989,9,15121,0.045,False,197,15121,14924,0.9869717611269095,3765.0,3765.0,0.0,43.0,359.9987,200,0.5078791500664013,0.9923280212483401,0.0,0.0,17814.0,0.0,116,200,20.0,lognormal,biased,random,0.02,0.2,0.2,5.0,1.0,0.1,1000,0.0,fixed,20,500,settle_and_check,10,2,0.0,True,continue,False,boundary_fixed_k20__flow_split_b10_check_q2,boundary_fixed_k20,flow_split_b10_check_q2,9
2026186010,True,1000,10000,5000,20000,20000,0,20000,20000,0,4660,990,0.99,8,15567,0.04,False,198,15567,15369,0.9872807862786664,3620.0,3620.0,0.0,20.0,290.9532,200,0.5213287292817681,0.9917292817679559,0.0,0.0,18038.0,0.0,111,200,20.0,lognormal,biased,random,0.02,0.2,0.2,5.0,1.0,0.1,1000,0.0,fixed,20,500,settle_and_check,10,2,0.0,True,continue,False,boundary_fixed_k20__flow_split_b10_check_q2,boundary_fixed_k20,flow_split_b10_check_q2,10
2026186011,True,1000,10000,5000,20000,20000,0,20000,20000,0,4636,993,0.993,8,15008,0.04,False,198,15008,14810,0.9868070362473348,3714.0,3714.0,0.0,26.0,396.459,200,0.4782014001077006,0.9932525578890685,0.0,0.0,17788.0,0.0,115,200,20.0,lognormal,biased,random,0.02,0.2,0.2,5.0,1.0,0.1,1000,0.0,fixed,20,500,settle_and_check,10,2,0.0,True,continue,False,boundary_fixed_k20__flow_split_b10_check_q2,boundary_fixed_k20,flow_split_b10_check_q2,11
2026186000,True,1000,10000,10000,20000,20000,0,20000,20000,0,8678,992,0.992,5,15682,0.025,False,197,15682,15485,0.9874378268078051,3533.0,3533.0,0.0,62.0,301.5691,200,0.5094041890744412,0.9917902632323805,0.0,0.0,18049.0,0.0,111,200,20.0,lognormal,biased,random,0.02,0.2,0.2,5.0,1.0,0.1,1000,0.0,fixed,20,500,settle_and_check,10,1,0.0,True,continue,False,boundary_fixed_k20__flow_split_b10_check_q1,boundary_fixed_k20,flow_split_b10_check_q1,0
2026186001,True,1000,10000,10000,20000,20000,0,20000,20000,0,8375,991,0.991,6,14530,0.03,False,194,14530,14336,0.9866483138334481,3936.0,3936.0,0.0,135.0,491.8769,200,0.4802616869918701,0.974903455284553,0.0,0.0,17477.0,0.0,117,200,20.0,lognormal,biased,random,0.02,0.2,0.2,5.0,1.0,0.1,1000,0.0,fixed,20,500,settle_and_check,10,1,0.0,True,continue,False,boundary_fixed_k20__flow_split_b10_check_q1,boundary_fixed_k20,flow_split_b10_check_q1,1
2026186002,True,1000,10000,10000,20000,20000,0,20000,20000,0,8449,986,0.986,6,15034,0.03,False,199,15034,14835,0.9867633364374085,4166.0,4166.0,0.0,0.0,397.1453,200,0.5348007681228997,0.9950000000000001,0.0,0.0,17757.0,0.0,120,200,20.0,lognormal,biased,random,0.02,0.2,0.2,5.0,1.0,0.1,1000,0.0,fixed,20,500,settle_and_check,10,1,0.0,True,continue,False,boundary_fixed_k20__flow_split_b10_check_q1,boundary_fixed_k20,flow_split_b10_check_q1,2
2026186003,True,1000,10000,10000,20000,20000,0,20000,20000,0,8475,989,0.989,8,14903,0.04,False,198,14903,14705,0.9867140844125344,4222.0,4222.0,0.0,15.0,403.7541,200,0.5427854097584084,0.9936096636665088,0.0,0.0,17714.0,0.0,131,200,20.0,lognormal,biased,random,0.02,0.2,0.2,5.0,1.0,0.1,1000,0.0,fixed,20,500,settle_and_check,10,1,0.0,True,continue,False,boundary_fixed_k20__flow_split_b10_check_q1,boundary_fixed_k20,flow_split_b10_check_q1,3
2026186004,True,1000,10000,10000,20000,20000,0,20000,20000,0,8651,984,0.984,7,15566,0.035,False,199,15566,15367,0.9872157265835796,3902.0,3902.0,0.0,2.0,314.602,200,0.5331573552024604,0.9949615581752949,0.0,0.0,17994.0,0.0,116,200,20.0,lognormal,biased,random,0.02,0.2,0.2,5.0,1.0,0.1,1000,0.0,fixed,20,500,settle_and_check,10,1,0.0,True,continue,False,boundary_fixed_k20__flow_split_b10_check_q1,boundary_fixed_k20,flow_split_b10_check_q1,4
2026186005,True,1000,10000,10000,20000,20000,0,20000,20000,0,8625,979,0.979,6,15627,0.03,False,197,15627,15430,0.9873936136174569,4483.0,4483.0,0.0,62.0,305.378,200,0.5631820209681018,0.991687486058443,0.0,0.0,17988.0,0.0,134,200,20.0,lognormal,biased,random,0.02,0.2,0.2,5.0,1.0,0.1,1000,0.0,fixed,20,500,settle_and_check,10,1,0.0,True,continue,False,boundary_fixed_k20__flow_split_b10_check_q1,boundary_fixed_k20,flow_split_b10_check_q1,5
2026186006,True,1000,10000,10000,20000,20000,0,20000,20000,0,8695,994,0.994,5,15356,0.025,False,198,15356,15158,0.9871060171919771,3150.0,3150.0,0.0,19.0,340.8793,200,0.4777809523809524,0.9937714285714287,0.0,0.0,17900.0,0.0,95,200,20.0,lognormal,biased,random,0.02,0.2,0.2,5.0,1.0,0.1,1000,0.0,fixed,20,500,settle_and_check,10,1,0.0,True,continue,False,boundary_fixed_k20__flow_split_b10_check_q1,boundary_fixed_k20,flow_split_b10_check_q1,6
2026186007,True,1000,10000,10000,20000,20000,0,20000,20000,0,8601,990,0.99,9,15273,0.045,False,197,15273,15076,0.9871014208079618,4508.0,4508.0,0.0,55.0,363.7566,200,0.5628416149068325,0.9898735581188998,0.0,0.0,17851.0,0.0,137,200,20.0,lognormal,biased,random,0.02,0.2,0.2,5.0,1.0,0.1,1000,0.0,fixed,20,500,settle_and_check,10,1,0.0,True,continue,False,boundary_fixed_k20__flow_split_b10_check_q1,boundary_fixed_k20,flow_split_b10_check_q1,7
2026186008,True,1000,10000,10000,20000,20000,0,20000,20000,0,8522,988,0.988,6,14999,0.03,False,197,14999,14802,0.9868657910527369,3941.0,3941.0,0.0,50.0,410.8829,200,0.5037135244861712,0.9901509769094139,0.0,0.0,17723.0,0.0,123,200,20.0,lognormal,biased,random,0.02,0.2,0.2,5.0,1.0,0.1,1000,0.0,fixed,20,500,settle_and_check,10,1,0.0,True,continue,False,boundary_fixed_k20__flow_split_b10_check_q1,boundary_fixed_k20,flow_split_b10_check_q1,8
2026186009,True,1000,10000,10000,20000,20000,0,20000,20000,0,8521,987,0.987,7,14978,0.035,False,199,14978,14779,0.9867138469755642,3765.0,3765.0,0.0,4.0,406.3938,200,0.5078791500664013,0.9949973439575035,0.0,0.0,17713.0,0.0,117,200,20.0,lognormal,biased,random,0.02,0.2,0.2,5.0,1.0,0.1,1000,0.0,fixed,20,500,settle_and_check,10,1,0.0,True,continue,False,boundary_fixed_k20__flow_split_b10_check_q1,boundary_fixed_k20,flow_split_b10_check_q1,9
2026186010,True,1000,10000,10000,20000,20000,0,20000,20000,0,8699,991,0.991,6,15616,0.03,False,197,15616,15419,0.9873847336065574,3620.0,3620.0,0.0,52.0,302.5567,200,0.5213287292817681,0.9908674033149172,0.0,0.0,18017.0,0.0,113,200,20.0,lognormal,biased,random,0.02,0.2,0.2,5.0,1.0,0.1,1000,0.0,fixed,20,500,settle_and_check,10,1,0.0,True,continue,False,boundary_fixed_k20__flow_split_b10_check_q1,boundary_fixed_k20,flow_split_b10_check_q1,10
2026186011,True,1000,10000,10000,20000,20000,0,20000,20000,0,8427,993,0.993,11,14819,0.055,False,198,14819,14621,0.9866387745461908,3714.0,3714.0,0.0,21.0,441.5065,200,0.4782014001077006,0.9946553581044697,0.0,0.0,17640.0,0.0,115,200,20.0,lognormal,biased,random,0.02,0.2,0.2,5.0,1.0,0.1,1000,0.0,fixed,20,500,settle_and_check,10,1,0.0,True,continue,False,boundary_fixed_k20__flow_split_b10_check_q1,boundary_fixed_k20,flow_split_b10_check_q1,11
2026186000,True,1000,1000,1000,20000,20000,0,20000,20000,0,996,996,0.996,25,14039,0.125,True,197,14039,13842,0.9859676615143529,3533.0,3532.9999999999995,0.0,36.0,377.262,200,0.5094041890744412,0.9907278023675055,8728.0,609.0638731343134,16846.936126865687,0.06978275356717616,102,200,20.0,lognormal,biased,random,0.02,0.2,0.2,5.0,1.0,0.1,1000,0.0,fixed,20,500,period_end,1,1,0.5,True,continue,False,boundary_fixed_k20__recovery_50pct,boundary_fixed_k20,recovery_50pct,0
2026186001,True,1000,1000,1000,20000,20000,0,20000,20000,0,988,988,0.988,24,13375,0.12,True,193,13375,13182,0.9855700934579439,3936.0,3936.0000000000005,0.0,154.0,477.646,200,0.4802616869918701,0.9826226719371127,8534.5,629.3493790810912,16439.65062091891,0.07374179847455518,116,200,20.0,lognormal,biased,random,0.02,0.2,0.2,5.0,1.0,0.1,1000,0.0,fixed,20,500,period_end,1,1,0.5,True,continue,False,boundary_fixed_k20__recovery_50pct,boundary_fixed_k20,recovery_50pct,1
2026186002,True,1000,1000,1000,20000,20000,0,20000,20000,0,987,987,0.987,25,13483,0.125,True,194,13483,13289,0.9856115107913669,4166.0,4166.000000000001,0.0,116.0,481.889,200,0.5348007681228997,0.9843576507335674,8552.5,542.7078038459406,16562.292196154067,0.06345604254264141,118,200,20.0,lognormal,biased,random,0.02,0.2,0.2,5.0,1.0,0.1,1000,0.0,fixed,20,500,period_end,1,1,0.5,True,continue,False,boundary_fixed_k20__recovery_50pct,boundary_fixed_k20,recovery_50pct,2
2026186003,True,1000,1000,1000,20000,20000,0,20000,20000,0,989,989,0.989,25,13331,0.125,True,196,13331,13135,0.9852974270497337,4222.0,4222.0,0.0,53.0,507.163,200,0.5427854097584084,0.9906388795263308,8552.0,650.9634732817602,16453.03652671824,0.07611827330235738,121,200,20.0,lognormal,biased,random,0.02,0.2,0.2,5.0,1.0,0.1,1000,0.0,fixed,20,500,period_end,1,1,0.5,True,continue,False,boundary_fixed_k20__recovery_50pct,boundary_fixed_k20,recovery_50pct,3
2026186004,True,1000,1000,1000,20000,20000,0,20000,20000,0,985,985,0.985,27,14140,0.135,True,196,14140,13944,0.9861386138613861,3902.0,3901.9999999999995,0.0,53.0,344.119,200,0.5331573552024604,0.9904793724705243,8757.5,671.7544330165748,16843.24556698342,0.07670618704157292,111,200,20.0,lognormal,biased,random,0.02,0.2,0.2,5.0,1.0,0.1,1000,0.0,fixed,20,500,period_end,1,1,0.5,True,continue,False,boundary_fixed_k20__recovery_50pct,boundary_fixed_k20,recovery_50pct,4
2026186005,True,1000,1000,1000,20000,20000,0,20000,20000,0,989,989,0.989,24,13988,0.12,True,196,13988,13792,0.9859879897054619,4483.0,4483.0,0.0,70.0,378.015,200,0.5631820209681018,0.9875111454687073,8679.5,511.10680074412676,16847.89319925586,0.05888666406407359,125,200,20.0,lognormal,biased,random,0.02,0.2,0.2,5.0,1.0,0.1,1000,0.0,fixed,20,500,period_end,1,1,0.5,True,continue,False,boundary_fixed_k20__recovery_50pct,boundary_fixed_k20,recovery_50pct,5
2026186006,True,1000,1000,1000,20000,20000,0,20000,20000,0,993,993,0.993,25,13962,0.125,True,195,13962,13767,0.9860335195530726,3150.0,3150.0,0.0,92.0,395.397,200,0.4777809523809524,0.983526737213694,8693.5,649.556229687226,16737.44377031277,0.07471745898512981,93,200,20.0,lognormal,biased,random,0.02,0.2,0.2,5.0,1.0,0.1,1000,0.0,fixed,20,500,period_end,1,1,0.5,True,continue,False,boundary_fixed_k20__recovery_50pct,boundary_fixed_k20,recovery_50pct,6
2026186007,True,1000,1000,1000,20000,20000,0,20000,20000,0,995,995,0.995,26,13754,0.13,True,196,13754,13558,0.9857496001163298,4508.0,4508.000000000001,0.0,33.0,439.035,200,0.5628416149068325,0.9836239398065654,8649.0,590.9798439252097,16707.020156074796,0.06832926857731642,128,200,20.0,lognormal,biased,random,0.02,0.2,0.2,5.0,1.0,0.1,1000,0.0,fixed,20,500,period_end,1,1,0.5,True,continue,False,boundary_fixed_k20__recovery_50pct,boundary_fixed_k20,recovery_50pct,7
2026186008,True,1000,1000,1000,20000,20000,0,20000,20000,0,986,986,0.986,25,13484,0.125,True,191,13484,13293,0.985835063779294,3941.0,3941.000000000001,0.0,229.0,496.757,200,0.5037135244861712,0.9746413347798975,8521.0,566.875416022348,16475.124583977653,0.06652686492458021,114,200,20.0,lognormal,biased,random,0.02,0.2,0.2,5.0,1.0,0.1,1000,0.0,fixed,20,500,period_end,1,1,0.5,True,continue,False,boundary_fixed_k20__recovery_50pct,boundary_fixed_k20,recovery_50pct,8
2026186009,True,1000,1000,1000,20000,20000,0,20000,20000,0,988,988,0.988,25,13701,0.125,True,196,13701,13505,0.9856944748558499,3765.0,3765.0,0.0,41.0,456.927,200,0.5078791500664013,0.984184600566637,8633.5,546.5037675424128,16720.496232457583,0.06330037268111574,108,200,20.0,lognormal,biased,random,0.02,0.2,0.2,5.0,1.0,0.1,1000,0.0,fixed,20,500,period_end,1,1,0.5,True,continue,False,boundary_fixed_k20__recovery_50pct,boundary_fixed_k20,recovery_50pct,9
2026186010,True,1000,1000,1000,20000,20000,0,20000,20000,0,993,993,0.993,26,14459,0.13,True,197,14459,14262,0.9863752679991701,3620.0,3620.0,0.0,24.0,308.389,200,0.5213287292817681,0.9885984130506975,8819.5,588.018510731664,17050.981489268343,0.06667254501181065,105,200,20.0,lognormal,biased,random,0.02,0.2,0.2,5.0,1.0,0.1,1000,0.0,fixed,20,500,period_end,1,1,0.5,True,continue,False,boundary_fixed_k20__recovery_50pct,boundary_fixed_k20,recovery_50pct,10
2026186011,True,1000,1000,1000,20000,20000,0,20000,20000,0,989,989,0.989,24,12827,0.12,True,195,12827,12632,0.984797692367662,3714.0,3714.0,0.0,74.0,625.307,200,0.4782014001077006,0.9916726540061209,8405.0,622.6454666094423,16187.354533390546,0.07408036485537683,104,200,20.0,lognormal,biased,random,0.02,0.2,0.2,5.0,1.0,0.1,1000,0.0,fixed,20,500,period_end,1,1,0.5,True,continue,False,boundary_fixed_k20__recovery_50pct,boundary_fixed_k20,recovery_50pct,11
2026186000,True,1000,1000,1000,20000,20000,0,20000,20000,0,996,996,0.996,25,13933,0.125,True,195,13933,13738,0.9860044498672217,3533.0,3533.0000000000005,0.0,71.0,434.152,200,0.5094041890744412,0.9911553237914559,15593.400000000009,499.6858246043109,16826.314175395688,0.03204469997590715,101,200,20.0,lognormal,biased,random,0.02,0.2,0.2,5.0,1.0,0.1,1000,0.0,fixed,20,500,period_end,1,1,0.9,True,continue,False,boundary_fixed_k20__recovery_90pct,boundary_fixed_k20,recovery_90pct,0
2026186001,True,1000,1000,1000,20000,20000,0,20000,20000,0,988,988,0.988,26,13197,0.13,True,193,13197,13004,0.9853754641206335,3936.0,3936.0000000000005,0.0,147.0,511.146,200,0.4802616869918701,0.981573148779987,15282.0,654.6673835222249,16325.33261647777,0.04283911683825579,115,200,20.0,lognormal,biased,random,0.02,0.2,0.2,5.0,1.0,0.1,1000,0.0,fixed,20,500,period_end,1,1,0.9,True,continue,False,boundary_fixed_k20__recovery_90pct,boundary_fixed_k20,recovery_90pct,1
2026186002,True,1000,1000,1000,20000,20000,0,20000,20000,0,989,989,0.989,24,13854,0.12,True,194,13854,13660,0.9859968240219431,4166.0,4165.999999999999,0.0,110.0,410.214,200,0.5348007681228997,0.9817498436754846,15585.30000000002,627.6629593189036,16689.337040681097,0.040272754410816784,118,200,20.0,lognormal,biased,random,0.02,0.2,0.2,5.0,1.0,0.1,1000,0.0,fixed,20,500,period_end,1,1,0.9,True,continue,False,boundary_fixed_k20__recovery_90pct,boundary_fixed_k20,recovery_90pct,2
2026186003,True,1000,1000,1000,20000,20000,0,20000,20000,0,988,988,0.988,25,13296,0.125,True,196,13296,13100,0.9852587244283996,4222.0,4222.0,0.0,39.0,503.216,200,0.5427854097584084,0.9882412923807415,15364.800000000007,615.704456934585,16456.29554306542,0.04007240295575502,116,200,20.0,lognormal,biased,random,0.02,0.2,0.2,5.0,1.0,0.1,1000,0.0,fixed,20,500,period_end,1,1,0.9,True,continue,False,boundary_fixed_k20__recovery_90pct,boundary_fixed_k20,recovery_90pct,3
2026186004,True,1000,1000,1000,20000,20000,0,20000,20000,0,985,985,0.985,29,14321,0.145,True,195,14321,14126,0.9863836324279031,3902.0,3901.9999999999995,0.0,80.0,327.763,200,0.5331573552024604,0.989342983702985,15784.20000000002,581.6612965581201,16956.338703441877,0.03685085696824161,111,200,20.0,lognormal,biased,random,0.02,0.2,0.2,5.0,1.0,0.1,1000,0.0,fixed,20,500,period_end,1,1,0.9,True,continue,False,boundary_fixed_k20__recovery_90pct,boundary_fixed_k20,recovery_90pct,4
2026186005,True,1000,1000,1000,20000,20000,0,20000,20000,0,989,989,0.989,24,13744,0.12,True,197,13744,13547,0.9856664726426076,4483.0,4482.999999999999,0.0,36.0,401.687,200,0.5631820209681018,0.9907835955575903,15574.5,635.9447664978021,16669.055233502186,0.04083243548735446,123,200,20.0,lognormal,biased,random,0.02,0.2,0.2,5.0,1.0,0.1,1000,0.0,fixed,20,500,period_end,1,1,0.9,True,continue,False,boundary_fixed_k20__recovery_90pct,boundary_fixed_k20,recovery_90pct,5
2026186006,True,1000,1000,1000,20000,20000,0,20000,20000,0,993,993,0.993,25,13636,0.125,True,195,13636,13441,0.9856996186564975,3150.0,3150.0,0.0,86.0,422.026,200,0.4777809523809524,0.9870557573739884,15480.899999999996,655.7612771212266,16545.238722878774,0.0423593768528462,86,200,20.0,lognormal,biased,random,0.02,0.2,0.2,5.0,1.0,0.1,1000,0.0,fixed,20,500,period_end,1,1,0.9,True,continue,False,boundary_fixed_k20__recovery_90pct,boundary_fixed_k20,recovery_90pct,6
2026186007,True,1000,1000,1000,20000,20000,0,20000,20000,0,995,995,0.995,26,13850,0.13,True,194,13850,13656,0.9859927797833935,4508.0,4508.000000000001,0.0,117.0,436.573,200,0.5628416149068325,0.9848521131749384,15576.29999999999,634.8976102474569,16672.102389752537,0.040760489349040356,131,200,20.0,lognormal,biased,random,0.02,0.2,0.2,5.0,1.0,0.1,1000,0.0,fixed,20,500,period_end,1,1,0.9,True,continue,False,boundary_fixed_k20__recovery_90pct,boundary_fixed_k20,recovery_90pct,7
2026186008,True,1000,1000,1000,20000,20000,0,20000,20000,0,986,986,0.986,24,13542,0.12,True,195,13542,13347,0.9856003544528135,3941.0,3941.0,0.0,87.0,480.852,200,0.5037135244861712,0.9836103631203121,15450.300000000005,638.0902730302472,16528.909726969752,0.04129953936365294,110,200,20.0,lognormal,biased,random,0.02,0.2,0.2,5.0,1.0,0.1,1000,0.0,fixed,20,500,period_end,1,1,0.9,True,continue,False,boundary_fixed_k20__recovery_90pct,boundary_fixed_k20,recovery_90pct,8
2026186009,True,1000,1000,1000,20000,20000,0,20000,20000,0,988,988,0.988,24,13886,0.12,True,192,13886,13694,0.9861731240097941,3765.0,3765.000000000001,0.0,179.0,428.546,200,0.5078791500664013,0.9838904975688445,15539.400000000007,534.1907470064493,16731.80925299355,0.03437653622446485,106,200,20.0,lognormal,biased,random,0.02,0.2,0.2,5.0,1.0,0.1,1000,0.0,fixed,20,500,period_end,1,1,0.9,True,continue,False,boundary_fixed_k20__recovery_90pct,boundary_fixed_k20,recovery_90pct,9
2026186010,True,1000,1000,1000,20000,20000,0,20000,20000,0,993,993,0.993,25,14271,0.125,True,197,14271,14074,0.9861957816551048,3620.0,3620.000000000001,0.0,32.0,358.358,200,0.5213287292817681,0.9916178108712754,15773.399999999983,549.0177667199357,16976.98223328006,0.03480655830194735,102,200,20.0,lognormal,biased,random,0.02,0.2,0.2,5.0,1.0,0.1,1000,0.0,fixed,20,500,period_end,1,1,0.9,True,continue,False,boundary_fixed_k20__recovery_90pct,boundary_fixed_k20,recovery_90pct,10
2026186011,True,1000,1000,1000,20000,20000,0,20000,20000,0,989,989,0.989,25,12900,0.125,True,196,12900,12704,0.9848062015503876,3714.0,3714.0000000000005,0.0,51.0,602.42,200,0.4782014001077006,0.9912736565112634,15165.90000000002,633.6547774016935,16217.345222598307,0.04178154790692888,105,200,20.0,lognormal,biased,random,0.02,0.2,0.2,5.0,1.0,0.1,1000,0.0,fixed,20,500,period_end,1,1,0.9,True,continue,False,boundary_fixed_k20__recovery_90pct,boundary_fixed_k20,recovery_90pct,11
2026186000,True,1000,1000,1000,20000,20000,0,20000,20000,0,928,928,0.928,31,3818,0.155,True,192,3818,3626,0.9497118910424306,3533.0,3533.0,0.0,1240.0,1158.894,200,0.5094041890744412,0.8762142654967451,0.0,0.0,18760.0,0.0,97,200,20.0,lognormal,biased,random,0.02,0.2,0.2,5.0,1.0,0.1,1000,0.0,fixed,20,500,period_end,1,1,0.0,False,continue,False,boundary_fixed_k20__keep_defaulted_assets,boundary_fixed_k20,keep_defaulted_assets,0
2026186001,True,1000,1000,1000,20000,20000,0,20000,20000,0,782,782,0.782,49,2305,0.245,True,191,2305,2114,0.9171366594360086,3936.0,3936.0,0.0,1579.0,1691.452,200,0.4802616869918701,0.8275000000000001,0.0,0.0,18421.0,0.0,113,200,20.0,lognormal,biased,random,0.02,0.2,0.2,5.0,1.0,0.1,1000,0.0,fixed,20,500,period_end,1,1,0.0,False,continue,False,boundary_fixed_k20__keep_defaulted_assets,boundary_fixed_k20,keep_defaulted_assets,1
2026186002,True,1000,1000,1000,20000,20000,0,20000,20000,0,842,842,0.842,26,2750,0.13,True,191,2750,2559,0.9305454545454546,4166.0,4166.0,0.0,1505.0,1498.046,200,0.5348007681228997,0.861658665386462,0.0,0.0,18495.0,0.0,113,200,20.0,lognormal,biased,random,0.02,0.2,0.2,5.0,1.0,0.1,1000,0.0,fixed,20,500,period_end,1,1,0.0,False,continue,False,boundary_fixed_k20__keep_defaulted_assets,boundary_fixed_k20,keep_defaulted_assets,2
2026186003,True,1000,1000,1000,20000,20000,0,20000,20000,0,827,827,0.827,35,2505,0.175,True,190,2505,2315,0.9241516966067864,4222.0,4222.0,0.0,1819.0,1609.492,200,0.5427854097584084,0.8299621032685931,0.0,0.0,18181.0,0.0,115,200,20.0,lognormal,biased,random,0.02,0.2,0.2,5.0,1.0,0.1,1000,0.0,fixed,20,500,period_end,1,1,0.0,False,continue,False,boundary_fixed_k20__keep_defaulted_assets,boundary_fixed_k20,keep_defaulted_assets,3
2026186004,True,1000,1000,1000,20000,20000,0,20000,20000,0,882,882,0.882,27,3244,0.135,True,193,3244,3051,0.9405055487053021,3902.0,3902.0,0.0,1251.0,1284.901,200,0.5331573552024604,0.8758457201435164,0.0,0.0,18749.0,0.0,108,200,20.0,lognormal,biased,random,0.02,0.2,0.2,5.0,1.0,0.1,1000,0.0,fixed,20,500,period_end,1,1,0.0,False,continue,False,boundary_fixed_k20__keep_defaulted_assets,boundary_fixed_k20,keep_defaulted_assets,4
2026186005,True,1000,1000,1000,20000,20000,0,20000,20000,0,919,919,0.919,22,3573,0.11,True,192,3573,3381,0.9462636439966414,4483.0,4483.0,0.0,1344.0,1234.107,200,0.5631820209681018,0.8904048628150794,0.0,0.0,18656.0,0.0,121,200,20.0,lognormal,biased,random,0.02,0.2,0.2,5.0,1.0,0.1,1000,0.0,fixed,20,500,period_end,1,1,0.0,False,continue,False,boundary_fixed_k20__keep_defaulted_assets,boundary_fixed_k20,keep_defaulted_assets,5
2026186006,True,1000,1000,1000,20000,20000,0,20000,20000,0,893,893,0.893,35,3749,0.175,True,194,3749,3555,0.948252867431315,3150.0,3150.0,0.0,1068.0,1161.339,200,0.4777809523809524,0.895920634920635,0.0,0.0,18932.0,0.0,89,200,20.0,lognormal,biased,random,0.02,0.2,0.2,5.0,1.0,0.1,1000,0.0,fixed,20,500,period_end,1,1,0.0,False,continue,False,boundary_fixed_k20__keep_defaulted_assets,boundary_fixed_k20,keep_defaulted_assets,6
2026186007,True,1000,1000,1000,20000,20000,0,20000,20000,0,910,910,0.91,32,3924,0.16,True,195,3924,3729,0.9503058103975535,4508.0,4508.0,0.0,813.0,1184.47,200,0.5628416149068325,0.9347005323868678,0.0,0.0,19187.0,0.0,121,200,20.0,lognormal,biased,random,0.02,0.2,0.2,5.0,1.0,0.1,1000,0.0,fixed,20,500,period_end,1,1,0.0,False,continue,False,boundary_fixed_k20__keep_defaulted_assets,boundary_fixed_k20,keep_defaulted_assets,7
2026186008,True,1000,1000,1000,20000,20000,0,20000,20000,0,812,812,0.812,27,2529,0.135,True,191,2529,2338,0.9244760775009885,3941.0,3941.0,0.0,1849.0,1537.255,200,0.5037135244861712,0.8304377061659478,0.0,0.0,18151.0,0.0,111,200,20.0,lognormal,biased,random,0.02,0.2,0.2,5.0,1.0,0.1,1000,0.0,fixed,20,500,period_end,1,1,0.0,False,continue,False,boundary_fixed_k20__keep_defaulted_assets,boundary_fixed_k20,keep_defaulted_assets,8
2026186009,True,1000,1000,1000,20000,20000,0,20000,20000,0,833,833,0.833,23,2776,0.115,True,192,2776,2584,0.930835734870317,3765.0,3765.0,0.0,1450.0,1465.629,200,0.5078791500664013,0.8534249667994689,0.0,0.0,18550.0,0.0,109,200,20.0,lognormal,biased,random,0.02,0.2,0.2,5.0,1.0,0.1,1000,0.0,fixed,20,500,period_end,1,1,0.0,False,continue,False,boundary_fixed_k20__keep_defaulted_assets,boundary_fixed_k20,keep_defaulted_assets,9
2026186010,True,1000,1000,1000,20000,20000,0,20000,20000,0,899,899,0.899,27,3583,0.135,True,194,3583,3389,0.9458554284119453,3620.0,3620.0,0.0,994.0,1220.702,200,0.5213287292817681,0.9079751381215471,0.0,0.0,19006.0,0.0,104,200,20.0,lognormal,biased,random,0.02,0.2,0.2,5.0,1.0,0.1,1000,0.0,fixed,20,500,period_end,1,1,0.0,False,continue,False,boundary_fixed_k20__keep_defaulted_assets,boundary_fixed_k20,keep_defaulted_assets,10
2026186011,True,1000,1000,1000,20000,20000,0,20000,20000,0,841,841,0.841,40,2820,0.2,True,195,2820,2625,0.9308510638297872,3714.0,3714.0,0.0,900.0,1539.577,200,0.4782014001077006,0.9135245018847604,0.0,0.0,19100.0,0.0,105,200,20.0,lognormal,biased,random,0.02,0.2,0.2,5.0,1.0,0.1,1000,0.0,fixed,20,500,period_end,1,1,0.0,False,continue,False,boundary_fixed_k20__keep_defaulted_assets,boundary_fixed_k20,keep_defaulted_assets,11
2026186000,True,1000,1000,1000,20000,20000,0,20000,11840,8160,123,123,0.123,5,199,0.025,False,199,199,0,0.0,3533.0,3533.0,0.0,0.0,706.168,1,0.5094041890744412,0.9619204641947354,0.0,0.0,6268.0,0.0,76,200,20.0,lognormal,biased,random,0.02,0.2,0.2,5.0,1.0,0.1,1000,0.0,fixed,20,500,period_end,1,1,0.0,True,exit,False,boundary_fixed_k20__permanent_exit,boundary_fixed_k20,permanent_exit,0
2026186001,True,1000,1000,1000,20000,20000,0,20000,19460,540,134,134,0.134,6,199,0.03,False,199,199,0,0.0,3936.0,3936.0,0.0,0.0,1865.373,1,0.4802616869918701,0.9601270325203253,0.0,0.0,10086.0,0.0,86,200,20.0,lognormal,biased,random,0.02,0.2,0.2,5.0,1.0,0.1,1000,0.0,fixed,20,500,period_end,1,1,0.0,True,exit,False,boundary_fixed_k20__permanent_exit,boundary_fixed_k20,permanent_exit,1
2026186002,True,1000,1000,1000,20000,20000,0,20000,14720,5280,131,131,0.131,5,199,0.025,False,199,199,0,0.0,4166.0,4166.0,0.0,0.0,993.641,1,0.5348007681228997,0.9739174267882862,0.0,0.0,7667.0,0.0,94,200,20.0,lognormal,biased,random,0.02,0.2,0.2,5.0,1.0,0.1,1000,0.0,fixed,20,500,period_end,1,1,0.0,True,exit,False,boundary_fixed_k20__permanent_exit,boundary_fixed_k20,permanent_exit,2
2026186003,True,1000,1000,1000,20000,20000,0,20000,14060,5940,127,127,0.127,6,199,0.03,False,199,199,0,0.0,4222.0,4222.0,0.0,0.0,922.733,1,0.5427854097584084,0.9671198484130745,0.0,0.0,7394.0,0.0,93,200,20.0,lognormal,biased,random,0.02,0.2,0.2,5.0,1.0,0.1,1000,0.0,fixed,20,500,period_end,1,1,0.0,True,exit,False,boundary_fixed_k20__permanent_exit,boundary_fixed_k20,permanent_exit,3
2026186004,True,1000,1000,1000,20000,20000,0,20000,10920,9080,126,126,0.126,5,199,0.025,False,199,199,0,0.0,3902.0,3902.0,0.0,0.0,564.89,1,0.5331573552024604,0.9586007175807278,0.0,0.0,5815.0,0.0,86,200,20.0,lognormal,biased,random,0.02,0.2,0.2,5.0,1.0,0.1,1000,0.0,fixed,20,500,period_end,1,1,0.0,True,exit,False,boundary_fixed_k20__permanent_exit,boundary_fixed_k20,permanent_exit,4
2026186005,True,1000,1000,1000,20000,20000,0,20000,20000,0,122,122,0.122,6,198,0.03,False,198,198,0,0.0,4483.0,4483.0,0.0,7876.0,2361.824,2,0.5631820209681018,0.9683794334151239,0.0,0.0,6406.0,0.0,125,200,20.0,lognormal,biased,random,0.02,0.2,0.2,5.0,1.0,0.1,1000,0.0,fixed,20,500,period_end,1,1,0.0,True,exit,False,boundary_fixed_k20__permanent_exit,boundary_fixed_k20,permanent_exit,5
2026186006,True,1000,1000,1000,20000,20000,0,20000,17960,2040,126,126,0.126,10,199,0.05,False,199,199,0,0.0,3150.0,3150.0,0.0,0.0,1645.027,1,0.4777809523809524,0.9675650793650794,0.0,0.0,9339.0,0.0,67,200,20.0,lognormal,biased,random,0.02,0.2,0.2,5.0,1.0,0.1,1000,0.0,fixed,20,500,period_end,1,1,0.0,True,exit,False,boundary_fixed_k20__permanent_exit,boundary_fixed_k20,permanent_exit,6
2026186007,True,1000,1000,1000,20000,20000,0,20000,20000,0,133,133,0.133,6,198,0.03,False,198,198,0,0.0,4508.0,4508.0,0.0,4793.0,2601.691,2,0.5628416149068325,0.9683806566104705,0.0,0.0,7981.0,0.0,124,200,20.0,lognormal,biased,random,0.02,0.2,0.2,5.0,1.0,0.1,1000,0.0,fixed,20,500,period_end,1,1,0.0,True,exit,False,boundary_fixed_k20__permanent_exit,boundary_fixed_k20,permanent_exit,7
2026186008,True,1000,1000,1000,20000,20000,0,20000,20000,0,129,129,0.129,6,198,0.03,False,198,198,0,0.0,3941.0,3941.0,0.0,5219.0,2037.249,2,0.5037135244861712,0.9694684090332404,0.0,0.0,7708.0,0.0,113,200,20.0,lognormal,biased,random,0.02,0.2,0.2,5.0,1.0,0.1,1000,0.0,fixed,20,500,period_end,1,1,0.0,True,exit,False,boundary_fixed_k20__permanent_exit,boundary_fixed_k20,permanent_exit,8
2026186009,True,1000,1000,1000,20000,20000,0,20000,18820,1180,125,125,0.125,8,199,0.04,False,199,199,0,0.0,3765.0,3765.0,0.0,0.0,1997.718,1,0.5078791500664013,0.973839309428951,0.0,0.0,9743.0,0.0,83,200,20.0,lognormal,biased,random,0.02,0.2,0.2,5.0,1.0,0.1,1000,0.0,fixed,20,500,period_end,1,1,0.0,True,exit,False,boundary_fixed_k20__permanent_exit,boundary_fixed_k20,permanent_exit,9
2026186010,True,1000,1000,1000,20000,20000,0,20000,14420,5580,124,124,0.124,10,199,0.05,False,199,199,0,0.0,3620.0,3620.0,0.0,0.0,1006.36,1,0.5213287292817681,0.963486187845304,0.0,0.0,7560.0,0.0,79,200,20.0,lognormal,biased,random,0.02,0.2,0.2,5.0,1.0,0.1,1000,0.0,fixed,20,500,period_end,1,1,0.0,True,exit,False,boundary_fixed_k20__permanent_exit,boundary_fixed_k20,permanent_exit,10
2026186011,True,1000,1000,1000,20000,20000,0,20000,17320,2680,131,131,0.131,11,199,0.055,False,199,199,0,0.0,3714.0,3714.0,0.0,0.0,1512.811,1,0.4782014001077006,0.9619009154550351,0.0,0.0,9029.0,0.0,80,200,20.0,lognormal,biased,random,0.02,0.2,0.2,5.0,1.0,0.1,1000,0.0,fixed,20,500,period_end,1,1,0.0,True,exit,False,boundary_fixed_k20__permanent_exit,boundary_fixed_k20,permanent_exit,11
2026186000,True,1000,1000,1000,20000,20000,0,20000,20000,0,738,738,0.738,12,1635,0.06,False,164,1635,1471,0.8996941896024465,3533.0,11582.0,8049.0,1989.0,1710.854,200,0.5094041890744412,0.859419789328268,0.0,0.0,10718.0,0.0,319,200,20.0,lognormal,biased,random,0.02,0.2,0.2,5.0,1.0,0.1,1000,0.0,fixed,20,500,period_end,1,1,0.0,True,reset,False,boundary_fixed_k20__reset_to_initial_cash,boundary_fixed_k20,reset_to_initial_cash,0
2026186001,True,1000,1000,1000,20000,20000,0,20000,20000,0,616,616,0.616,11,1268,0.055,False,157,1268,1111,0.8761829652996845,3936.0,11689.0,7753.0,2533.0,2026.151,200,0.4802616869918701,0.8189207802207203,0.0,0.0,10215.0,0.0,315,200,20.0,lognormal,biased,random,0.02,0.2,0.2,5.0,1.0,0.1,1000,0.0,fixed,20,500,period_end,1,1,0.0,True,reset,False,boundary_fixed_k20__reset_to_initial_cash,boundary_fixed_k20,reset_to_initial_cash,1
2026186002,True,1000,1000,1000,20000,20000,0,20000,20000,0,683,683,0.683,12,1446,0.06,False,164,1446,1282,0.8865836791147994,4166.0,12642.0,8476.0,2198.0,1802.617,200,0.5348007681228997,0.8406122448979594,0.0,0.0,10432.0,0.0,337,200,20.0,lognormal,biased,random,0.02,0.2,0.2,5.0,1.0,0.1,1000,0.0,fixed,20,500,period_end,1,1,0.0,True,reset,False,boundary_fixed_k20__reset_to_initial_cash,boundary_fixed_k20,reset_to_initial_cash,2
2026186003,True,1000,1000,1000,20000,20000,0,20000,20000,0,686,686,0.686,10,1516,0.05,False,163,1516,1353,0.8924802110817942,4222.0,12502.0,8280.0,2035.0,1758.963,200,0.5427854097584084,0.8521212605983044,0.0,0.0,10660.0,0.0,341,200,20.0,lognormal,biased,random,0.02,0.2,0.2,5.0,1.0,0.1,1000,0.0,fixed,20,500,period_end,1,1,0.0,True,reset,False,boundary_fixed_k20__reset_to_initial_cash,boundary_fixed_k20,reset_to_initial_cash,3
2026186004,True,1000,1000,1000,20000,20000,0,20000,20000,0,696,696,0.696,10,1555,0.05,False,164,1555,1391,0.8945337620578778,3902.0,12430.0,8528.0,2128.0,1647.448,200,0.5331573552024604,0.8580442477876107,0.0,0.0,10670.0,0.0,328,200,20.0,lognormal,biased,random,0.02,0.2,0.2,5.0,1.0,0.1,1000,0.0,fixed,20,500,period_end,1,1,0.0,True,reset,False,boundary_fixed_k20__reset_to_initial_cash,boundary_fixed_k20,reset_to_initial_cash,4
2026186005,True,1000,1000,1000,20000,20000,0,20000,20000,0,679,679,0.679,12,1421,0.06,False,172,1421,1249,0.8789584799437016,4483.0,12786.0,8303.0,1773.0,1806.484,200,0.5631820209681018,0.8658728296574378,0.0,0.0,10732.0,0.0,338,200,20.0,lognormal,biased,random,0.02,0.2,0.2,5.0,1.0,0.1,1000,0.0,fixed,20,500,period_end,1,1,0.0,True,reset,False,boundary_fixed_k20__reset_to_initial_cash,boundary_fixed_k20,reset_to_initial_cash,5
2026186006,True,1000,1000,1000,20000,20000,0,20000,20000,0,697,697,0.697,8,1492,0.04,False,163,1492,1329,0.8907506702412868,3150.0,10530.0,7380.0,2305.0,1874.527,200,0.4777809523809524,0.8409582146248813,0.0,0.0,10413.0,0.0,290,200,20.0,lognormal,biased,random,0.02,0.2,0.2,5.0,1.0,0.1,1000,0.0,fixed,20,500,period_end,1,1,0.0,True,reset,False,boundary_fixed_k20__reset_to_initial_cash,boundary_fixed_k20,reset_to_initial_cash,6
2026186007,True,1000,1000,1000,20000,20000,0,20000,20000,0,679,679,0.679,12,1469,0.06,False,163,1469,1306,0.8890401633764465,4508.0,12763.0,8255.0,2085.0,1847.576,200,0.5628416149068325,0.8481144715192355,0.0,0.0,10550.0,0.0,344,200,20.0,lognormal,biased,random,0.02,0.2,0.2,5.0,1.0,0.1,1000,0.0,fixed,20,500,period_end,1,1,0.0,True,reset,False,boundary_fixed_k20__reset_to_initial_cash,boundary_fixed_k20,reset_to_initial_cash,7
2026186008,True,1000,1000,1000,20000,20000,0,20000,20000,0,635,635,0.635,14,1344,0.07,False,161,1344,1183,0.8802083333333334,3941.0,11600.0,7659.0,2166.0,1979.624,200,0.5037135244861712,0.8194663793103449,0.0,0.0,10502.0,0.0,313,200,20.0,lognormal,biased,random,0.02,0.2,0.2,5.0,1.0,0.1,1000,0.0,fixed,20,500,period_end,1,1,0.0,True,reset,False,boundary_fixed_k20__reset_to_initial_cash,boundary_fixed_k20,reset_to_initial_cash,8
2026186009,True,1000,1000,1000,20000,20000,0,20000,20000,0,728,728,0.728,12,1567,0.06,False,159,1567,1408,0.8985322271857051,3765.0,11173.0,7408.0,2466.0,1939.625,200,0.5078791500664013,0.8343054685402309,0.0,0.0,10390.0,0.0,308,200,20.0,lognormal,biased,random,0.02,0.2,0.2,5.0,1.0,0.1,1000,0.0,fixed,20,500,period_end,1,1,0.0,True,reset,False,boundary_fixed_k20__reset_to_initial_cash,boundary_fixed_k20,reset_to_initial_cash,9
2026186010,True,1000,1000,1000,20000,20000,0,20000,20000,0,701,701,0.701,9,1561,0.045,False,164,1561,1397,0.8949391415759129,3620.0,11471.0,7851.0,2237.0,1714.935,200,0.5213287292817681,0.8554733676227009,0.0,0.0,10576.0,0.0,314,200,20.0,lognormal,biased,random,0.02,0.2,0.2,5.0,1.0,0.1,1000,0.0,fixed,20,500,period_end,1,1,0.0,True,reset,False,boundary_fixed_k20__reset_to_initial_cash,boundary_fixed_k20,reset_to_initial_cash,10
2026186011,True,1000,1000,1000,20000,20000,0,20000,20000,0,690,690,0.69,10,1414,0.05,False,163,1414,1251,0.8847241867043847,3714.0,11362.0,7648.0,2263.0,1989.36,200,0.4782014001077006,0.8309153318077804,0.0,0.0,10350.0,0.0,310,200,20.0,lognormal,biased,random,0.02,0.2,0.2,5.0,1.0,0.1,1000,0.0,fixed,20,500,period_end,1,1,0.0,True,reset,False,boundary_fixed_k20__reset_to_initial_cash,boundary_fixed_k20,reset_to_initial_cash,11
