family,scenario_id,scenario_index,n_nodes,money_distribution,control_name,control_value,time_bin,runs,period_count,event_count,avalanche_occupancy,mean_event_size,large_event_rate,mean_initial_default_count,mean_propagated_default_count,propagated_default_share,single_initial_default_fraction,mean_active_credit,mean_final_net_worth_gini,mean_period_length_steps,repeated_default_share
fixed,fixed__N200__K1__lognormal__biased__random,20,200,lognormal,fixed_k,1.0,1,12,2400,98,0.04083333333333333,1.0204081632653061,0.0,1.0,0.020408163265306114,0.01999999999999999,1.0,94.93291666666667,0.528847641941029,1.0,0.14
fixed,fixed__N200__K1__lognormal__biased__random,20,200,lognormal,fixed_k,1.0,2,12,2400,123,0.05125,1.032520325203252,0.0,1.0,0.032520325203252036,0.03149606299212598,1.0,272.38375,0.5155844145984156,1.0,0.1889763779527559
fixed,fixed__N200__K1__lognormal__biased__random,20,200,lognormal,fixed_k,1.0,3,12,2400,107,0.044583333333333336,1.0841121495327102,0.0,1.0,0.08411214953271026,0.07758620689655171,1.0,439.8075,0.4995836918863684,1.0,0.14655172413793102
fixed,fixed__N200__K1__lognormal__biased__random,20,200,lognormal,fixed_k,1.0,4,12,2400,111,0.04625,1.054054054054054,0.0,1.0,0.05405405405405406,0.051282051282051266,1.0,593.1191666666666,0.4893228418309761,1.0,0.15384615384615385
fixed,fixed__N200__K1__lognormal__biased__random,20,200,lognormal,fixed_k,1.0,5,12,2400,96,0.04,1.1458333333333333,0.0,1.0,0.14583333333333334,0.12727272727272726,1.0,741.4654166666667,0.48264277756595625,1.0,0.14545454545454545
fixed,fixed__N200__K1__lognormal__biased__random,20,200,lognormal,fixed_k,1.0,6,12,2400,80,0.03333333333333333,1.075,0.0,1.0,0.075,0.06976744186046512,1.0,889.8170833333334,0.47344583078071895,1.0,0.18604651162790697
fixed,fixed__N200__K1__lognormal__biased__random,20,200,lognormal,fixed_k,1.0,7,12,2400,79,0.032916666666666664,1.0759493670886076,0.0,1.0,0.0759493670886076,0.07058823529411763,1.0,1039.0983333333334,0.4652988539029033,1.0,0.10588235294117647
fixed,fixed__N200__K1__lognormal__biased__random,20,200,lognormal,fixed_k,1.0,8,12,2400,80,0.03333333333333333,1.1125,0.0,1.0,0.1125,0.10112359550561796,1.0,1175.4375,0.4540727939045292,1.0,0.10112359550561797
fixed,fixed__N200__K1__lognormal__biased__random,20,200,lognormal,fixed_k,1.0,9,12,2400,96,0.04,1.1354166666666667,0.0,1.0,0.13541666666666666,0.11926605504587154,1.0,1293.42375,0.4468025738274213,1.0,0.13761467889908258
fixed,fixed__N200__K1__lognormal__biased__random,20,200,lognormal,fixed_k,1.0,10,12,2400,74,0.030833333333333334,1.1216216216216217,0.0,1.0,0.12162162162162163,0.10843373493975904,1.0,1409.0320833333333,0.4389580827853784,1.0,0.13253012048192772
fixed,fixed__N200__K2__lognormal__biased__random,22,200,lognormal,fixed_k,2.0,1,12,2400,157,0.06541666666666666,1.0573248407643312,0.0,1.0254777070063694,0.031847133757961776,0.03012048192771084,0.9745222929936306,188.83875,0.54759358840181,2.0,0.26506024096385544
fixed,fixed__N200__K2__lognormal__biased__random,22,200,lognormal,fixed_k,2.0,2,12,2400,242,0.10083333333333333,1.1198347107438016,0.0,1.0289256198347108,0.09090909090909088,0.08118081180811805,0.9710743801652892,526.82125,0.5485404922238918,2.0,0.2988929889298893
fixed,fixed__N200__K2__lognormal__biased__random,22,200,lognormal,fixed_k,2.0,3,12,2400,241,0.10041666666666667,1.107883817427386,0.0,1.020746887966805,0.08713692946058091,0.07865168539325842,0.979253112033195,813.3504166666667,0.5450512719806322,2.0,0.23595505617977527
fixed,fixed__N200__K2__lognormal__biased__random,22,200,lognormal,fixed_k,2.0,4,12,2400,242,0.10083333333333333,1.1115702479338843,0.0,1.024793388429752,0.0867768595041322,0.07806691449814122,0.9752066115702479,1057.8054166666666,0.5388931659854858,2.0,0.25650557620817843
fixed,fixed__N200__K2__lognormal__biased__random,22,200,lognormal,fixed_k,2.0,5,12,2400,216,0.09,1.1805555555555556,0.0,1.037037037037037,0.1435185185185185,0.12156862745098036,0.9629629629629629,1286.105,0.5320033414197761,2.0,0.23921568627450981
fixed,fixed__N200__K2__lognormal__biased__random,22,200,lognormal,fixed_k,2.0,6,12,2400,221,0.09208333333333334,1.2352941176470589,0.0,1.0588235294117647,0.17647058823529413,0.14285714285714282,0.9411764705882353,1496.055,0.5202728448536709,2.0,0.25274725274725274
fixed,fixed__N200__K2__lognormal__biased__random,22,200,lognormal,fixed_k,2.0,7,12,2400,223,0.09291666666666666,1.15695067264574,0.0,1.0269058295964126,0.13004484304932734,0.11240310077519379,0.9730941704035875,1696.85875,0.5109624605280692,2.0,0.25193798449612403
fixed,fixed__N200__K2__lognormal__biased__random,22,200,lognormal,fixed_k,2.0,8,12,2400,224,0.09333333333333334,1.1919642857142858,0.0,1.0267857142857142,0.16517857142857142,0.1385767790262172,0.9732142857142857,1859.3575,0.5076747649910883,2.0,0.250936329588015
fixed,fixed__N200__K2__lognormal__biased__random,22,200,lognormal,fixed_k,2.0,9,12,2400,224,0.09333333333333334,1.1919642857142858,0.0,1.03125,0.16071428571428567,0.13483146067415727,0.96875,2008.6491666666666,0.5056821117633988,2.0,0.2397003745318352
fixed,fixed__N200__K2__lognormal__biased__random,22,200,lognormal,fixed_k,2.0,10,12,2400,193,0.08041666666666666,1.1917098445595855,0.0,1.0207253886010363,0.17098445595854922,0.1434782608695652,0.9792746113989638,2170.4058333333332,0.5001207475382733,2.0,0.27391304347826084
fixed,fixed__N200__K5__lognormal__biased__random,24,200,lognormal,fixed_k,5.0,1,12,2400,723,0.30125,1.2544951590594744,0.0,1.1673582295988936,0.08713692946058088,0.06945975744211683,0.8478561549100968,414.12333333333333,0.5878610829221473,5.0,0.557883131201764
fixed,fixed__N200__K5__lognormal__biased__random,24,200,lognormal,fixed_k,5.0,2,12,2400,1001,0.4170833333333333,1.3686313686313687,0.0,1.2157842157842158,0.15284715284715278,0.1116788321167883,0.8081918081918081,998.40625,0.6243782389865995,5.0,0.5569343065693431
fixed,fixed__N200__K5__lognormal__biased__random,24,200,lognormal,fixed_k,5.0,3,12,2400,1127,0.46958333333333335,1.3948535936113575,0.0,1.261756876663709,0.13309671694764857,0.09541984732824424,0.7666370896184561,1360.8304166666667,0.6463085815286154,5.0,0.583969465648855
fixed,fixed__N200__K5__lognormal__biased__random,24,200,lognormal,fixed_k,5.0,4,12,2400,1199,0.4995833333333333,1.4845704753961635,0.0,1.3202668890742286,0.16430358632193495,0.11067415730337077,0.7289407839866555,1578.9304166666666,0.6644983191778104,5.0,0.5808988764044943
fixed,fixed__N200__K5__lognormal__biased__random,24,200,lognormal,fixed_k,5.0,5,12,2400,1206,0.5025,1.4718076285240465,0.0,1.3092868988391377,0.16252072968490877,0.11042253521126758,0.724709784411277,1734.3245833333333,0.6724708808720804,5.0,0.5757746478873239
fixed,fixed__N200__K5__lognormal__biased__random,24,200,lognormal,fixed_k,5.0,6,12,2400,1244,0.5183333333333333,1.4911575562700965,0.0,1.3303858520900322,0.16077170418006428,0.10781671159029646,0.7178456591639871,1900.69125,0.6783625031739423,5.0,0.5935309973045823
fixed,fixed__N200__K5__lognormal__biased__random,24,200,lognormal,fixed_k,5.0,7,12,2400,1304,0.5433333333333333,1.5153374233128833,0.0,1.3596625766871167,0.15567484662576683,0.10273279352226718,0.696319018404908,2009.17625,0.6873341403138856,5.0,0.6093117408906883
fixed,fixed__N200__K5__lognormal__biased__random,24,200,lognormal,fixed_k,5.0,8,12,2400,1367,0.5695833333333333,1.5076810534016094,0.0,1.3452816386247257,0.1623994147768837,0.10771470160116446,0.7059253840526701,2095.5670833333334,0.6945111798444804,5.0,0.6006792819019893
fixed,fixed__N200__K5__lognormal__biased__random,24,200,lognormal,fixed_k,5.0,9,12,2400,1404,0.585,1.5270655270655271,0.0,1.351139601139601,0.17592592592592587,0.115205223880597,0.7044159544159544,2142.34375,0.7050669545010262,5.0,0.6077425373134329
fixed,fixed__N200__K5__lognormal__biased__random,24,200,lognormal,fixed_k,5.0,10,12,2400,1389,0.57875,1.5363570914326854,0.0,1.3678905687544995,0.16846652267818574,0.10965323336457354,0.6853851691864651,2211.73,0.7083918022756321,5.0,0.6040299906279287
fixed,fixed__N200__K10__lognormal__biased__random,26,200,lognormal,fixed_k,10.0,1,12,2400,1598,0.6658333333333334,1.9205256570713392,0.0,1.7434292866082604,0.17709637046307886,0.09221244705115669,0.5050062578222778,657.6720833333334,0.6230529386435468,10.0,0.7227109807754969
fixed,fixed__N200__K10__lognormal__biased__random,26,200,lognormal,fixed_k,10.0,2,12,2400,2224,0.9266666666666666,2.993705035971223,0.0,2.6681654676258995,0.3255395683453237,0.10874136377290478,0.19649280575539566,1128.52375,0.7359822774606543,10.0,0.8053469510363472
fixed,fixed__N200__K10__lognormal__biased__random,26,200,lognormal,fixed_k,10.0,3,12,2400,2370,0.9875,3.988607594936709,0.0,3.532067510548523,0.45654008438818566,0.11446101766634928,0.0843881856540084,1123.1933333333334,0.807757353522106,10.0,0.8347614513910928
fixed,fixed__N200__K10__lognormal__biased__random,26,200,lognormal,fixed_k,10.0,4,12,2400,2386,0.9941666666666666,4.84325230511316,0.0,4.267393126571668,0.575859178541492,0.11889927310488055,0.04065381391450124,1014.5216666666666,0.8571166172888157,10.0,0.8496019383869852
fixed,fixed__N200__K10__lognormal__biased__random,26,200,lognormal,fixed_k,10.0,5,12,2400,2397,0.99875,5.817688777638715,0.0,5.06049228201919,0.7571964956195244,0.13015417712441732,0.015018773466833541,837.1270833333333,0.89525612737908,10.0,0.8635353173180351
fixed,fixed__N200__K10__lognormal__biased__random,26,200,lognormal,fixed_k,10.0,6,12,2400,2397,0.99875,6.7651230705047976,0.0,5.825615352523989,0.9395077179808093,0.13887518500246668,0.0016687526074259447,648.9516666666667,0.9256664379891112,10.0,0.8739516526887026
fixed,fixed__N200__K10__lognormal__biased__random,26,200,lognormal,fixed_k,10.0,7,12,2400,2400,1.0,7.403333333333333,0.0,6.263333333333334,1.14,0.15398469158036918,0.0004166666666666667,472.94125,0.9455709363875223,10.0,0.879783881134624
fixed,fixed__N200__K10__lognormal__biased__random,26,200,lognormal,fixed_k,10.0,8,12,2400,2400,1.0,8.021666666666667,0.0,6.633333333333334,1.3883333333333334,0.17307292748805314,0.0,351.32958333333335,0.9585974062327921,10.0,0.8857781009765219
fixed,fixed__N200__K10__lognormal__biased__random,26,200,lognormal,fixed_k,10.0,9,12,2400,2400,1.0,8.37,0.0,6.73875,1.63125,0.19489247311827954,0.0,269.2866666666667,0.9671752015864044,10.0,0.8880923934687376
fixed,fixed__N200__K10__lognormal__biased__random,26,200,lognormal,fixed_k,10.0,10,12,2400,2400,1.0,8.665416666666667,0.0,6.779583333333333,1.8858333333333333,0.2176275424340049,0.0,208.75916666666666,0.9732368377746347,10.0,0.8902245516180218
fixed,fixed__N200__K15__lognormal__biased__random,28,200,lognormal,fixed_k,15.0,1,12,2400,2108,0.8783333333333333,3.4582542694497156,0.0,3.1342504743833017,0.32400379506641364,0.09368998628257884,0.18738140417457302,762.6404166666666,0.6707216659161678,15.0,0.8375857338820302
fixed,fixed__N200__K15__lognormal__biased__random,28,200,lognormal,fixed_k,15.0,2,12,2400,2400,1.0,6.714166666666666,0.0,5.942916666666667,0.77125,0.11486905796202057,0.007083333333333333,1026.1220833333334,0.8222083669840082,15.0,0.8955566588060072
fixed,fixed__N200__K15__lognormal__biased__random,28,200,lognormal,fixed_k,15.0,3,12,2400,2400,1.0,9.358333333333333,0.0,8.044166666666667,1.3141666666666667,0.14042742653606408,0.0,749.8533333333334,0.9032530266027773,15.0,0.9112644701691897
fixed,fixed__N200__K15__lognormal__biased__random,28,200,lognormal,fixed_k,15.0,4,12,2400,2400,1.0,11.324166666666667,0.0004166666666666667,9.2925,2.0316666666666667,0.17940981676355872,0.0,447.86875,0.9440121219924443,15.0,0.9204871587313268
fixed,fixed__N200__K15__lognormal__biased__random,28,200,lognormal,fixed_k,15.0,5,12,2400,2400,1.0,12.325833333333334,0.0020833333333333333,9.495833333333334,2.83,0.22959908052193898,0.0,274.89875,0.9642066918127467,15.0,0.9238388209046041
fixed,fixed__N200__K15__lognormal__biased__random,28,200,lognormal,fixed_k,15.0,6,12,2400,2400,1.0,13.007083333333334,0.0020833333333333333,9.376666666666667,3.6304166666666666,0.27911074094243515,0.0,190.17791666666668,0.9745688385973176,15.0,0.9264503315501169
fixed,fixed__N200__K15__lognormal__biased__random,28,200,lognormal,fixed_k,15.0,7,12,2400,2400,1.0,13.2875,0.002916666666666667,9.0225,4.265,0.32097836312323613,0.0,140.23416666666665,0.9807377956611949,15.0,0.9271558482282847
fixed,fixed__N200__K15__lognormal__biased__random,28,200,lognormal,fixed_k,15.0,8,12,2400,2400,1.0,13.507916666666667,0.005833333333333334,8.62,4.8879166666666665,0.36185570190320493,0.0,93.37333333333333,0.984296158774938,15.0,0.9277275671674018
fixed,fixed__N200__K15__lognormal__biased__random,28,200,lognormal,fixed_k,15.0,9,12,2400,2400,1.0,13.578333333333333,0.004583333333333333,8.389583333333333,5.18875,0.38213452804713394,0.0,87.11708333333333,0.9862043849175249,15.0,0.9279182521173438
fixed,fixed__N200__K15__lognormal__biased__random,28,200,lognormal,fixed_k,15.0,10,12,2400,2400,1.0,13.663333333333334,0.0075,8.259166666666667,5.404166666666667,0.39552329836545497,0.0,80.92708333333333,0.9880251101411504,15.0,0.9281227128567944
fixed,fixed__N200__K18__lognormal__biased__random,30,200,lognormal,fixed_k,18.0,1,12,2400,2198,0.9158333333333334,4.455414012738854,0.0,3.9736123748862604,0.4818016378525933,0.10813846625140404,0.15241128298453135,827.0445833333333,0.6938036635618013,18.0,0.8636781374451139
fixed,fixed__N200__K18__lognormal__biased__random,30,200,lognormal,fixed_k,18.0,2,12,2400,2399,0.9995833333333334,9.761150479366403,0.00041684035014589413,8.479366402667779,1.2817840766986244,0.13131485672801807,0.0,854.7791666666667,0.8652063117181313,18.0,0.9191612930776786
fixed,fixed__N200__K18__lognormal__biased__random,30,200,lognormal,fixed_k,18.0,3,12,2400,2400,1.0,13.1225,0.01,10.664583333333333,2.4579166666666667,0.18730551851146246,0.0,492.87666666666667,0.9350460565127956,18.0,0.9321140534705024
fixed,fixed__N200__K18__lognormal__biased__random,30,200,lognormal,fixed_k,18.0,4,12,2400,2400,1.0,14.703333333333333,0.02625,10.90125,3.8020833333333335,0.2585864883246429,0.0,298.0275,0.9632217817439488,18.0,0.936352301065518
fixed,fixed__N200__K18__lognormal__biased__random,30,200,lognormal,fixed_k,18.0,5,12,2400,2400,1.0,15.462916666666667,0.04083333333333333,10.48875,4.974166666666667,0.3216835978550834,0.0,193.01583333333335,0.9775168367723481,18.0,0.9378620894074533
fixed,fixed__N200__K18__lognormal__biased__random,30,200,lognormal,fixed_k,18.0,6,12,2400,2400,1.0,15.981666666666667,0.05333333333333334,9.8,6.181666666666667,0.3867973719887371,0.0,111.37833333333333,0.9843912612644624,18.0,0.9389925956825529
fixed,fixed__N200__K18__lognormal__biased__random,30,200,lognormal,fixed_k,18.0,7,12,2400,2400,1.0,16.217916666666667,0.065,9.298333333333334,6.919583333333334,0.42666289854327777,0.0,75.01625,0.987650418065291,18.0,0.9395216196079439
fixed,fixed__N200__K18__lognormal__biased__random,30,200,lognormal,fixed_k,18.0,8,12,2400,2400,1.0,16.33375,0.07333333333333333,8.776666666666667,7.557083333333333,0.46266676870488,0.0,55.160833333333336,0.9894504517211901,18.0,0.9396699063799393
fixed,fixed__N200__K18__lognormal__biased__random,30,200,lognormal,fixed_k,18.0,9,12,2400,2400,1.0,16.359583333333333,0.08666666666666667,8.390416666666667,7.969166666666666,0.4871252833456435,0.0004166666666666667,45.75541666666667,0.9902397113192349,18.0,0.9396123576904465
fixed,fixed__N200__K18__lognormal__biased__random,30,200,lognormal,fixed_k,18.0,10,12,2400,2400,1.0,16.45125,0.08416666666666667,8.287083333333333,8.164166666666667,0.4962642149785984,0.0,45.20791666666667,0.9908690349434158,18.0,0.9399235113846466
fixed,fixed__N200__K20__lognormal__biased__random,32,200,lognormal,fixed_k,20.0,1,12,2400,2238,0.9325,5.7609472743521,0.00044682752457551384,5.115728328865058,0.645218945487042,0.11199875901652058,0.1018766756032171,796.72125,0.7191322075251195,20.0,0.88226169239122
fixed,fixed__N200__K20__lognormal__biased__random,32,200,lognormal,fixed_k,20.0,2,12,2400,2400,1.0,12.339583333333334,0.01,10.420833333333333,1.91875,0.15549552591592095,0.0,667.33125,0.8958586782212798,20.0,0.9320952220158704
fixed,fixed__N200__K20__lognormal__biased__random,32,200,lognormal,fixed_k,20.0,3,12,2400,2400,1.0,15.582083333333333,0.0675,11.812083333333334,3.77,0.24194454100596305,0.0,356.27625,0.9528708933556301,20.0,0.9410380511805759
fixed,fixed__N200__K20__lognormal__biased__random,32,200,lognormal,fixed_k,20.0,4,12,2400,2400,1.0,16.81875,0.13583333333333333,11.46125,5.3575,0.31854329245633595,0.0,216.42541666666668,0.9741150360153036,20.0,0.943317230273752
fixed,fixed__N200__K20__lognormal__biased__random,32,200,lognormal,fixed_k,20.0,5,12,2400,2400,1.0,17.41583333333333,0.1975,10.45125,6.964583333333334,0.3998995167232882,0.0,128.03041666666667,0.9843613551553231,20.0,0.944183932245562
fixed,fixed__N200__K20__lognormal__biased__random,32,200,lognormal,fixed_k,20.0,6,12,2400,2400,1.0,17.820833333333333,0.2504166666666667,9.67,8.150833333333333,0.4573766658873042,0.0,83.405,0.9893018669040526,20.0,0.944821136310498
fixed,fixed__N200__K20__lognormal__biased__random,32,200,lognormal,fixed_k,20.0,7,12,2400,2400,1.0,17.98625,0.2816666666666667,8.79375,9.1925,0.5110848564875947,0.0,49.395,0.9917756356463648,20.0,0.9451432807468668
fixed,fixed__N200__K20__lognormal__biased__random,32,200,lognormal,fixed_k,20.0,8,12,2400,2400,1.0,18.137083333333333,0.2841666666666667,8.490416666666667,9.646666666666667,0.5318753015231226,0.0,38.01916666666666,0.9931019197717327,20.0,0.9454156998782421
fixed,fixed__N200__K20__lognormal__biased__random,32,200,lognormal,fixed_k,20.0,9,12,2400,2400,1.0,18.172083333333333,0.3075,8.05125,10.120833333333334,0.5569440304496366,0.0,27.584583333333335,0.9939334715730214,20.0,0.9454749730584917
fixed,fixed__N200__K20__lognormal__biased__random,32,200,lognormal,fixed_k,20.0,10,12,2400,2400,1.0,18.184583333333332,0.3125,7.775,10.409583333333334,0.5724400247462366,0.0,23.94875,0.9943767164817772,20.0,0.9454437137685311
fixed,fixed__N200__K22__lognormal__biased__random,34,200,lognormal,fixed_k,22.0,1,12,2400,2278,0.9491666666666667,6.723002633889377,0.000877963125548727,5.942054433713784,0.7809482001755926,0.11616062683643484,0.08296751536435466,793.3354166666667,0.7344192042526622,22.0,0.8955272608553706
fixed,fixed__N200__K22__lognormal__biased__random,34,200,lognormal,fixed_k,22.0,2,12,2400,2400,1.0,14.481666666666667,0.06875,11.835,2.6466666666666665,0.18275981125561055,0.0,604.8033333333333,0.9109272946174302,22.0,0.9400966739555761
fixed,fixed__N200__K22__lognormal__biased__random,34,200,lognormal,fixed_k,22.0,3,12,2400,2400,1.0,17.611666666666668,0.25583333333333336,12.5,5.111666666666666,0.2902432099933756,0.0,304.2579166666667,0.9596199383427032,22.0,0.946815557868837
fixed,fixed__N200__K22__lognormal__biased__random,34,200,lognormal,fixed_k,22.0,4,12,2400,2400,1.0,18.614583333333332,0.37916666666666665,11.528333333333334,7.08625,0.3806827084499161,0.0,211.78208333333333,0.9761274428836376,22.0,0.9484946838276441
fixed,fixed__N200__K22__lognormal__biased__random,34,200,lognormal,fixed_k,22.0,5,12,2400,2400,1.0,19.2425,0.4825,10.715833333333334,8.526666666666667,0.4431163656835997,0.0,114.5525,0.9841154151362,22.0,0.9492876012299164
fixed,fixed__N200__K22__lognormal__biased__random,34,200,lognormal,fixed_k,22.0,6,12,2400,2400,1.0,19.57875,0.5308333333333334,10.165833333333333,9.412916666666666,0.4807720955968418,0.0,78.38041666666666,0.9877079582278708,22.0,0.9499244504032859
fixed,fixed__N200__K22__lognormal__biased__random,34,200,lognormal,fixed_k,22.0,7,12,2400,2400,1.0,19.626666666666665,0.5441666666666667,9.739583333333334,9.887083333333333,0.5037576426630435,0.0,72.58541666666666,0.990137029290175,22.0,0.9498980978260869
fixed,fixed__N200__K22__lognormal__biased__random,34,200,lognormal,fixed_k,22.0,8,12,2400,2400,1.0,19.751666666666665,0.5554166666666667,9.105416666666667,10.64625,0.5390051472449582,0.0,55.63625,0.9919066213076045,22.0,0.9499409332545776
fixed,fixed__N200__K22__lognormal__biased__random,34,200,lognormal,fixed_k,22.0,9,12,2400,2400,1.0,19.810833333333335,0.5545833333333333,8.480416666666667,11.330416666666666,0.5719303411433139,0.0,33.14208333333333,0.9928785180540579,22.0,0.9499852774155555
fixed,fixed__N200__K22__lognormal__biased__random,34,200,lognormal,fixed_k,22.0,10,12,2400,2400,1.0,19.861666666666668,0.5833333333333334,8.329583333333334,11.532083333333333,0.5806201225140556,0.0,27.76375,0.9933902324143324,22.0,0.9500923051103466
fixed,fixed__N200__K24__lognormal__biased__random,36,200,lognormal,fixed_k,24.0,1,12,2400,2299,0.9579166666666666,7.386689865158765,0.0013049151805132667,6.54066985645933,0.8460200086994345,0.11453303497821221,0.06742061765985208,850.1029166666667,0.7245441430561335,24.0,0.9078435991049346
fixed,fixed__N200__K24__lognormal__biased__random,36,200,lognormal,fixed_k,24.0,2,12,2400,2400,1.0,15.587916666666667,0.12458333333333334,12.795833333333333,2.7920833333333333,0.17911844110021113,0.0,672.6129166666667,0.9067398594004347,24.0,0.9442409986367646
fixed,fixed__N200__K24__lognormal__biased__random,36,200,lognormal,fixed_k,24.0,3,12,2400,2400,1.0,19.199166666666667,0.48125,13.49,5.7091666666666665,0.2973653370371978,0.0,304.72791666666666,0.9622433641872558,24.0,0.9510178393159425
fixed,fixed__N200__K24__lognormal__biased__random,36,200,lognormal,fixed_k,24.0,4,12,2400,2400,1.0,20.332916666666666,0.6258333333333334,12.346666666666666,7.98625,0.39277444209922335,0.0,163.5875,0.9801304570950835,24.0,0.952437549949794
fixed,fixed__N200__K24__lognormal__biased__random,36,200,lognormal,fixed_k,24.0,5,12,2400,2400,1.0,20.94375,0.7058333333333333,10.974583333333333,9.969166666666666,0.47599721476176265,0.0,85.32375,0.9869233300234846,24.0,0.9531682084949766
fixed,fixed__N200__K24__lognormal__biased__random,36,200,lognormal,fixed_k,24.0,6,12,2400,2400,1.0,21.289583333333333,0.7404166666666666,10.034166666666666,11.255416666666667,0.5286818671102848,0.0,60.685833333333335,0.9896826294777272,24.0,0.9537332420001957
fixed,fixed__N200__K24__lognormal__biased__random,36,200,lognormal,fixed_k,24.0,7,12,2400,2400,1.0,21.2625,0.7425,9.504583333333333,11.757916666666667,0.5529884381736233,0.0,53.43541666666667,0.991310422891022,24.0,0.9534783460709386
fixed,fixed__N200__K24__lognormal__biased__random,36,200,lognormal,fixed_k,24.0,8,12,2400,2400,1.0,21.496666666666666,0.7641666666666667,9.097083333333334,12.399583333333334,0.5768142347650799,0.0,34.25958333333333,0.9922312008910662,24.0,0.9539463482710497
fixed,fixed__N200__K24__lognormal__biased__random,36,200,lognormal,fixed_k,24.0,9,12,2400,2400,1.0,21.422916666666666,0.75625,8.780416666666667,12.6425,0.5901390644753477,0.0,34.05916666666667,0.9929112478749729,24.0,0.9537489059612954
fixed,fixed__N200__K24__lognormal__biased__random,36,200,lognormal,fixed_k,24.0,10,12,2400,2400,1.0,21.577083333333334,0.77,8.62625,12.950833333333334,0.6002124167229893,0.0,29.09625,0.9935114606491,24.0,0.9540021241672298
fixed,fixed__N200__K26__lognormal__biased__random,38,200,lognormal,fixed_k,26.0,1,12,2400,2316,0.965,8.885146804835925,0.01079447322970639,7.775043177892919,1.1101036269430051,0.12493925551559916,0.05354058721934366,806.6216666666667,0.7480458321522849,26.0,0.9174360968024103
fixed,fixed__N200__K26__lognormal__biased__random,38,200,lognormal,fixed_k,26.0,2,12,2400,2400,1.0,17.79625,0.30666666666666664,14.004166666666666,3.7920833333333333,0.21308328065369572,0.0,581.66375,0.9190605259352073,26.0,0.9501767694504929
fixed,fixed__N200__K26__lognormal__biased__random,38,200,lognormal,fixed_k,26.0,3,12,2400,2400,1.0,20.973333333333333,0.6875,14.180833333333334,6.7925,0.32386363636363635,0.0,272.5108333333333,0.9640554608280273,26.0,0.9547838525111252
fixed,fixed__N200__K26__lognormal__biased__random,38,200,lognormal,fixed_k,26.0,4,12,2400,2400,1.0,22.094583333333333,0.8204166666666667,12.9725,9.122083333333334,0.412865144171837,0.0,153.815,0.9789623497066374,26.0,0.95615441190337
fixed,fixed__N200__K26__lognormal__biased__random,38,200,lognormal,fixed_k,26.0,5,12,2400,2400,1.0,22.674583333333334,0.86,11.695833333333333,10.97875,0.4841875080394715,0.0,92.29458333333334,0.9853675710529056,26.0,0.9568533049118874
fixed,fixed__N200__K26__lognormal__biased__random,38,200,lognormal,fixed_k,26.0,6,12,2400,2400,1.0,22.730416666666667,0.8504166666666667,10.460416666666667,12.27,0.5398053269297747,0.0,73.11375,0.9879708442140952,26.0,0.9567209869301413
fixed,fixed__N200__K26__lognormal__biased__random,38,200,lognormal,fixed_k,26.0,7,12,2400,2400,1.0,22.9225,0.875,10.336666666666666,12.585833333333333,0.549060239211837,0.0,66.49375,0.9893635513250532,26.0,0.956974588286618
fixed,fixed__N200__K26__lognormal__biased__random,38,200,lognormal,fixed_k,26.0,8,12,2400,2400,1.0,22.969166666666666,0.8683333333333333,9.925,13.044166666666667,0.5678989950295686,0.0,60.45333333333333,0.9908649347870813,26.0,0.9569894423683925
fixed,fixed__N200__K26__lognormal__biased__random,38,200,lognormal,fixed_k,26.0,9,12,2400,2400,1.0,22.925,0.8658333333333333,9.436666666666667,13.488333333333333,0.5883678662304617,0.0,56.2025,0.9918691952492203,26.0,0.9568338785896038
fixed,fixed__N200__K26__lognormal__biased__random,38,200,lognormal,fixed_k,26.0,10,12,2400,2400,1.0,23.020416666666666,0.8704166666666666,9.186666666666667,13.83375,0.6009339535557204,0.0,52.60041666666667,0.9924621468989957,26.0,0.9570127966117034
fixed,fixed__N200__K30__lognormal__biased__random,40,200,lognormal,fixed_k,30.0,1,12,2400,2337,0.97375,11.318784766795037,0.08600770218228498,9.725288831835687,1.5934959349593496,0.14078330561016178,0.04492939666238765,784.1816666666666,0.7746521097828526,30.0,0.9312717374867685
fixed,fixed__N200__K30__lognormal__biased__random,40,200,lognormal,fixed_k,30.0,2,12,2400,2400,1.0,21.588333333333335,0.7133333333333334,15.903333333333334,5.685,0.2633366787616768,0.0,459.1795833333333,0.9392835505811435,30.0,0.9573457886203968
fixed,fixed__N200__K30__lognormal__biased__random,40,200,lognormal,fixed_k,30.0,3,12,2400,2400,1.0,24.85875,0.9483333333333334,14.63625,10.2225,0.4112234122793785,0.0,176.46666666666667,0.9767224333180199,30.0,0.9611639094215652
fixed,fixed__N200__K30__lognormal__biased__random,40,200,lognormal,fixed_k,30.0,4,12,2400,2400,1.0,25.632916666666667,0.96125,12.338333333333333,13.294583333333334,0.5186527739397584,0.0,88.85708333333334,0.9860189699782257,30.0,0.9617353988198768
fixed,fixed__N200__K30__lognormal__biased__random,40,200,lognormal,fixed_k,30.0,5,12,2400,2400,1.0,25.887083333333333,0.9625,11.50375,14.383333333333333,0.5556181493344493,0.0,59.045833333333334,0.98900798081147,30.0,0.9619501360073396
fixed,fixed__N200__K30__lognormal__biased__random,40,200,lognormal,fixed_k,30.0,6,12,2400,2400,1.0,26.000833333333333,0.9729166666666667,10.9025,15.098333333333333,0.5806865164578059,0.0,53.56333333333333,0.9910517914122666,30.0,0.9620204480625622
fixed,fixed__N200__K30__lognormal__biased__random,40,200,lognormal,fixed_k,30.0,7,12,2400,2400,1.0,26.14875,0.9683333333333334,10.231666666666667,15.917083333333334,0.6087129722580747,0.0,43.23041666666666,0.9926067435648231,30.0,0.9621715505839986
fixed,fixed__N200__K30__lognormal__biased__random,40,200,lognormal,fixed_k,30.0,8,12,2400,2400,1.0,26.190833333333334,0.9679166666666666,9.860833333333334,16.33,0.6235005886283369,0.0,35.45041666666667,0.9937176870778998,30.0,0.962152788825607
fixed,fixed__N200__K30__lognormal__biased__random,40,200,lognormal,fixed_k,30.0,9,12,2400,2400,1.0,26.218333333333334,0.9629166666666666,9.112083333333333,17.10625,0.6524537537346641,0.0,22.19875,0.9945423490493118,30.0,0.9620971330493929
fixed,fixed__N200__K30__lognormal__biased__random,40,200,lognormal,fixed_k,30.0,10,12,2400,2400,1.0,26.22458333333333,0.9595833333333333,8.552083333333334,17.6725,0.6738905924784315,0.0,10.79625,0.994867132622393,30.0,0.9620743894882346
fixed,fixed__N200__K1__pareto__biased__random,21,200,pareto,fixed_k,1.0,1,12,2400,7,0.002916666666666667,1.0,0.0,1.0,0.0,0.0,1.0,100.1,0.3907432491862728,1.0,0.14285714285714285
fixed,fixed__N200__K1__pareto__biased__random,21,200,pareto,fixed_k,1.0,2,12,2400,46,0.019166666666666665,1.065217391304348,0.0,1.0,0.06521739130434781,0.061224489795918366,1.0,293.31083333333333,0.43903333660424637,1.0,0.10204081632653061
fixed,fixed__N200__K1__pareto__biased__random,21,200,pareto,fixed_k,1.0,3,12,2400,65,0.027083333333333334,1.0,0.0,1.0,0.0,0.0,1.0,472.97583333333336,0.4510419488995337,1.0,0.16923076923076924
fixed,fixed__N200__K1__pareto__biased__random,21,200,pareto,fixed_k,1.0,4,12,2400,70,0.029166666666666667,1.0142857142857142,0.0,1.0,0.014285714285714285,0.014084507042253521,1.0,645.015,0.4567014639337403,1.0,0.14084507042253522
fixed,fixed__N200__K1__pareto__biased__random,21,200,pareto,fixed_k,1.0,5,12,2400,76,0.03166666666666667,1.118421052631579,0.0,1.0,0.11842105263157894,0.10588235294117647,1.0,807.2945833333333,0.4616863404446799,1.0,0.17647058823529413
fixed,fixed__N200__K1__pareto__biased__random,21,200,pareto,fixed_k,1.0,6,12,2400,70,0.029166666666666667,1.1714285714285715,0.0,1.0,0.17142857142857143,0.14634146341463414,1.0,958.5291666666667,0.46156123883555483,1.0,0.13414634146341464
fixed,fixed__N200__K1__pareto__biased__random,21,200,pareto,fixed_k,1.0,7,12,2400,83,0.034583333333333334,1.1686746987951808,0.0,1.0,0.1686746987951807,0.14432989690721648,1.0,1088.8416666666667,0.45868836807509655,1.0,0.12371134020618557
fixed,fixed__N200__K1__pareto__biased__random,21,200,pareto,fixed_k,1.0,8,12,2400,76,0.03166666666666667,1.144736842105263,0.0,1.0,0.14473684210526316,0.12643678160919541,1.0,1222.1033333333332,0.45355603472665884,1.0,0.10344827586206896
fixed,fixed__N200__K1__pareto__biased__random,21,200,pareto,fixed_k,1.0,9,12,2400,63,0.02625,1.1587301587301588,0.0,1.0,0.15873015873015872,0.136986301369863,1.0,1345.7516666666668,0.4533273200134493,1.0,0.1506849315068493
fixed,fixed__N200__K1__pareto__biased__random,21,200,pareto,fixed_k,1.0,10,12,2400,69,0.02875,1.289855072463768,0.0,1.0,0.2898550724637681,0.2247191011235955,1.0,1475.5320833333333,0.4507537880268476,1.0,0.12359550561797752
fixed,fixed__N200__K2__pareto__biased__random,23,200,pareto,fixed_k,2.0,1,12,2400,30,0.0125,1.0,0.0,1.0,0.0,0.0,1.0,198.24625,0.4032462738361045,2.0,0.2
fixed,fixed__N200__K2__pareto__biased__random,23,200,pareto,fixed_k,2.0,2,12,2400,133,0.05541666666666667,1.0977443609022557,0.0,1.0225563909774436,0.07518796992481203,0.06849315068493149,0.9774436090225563,558.15875,0.46558308527105763,2.0,0.2465753424657534
fixed,fixed__N200__K2__pareto__biased__random,23,200,pareto,fixed_k,2.0,3,12,2400,176,0.07333333333333333,1.1420454545454546,0.0,1.0227272727272727,0.1193181818181818,0.10447761194029849,0.9772727272727273,867.5791666666667,0.49212022383509774,2.0,0.208955223880597
fixed,fixed__N200__K2__pareto__biased__random,23,200,pareto,fixed_k,2.0,4,12,2400,199,0.08291666666666667,1.135678391959799,0.0,1.0100502512562815,0.12562814070351758,0.11061946902654865,0.9899497487437185,1118.3129166666668,0.5051557010038257,2.0,0.22123893805309736
fixed,fixed__N200__K2__pareto__biased__random,23,200,pareto,fixed_k,2.0,5,12,2400,214,0.08916666666666667,1.1214953271028036,0.0,1.0467289719626167,0.0747663551401869,0.06666666666666664,0.9532710280373832,1362.6245833333332,0.5094332358360169,2.0,0.2791666666666667
fixed,fixed__N200__K2__pareto__biased__random,23,200,pareto,fixed_k,2.0,6,12,2400,202,0.08416666666666667,1.1584158415841583,0.0,1.0198019801980198,0.1386138613861386,0.11965811965811962,0.9801980198019802,1578.7970833333334,0.5056173881840474,2.0,0.25213675213675213
fixed,fixed__N200__K2__pareto__biased__random,23,200,pareto,fixed_k,2.0,7,12,2400,248,0.10333333333333333,1.185483870967742,0.0,1.0201612903225807,0.16532258064516125,0.13945578231292516,0.9798387096774194,1741.3883333333333,0.5020821362525267,2.0,0.272108843537415
fixed,fixed__N200__K2__pareto__biased__random,23,200,pareto,fixed_k,2.0,8,12,2400,216,0.09,1.1342592592592593,0.0,1.0185185185185186,0.11574074074074071,0.10204081632653061,0.9814814814814815,1912.435,0.49836016124312654,2.0,0.2530612244897959
fixed,fixed__N200__K2__pareto__biased__random,23,200,pareto,fixed_k,2.0,9,12,2400,217,0.09041666666666667,1.1612903225806452,0.0,1.0184331797235022,0.14285714285714282,0.123015873015873,0.9815668202764977,2070.375,0.49571324845814085,2.0,0.23412698412698413
fixed,fixed__N200__K2__pareto__biased__random,23,200,pareto,fixed_k,2.0,10,12,2400,223,0.09291666666666666,1.15695067264574,0.0,1.0448430493273542,0.1121076233183856,0.09689922480620151,0.9551569506726457,2199.86125,0.4929511440570934,2.0,0.313953488372093
fixed,fixed__N200__K5__pareto__biased__random,25,200,pareto,fixed_k,5.0,1,12,2400,101,0.042083333333333334,1.1683168316831682,0.0,1.0693069306930694,0.09900990099009901,0.08474576271186439,0.9306930693069307,487.6,0.4066663295412971,5.0,0.2457627118644068
fixed,fixed__N200__K5__pareto__biased__random,25,200,pareto,fixed_k,5.0,2,12,2400,484,0.20166666666666666,1.2314049586776858,0.0,1.0971074380165289,0.134297520661157,0.10906040268456374,0.9070247933884298,1255.7279166666667,0.5009882790912886,5.0,0.47315436241610737
fixed,fixed__N200__K5__pareto__biased__random,25,200,pareto,fixed_k,5.0,3,12,2400,724,0.3016666666666667,1.287292817679558,0.0,1.1546961325966851,0.1325966850828729,0.10300429184549353,0.8522099447513812,1733.8104166666667,0.5495699535327442,5.0,0.5225321888412017
fixed,fixed__N200__K5__pareto__biased__random,25,200,pareto,fixed_k,5.0,4,12,2400,880,0.36666666666666664,1.3590909090909091,0.0,1.1988636363636365,0.1602272727272727,0.11789297658862874,0.8181818181818182,2035.9466666666667,0.5863421550301852,5.0,0.5409698996655519
fixed,fixed__N200__K5__pareto__biased__random,25,200,pareto,fixed_k,5.0,5,12,2400,1042,0.43416666666666665,1.427063339731286,0.0,1.265834932821497,0.16122840690978882,0.11297915265635503,0.7715930902111324,2191.7095833333333,0.6104944864708489,5.0,0.5642232683254875
fixed,fixed__N200__K5__pareto__biased__random,25,200,pareto,fixed_k,5.0,6,12,2400,1126,0.4691666666666667,1.4165186500888098,0.0,1.2824156305506216,0.13410301953818826,0.09467084639498428,0.7539964476021315,2309.9791666666665,0.6260177766436316,5.0,0.5855799373040752
fixed,fixed__N200__K5__pareto__biased__random,25,200,pareto,fixed_k,5.0,7,12,2400,1135,0.47291666666666665,1.4096916299559472,0.0,1.2555066079295154,0.1541850220264317,0.10937499999999996,0.7788546255506608,2406.8591666666666,0.6372640989498936,5.0,0.563125
fixed,fixed__N200__K5__pareto__biased__random,25,200,pareto,fixed_k,5.0,8,12,2400,1201,0.5004166666666666,1.4379683597002497,0.0,1.2980849292256453,0.13988343047460447,0.09727851766068324,0.7385512073272273,2462.565416666667,0.6422763894418649,5.0,0.5998841922408802
fixed,fixed__N200__K5__pareto__biased__random,25,200,pareto,fixed_k,5.0,9,12,2400,1216,0.5066666666666667,1.462171052631579,0.0,1.3067434210526316,0.15542763157894735,0.10629921259842517,0.7327302631578947,2526.5925,0.6563761632827885,5.0,0.5883014623172104
fixed,fixed__N200__K5__pareto__biased__random,25,200,pareto,fixed_k,5.0,10,12,2400,1213,0.5054166666666666,1.457543281121187,0.0,1.3140972794723824,0.14344600164880458,0.09841628959276014,0.7353668590272052,2599.3679166666666,0.6607298307452516,5.0,0.5904977375565611
fixed,fixed__N200__K10__pareto__biased__random,27,200,pareto,fixed_k,10.0,1,12,2400,499,0.20791666666666667,1.3687374749498997,0.0,1.2344689378757514,0.1342685370741483,0.09809663250366028,0.7875751503006012,888.09625,0.46047960495605933,10.0,0.5036603221083455
fixed,fixed__N200__K10__pareto__biased__random,27,200,pareto,fixed_k,10.0,2,12,2400,1748,0.7283333333333334,1.9193363844393592,0.0,1.7093821510297482,0.20995423340961097,0.10938897168405362,0.5205949656750573,1745.6116666666667,0.6181759852469945,10.0,0.7502235469448584
fixed,fixed__N200__K10__pareto__biased__random,27,200,pareto,fixed_k,10.0,3,12,2400,2211,0.92125,2.7914970601537767,0.0,2.493441881501583,0.29805517865219355,0.10677252106286451,0.24287652645861602,1812.4820833333333,0.7184570626629447,10.0,0.7989306545690213
fixed,fixed__N200__K10__pareto__biased__random,27,200,pareto,fixed_k,10.0,4,12,2400,2324,0.9683333333333334,3.708261617900172,0.0,3.3089500860585197,0.3993115318416523,0.10768159665815734,0.11703958691910497,1575.17875,0.7916742557343026,10.0,0.8288466001392435
fixed,fixed__N200__K10__pareto__biased__random,27,200,pareto,fixed_k,10.0,5,12,2400,2380,0.9916666666666667,4.634033613445379,0.0,4.078571428571428,0.5554621848739496,0.11986580832351071,0.042436974789915954,1331.2620833333333,0.8478848049027515,10.0,0.8474929730709947
fixed,fixed__N200__K10__pareto__biased__random,27,200,pareto,fixed_k,10.0,6,12,2400,2394,0.9975,5.596908939014202,0.0,4.862990810359231,0.7339181286549707,0.13112918874542873,0.020467836257309937,1019.7708333333334,0.8903091411067375,10.0,0.8602134487648332
fixed,fixed__N200__K10__pareto__biased__random,27,200,pareto,fixed_k,10.0,7,12,2400,2399,0.9995833333333334,6.5556481867444765,0.0,5.656940391829929,0.8987077949145478,0.13708908246963816,0.003751563151313046,771.665,0.9199036067503549,10.0,0.8725122400966491
fixed,fixed__N200__K10__pareto__biased__random,27,200,pareto,fixed_k,10.0,8,12,2400,2400,1.0,7.2004166666666665,0.0,6.114583333333333,1.0858333333333334,0.1508014582489439,0.0016666666666666668,579.14625,0.9404114152801732,10.0,0.8780163185000868
fixed,fixed__N200__K10__pareto__biased__random,27,200,pareto,fixed_k,10.0,9,12,2400,2400,1.0,7.832916666666667,0.0,6.508333333333334,1.3245833333333332,0.16910473961380926,0.0004166666666666667,420.96416666666664,0.9540514078933648,10.0,0.8842491621894781
fixed,fixed__N200__K10__pareto__biased__random,27,200,pareto,fixed_k,10.0,10,12,2400,2400,1.0,8.27,0.0,6.7175,1.5525,0.18772672309552596,0.0,343.03125,0.9633397152655836,10.0,0.8879484079000403
fixed,fixed__N200__K15__pareto__biased__random,29,200,pareto,fixed_k,15.0,1,12,2400,1075,0.4479166666666667,1.8911627906976745,0.0,1.697674418604651,0.19348837209302325,0.10231185440236101,0.5441860465116279,1156.9304166666666,0.5142997910998333,15.0,0.6837186424003935
fixed,fixed__N200__K15__pareto__biased__random,29,200,pareto,fixed_k,15.0,2,12,2400,2341,0.9754166666666667,4.448526270824434,0.0,3.9735155916275096,0.4750106791969244,0.1067793355098905,0.08885091841093547,1593.04875,0.7391642785796264,15.0,0.8654695602074131
fixed,fixed__N200__K15__pareto__biased__random,29,200,pareto,fixed_k,15.0,3,12,2400,2399,0.9995833333333334,7.844518549395581,0.0008336807002917883,6.866611087953314,0.9779074614422676,0.1246612466124661,0.002501042100875364,1149.8020833333333,0.8618830783528434,15.0,0.9034486423295606
fixed,fixed__N200__K15__pareto__biased__random,29,200,pareto,fixed_k,15.0,4,12,2400,2400,1.0,10.297916666666667,0.0016666666666666668,8.585416666666667,1.7125,0.16629577179850288,0.0004166666666666667,679.63125,0.9269977274631278,15.0,0.9161642727088812
fixed,fixed__N200__K15__pareto__biased__random,29,200,pareto,fixed_k,15.0,5,12,2400,2400,1.0,11.901666666666667,0.00125,9.351666666666667,2.55,0.21425570648368575,0.0,388.32458333333335,0.9574675845527881,15.0,0.9223498109508472
fixed,fixed__N200__K15__pareto__biased__random,29,200,pareto,fixed_k,15.0,6,12,2400,2400,1.0,12.78375,0.0016666666666666668,9.373333333333333,3.410416666666667,0.266777484436622,0.0,221.27125,0.9727117636916773,15.0,0.9255565333594081
fixed,fixed__N200__K15__pareto__biased__random,29,200,pareto,fixed_k,15.0,7,12,2400,2400,1.0,13.300416666666667,0.00375,8.92375,4.376666666666667,0.3290623727326838,0.0,128.59291666666667,0.9805081186154588,15.0,0.9272579179850255
fixed,fixed__N200__K15__pareto__biased__random,29,200,pareto,fixed_k,15.0,8,12,2400,2400,1.0,13.528333333333334,0.005,8.544166666666667,4.984166666666667,0.3684242946901565,0.0,91.48125,0.9844528675938921,15.0,0.9278674387088826
fixed,fixed__N200__K15__pareto__biased__random,29,200,pareto,fixed_k,15.0,9,12,2400,2400,1.0,13.58875,0.005416666666666667,8.375416666666666,5.213333333333333,0.383650691442063,0.0,81.47875,0.9870494077665293,15.0,0.9279428448778094
fixed,fixed__N200__K15__pareto__biased__random,29,200,pareto,fixed_k,15.0,10,12,2400,2400,1.0,13.706666666666667,0.007083333333333333,8.140833333333333,5.565833333333333,0.40606760700389105,0.0,61.64416666666666,0.9890359794581116,15.0,0.9281675583657587
fixed,fixed__N200__K18__pareto__biased__random,31,200,pareto,fixed_k,18.0,1,12,2400,1308,0.545,2.787461773700306,0.0,2.444189602446483,0.34327217125382264,0.12314865606143716,0.3646788990825688,1222.0441666666666,0.5641879100651881,18.0,0.7397147558968733
fixed,fixed__N200__K18__pareto__biased__random,31,200,pareto,fixed_k,18.0,2,12,2400,2394,0.9975,7.560568086883876,0.001670843776106934,6.525062656641604,1.0355054302422724,0.13696132596685082,0.014619883040935663,1289.36125,0.8182542709485747,18.0,0.9040883977900552
fixed,fixed__N200__K18__pareto__biased__random,31,200,pareto,fixed_k,18.0,3,12,2400,2400,1.0,12.36875,0.014166666666666666,9.97125,2.3975,0.1938352703385548,0.0,621.5558333333333,0.9248538822766363,18.0,0.9291898265117062
fixed,fixed__N200__K18__pareto__biased__random,31,200,pareto,fixed_k,18.0,4,12,2400,2400,1.0,14.5,0.027083333333333334,10.486666666666666,4.013333333333334,0.2767816091954023,0.0,318.85041666666666,0.9613523574922671,18.0,0.9356609195402299
fixed,fixed__N200__K18__pareto__biased__random,31,200,pareto,fixed_k,18.0,5,12,2400,2400,1.0,15.509583333333333,0.052083333333333336,10.121666666666666,5.3879166666666665,0.347392741047202,0.0,187.19208333333333,0.9752792524494392,18.0,0.9380759208016549
fixed,fixed__N200__K18__pareto__biased__random,31,200,pareto,fixed_k,18.0,6,12,2400,2400,1.0,15.91625,0.065,9.519166666666667,6.397083333333334,0.4019215162700594,0.0,127.59458333333333,0.9819511489051507,18.0,0.9389774601429357
fixed,fixed__N200__K18__pareto__biased__random,31,200,pareto,fixed_k,18.0,7,12,2400,2400,1.0,16.084583333333335,0.06166666666666667,9.177083333333334,6.9075,0.42944848845944616,0.0,110.88875,0.9861216958056936,18.0,0.9392534258995415
fixed,fixed__N200__K18__pareto__biased__random,31,200,pareto,fixed_k,18.0,8,12,2400,2400,1.0,16.192916666666665,0.06958333333333333,8.775,7.417916666666667,0.4580963898824074,0.0004166666666666667,85.25916666666667,0.9888519085036304,18.0,0.9392995908704938
fixed,fixed__N200__K18__pareto__biased__random,31,200,pareto,fixed_k,18.0,9,12,2400,2400,1.0,16.40125,0.08666666666666667,8.4575,7.94375,0.48433808398750094,0.0,60.772083333333335,0.9906707329925022,18.0,0.9398419835886492
fixed,fixed__N200__K18__pareto__biased__random,31,200,pareto,fixed_k,18.0,10,12,2400,2400,1.0,16.34958333333333,0.08666666666666667,8.086666666666666,8.262916666666667,0.5053900456178801,0.0,52.33625,0.9917639041714819,18.0,0.9395244527128622
fixed,fixed__N200__K20__pareto__biased__random,33,200,pareto,fixed_k,20.0,1,12,2400,1442,0.6008333333333333,3.217753120665742,0.0,2.8287101248266295,0.38904299583911234,0.12090517241379307,0.30374479889042993,1297.3820833333334,0.5660345921449625,20.0,0.7853448275862069
fixed,fixed__N200__K20__pareto__biased__random,33,200,pareto,fixed_k,20.0,2,12,2400,2400,1.0,9.19375,0.004583333333333333,7.958333333333333,1.2354166666666666,0.13437570813505548,0.002916666666666667,1223.76875,0.8333407889347679,20.0,0.9174711080897349
fixed,fixed__N200__K20__pareto__biased__random,33,200,pareto,fixed_k,20.0,3,12,2400,2400,1.0,14.269583333333333,0.0475,11.220416666666667,3.049166666666667,0.21368295033141588,0.0,575.7620833333333,0.9364028133661632,20.0,0.9373083773761205
fixed,fixed__N200__K20__pareto__biased__random,33,200,pareto,fixed_k,20.0,4,12,2400,2400,1.0,16.52125,0.13708333333333333,11.268333333333333,5.252916666666667,0.3179491059494086,0.0,258.57458333333335,0.9709613352589073,20.0,0.9423974174674031
fixed,fixed__N200__K20__pareto__biased__random,33,200,pareto,fixed_k,20.0,5,12,2400,2400,1.0,17.487083333333334,0.21291666666666667,10.352916666666667,7.134166666666666,0.4079677857466225,0.0,122.12791666666666,0.9821967581477139,20.0,0.9443636970144631
fixed,fixed__N200__K20__pareto__biased__random,33,200,pareto,fixed_k,20.0,6,12,2400,2400,1.0,17.745,0.23833333333333334,9.575416666666667,8.169583333333334,0.460387902695595,0.0,83.61625,0.9868009599254418,20.0,0.9448201371278294
fixed,fixed__N200__K20__pareto__biased__random,33,200,pareto,fixed_k,20.0,7,12,2400,2400,1.0,17.9525,0.26916666666666667,9.165833333333333,8.786666666666667,0.4894397252007613,0.0,66.21166666666667,0.9896466146044322,20.0,0.945132989834285
fixed,fixed__N200__K20__pareto__biased__random,33,200,pareto,fixed_k,20.0,8,12,2400,2400,1.0,18.051666666666666,0.2808333333333333,8.51375,9.537916666666666,0.528367648416582,0.0,47.189166666666665,0.9912940630299387,20.0,0.9452728279937217
fixed,fixed__N200__K20__pareto__biased__random,33,200,pareto,fixed_k,20.0,9,12,2400,2400,1.0,18.158333333333335,0.3095833333333333,8.21375,9.944583333333334,0.5476594768242313,0.0,40.705416666666665,0.9920250166283078,20.0,0.9454795777879761
fixed,fixed__N200__K20__pareto__biased__random,33,200,pareto,fixed_k,20.0,10,12,2400,2400,1.0,18.117083333333333,0.30291666666666667,8.169166666666667,9.947916666666666,0.5490904073043398,0.0,37.395833333333336,0.9927029371784813,20.0,0.9453554426071158
fixed,fixed__N200__K22__pareto__biased__random,35,200,pareto,fixed_k,22.0,1,12,2400,1573,0.6554166666666666,4.03432930705658,0.0,3.5149396058486966,0.5193897012078831,0.12874251497005987,0.2364907819453274,1282.1070833333333,0.5989139416530019,22.0,0.810274188465175
fixed,fixed__N200__K22__pareto__biased__random,35,200,pareto,fixed_k,22.0,2,12,2400,2400,1.0,11.82,0.017916666666666668,10.00375,1.81625,0.15365905245346867,0.0020833333333333333,957.345,0.8789511764119455,22.0,0.9304498025944726
fixed,fixed__N200__K22__pareto__biased__random,35,200,pareto,fixed_k,22.0,3,12,2400,2400,1.0,17.139583333333334,0.21708333333333332,12.43,4.709583333333334,0.27477816944208094,0.0,329.4145833333333,0.9607409399234302,22.0,0.9450589522304607
fixed,fixed__N200__K22__pareto__biased__random,35,200,pareto,fixed_k,22.0,4,12,2400,2400,1.0,18.942083333333333,0.44083333333333335,11.495416666666667,7.446666666666666,0.39312817579903653,0.0,127.23208333333334,0.9812182272953618,22.0,0.9487252810100966
fixed,fixed__N200__K22__pareto__biased__random,35,200,pareto,fixed_k,22.0,5,12,2400,2400,1.0,19.3625,0.49166666666666664,10.185,9.1775,0.47398321497740475,0.0,73.45916666666666,0.987308130355607,22.0,0.9493867010974822
fixed,fixed__N200__K22__pareto__biased__random,35,200,pareto,fixed_k,22.0,6,12,2400,2400,1.0,19.589583333333334,0.5420833333333334,9.646666666666667,9.942916666666667,0.5075614165691801,0.0,63.192083333333336,0.9903118406121738,22.0,0.9497181750505158
fixed,fixed__N200__K22__pareto__biased__random,35,200,pareto,fixed_k,22.0,7,12,2400,2400,1.0,19.729166666666668,0.5579166666666666,8.790833333333333,10.938333333333333,0.5544244984160507,0.0,34.84791666666667,0.9922116830721124,22.0,0.9498416050686378
fixed,fixed__N200__K22__pareto__biased__random,35,200,pareto,fixed_k,22.0,8,12,2400,2400,1.0,19.87125,0.5733333333333334,8.360833333333334,11.510416666666666,0.5792497536222767,0.0,25.442916666666665,0.9928507320133445,22.0,0.9500954058417731
fixed,fixed__N200__K22__pareto__biased__random,35,200,pareto,fixed_k,22.0,9,12,2400,2400,1.0,19.890833333333333,0.5841666666666666,8.237916666666667,11.652916666666666,0.5858435627801751,0.0,21.971666666666668,0.9933105382818361,22.0,0.9501026435962965
fixed,fixed__N200__K22__pareto__biased__random,35,200,pareto,fixed_k,22.0,10,12,2400,2400,1.0,19.87875,0.5866666666666667,8.164166666666667,11.714583333333334,0.58930180888302,0.0,19.557916666666667,0.9935970530345022,22.0,0.9500723133999874
fixed,fixed__N200__K24__pareto__biased__random,37,200,pareto,fixed_k,24.0,1,12,2400,1664,0.6933333333333334,5.074519230769231,0.001201923076923077,4.4453125,0.6292067307692307,0.12399336807200376,0.1706730769230769,1277.7241666666666,0.6115774894548227,24.0,0.8484130743723354
fixed,fixed__N200__K24__pareto__biased__random,37,200,pareto,fixed_k,24.0,2,12,2400,2400,1.0,13.800416666666667,0.10041666666666667,11.29625,2.504166666666667,0.1814558739168503,0.0004166666666666667,884.8054166666667,0.8887645685643495,24.0,0.9382265028229824
fixed,fixed__N200__K24__pareto__biased__random,37,200,pareto,fixed_k,24.0,3,12,2400,2400,1.0,18.994583333333335,0.44416666666666665,13.0425,5.952083333333333,0.3133568780573409,0.0,284.635,0.9618467113116814,24.0,0.9504244631144844
fixed,fixed__N200__K24__pareto__biased__random,37,200,pareto,fixed_k,24.0,4,12,2400,2400,1.0,20.290416666666665,0.61125,12.085,8.205416666666666,0.40439862825225376,0.0,157.47125,0.9793927562034348,24.0,0.9522968560691624
fixed,fixed__N200__K24__pareto__biased__random,37,200,pareto,fixed_k,24.0,5,12,2400,2400,1.0,21.03,0.7145833333333333,10.972916666666666,10.057083333333333,0.4782255508004438,0.0,94.61333333333333,0.9858314961393355,24.0,0.9534593437945792
fixed,fixed__N200__K24__pareto__biased__random,37,200,pareto,fixed_k,24.0,6,12,2400,2400,1.0,21.225833333333334,0.735,10.339583333333334,10.88625,0.5128773899729103,0.0,79.28458333333333,0.9887334580458703,24.0,0.9536728043657493
fixed,fixed__N200__K24__pareto__biased__random,37,200,pareto,fixed_k,24.0,7,12,2400,2400,1.0,21.355416666666667,0.7533333333333333,9.645833333333334,11.709583333333333,0.5483191227830566,0.0,66.25416666666666,0.9907361806295266,24.0,0.9537588043626715
fixed,fixed__N200__K24__pareto__biased__random,37,200,pareto,fixed_k,24.0,8,12,2400,2400,1.0,21.422083333333333,0.7520833333333333,9.050833333333333,12.37125,0.5774998541224982,0.0,43.27791666666667,0.9920280381490607,24.0,0.9538054577636006
fixed,fixed__N200__K24__pareto__biased__random,37,200,pareto,fixed_k,24.0,9,12,2400,2400,1.0,21.4875,0.76375,8.876666666666667,12.610833333333334,0.5868916036455304,0.0,36.776666666666664,0.992786231362441,24.0,0.9538879193329455
fixed,fixed__N200__K24__pareto__biased__random,37,200,pareto,fixed_k,24.0,10,12,2400,2400,1.0,21.512916666666666,0.7604166666666666,8.692083333333333,12.820833333333333,0.5959597915980709,0.0,33.7425,0.9933153101907779,24.0,0.953903662528326
fixed,fixed__N200__K26__pareto__biased__random,39,200,pareto,fixed_k,26.0,1,12,2400,1717,0.7154166666666667,5.731508444962143,0.0023296447291788003,5.020384391380315,0.7111240535818287,0.12407275683365507,0.1531741409435061,1317.4158333333332,0.6185252507277879,26.0,0.8624123564678386
fixed,fixed__N200__K26__pareto__biased__random,39,200,pareto,fixed_k,26.0,2,12,2400,2400,1.0,15.86875,0.22833333333333333,12.375833333333333,3.4929166666666664,0.22011290534331102,0.0,819.85875,0.901124444961073,26.0,0.9449389523434423
fixed,fixed__N200__K26__pareto__biased__random,39,200,pareto,fixed_k,26.0,3,12,2400,2400,1.0,20.869583333333335,0.665,13.290416666666667,7.579166666666667,0.3631680875277018,0.0,271.6379166666667,0.967237296136102,26.0,0.9544592409207978
fixed,fixed__N200__K26__pareto__biased__random,39,200,pareto,fixed_k,26.0,4,12,2400,2400,1.0,22.160833333333333,0.80875,11.96875,10.192083333333333,0.45991426315195727,0.0,129.87166666666667,0.9825156935463355,26.0,0.9561538750799082
fixed,fixed__N200__K26__pareto__biased__random,39,200,pareto,fixed_k,26.0,5,12,2400,2400,1.0,22.675,0.855,10.635416666666666,12.039583333333333,0.530962881293642,0.0,75.43833333333333,0.9886202607001945,26.0,0.9566152149944873
fixed,fixed__N200__K26__pareto__biased__random,39,200,pareto,fixed_k,26.0,6,12,2400,2400,1.0,22.940833333333334,0.8616666666666667,10.03125,12.909583333333334,0.5627338443096371,0.0,44.43208333333333,0.9911357811198682,26.0,0.9569726470267718
fixed,fixed__N200__K26__pareto__biased__random,39,200,pareto,fixed_k,26.0,7,12,2400,2400,1.0,22.9825,0.8616666666666667,9.527083333333334,13.455416666666666,0.5854635773595852,0.0,37.68958333333333,0.9926955553650394,26.0,0.9569056165923348
fixed,fixed__N200__K26__pareto__biased__random,39,200,pareto,fixed_k,26.0,8,12,2400,2400,1.0,23.144166666666667,0.8804166666666666,8.920833333333333,14.223333333333333,0.6145537032369568,0.0,26.3675,0.9934039364201014,26.0,0.9571346271558708
fixed,fixed__N200__K26__pareto__biased__random,39,200,pareto,fixed_k,26.0,9,12,2400,2400,1.0,23.104583333333334,0.8754166666666666,8.69375,14.410833333333333,0.6237218445113704,0.0,24.36916666666667,0.9938187636248977,26.0,0.9570431552181206
fixed,fixed__N200__K26__pareto__biased__random,39,200,pareto,fixed_k,26.0,10,12,2400,2400,1.0,23.1525,0.8608333333333333,8.59,14.5625,0.628981751430731,0.0004166666666666667,20.834583333333335,0.9942506307235821,26.0,0.9570960659396034
fixed,fixed__N200__K30__pareto__biased__random,41,200,pareto,fixed_k,30.0,1,12,2400,1842,0.7675,8.031487513572204,0.03040173724212812,6.885450597176981,1.1460369163952226,0.14269298364201705,0.11292073832790442,1275.7658333333334,0.6623747217050756,30.0,0.892253616330945
fixed,fixed__N200__K30__pareto__biased__random,41,200,pareto,fixed_k,30.0,2,12,2400,2400,1.0,20.871666666666666,0.6379166666666667,15.082083333333333,5.789583333333334,0.2773896031302403,0.0,533.9945833333334,0.9388727153774202,30.0,0.9557414357582049
fixed,fixed__N200__K30__pareto__biased__random,41,200,pareto,fixed_k,30.0,3,12,2400,2400,1.0,25.110833333333332,0.9341666666666667,13.342083333333333,11.76875,0.46867221982544055,0.0,118.64583333333333,0.9818177213121182,30.0,0.961188729963827
fixed,fixed__N200__K30__pareto__biased__random,41,200,pareto,fixed_k,30.0,4,12,2400,2400,1.0,25.979583333333334,0.9641666666666666,11.510833333333334,14.46875,0.5569277156741672,0.0,50.579166666666666,0.9892910125987013,30.0,0.9620535356289394
fixed,fixed__N200__K30__pareto__biased__random,41,200,pareto,fixed_k,30.0,5,12,2400,2400,1.0,26.040416666666665,0.9670833333333333,10.4625,15.577916666666667,0.5982207145943005,0.0,33.65833333333333,0.9916763515023594,30.0,0.9620301774485175
fixed,fixed__N200__K30__pareto__biased__random,41,200,pareto,fixed_k,30.0,6,12,2400,2400,1.0,26.252083333333335,0.9695833333333334,10.020416666666666,16.231666666666666,0.6183001349099277,0.0,28.139166666666668,0.993003202120658,30.0,0.962256963733037
fixed,fixed__N200__K30__pareto__biased__random,41,200,pareto,fixed_k,30.0,7,12,2400,2400,1.0,26.239166666666666,0.9629166666666666,9.220416666666667,17.01875,0.6486010099406104,0.0,23.324583333333333,0.9939224650632351,30.0,0.962174865817639
fixed,fixed__N200__K30__pareto__biased__random,41,200,pareto,fixed_k,30.0,8,12,2400,2400,1.0,26.122916666666665,0.9583333333333334,8.89625,17.226666666666667,0.6594465268362708,0.0,15.770416666666666,0.994363583072948,30.0,0.9619586888906612
fixed,fixed__N200__K30__pareto__biased__random,41,200,pareto,fixed_k,30.0,9,12,2400,2400,1.0,26.345,0.9579166666666666,8.708333333333334,17.636666666666667,0.6694502435629784,0.0,13.38875,0.9946308224449883,30.0,0.9622635541215917
fixed,fixed__N200__K30__pareto__biased__random,41,200,pareto,fixed_k,30.0,10,12,2400,2400,1.0,26.362083333333334,0.9641666666666666,8.590833333333334,17.77125,0.6741216077383869,0.0,11.95875,0.9947454348880876,30.0,0.9622722028165452
income,income__N200__c0p02__lognormal__biased__random,0,200,lognormal,c,0.02,1,12,2400,183,0.07625,1.0874316939890711,0.0,1.0382513661202186,0.04918032786885246,0.04522613065326631,0.9617486338797814,213.77958333333333,0.5595504839518369,2.1954166666666666,0.2663316582914573
income,income__N200__c0p02__lognormal__biased__random,0,200,lognormal,c,0.02,2,12,2400,245,0.10208333333333333,1.146938775510204,0.0,1.0448979591836736,0.10204081632653057,0.08896797153024909,0.9551020408163265,559.3383333333334,0.5595120591084654,2.0875,0.2526690391459075
income,income__N200__c0p02__lognormal__biased__random,0,200,lognormal,c,0.02,3,12,2400,265,0.11041666666666666,1.1018867924528302,0.0,1.030188679245283,0.07169811320754714,0.0650684931506849,0.969811320754717,845.8083333333333,0.5541347103956944,2.087083333333333,0.2842465753424658
income,income__N200__c0p02__lognormal__biased__random,0,200,lognormal,c,0.02,4,12,2400,250,0.10416666666666667,1.128,0.0,1.032,0.09599999999999997,0.08510638297872337,0.968,1106.03375,0.5433897174065165,2.0716666666666668,0.2801418439716312
income,income__N200__c0p02__lognormal__biased__random,0,200,lognormal,c,0.02,5,12,2400,226,0.09416666666666666,1.247787610619469,0.0,1.0663716814159292,0.1814159292035398,0.14539007092198578,0.9336283185840708,1326.3725,0.5365040209752091,2.0845833333333332,0.2375886524822695
income,income__N200__c0p02__lognormal__biased__random,0,200,lognormal,c,0.02,6,12,2400,252,0.105,1.1825396825396826,0.0,1.0238095238095237,0.15873015873015872,0.13422818791946303,0.9761904761904762,1527.4195833333333,0.5272880143032501,2.077916666666667,0.2684563758389262
income,income__N200__c0p02__lognormal__biased__random,0,200,lognormal,c,0.02,7,12,2400,241,0.10041666666666667,1.170124481327801,0.0,1.020746887966805,0.14937759336099582,0.12765957446808507,0.979253112033195,1712.73625,0.523673076798381,2.0775,0.26595744680851063
income,income__N200__c0p02__lognormal__biased__random,0,200,lognormal,c,0.02,8,12,2400,200,0.08333333333333333,1.115,0.0,1.015,0.09999999999999998,0.0896860986547085,0.985,1922.98875,0.5175344228327863,2.07375,0.22869955156950672
income,income__N200__c0p02__lognormal__biased__random,0,200,lognormal,c,0.02,9,12,2400,218,0.09083333333333334,1.2064220183486238,0.0,1.018348623853211,0.18807339449541285,0.155893536121673,0.981651376146789,2092.445,0.5133887293777794,2.0795833333333333,0.2585551330798479
income,income__N200__c0p02__lognormal__biased__random,0,200,lognormal,c,0.02,10,12,2400,222,0.0925,1.2027027027027026,0.0,1.045045045045045,0.15765765765765763,0.13108614232209737,0.954954954954955,2242.744583333333,0.5131435729641122,2.0770833333333334,0.29213483146067415
income,income__N200__c0p04__lognormal__biased__random,2,200,lognormal,c,0.04,1,12,2400,569,0.23708333333333334,1.1898066783831283,0.0,1.115992970123023,0.07381370826010542,0.06203840472673556,0.8910369068541301,375.70375,0.5771003944103194,4.23875,0.4638109305760709
income,income__N200__c0p04__lognormal__biased__random,2,200,lognormal,c,0.04,2,12,2400,759,0.31625,1.2411067193675889,0.0,1.13965744400527,0.10144927536231885,0.0817409766454352,0.8695652173913043,883.7133333333334,0.6035441464973328,3.995,0.4893842887473461
income,income__N200__c0p04__lognormal__biased__random,2,200,lognormal,c,0.04,3,12,2400,777,0.32375,1.3075933075933075,0.0,1.1583011583011582,0.1492921492921493,0.11417322834645667,0.8532818532818532,1233.5333333333333,0.6140020572763366,3.9991666666666665,0.48720472440944884
income,income__N200__c0p04__lognormal__biased__random,2,200,lognormal,c,0.04,4,12,2400,805,0.33541666666666664,1.3055900621118013,0.0,1.1540372670807453,0.15155279503105587,0.1160799238820171,0.8559006211180125,1492.1079166666666,0.618613469131119,3.982083333333333,0.47954329210275926
income,income__N200__c0p04__lognormal__biased__random,2,200,lognormal,c,0.04,5,12,2400,793,0.3304166666666667,1.3114754098360655,0.0,1.1689785624211855,0.1424968474148802,0.10865384615384613,0.8411097099621689,1738.0166666666667,0.6158066860517072,3.98625,0.4875
income,income__N200__c0p04__lognormal__biased__random,2,200,lognormal,c,0.04,6,12,2400,809,0.33708333333333335,1.3337453646477133,0.0,1.1705809641532756,0.16316440049443753,0.12233549582947167,0.8491965389369592,1911.29625,0.6198284221237929,3.98625,0.4911955514365153
income,income__N200__c0p04__lognormal__biased__random,2,200,lognormal,c,0.04,7,12,2400,870,0.3625,1.3551724137931034,0.0,1.1735632183908047,0.1816091954022988,0.1340118744698897,0.8390804597701149,2060.931666666667,0.6198032129712332,3.9891666666666667,0.5038167938931297
income,income__N200__c0p04__lognormal__biased__random,2,200,lognormal,c,0.04,8,12,2400,811,0.33791666666666664,1.2749691738594329,0.0,1.1381011097410605,0.13686806411837235,0.1073500967117988,0.8680641183723797,2197.1054166666668,0.6146813302679666,3.9770833333333333,0.48065764023210833
income,income__N200__c0p04__lognormal__biased__random,2,200,lognormal,c,0.04,9,12,2400,823,0.34291666666666665,1.3207776427703524,0.0,1.1688942891859053,0.1518833535844471,0.11499540018399261,0.8469015795868773,2310.3,0.6153940558149601,3.9875,0.4765409383624655
income,income__N200__c0p04__lognormal__biased__random,2,200,lognormal,c,0.04,10,12,2400,778,0.32416666666666666,1.332904884318766,0.0,1.1696658097686374,0.1632390745501285,0.12246865959498551,0.8406169665809768,2455.4466666666667,0.6126452072916294,3.9779166666666668,0.49951783992285437
income,income__N200__c0p06__lognormal__biased__random,4,200,lognormal,c,0.06,1,12,2400,1043,0.4345833333333333,1.4026845637583893,0.0,1.2914669223394055,0.11121764141898367,0.07928913192071081,0.7459252157238735,528.6933333333334,0.5983032185592614,6.625,0.6015037593984962
income,income__N200__c0p06__lognormal__biased__random,4,200,lognormal,c,0.06,2,12,2400,1464,0.61,1.6174863387978142,0.0,1.4528688524590163,0.16461748633879777,0.10177364864864863,0.6461748633879781,1079.4329166666666,0.6490802603279239,6.261666666666667,0.6566722972972973
income,income__N200__c0p06__lognormal__biased__random,4,200,lognormal,c,0.06,3,12,2400,1644,0.685,1.7536496350364963,0.0,1.582116788321168,0.17153284671532842,0.09781477627471381,0.5772506082725061,1370.0283333333334,0.6831242821528443,6.25375,0.6850502948317725
income,income__N200__c0p06__lognormal__biased__random,4,200,lognormal,c,0.06,4,12,2400,1681,0.7004166666666667,1.8471148126115406,0.0,1.638310529446758,0.20880428316478283,0.11304347826086952,0.5223081499107673,1528.43,0.7085262541365,6.234166666666667,0.679549114331723
income,income__N200__c0p06__lognormal__biased__random,4,200,lognormal,c,0.06,5,12,2400,1812,0.755,1.9056291390728477,0.0,1.7003311258278146,0.20529801324503308,0.10773240660295393,0.5082781456953642,1575.9595833333333,0.7283819751958128,6.236666666666666,0.6904141326382855
income,income__N200__c0p06__lognormal__biased__random,4,200,lognormal,c,0.06,6,12,2400,1849,0.7704166666666666,2.0611141157382367,0.0,1.8339643050297458,0.22714981070849108,0.11020729467331404,0.4586262844780963,1636.7304166666668,0.7498315844623037,6.245,0.7037522959853056
income,income__N200__c0p06__lognormal__biased__random,4,200,lognormal,c,0.06,7,12,2400,1912,0.7966666666666666,2.155334728033473,0.0,1.8901673640167365,0.2651673640167364,0.1230283911671924,0.4309623430962343,1642.0829166666667,0.7707891523601595,6.253333333333333,0.7124484348459111
income,income__N200__c0p06__lognormal__biased__random,4,200,lognormal,c,0.06,8,12,2400,1953,0.81375,2.2416794674859193,0.0,1.960573476702509,0.28110599078341014,0.1253997259022384,0.4080901177675371,1599.6441666666667,0.7847282621988725,6.252916666666667,0.7064869803563271
income,income__N200__c0p06__lognormal__biased__random,4,200,lognormal,c,0.06,9,12,2400,1967,0.8195833333333333,2.3091001525165225,0.0,2.0284697508896796,0.28063040162684283,0.12153236459709377,0.39603457041179463,1519.475,0.7968191902093831,6.26625,0.7135623073535887
income,income__N200__c0p06__lognormal__biased__random,4,200,lognormal,c,0.06,10,12,2400,2027,0.8445833333333334,2.4597927972372964,0.0,2.144548593981253,0.3152442032560434,0.12815884476534295,0.3463246176615688,1475.9095833333333,0.8112053771161742,6.244166666666667,0.7248295226634577
income,income__N200__c0p08__lognormal__biased__random,6,200,lognormal,c,0.08,1,12,2400,1602,0.6675,1.7927590511860174,0.0,1.6367041198501873,0.1560549313358302,0.08704735376044566,0.5655430711610487,656.8995833333333,0.6240109988549434,9.410833333333333,0.7137883008356546
income,income__N200__c0p08__lognormal__biased__random,6,200,lognormal,c,0.08,2,12,2400,2102,0.8758333333333334,2.446241674595623,0.0,2.19790675547098,0.2483349191246432,0.10151691948658105,0.3206470028544244,1179.8158333333333,0.707497758639647,8.902916666666666,0.7786853364449631
income,income__N200__c0p08__lognormal__biased__random,6,200,lognormal,c,0.08,3,12,2400,2250,0.9375,2.977777777777778,0.0,2.648888888888889,0.3288888888888889,0.11044776119402981,0.21777777777777774,1298.5779166666666,0.7674624719500003,8.901666666666667,0.7983582089552239
income,income__N200__c0p08__lognormal__biased__random,6,200,lognormal,c,0.08,4,12,2400,2316,0.965,3.5958549222797926,0.0,3.2012089810017272,0.3946459412780656,0.10975024015369833,0.14032815198618304,1266.8904166666666,0.8146938126673912,8.873333333333333,0.8147214217098944
income,income__N200__c0p08__lognormal__biased__random,6,200,lognormal,c,0.08,5,12,2400,2351,0.9795833333333334,4.261165461505742,0.0,3.7396852403232668,0.5214802211824755,0.12237971651028147,0.06975754997873244,1088.54375,0.8530784886812892,8.884583333333333,0.8299061688959872
income,income__N200__c0p08__lognormal__biased__random,6,200,lognormal,c,0.08,6,12,2400,2376,0.99,4.888468013468014,0.0,4.221801346801347,0.6666666666666666,0.13637537666810157,0.05387205387205386,949.5016666666667,0.8825683467930308,8.860416666666667,0.8433060697374085
income,income__N200__c0p08__lognormal__biased__random,6,200,lognormal,c,0.08,7,12,2400,2379,0.99125,5.5317360235393025,0.0,4.767129045817571,0.7646069777217318,0.13822188449848022,0.028163093736864216,801.4958333333333,0.9049613464395554,8.862083333333333,0.8524316109422493
income,income__N200__c0p08__lognormal__biased__random,6,200,lognormal,c,0.08,8,12,2400,2390,0.9958333333333333,6.006276150627615,0.0,5.139330543933054,0.8669456066945607,0.14433995123650292,0.023012552301255228,654.4408333333333,0.923665945475092,8.849583333333333,0.8593521421107628
income,income__N200__c0p08__lognormal__biased__random,6,200,lognormal,c,0.08,9,12,2400,2391,0.99625,6.391468005018821,0.0,5.405269761606022,0.986198243412798,0.1542991755005889,0.01547469677959013,566.5066666666667,0.9366980307918547,8.844583333333333,0.8636958513283601
income,income__N200__c0p08__lognormal__biased__random,6,200,lognormal,c,0.08,10,12,2400,2395,0.9979166666666667,6.659290187891441,0.0,5.543632567849687,1.1156576200417536,0.16753401467176623,0.012108559498956152,472.6675,0.9471831372827679,8.805416666666666,0.8655088093297385
income,income__N200__c0p10__lognormal__biased__random,8,200,lognormal,c,0.1,1,12,2400,1961,0.8170833333333334,2.4946455889852115,0.0,2.25446200917899,0.24018357980622132,0.0962796402289452,0.3488016318204997,774.9858333333333,0.6580113875669014,12.66125,0.7882256745707277
income,income__N200__c0p10__lognormal__biased__random,8,200,lognormal,c,0.1,2,12,2400,2364,0.985,4.420896785109983,0.0,3.9851945854483923,0.4357021996615905,0.09855516218543675,0.07064297800338407,1084.6783333333333,0.7775116178501713,11.960416666666667,0.8595349727298823
income,income__N200__c0p10__lognormal__biased__random,8,200,lognormal,c,0.1,3,12,2400,2385,0.99375,5.863731656184487,0.0,5.1874213836477985,0.6763102725366876,0.1153378619949946,0.02348008385744234,1070.2795833333332,0.8440627144438844,11.912083333333333,0.8785841973543081
income,income__N200__c0p10__lognormal__biased__random,8,200,lognormal,c,0.1,4,12,2400,2396,0.9983333333333333,7.125208681135225,0.00041736227045075126,6.162771285475793,0.9624373956594324,0.1350749765698219,0.007929883138564268,869.5283333333333,0.892069790004724,11.93,0.8878865979381443
income,income__N200__c0p10__lognormal__biased__random,8,200,lognormal,c,0.1,5,12,2400,2399,0.9995833333333334,8.200083368070029,0.0,6.8966235931638185,1.303459774906211,0.1589568930459536,0.003751563151313044,660.56125,0.9247683432775443,11.874583333333334,0.8957401382675885
income,income__N200__c0p10__lognormal__biased__random,8,200,lognormal,c,0.1,6,12,2400,2400,1.0,9.054583333333333,0.0,7.445416666666667,1.6091666666666666,0.1777184667065482,0.0016666666666666668,481.43083333333334,0.9455219453276148,11.877083333333333,0.901339100823708
income,income__N200__c0p10__lognormal__biased__random,8,200,lognormal,c,0.1,7,12,2400,2400,1.0,9.67875,0.0,7.7025,1.97625,0.20418442464161174,0.0004166666666666667,350.6670833333333,0.9599569327737463,11.825416666666667,0.9046881053855095
income,income__N200__c0p10__lognormal__biased__random,8,200,lognormal,c,0.1,8,12,2400,2400,1.0,9.860833333333334,0.0,7.58625,2.274583333333333,0.23066846953435305,0.0,288.04833333333335,0.9695438707580651,11.754166666666666,0.9048423899264768
income,income__N200__c0p10__lognormal__biased__random,8,200,lognormal,c,0.1,9,12,2400,2400,1.0,10.14625,0.0,7.575,2.57125,0.25341875076998893,0.0,214.46791666666667,0.9761551256484436,11.682916666666667,0.9060818857541785
income,income__N200__c0p10__lognormal__biased__random,8,200,lognormal,c,0.1,10,12,2400,2400,1.0,10.35875,0.0004166666666666667,7.491666666666666,2.8670833333333334,0.27677889063191347,0.0,149.65083333333334,0.9812830603951039,11.6525,0.9069627126825148
income,income__N200__c0p12__lognormal__biased__random,10,200,lognormal,c,0.12,1,12,2400,2114,0.8808333333333334,3.3230842005676444,0.0,2.9843897824030274,0.3386944181646168,0.10192170818505336,0.21239356669820245,825.4508333333333,0.6905602302772695,15.21625,0.8287544483985765
income,income__N200__c0p12__lognormal__biased__random,10,200,lognormal,c,0.12,2,12,2400,2393,0.9970833333333333,6.511073965733389,0.0,5.788549937317175,0.722524028416214,0.11096848726012448,0.009193480986209772,983.5379166666667,0.8294757340987305,14.355,0.8907643925293627
income,income__N200__c0p12__lognormal__biased__random,10,200,lognormal,c,0.12,3,12,2400,2400,1.0,9.004166666666666,0.0004166666666666667,7.7491666666666665,1.255,0.139379916705229,0.0,720.8633333333333,0.9038804459447263,14.262916666666667,0.9081906524757057
income,income__N200__c0p12__lognormal__biased__random,10,200,lognormal,c,0.12,4,12,2400,2400,1.0,10.597916666666666,0.0004166666666666667,8.744166666666667,1.85375,0.17491645370552386,0.0,463.615,0.9404926068993679,14.174166666666666,0.9157853351680755
income,income__N200__c0p12__lognormal__biased__random,10,200,lognormal,c,0.12,5,12,2400,2400,1.0,11.406666666666666,0.0020833333333333333,8.990416666666667,2.41625,0.21182787843366452,0.0,317.68958333333336,0.9601571736533178,14.022083333333333,0.9185783167738165
income,income__N200__c0p12__lognormal__biased__random,10,200,lognormal,c,0.12,6,12,2400,2400,1.0,11.944166666666666,0.0008333333333333334,8.9275,3.0166666666666666,0.25256401311658405,0.0,231.1775,0.9713584107343136,13.956666666666667,0.9204981511197935
income,income__N200__c0p12__lognormal__biased__random,10,200,lognormal,c,0.12,7,12,2400,2400,1.0,12.162916666666666,0.0,8.68625,3.4766666666666666,0.2858415264978932,0.0,170.91875,0.9784354782303832,13.850833333333334,0.9210715631530266
income,income__N200__c0p12__lognormal__biased__random,10,200,lognormal,c,0.12,8,12,2400,2400,1.0,12.297916666666667,0.00125,8.482083333333334,3.8158333333333334,0.3102829069964425,0.0,141.99083333333334,0.98312855076786,13.78375,0.9211587328477046
income,income__N200__c0p12__lognormal__biased__random,10,200,lognormal,c,0.12,9,12,2400,2400,1.0,12.39375,0.0,8.174583333333333,4.219166666666666,0.34042696251470833,0.0,106.1125,0.9861122044797558,13.713333333333333,0.9211968398050092
income,income__N200__c0p12__lognormal__biased__random,10,200,lognormal,c,0.12,10,12,2400,2400,1.0,12.472083333333334,0.0025,7.897916666666666,4.574166666666667,0.36675241372398354,0.0,92.84041666666667,0.9881895592338766,13.672916666666667,0.9214245147496074
income,income__N200__c0p14__lognormal__biased__random,12,200,lognormal,c,0.14,1,12,2400,2224,0.9266666666666666,4.383093525179856,0.0,3.9532374100719423,0.42985611510791366,0.09807139926138694,0.141636690647482,869.5233333333333,0.7098027926705853,18.105833333333333,0.8632540008206812
income,income__N200__c0p14__lognormal__biased__random,12,200,lognormal,c,0.14,2,12,2400,2400,1.0,9.271666666666667,0.0008333333333333334,8.06625,1.2054166666666666,0.13001078554736648,0.0,862.4154166666667,0.8680459071191892,17.000833333333333,0.915513212295524
income,income__N200__c0p14__lognormal__biased__random,12,200,lognormal,c,0.14,3,12,2400,2400,1.0,12.239166666666666,0.005,10.0375,2.2016666666666667,0.17988697487574043,0.0,505.70625,0.9346535890911664,16.796666666666667,0.9273166746101995
income,income__N200__c0p14__lognormal__biased__random,12,200,lognormal,c,0.14,4,12,2400,2400,1.0,13.53625,0.009583333333333333,10.175,3.36125,0.24831471049958445,0.0,279.3383333333333,0.9617390267731802,16.523333333333333,0.9309877797272755
income,income__N200__c0p14__lognormal__biased__random,12,200,lognormal,c,0.14,5,12,2400,2400,1.0,13.988333333333333,0.017083333333333332,9.865,4.123333333333333,0.29476945073275346,0.0,193.6975,0.973959204873586,16.33375,0.9315798880019064
income,income__N200__c0p14__lognormal__biased__random,12,200,lognormal,c,0.14,6,12,2400,2400,1.0,14.24875,0.015833333333333335,9.50625,4.7425,0.3328362137029564,0.0,145.08458333333334,0.9806276761971143,16.192083333333333,0.9321285492879492
income,income__N200__c0p14__lognormal__biased__random,12,200,lognormal,c,0.14,7,12,2400,2400,1.0,14.382083333333334,0.015416666666666667,9.134583333333333,5.2475,0.364863690355477,0.0,111.79041666666667,0.9852705437463991,16.064166666666665,0.9321783469015268
income,income__N200__c0p14__lognormal__biased__random,12,200,lognormal,c,0.14,8,12,2400,2400,1.0,14.487916666666667,0.015833333333333335,8.590416666666666,5.8975,0.40706335739553073,0.0,80.04333333333334,0.9877906166621796,15.907916666666667,0.9322423858962929
income,income__N200__c0p14__lognormal__biased__random,12,200,lognormal,c,0.14,9,12,2400,2400,1.0,14.392083333333334,0.0175,8.2225,6.169583333333334,0.42867896123447496,0.0,69.49291666666667,0.9890434736252517,15.834583333333333,0.9315885469442112
income,income__N200__c0p14__lognormal__biased__random,12,200,lognormal,c,0.14,10,12,2400,2400,1.0,14.505833333333333,0.024166666666666666,8.029166666666667,6.476666666666667,0.44648704544148904,0.0,59.82083333333333,0.9900597153778606,15.772916666666667,0.9320962831044982
income,income__N200__c0p16__lognormal__biased__random,14,200,lognormal,c,0.16,1,12,2400,2323,0.9679166666666666,5.517003874300474,0.0,4.896254842875592,0.6207490314248816,0.11251560549313357,0.0869565217391304,878.3875,0.7116773311171913,20.582916666666666,0.8857677902621723
income,income__N200__c0p16__lognormal__biased__random,14,200,lognormal,c,0.16,2,12,2400,2400,1.0,11.088333333333333,0.00875,9.499583333333334,1.58875,0.1432812265143544,0.0004166666666666667,843.5691666666667,0.8714331303287998,19.179166666666667,0.9277769427326018
income,income__N200__c0p16__lognormal__biased__random,14,200,lognormal,c,0.16,3,12,2400,2400,1.0,13.856666666666667,0.025,11.105833333333333,2.7508333333333335,0.19852056771710366,0.0,516.0891666666666,0.9368482846997078,18.842083333333335,0.9355003608371422
income,income__N200__c0p16__lognormal__biased__random,14,200,lognormal,c,0.16,4,12,2400,2400,1.0,15.16875,0.05291666666666667,11.1275,4.04125,0.26641944787803873,0.0,289.1975,0.9656599945798329,18.5175,0.9377832715286362
income,income__N200__c0p16__lognormal__biased__random,14,200,lognormal,c,0.16,5,12,2400,2400,1.0,15.675416666666667,0.07833333333333334,10.2925,5.382916666666667,0.34339863374179314,0.0,163.69625,0.9778247532867818,18.132083333333334,0.9384652188937029
income,income__N200__c0p16__lognormal__biased__random,14,200,lognormal,c,0.16,6,12,2400,2400,1.0,15.871666666666666,0.08625,9.687083333333334,6.184583333333333,0.38966187125905705,0.0,113.68333333333334,0.9831608265151282,17.905833333333334,0.938622282894046
income,income__N200__c0p16__lognormal__biased__random,14,200,lognormal,c,0.16,7,12,2400,2400,1.0,15.934583333333334,0.07708333333333334,9.2125,6.722083333333333,0.4218549799963392,0.0,85.73666666666666,0.9864877055491669,17.77,0.9386031430588604
income,income__N200__c0p16__lognormal__biased__random,14,200,lognormal,c,0.16,8,12,2400,2400,1.0,15.938333333333333,0.08833333333333333,8.885,7.053333333333334,0.4425389522116491,0.0,78.62583333333333,0.9886605937419176,17.66125,0.9383561643835616
income,income__N200__c0p16__lognormal__biased__random,14,200,lognormal,c,0.16,9,12,2400,2400,1.0,15.98375,0.08083333333333333,8.510416666666666,7.473333333333334,0.46755819712729074,0.0,61.59458333333333,0.9903909955690828,17.573333333333334,0.9383227757357733
income,income__N200__c0p16__lognormal__biased__random,14,200,lognormal,c,0.16,10,12,2400,2400,1.0,15.945416666666667,0.07958333333333334,8.1575,7.787916666666667,0.48841098539287675,0.0,48.96541666666667,0.9915059539632924,17.462083333333332,0.938069978311427
income,income__N200__c0p18__lognormal__biased__random,16,200,lognormal,c,0.18,1,12,2400,2351,0.9795833333333334,7.293066780093577,0.002552105487026797,6.467460655040409,0.8256061250531689,0.1132042458882538,0.050191407911526945,859.6120833333333,0.740873243204857,23.757916666666667,0.9077919048174501
income,income__N200__c0p18__lognormal__biased__random,16,200,lognormal,c,0.18,2,12,2400,2400,1.0,14.167083333333334,0.06291666666666666,11.646666666666667,2.5204166666666667,0.17790653216081878,0.0,659.9479166666666,0.9089617131890773,21.945,0.9390900267639187
income,income__N200__c0p18__lognormal__biased__random,16,200,lognormal,c,0.18,3,12,2400,2400,1.0,17.071666666666665,0.21291666666666667,12.43875,4.632916666666667,0.2713804549448403,0.0,284.13708333333335,0.9619352011987536,21.2725,0.9452797032119497
income,income__N200__c0p18__lognormal__biased__random,16,200,lognormal,c,0.18,4,12,2400,2400,1.0,17.734166666666667,0.28541666666666665,11.334583333333333,6.399583333333333,0.3608618016070673,0.0,163.82,0.9789737763796978,20.714583333333334,0.9456557492599033
income,income__N200__c0p18__lognormal__biased__random,16,200,lognormal,c,0.18,5,12,2400,2400,1.0,17.90625,0.28708333333333336,10.224166666666667,7.682083333333333,0.4290168702734148,0.0,101.04041666666667,0.9855328038772575,20.297916666666666,0.945456660849331
income,income__N200__c0p18__lognormal__biased__random,16,200,lognormal,c,0.18,6,12,2400,2400,1.0,17.926666666666666,0.28791666666666665,9.553333333333333,8.373333333333333,0.46708813685384903,0.0,73.87958333333333,0.9884156871378513,20.049166666666668,0.9451701375976199
income,income__N200__c0p18__lognormal__biased__random,16,200,lognormal,c,0.18,7,12,2400,2400,1.0,17.91,0.2808333333333333,9.178333333333333,8.731666666666667,0.48753024381165083,0.0,57.37583333333333,0.9901405267836562,19.929583333333333,0.9449562627954587
income,income__N200__c0p18__lognormal__biased__random,16,200,lognormal,c,0.18,8,12,2400,2400,1.0,17.947916666666668,0.29333333333333333,8.757916666666667,9.19,0.5120371445153802,0.0,44.06666666666667,0.9913502677496425,19.803333333333335,0.9449332559489263
income,income__N200__c0p18__lognormal__biased__random,16,200,lognormal,c,0.18,9,12,2400,2400,1.0,17.882083333333334,0.2725,8.288333333333334,9.59375,0.5365006873733019,0.0,34.25625,0.9921337565168282,19.699583333333333,0.9446140224153599
income,income__N200__c0p18__lognormal__biased__random,16,200,lognormal,c,0.18,10,12,2400,2400,1.0,17.90375,0.2679166666666667,8.099583333333333,9.804166666666667,0.5476040866671321,0.0,30.6025,0.9925488667680332,19.63875,0.9446577765365729
income,income__N200__c0p20__lognormal__biased__random,18,200,lognormal,c,0.2,1,12,2400,2379,0.99125,9.42875157629256,0.01807482135350988,8.223623371164354,1.205128205128205,0.12781418572511252,0.036990332072299265,837.495,0.7692678819979185,27.394166666666667,0.9221612946368865
income,income__N200__c0p20__lognormal__biased__random,18,200,lognormal,c,0.2,2,12,2400,2400,1.0,17.50625,0.32166666666666666,13.5875,3.91875,0.2238486254908961,0.0,499.92875,0.930048205253886,24.825416666666666,0.9486373914078305
income,income__N200__c0p20__lognormal__biased__random,18,200,lognormal,c,0.2,3,12,2400,2400,1.0,19.628333333333334,0.5295833333333333,13.109166666666667,6.519166666666667,0.33213042370722595,0.0,227.45291666666665,0.9683834539937519,23.89625,0.9515156661288953
income,income__N200__c0p20__lognormal__biased__random,18,200,lognormal,c,0.2,4,12,2400,2400,1.0,20.077916666666667,0.5704166666666667,11.942083333333333,8.135833333333334,0.4052130242596551,0.0,143.90583333333333,0.980552304220548,23.301666666666666,0.9517712246041463
income,income__N200__c0p20__lognormal__biased__random,18,200,lognormal,c,0.2,5,12,2400,2400,1.0,20.0825,0.5683333333333334,10.797916666666667,9.284583333333334,0.4623220880534462,0.0,94.28416666666666,0.9868040567646693,22.877083333333335,0.9512012946595294
income,income__N200__c0p20__lognormal__biased__random,18,200,lognormal,c,0.2,6,12,2400,2400,1.0,20.094166666666666,0.58,10.012916666666667,10.08125,0.5017003276241032,0.0,59.50333333333333,0.9896337665354075,22.579166666666666,0.9510222701447352
income,income__N200__c0p20__lognormal__biased__random,18,200,lognormal,c,0.2,7,12,2400,2400,1.0,19.9275,0.5579166666666666,9.314166666666667,10.613333333333333,0.5325973319951491,0.0,49.17375,0.9910813411875753,22.34875,0.9504244553171914
income,income__N200__c0p20__lognormal__biased__random,18,200,lognormal,c,0.2,8,12,2400,2400,1.0,20.01875,0.56625,9.082916666666666,10.935833333333333,0.5462795296076595,0.0,40.66375,0.9919667863046943,22.267916666666668,0.9505879904256427
income,income__N200__c0p20__lognormal__biased__random,18,200,lognormal,c,0.2,9,12,2400,2400,1.0,19.963333333333335,0.57,8.7275,11.235833333333334,0.5628235097679078,0.0,36.05875,0.9926057182521483,22.144166666666667,0.950409083319419
income,income__N200__c0p20__lognormal__biased__random,18,200,lognormal,c,0.2,10,12,2400,2400,1.0,19.895416666666666,0.5570833333333334,8.525833333333333,11.369583333333333,0.5714674652872311,0.0,32.7875,0.9932055258115453,22.066666666666666,0.9501979099038723
income,income__N200__c0p02__pareto__biased__random,1,200,pareto,c,0.02,1,12,2400,18,0.0075,1.0555555555555556,0.0,1.0,0.05555555555555555,0.05263157894736842,1.0,222.77166666666668,0.38048171913152157,2.115,0.05263157894736842
income,income__N200__c0p02__pareto__biased__random,1,200,pareto,c,0.02,2,12,2400,100,0.041666666666666664,1.13,0.0,1.0,0.13,0.1150442477876106,1.0,594.6320833333333,0.44528097224706753,2.0,0.26548672566371684
income,income__N200__c0p02__pareto__biased__random,1,200,pareto,c,0.02,3,12,2400,171,0.07125,1.087719298245614,0.0,1.0116959064327486,0.07602339181286549,0.06989247311827954,0.9883040935672515,911.9870833333333,0.475192546854661,2.0,0.2903225806451613
income,income__N200__c0p02__pareto__biased__random,1,200,pareto,c,0.02,4,12,2400,192,0.08,1.1770833333333333,0.0,1.046875,0.13020833333333334,0.11061946902654868,0.953125,1179.18625,0.4847779117644051,2.0,0.26548672566371684
income,income__N200__c0p02__pareto__biased__random,1,200,pareto,c,0.02,5,12,2400,170,0.07083333333333333,1.1941176470588235,0.0,1.0176470588235293,0.17647058823529413,0.14778325123152708,0.9823529411764705,1418.41875,0.48782145552830464,2.0,0.20689655172413793
income,income__N200__c0p02__pareto__biased__random,1,200,pareto,c,0.02,6,12,2400,210,0.0875,1.1904761904761905,0.0,1.0238095238095237,0.16666666666666663,0.14,0.9761904761904762,1612.9504166666666,0.4877652295044592,2.0,0.276
income,income__N200__c0p02__pareto__biased__random,1,200,pareto,c,0.02,7,12,2400,194,0.08083333333333333,1.1649484536082475,0.0,1.0051546391752577,0.15979381443298965,0.13716814159292032,0.9948453608247423,1801.0316666666668,0.49212576985360035,2.0,0.18584070796460178
income,income__N200__c0p02__pareto__biased__random,1,200,pareto,c,0.02,8,12,2400,197,0.08208333333333333,1.2081218274111676,0.0,1.0355329949238579,0.1725888324873096,0.14285714285714282,0.9644670050761421,1979.68125,0.48998191702918886,2.0,0.24789915966386555
income,income__N200__c0p02__pareto__biased__random,1,200,pareto,c,0.02,9,12,2400,194,0.08083333333333333,1.175257731958763,0.0,1.0154639175257731,0.15979381443298968,0.1359649122807017,0.9845360824742269,2147.659166666667,0.4875353130880942,2.0,0.19736842105263158
income,income__N200__c0p02__pareto__biased__random,1,200,pareto,c,0.02,10,12,2400,210,0.0875,1.161904761904762,0.0,1.0142857142857142,0.1476190476190476,0.12704918032786883,0.9857142857142858,2297.365,0.4880587156772439,2.0,0.2786885245901639
income,income__N200__c0p04__pareto__biased__random,3,200,pareto,c,0.04,1,12,2400,97,0.04041666666666666,1.0515463917525774,0.0,1.0206185567010309,0.030927835051546393,0.029411764705882346,0.979381443298969,447.55791666666664,0.4290559509682867,4.350416666666667,0.29411764705882354
income,income__N200__c0p04__pareto__biased__random,3,200,pareto,c,0.04,2,12,2400,364,0.15166666666666667,1.2087912087912087,0.0,1.0576923076923077,0.1510989010989011,0.12499999999999997,0.9478021978021978,1096.2629166666666,0.5053764146617664,4.079166666666667,0.39090909090909093
income,income__N200__c0p04__pareto__biased__random,3,200,pareto,c,0.04,3,12,2400,577,0.24041666666666667,1.2876949740034662,0.0,1.1299826689774697,0.15771230502599648,0.12247644683714666,0.8821490467937608,1516.94625,0.5402399288062302,4.0675,0.4468371467025572
income,income__N200__c0p04__pareto__biased__random,3,200,pareto,c,0.04,4,12,2400,604,0.25166666666666665,1.2417218543046358,0.0,1.1258278145695364,0.11589403973509932,0.09333333333333331,0.8758278145695364,1815.1016666666667,0.5580802837329881,4.079166666666667,0.45066666666666666
income,income__N200__c0p04__pareto__biased__random,3,200,pareto,c,0.04,5,12,2400,729,0.30375,1.2798353909465021,0.0,1.1412894375857339,0.13854595336076816,0.10825294748124327,0.8683127572016461,2043.84875,0.5753534881114255,4.059166666666667,0.48017148981779206
income,income__N200__c0p04__pareto__biased__random,3,200,pareto,c,0.04,6,12,2400,749,0.3120833333333333,1.288384512683578,0.0,1.1495327102803738,0.13885180240320424,0.10777202072538854,0.8611481975967957,2241.4170833333333,0.5803325685602739,4.05875,0.5139896373056995
income,income__N200__c0p04__pareto__biased__random,3,200,pareto,c,0.04,7,12,2400,737,0.3070833333333333,1.2645861601085482,0.0,1.10719131614654,0.1573948439620081,0.1244635193133047,0.898236092265943,2370.8504166666667,0.5865504357656138,4.057083333333333,0.4570815450643777
income,income__N200__c0p04__pareto__biased__random,3,200,pareto,c,0.04,8,12,2400,774,0.3225,1.2713178294573644,0.0,1.1459948320413436,0.12532299741602065,0.09857723577235768,0.8708010335917312,2528.1666666666665,0.5861572441936561,4.057083333333333,0.5010162601626016
income,income__N200__c0p04__pareto__biased__random,3,200,pareto,c,0.04,9,12,2400,710,0.29583333333333334,1.323943661971831,0.0,1.1549295774647887,0.16901408450704222,0.12765957446808507,0.8535211267605634,2684.0725,0.5914378613251294,4.05,0.4702127659574468
income,income__N200__c0p04__pareto__biased__random,3,200,pareto,c,0.04,10,12,2400,785,0.32708333333333334,1.3070063694267515,0.0,1.1439490445859872,0.1630573248407643,0.12475633528265105,0.870063694267516,2725.070833333333,0.5963628220771194,4.06,0.4844054580896686
income,income__N200__c0p06__pareto__biased__random,5,200,pareto,c,0.06,1,12,2400,196,0.08166666666666667,1.2346938775510203,0.0,1.1071428571428572,0.12755102040816324,0.10330578512396693,0.8979591836734694,680.0116666666667,0.46175555026345855,6.814583333333333,0.2727272727272727
income,income__N200__c0p06__pareto__biased__random,5,200,pareto,c,0.06,2,12,2400,978,0.4075,1.4447852760736197,0.0,1.2607361963190185,0.1840490797546012,0.1273885350318471,0.7740286298568507,1447.0004166666668,0.5738348602390365,6.409583333333333,0.6029723991507431
income,income__N200__c0p06__pareto__biased__random,5,200,pareto,c,0.06,3,12,2400,1348,0.5616666666666666,1.5593471810089021,0.0,1.3946587537091988,0.16468842729970323,0.1056137012369172,0.6735905044510386,1726.355,0.6331120859174956,6.389166666666667,0.6355851569933397
income,income__N200__c0p06__pareto__biased__random,5,200,pareto,c,0.06,4,12,2400,1508,0.6283333333333333,1.6830238726790452,0.0,1.4887267904509285,0.1942970822281167,0.11544523246650903,0.6259946949602122,1894.8779166666666,0.6674765211942112,6.36375,0.665090622537431
income,income__N200__c0p06__pareto__biased__random,5,200,pareto,c,0.06,5,12,2400,1693,0.7054166666666667,1.7790903721204963,0.0,1.592439456585942,0.186650915534554,0.10491367861885786,0.5575900767867691,1990.9033333333334,0.6995506021300796,6.38,0.6779548472775564
income,income__N200__c0p06__pareto__biased__random,5,200,pareto,c,0.06,6,12,2400,1753,0.7304166666666667,1.8425556189389618,0.0,1.6309184255561895,0.2116371933827724,0.11486068111455104,0.5476326297775242,1951.5775,0.7249071325887381,6.34,0.6758513931888545
income,income__N200__c0p06__pareto__biased__random,5,200,pareto,c,0.06,7,12,2400,1830,0.7625,1.9060109289617486,0.0,1.715846994535519,0.19016393442622948,0.09977064220183483,0.5,1954.4995833333332,0.742377614801505,6.349583333333333,0.6952408256880734
income,income__N200__c0p06__pareto__biased__random,5,200,pareto,c,0.06,8,12,2400,1941,0.80875,2.0571870170015454,0.0,1.8052550231839257,0.25193199381761977,0.12246431254695717,0.45440494590417313,1982.0679166666666,0.7634304821964398,6.394166666666667,0.7074881041823191
income,income__N200__c0p06__pareto__biased__random,5,200,pareto,c,0.06,9,12,2400,1960,0.8166666666666667,2.066326530612245,0.0,1.8311224489795919,0.23520408163265302,0.11382716049382713,0.4530612244897959,1916.6270833333333,0.7845283089992917,6.333333333333333,0.6962962962962963
income,income__N200__c0p06__pareto__biased__random,5,200,pareto,c,0.06,10,12,2400,2070,0.8625,2.31207729468599,0.0,2.0231884057971015,0.28888888888888886,0.12494776431257833,0.35845410628019325,1800.8875,0.8061286241974689,6.33375,0.7248223986627664
income,income__N200__c0p08__pareto__biased__random,7,200,pareto,c,0.08,1,12,2400,440,0.18333333333333332,1.3772727272727272,0.0,1.2136363636363636,0.1636363636363636,0.11881188118811879,0.8181818181818182,876.4129166666667,0.4829149660619808,9.330416666666666,0.4504950495049505
income,income__N200__c0p08__pareto__biased__random,7,200,pareto,c,0.08,2,12,2400,1565,0.6520833333333333,1.7961661341853035,0.0,1.5936102236421725,0.20255591054313096,0.11277125578086086,0.5693290734824281,1613.745,0.6277882783980582,8.804166666666667,0.6993952330131625
income,income__N200__c0p08__pareto__biased__random,7,200,pareto,c,0.08,3,12,2400,2026,0.8441666666666666,2.3696939782823296,0.0,2.104146100691017,0.26554787759131293,0.1120599875026036,0.35538005923000987,1700.5991666666666,0.7124842685066726,8.81,0.7671318475317642
income,income__N200__c0p08__pareto__biased__random,7,200,pareto,c,0.08,4,12,2400,2205,0.91875,2.8058956916099773,0.0,2.4975056689342403,0.3083900226757369,0.1099078713431388,0.23265306122448975,1634.9283333333333,0.770526043932253,8.8225,0.7864877969936964
income,income__N200__c0p08__pareto__biased__random,7,200,pareto,c,0.08,5,12,2400,2289,0.95375,3.3800786369593707,0.0,2.9842726081258193,0.39580602883355176,0.11709965102753003,0.1367409349060725,1512.7079166666667,0.8193384478189915,8.8075,0.8071603980871138
income,income__N200__c0p08__pareto__biased__random,7,200,pareto,c,0.08,6,12,2400,2345,0.9770833333333333,3.9040511727078893,0.0,3.425586353944563,0.47846481876332625,0.12255598033861276,0.09424307036247333,1300.6441666666667,0.8601613688598416,8.792916666666667,0.8180229382850901
income,income__N200__c0p08__pareto__biased__random,7,200,pareto,c,0.08,7,12,2400,2380,0.9916666666666667,4.7861344537815125,0.0,4.133193277310925,0.6529411764705882,0.1364234922307084,0.037394957983193255,1056.7483333333332,0.8925156511912178,8.830833333333333,0.8379422350978843
income,income__N200__c0p08__pareto__biased__random,7,200,pareto,c,0.08,8,12,2400,2397,0.99875,5.523988318731748,0.0,4.764288694201085,0.7596996245306633,0.1375273770863228,0.01919065498539841,816.6504166666666,0.9195434025125834,8.868333333333334,0.8502378974397704
income,income__N200__c0p08__pareto__biased__random,7,200,pareto,c,0.08,9,12,2400,2395,0.9979166666666667,6.301878914405011,0.0,5.351565762004175,0.950313152400835,0.15079838335652287,0.007515657620041749,591.7095833333333,0.9395817324760813,8.880833333333333,0.862121513284304
income,income__N200__c0p08__pareto__biased__random,7,200,pareto,c,0.08,10,12,2400,2399,0.9995833333333334,6.781158816173406,0.0,5.611087953313881,1.1700708628595249,0.1725473321858864,0.005002084201750728,450.56,0.9526279186382021,8.90375,0.8664863535775756
income,income__N200__c0p10__pareto__biased__random,9,200,pareto,c,0.1,1,12,2400,826,0.3441666666666667,1.7191283292978208,0.0,1.5121065375302662,0.20702179176755442,0.12042253521126758,0.6138014527845036,1019.12625,0.5469839921107335,12.06625,0.5873239436619718
income,income__N200__c0p10__pareto__biased__random,9,200,pareto,c,0.1,2,12,2400,2166,0.9025,2.736842105263158,0.0,2.4316712834718377,0.3051708217913204,0.11150472334682857,0.2820867959372115,1554.4320833333334,0.7208831134306023,11.307916666666667,0.8007759784075573
income,income__N200__c0p10__pareto__biased__random,9,200,pareto,c,0.1,3,12,2400,2372,0.9883333333333333,4.490303541315345,0.0,3.943929173693086,0.5463743676222597,0.12167871561355736,0.07251264755480605,1299.14375,0.8236120935349707,11.314583333333333,0.8501549150314525
income,income__N200__c0p10__pareto__biased__random,9,200,pareto,c,0.1,4,12,2400,2399,0.9995833333333334,6.153814089203835,0.0,5.351396415172989,0.8024176740308462,0.130393551446183,0.011254689453939138,929.2858333333334,0.8914039334058589,11.23875,0.8733997155049786
income,income__N200__c0p10__pareto__biased__random,9,200,pareto,c,0.1,5,12,2400,2400,1.0,7.617916666666667,0.0,6.397083333333334,1.2208333333333334,0.16025816332111792,0.0016666666666666668,612.9016666666666,0.9345271993680345,11.164166666666667,0.8871629382486463
income,income__N200__c0p10__pareto__biased__random,9,200,pareto,c,0.1,6,12,2400,2400,1.0,8.747083333333334,0.0,7.0008333333333335,1.74625,0.19963797456294952,0.0,361.3425,0.9584507501310066,11.1,0.8954889725146478
income,income__N200__c0p10__pareto__biased__random,9,200,pareto,c,0.1,7,12,2400,2400,1.0,9.23875,0.0,7.109166666666667,2.129583333333333,0.23050556983718934,0.0,221.11916666666667,0.9714171842605873,11.028333333333334,0.8979840346367204
income,income__N200__c0p10__pareto__biased__random,9,200,pareto,c,0.1,8,12,2400,2400,1.0,9.657083333333333,0.0,7.1725,2.484583333333333,0.25728092505501143,0.0,140.59416666666667,0.9789869274028178,11.007916666666667,0.9004185183587177
income,income__N200__c0p10__pareto__biased__random,9,200,pareto,c,0.1,9,12,2400,2400,1.0,9.921666666666667,0.0,7.0841666666666665,2.8375,0.28599025701327063,0.0,102.14666666666666,0.9831548770121052,10.9875,0.9021081807492021
income,income__N200__c0p10__pareto__biased__random,9,200,pareto,c,0.1,10,12,2400,2400,1.0,10.046666666666667,0.0,6.895416666666667,3.15125,0.31366124751161245,0.0,85.21416666666667,0.9856317225488925,10.979583333333334,0.9028284671532847
income,income__N200__c0p12__pareto__biased__random,11,200,pareto,c,0.12,1,12,2400,946,0.39416666666666667,1.817124735729387,0.0,1.6109936575052854,0.20613107822410143,0.11343804537521812,0.5824524312896406,1239.5629166666668,0.5086949289462334,14.7875,0.6532867946480512
income,income__N200__c0p12__pareto__biased__random,11,200,pareto,c,0.12,2,12,2400,2286,0.9525,3.8215223097112863,0.0,3.410761154855643,0.410761154855643,0.10748626373626372,0.13823272090988623,1696.6620833333334,0.7179162401678127,13.929166666666667,0.850503663003663
income,income__N200__c0p12__pareto__biased__random,11,200,pareto,c,0.12,3,12,2400,2399,0.9995833333333334,6.493538974572739,0.0,5.728220091704877,0.7653188828678616,0.11785851842341762,0.01333889120466861,1296.61875,0.8390290502401614,13.903333333333334,0.8893953010656054
income,income__N200__c0p12__pareto__biased__random,11,200,pareto,c,0.12,4,12,2400,2400,1.0,8.765833333333333,0.0,7.4925,1.2733333333333334,0.14526095636467343,0.0025,818.3041666666667,0.9106576868998468,13.8375,0.9046962639034128
income,income__N200__c0p12__pareto__biased__random,11,200,pareto,c,0.12,5,12,2400,2400,1.0,10.375416666666666,0.0,8.49875,1.8766666666666667,0.18087627002931606,0.0004166666666666667,486.94708333333335,0.947735209629262,13.715,0.912854905425485
income,income__N200__c0p12__pareto__biased__random,11,200,pareto,c,0.12,6,12,2400,2400,1.0,11.236666666666666,0.0004166666666666667,8.668333333333333,2.5683333333333334,0.22856719074458617,0.0,279.18333333333334,0.9660236914626703,13.559583333333334,0.9163452981311183
income,income__N200__c0p12__pareto__biased__random,11,200,pareto,c,0.12,7,12,2400,2400,1.0,11.645833333333334,0.0004166666666666667,8.420833333333333,3.225,0.27692307692307694,0.0,171.02541666666667,0.9753392444921726,13.40875,0.9173881932021467
income,income__N200__c0p12__pareto__biased__random,11,200,pareto,c,0.12,8,12,2400,2400,1.0,11.934166666666666,0.0004166666666666667,8.289166666666667,3.645,0.30542559877103553,0.0,119.68,0.979990694962108,13.29375,0.9187905872494937
income,income__N200__c0p12__pareto__biased__random,11,200,pareto,c,0.12,9,12,2400,2400,1.0,11.933333333333334,0.0,8.04375,3.8895833333333334,0.3259427374301676,0.0,100.50041666666667,0.9832189512616336,13.194166666666666,0.9182960893854749
income,income__N200__c0p12__pareto__biased__random,11,200,pareto,c,0.12,10,12,2400,2400,1.0,12.05375,0.0008333333333333334,7.8620833333333335,4.191666666666666,0.3477479345984998,0.0,78.76333333333334,0.9851656341838126,13.1175,0.9187320681668913
income,income__N200__c0p14__pareto__biased__random,13,200,pareto,c,0.14,1,12,2400,1292,0.5383333333333333,2.5773993808049536,0.0,2.251547987616099,0.3258513931888544,0.1264264264264264,0.38080495356037153,1313.8975,0.558313616976959,17.874166666666667,0.7303303303303303
income,income__N200__c0p14__pareto__biased__random,13,200,pareto,c,0.14,2,12,2400,2389,0.9954166666666666,6.146923398911679,0.0,5.4503976559229805,0.6965257429886982,0.11331290432414025,0.022185014650481366,1389.5275,0.7938150358175821,16.7325,0.8901600272386789
income,income__N200__c0p14__pareto__biased__random,13,200,pareto,c,0.14,3,12,2400,2400,1.0,10.373333333333333,0.0008333333333333334,8.808333333333334,1.565,0.15086760925449869,0.0,786.6770833333334,0.9060171107567804,16.5875,0.918982969151671
income,income__N200__c0p14__pareto__biased__random,13,200,pareto,c,0.14,4,12,2400,2400,1.0,12.702916666666667,0.005416666666666667,9.93625,2.7666666666666666,0.21779774986059633,0.0,381.04833333333335,0.9524376015643008,16.285416666666666,0.9279364975235346
income,income__N200__c0p14__pareto__biased__random,13,200,pareto,c,0.14,5,12,2400,2400,1.0,13.54625,0.005,9.935833333333333,3.6104166666666666,0.26652517609424503,0.0,235.35708333333332,0.9701753891786437,16.069583333333334,0.9302082372120205
income,income__N200__c0p14__pareto__biased__random,13,200,pareto,c,0.14,6,12,2400,2400,1.0,13.8825,0.00875,9.43125,4.45125,0.32063749324689356,0.0,158.48333333333332,0.980765105990496,15.893333333333333,0.9305180382976169
income,income__N200__c0p14__pareto__biased__random,13,200,pareto,c,0.14,7,12,2400,2400,1.0,14.099166666666667,0.007083333333333333,8.875416666666666,5.22375,0.3705006206040546,0.0,105.165,0.9867886403884186,15.703333333333333,0.9307583190495892
income,income__N200__c0p14__pareto__biased__random,13,200,pareto,c,0.14,8,12,2400,2400,1.0,14.08125,0.009166666666666667,8.111666666666666,5.9695833333333335,0.42393845243379197,0.0,56.23875,0.9896010086620941,15.474166666666667,0.9300784139665631
income,income__N200__c0p14__pareto__biased__random,13,200,pareto,c,0.14,9,12,2400,2400,1.0,14.17,0.010833333333333334,7.913333333333333,6.256666666666667,0.4415431663138085,0.0,40.239583333333336,0.9907719816301437,15.390833333333333,0.9303399200188192
income,income__N200__c0p14__pareto__biased__random,13,200,pareto,c,0.14,10,12,2400,2400,1.0,14.085416666666667,0.006666666666666667,7.648333333333333,6.437083333333334,0.45700340186362964,0.0,35.08833333333333,0.9914721905635745,15.30875,0.9298624463836711
income,income__N200__c0p16__pareto__biased__random,15,200,pareto,c,0.16,1,12,2400,1516,0.6316666666666667,3.372031662269129,0.0,2.9953825857519787,0.3766490765171504,0.11169796557120497,0.2691292875989446,1382.9554166666667,0.5789794288653184,20.8975,0.7942097026604069
income,income__N200__c0p16__pareto__biased__random,15,200,pareto,c,0.16,2,12,2400,2398,0.9991666666666666,8.959132610508757,0.0016680567139282735,7.778148457047539,1.1809841534612178,0.13181902811394522,0.005838198498748957,1222.3975,0.83339089363993,19.543333333333333,0.9156581642152299
income,income__N200__c0p16__pareto__biased__random,15,200,pareto,c,0.16,3,12,2400,2400,1.0,13.775,0.027083333333333334,11.045416666666666,2.7295833333333333,0.1981548699334543,0.0,544.7229166666667,0.9324311926141479,19.14666666666667,0.9354204476709014
income,income__N200__c0p16__pareto__biased__random,15,200,pareto,c,0.16,4,12,2400,2400,1.0,15.362083333333333,0.043333333333333335,11.234166666666667,4.127916666666667,0.2687081287802761,0.0,270.6575,0.9640895550100953,18.755416666666665,0.9387018904770946
income,income__N200__c0p16__pareto__biased__random,15,200,pareto,c,0.16,5,12,2400,2400,1.0,15.844166666666666,0.056666666666666664,10.66,5.184166666666667,0.32719718087624255,0.0,174.83583333333334,0.9774062166013474,18.426666666666666,0.9393309840635354
income,income__N200__c0p16__pareto__biased__random,15,200,pareto,c,0.16,6,12,2400,2400,1.0,16.05291666666667,0.058333333333333334,9.96,6.0929166666666665,0.379552002491759,0.0,117.53833333333333,0.9844486793765155,18.156666666666666,0.939289329561087
income,income__N200__c0p16__pareto__biased__random,15,200,pareto,c,0.16,7,12,2400,2400,1.0,16.120416666666667,0.057916666666666665,9.195833333333333,6.9245833333333335,0.42955361989195895,0.0,69.33333333333333,0.9881145020476673,17.9375,0.9390265967070743
income,income__N200__c0p16__pareto__biased__random,15,200,pareto,c,0.16,8,12,2400,2400,1.0,16.184166666666666,0.06583333333333333,8.751666666666667,7.4325,0.4592451470058184,0.0,50.44375,0.9897928622305024,17.799583333333334,0.9391637917717934
income,income__N200__c0p16__pareto__biased__random,15,200,pareto,c,0.16,9,12,2400,2400,1.0,16.137916666666666,0.0675,8.362916666666667,7.775,0.4817846169734838,0.0004166666666666667,41.83125,0.9907766657193211,17.722916666666666,0.9387828870930263
income,income__N200__c0p16__pareto__biased__random,15,200,pareto,c,0.16,10,12,2400,2400,1.0,16.140416666666667,0.07375,8.139166666666666,8.00125,0.4957275989364174,0.0,35.48416666666667,0.9914072052852448,17.60375,0.9387149237163436
income,income__N200__c0p18__pareto__biased__random,17,200,pareto,c,0.18,1,12,2400,1695,0.70625,4.705014749262537,0.0005899705014749262,4.097345132743363,0.6076696165191741,0.12915360501567394,0.19233038348082596,1387.5741666666668,0.6219842547811456,24.207083333333333,0.8403761755485893
income,income__N200__c0p18__pareto__biased__random,17,200,pareto,c,0.18,2,12,2400,2400,1.0,12.594583333333333,0.03333333333333333,10.540416666666667,2.0541666666666667,0.1630992159327753,0.0,904.75625,0.8887452845813428,22.265416666666667,0.9334039104112217
income,income__N200__c0p18__pareto__biased__random,17,200,pareto,c,0.18,3,12,2400,2400,1.0,16.94125,0.18166666666666667,12.254583333333333,4.6866666666666665,0.2766423178140141,0.0,320.32708333333335,0.9617571079492803,21.468333333333334,0.9445387245136379
income,income__N200__c0p18__pareto__biased__random,17,200,pareto,c,0.18,4,12,2400,2400,1.0,17.95375,0.28458333333333335,11.180833333333334,6.772916666666666,0.3772424516697997,0.0,141.96208333333334,0.9790394287641981,20.84958333333333,0.9461579521455592
income,income__N200__c0p18__pareto__biased__random,17,200,pareto,c,0.18,5,12,2400,2400,1.0,18.1975,0.2970833333333333,10.358333333333333,7.839166666666666,0.4307826166597976,0.0,94.21541666666667,0.9853287671700701,20.540416666666665,0.9463983147868297
income,income__N200__c0p18__pareto__biased__random,17,200,pareto,c,0.18,6,12,2400,2400,1.0,18.05,0.28625,9.528333333333334,8.521666666666667,0.47211449676823636,0.0,74.05833333333334,0.9889259742725538,20.279583333333335,0.945544783010157
income,income__N200__c0p18__pareto__biased__random,17,200,pareto,c,0.18,7,12,2400,2400,1.0,18.137916666666666,0.30125,8.935833333333333,9.202083333333333,0.5073395970687556,0.0,52.08083333333333,0.9908692838399938,20.079583333333332,0.9456249569272472
income,income__N200__c0p18__pareto__biased__random,17,200,pareto,c,0.18,8,12,2400,2400,1.0,18.037916666666668,0.27875,8.799166666666666,9.23875,0.5121849807119263,0.0,45.79125,0.9921783020792837,20.005416666666665,0.9452542098819616
income,income__N200__c0p18__pareto__biased__random,17,200,pareto,c,0.18,9,12,2400,2400,1.0,18.01375,0.27375,8.11625,9.8975,0.5494413989313719,0.0,30.86916666666667,0.9932182862535037,19.813333333333333,0.9449263294242823
income,income__N200__c0p18__pareto__biased__random,17,200,pareto,c,0.18,10,12,2400,2400,1.0,18.1075,0.2808333333333333,7.8741666666666665,10.233333333333333,0.5651433568042707,0.0,16.795416666666668,0.9936534927561353,19.71375,0.9451884578213448
income,income__N200__c0p20__pareto__biased__random,19,200,pareto,c,0.2,1,12,2400,1818,0.7575,5.953245324532453,0.0016501650165016502,5.237073707370737,0.7161716171617162,0.1202993624688164,0.15291529152915292,1448.3475,0.6363089151639,27.74041666666667,0.8712926175736857
income,income__N200__c0p20__pareto__biased__random,19,200,pareto,c,0.2,2,12,2400,2400,1.0,15.658333333333333,0.16333333333333333,12.720416666666667,2.9379166666666667,0.18762639701969133,0.0,771.31625,0.9049122249053717,25.2875,0.9441990420436402
income,income__N200__c0p20__pareto__biased__random,19,200,pareto,c,0.2,3,12,2400,2400,1.0,19.372916666666665,0.4891666666666667,13.424166666666666,5.94875,0.30706527583611143,0.0,281.31375,0.9643526241663841,24.14375,0.9511560382836864
income,income__N200__c0p20__pareto__biased__random,19,200,pareto,c,0.2,4,12,2400,2400,1.0,19.929583333333333,0.5716666666666667,11.97125,7.958333333333333,0.3993226150404549,0.0,143.215,0.9801844020825031,23.40041666666667,0.9513286362400953
income,income__N200__c0p20__pareto__biased__random,19,200,pareto,c,0.2,5,12,2400,2400,1.0,20.1475,0.6204166666666666,10.599166666666667,9.548333333333334,0.4739214956363486,0.0,81.03541666666666,0.9856869303236635,22.824166666666667,0.9513380485585474
income,income__N200__c0p20__pareto__biased__random,19,200,pareto,c,0.2,6,12,2400,2400,1.0,20.118333333333332,0.6075,10.052916666666667,10.065416666666666,0.5003106619169911,0.0,60.5675,0.9882253458645491,22.617916666666666,0.951039681882197
income,income__N200__c0p20__pareto__biased__random,19,200,pareto,c,0.2,7,12,2400,2400,1.0,20.124166666666667,0.6145833333333334,9.6875,10.436666666666667,0.5186136071887034,0.0,53.260416666666664,0.9897069441547118,22.482083333333332,0.9509917594931467
income,income__N200__c0p20__pareto__biased__random,19,200,pareto,c,0.2,8,12,2400,2400,1.0,19.984166666666667,0.5941666666666666,9.176666666666666,10.8075,0.5408031358158543,0.0,52.83375,0.9907426799890597,22.319166666666668,0.9505858804887203
income,income__N200__c0p20__pareto__biased__random,19,200,pareto,c,0.2,9,12,2400,2400,1.0,20.01375,0.5929166666666666,9.019583333333333,10.994166666666667,0.5493306684987405,0.0,54.6575,0.9915626168349504,22.285,0.9505964649303604
income,income__N200__c0p20__pareto__biased__random,19,200,pareto,c,0.2,10,12,2400,2400,1.0,20.01,0.5991666666666666,8.866666666666667,11.143333333333333,0.556888222555389,0.0,57.80166666666667,0.9923746565027654,22.2225,0.9505663834749292
