scenario_id,scenario_base_id,c,money_distribution,income_distribution_rule,growth_rule,spending_label,topology_label,events,unique_sizes,sample_min,sample_max,min_tail_required,fit_status,xmin,alpha,ks,tail_n,candidate_count,powerlaw_loglikelihood,bootstrap_samples_requested,bootstrap_samples_valid,bootstrap_p,bootstrap_ks_mean,bootstrap_ks_p95,bootstrap_status,exponential_q,exponential_lambda,pl_vs_exponential_R,pl_vs_exponential_z,pl_vs_exponential_p,lognormal_mu,lognormal_sigma,lognormal_optimization_success,lognormal_optimization_at_boundary,lognormal_optimization_starts,pl_vs_lognormal_R,pl_vs_lognormal_z,pl_vs_lognormal_p,bounded_fit_status,bounded_xmax,bounded_xmin,bounded_alpha,bounded_ks,bounded_tail_n,bounded_candidate_count,bounded_powerlaw_loglikelihood,bounded_bootstrap_samples_requested,bounded_bootstrap_samples_valid,bounded_bootstrap_p,bounded_bootstrap_ks_mean,bounded_bootstrap_ks_p95,bounded_vs_unbounded_R_same_xmin
c-0p60__money-normal__income-biased__growth-random__spend-high_both__topo-er_k24,money-normal__income-biased__growth-random__spend-high_both__topo-er_k24,0.6,normal,biased,random,high_both,er_k24,360,50,3,74,80,ok,63,22.026578605313446,0.05561431487596097,91,41,-194.9303247035515,12,12,0.23076923076923078,0.03964497555152789,0.06320612801882022,ok,0.7242424242424242,0.3226291025290153,-0.5927527362423386,-2.3367527188407027,0.019452045590956448,4.068281083469291,0.08392935991839859,True,False,24,-1.7096910768021742,-1.1753123357669801,0.23986978107003853,ok,120,63,22.02628332323746,0.05561001336473803,91,41,-194.93023227136857,12,12,0.3076923076923077,0.04726055409653112,0.06495944108202197,9.243218292454003e-05
c-0p60__money-normal__income-biased__growth-random__spend-high_both__topo-sw_k12,money-normal__income-biased__growth-random__spend-high_both__topo-sw_k12,0.6,normal,biased,random,high_both,sw_k12,360,53,1,72,80,ok,57,16.643665815770618,0.08410967211344011,136,43,-319.83149809995246,12,12,0.15384615384615385,0.04226424264678977,0.06825296087895183,ok,0.769100169779287,0.26253405816855263,-1.5586732330853772,-3.876689919648834,0.00010588716359090859,4.0155765480343435,0.08829164289611376,True,False,24,-5.038042147345703,-1.8693983947996526,0.06156740774706312,ok,120,57,16.64233029040598,0.0840829071533582,136,43,-319.83052287761546,12,12,0.07692307692307693,0.042853183899042115,0.05938297079198897,0.0009752223369901003
c-0p50__money-normal__income-biased__growth-random__spend-high_both__topo-complete,money-normal__income-biased__growth-random__spend-high_both__topo-complete,0.5,normal,biased,random,high_both,complete,360,53,1,69,80,ok,54,14.291915995010958,0.07182317473767386,130,42,-321.1941937804894,12,12,0.07692307692307693,0.04035913771872287,0.06274231103104784,ok,0.7916666666666666,0.2336148511815052,-1.8683879680259166,-4.25960465696051,2.0478879539370446e-05,3.9737901911322098,0.09712998303773812,True,False,24,-5.761903110930509,-2.0921767786094048,0.03642270495134973,ok,120,54,14.288940977324948,0.07175647250615613,130,42,-321.19151298912175,12,12,0.15384615384615385,0.04298670745683315,0.07454527419706097,0.002680791367652091
c-0p60__money-normal__income-biased__growth-random__spend-high_income__topo-complete,money-normal__income-biased__growth-random__spend-high_income__topo-complete,0.6,normal,biased,random,high_income,complete,360,46,3,59,80,ok,49,18.239849578203557,0.07026490738404575,84,36,-176.24953846475438,12,12,0.23076923076923078,0.05371728512477639,0.07574519355339716,ok,0.7133105802047781,0.33783835705225634,-0.6954337862374897,-2.524247979580212,0.011594610719583412,3.8181733672314704,0.09676430067223081,True,False,24,-1.8463496964121031,-1.2601618348707342,0.20761098750694063,ok,120,49,18.239809776608613,0.07026438230116713,84,36,-176.24952551267288,12,12,0.3076923076923077,0.05612008096517579,0.09487389095030986,1.2952081505090973e-05
c-0p60__money-normal__income-biased__growth-random__spend-high_wealth__topo-ba_k24,money-normal__income-biased__growth-random__spend-high_wealth__topo-ba_k24,0.6,normal,biased,random,high_wealth,ba_k24,360,50,2,59,80,ok,49,18.187755325896056,0.07346251540901116,94,40,-197.52950077101116,12,12,0.15384615384615385,0.04686192626367044,0.06800109842844543,ok,0.7134146341463414,0.33769249302644233,-1.0358877480945694,-3.5349187760151493,0.0004079005204525499,3.874528514269198,0.07633932410789154,True,False,24,-3.9420357796897645,-1.7229235219820807,0.08490235604995301,ok,120,49,18.187711682000753,0.07346175009980882,94,40,-197.52948557368921,12,12,0.07692307692307693,0.05179376833749114,0.06493104029347949,1.5197321943105635e-05
c-0p30__money-lognormal__income-biased__growth-random__spend-high_both__topo-complete,money-lognormal__income-biased__growth-random__spend-high_both__topo-complete,0.3,lognormal,biased,random,high_both,complete,360,39,7,49,80,ok,36,11.186401372869799,0.07166303214581665,118,28,-277.39074844163827,12,12,0.07692307692307693,0.04517031967694185,0.0625258035947624,ok,0.7677165354330708,0.26433470845478985,-2.0441870169579124,-3.6744035470140135,0.00023840568141807536,3.547116514455058,0.13309880556860085,True,False,24,-4.5889124358911335,-1.9102493527509141,0.056101115468609686,ok,120,36,11.185899222263204,0.07164898283903465,118,28,-277.39028394122636,12,12,0.07692307692307693,0.04318624410402668,0.06282281353667571,0.0004645004119083751
c-0p40__money-lognormal__income-biased__growth-random__spend-high_wealth__topo-sw_k6,money-lognormal__income-biased__growth-random__spend-high_wealth__topo-sw_k6,0.4,lognormal,biased,random,high_wealth,sw_k6,360,34,6,44,80,ok,28,8.971048926007121,0.07707860806816325,161,25,-381.28604041261303,12,12,0.07692307692307693,0.039114268508486656,0.050497081584666675,ok,0.7696709585121603,0.26179218207202576,-4.054179720718281,-4.991268375820625,5.998408403503177e-07,3.3375483550570415,0.14663261032612182,True,False,24,-9.161308950169598,-2.5372464460749664,0.011172827014422048,ok,120,28,8.970319602732916,0.07705017825342164,161,25,-381.28479869898877,12,12,0.07692307692307693,0.03200376710649325,0.04626463100854088,0.0012417136242675042
c-0p40__money-lognormal__income-biased__growth-random__spend-high_income__topo-sw_k12,money-lognormal__income-biased__growth-random__spend-high_income__topo-sw_k12,0.4,lognormal,biased,random,high_income,sw_k12,360,33,4,42,80,ok,31,11.582214438404428,0.08454399458734885,89,23,-192.1530227223857,12,12,0.07692307692307693,0.05058919143933249,0.06953021570514106,ok,0.7253086419753086,0.32115800164817043,-1.6833563357088002,-3.7774573337130213,0.00015843763669163807,3.4297127316788605,0.11336139074879277,True,False,24,-4.706770907505297,-1.8818485162224612,0.059856586337166375,ok,120,31,11.58213905885681,0.0845417912376748,89,23,-192.1529793347693,12,12,0.07692307692307693,0.04451753348573465,0.06026686062099201,4.33876164152025e-05
c-0p50__money-lognormal__income-biased__growth-random__spend-baseline__topo-sw_k24,money-lognormal__income-biased__growth-random__spend-baseline__topo-sw_k24,0.5,lognormal,biased,random,baseline,sw_k24,360,37,3,42,80,ok,31,11.876198644862592,0.07095627966566576,89,26,-189.51409545770383,12,12,0.15384615384615385,0.044366676840161795,0.06796022683623966,ok,0.720125786163522,0.32832937922593725,-0.9927314536889409,-2.2605641045656677,0.023786262637214995,3.2820248615839813,0.16425052379781377,True,False,24,-1.614722439547215,-1.2658873760618055,0.20555340663331223,ok,120,31,11.8761457036731,0.0709551753545073,89,26,-189.51406648012212,12,12,0.15384615384615385,0.045715986435949346,0.07148296844383233,2.897758170661291e-05
c-0p50__money-lognormal__income-biased__growth-random__spend-baseline__topo-ba_k24,money-lognormal__income-biased__growth-random__spend-baseline__topo-ba_k24,0.5,lognormal,biased,random,baseline,ba_k24,360,32,4,39,80,ok,30,12.017218004282714,0.09027052247957623,92,23,-191.5960199228215,12,12,0.07692307692307693,0.04153688318229979,0.06332914199052127,ok,0.7070063694267515,0.346715604035974,-1.685550211787729,-4.143606905559441,3.418855815825661e-05,3.3985129587971707,0.10769543225763535,True,False,24,-4.983922948043833,-2.062233851507466,0.03918547729816539,ok,120,30,12.017185475856424,0.0902695835605245,92,23,-191.59600282111788,12,12,0.07692307692307693,0.056984401329218816,0.07651731763291579,1.7101703633670695e-05
c-0p70__money-normal__income-biased__growth-random__spend-baseline__topo-sw_k6,money-normal__income-biased__growth-random__spend-baseline__topo-sw_k6,0.7,normal,biased,random,baseline,sw_k6,360,36,2,46,80,ok,36,12.690702005064514,0.07951509567763171,137,28,-301.6157070531132,12,12,0.07692307692307693,0.03786511694934815,0.054859228466866826,ok,0.7355212355212355,0.3071758671327821,-2.372480324427181,-4.791026391777109,1.659302966672842e-06,3.579822748450889,0.10282566146224811,True,False,24,-7.219895229740626,-2.409411038900384,0.015978290972023863,ok,120,36,12.690596119433229,0.07951215452266247,137,28,-301.6156212015378,12,12,0.07692307692307693,0.03487165512757085,0.05022770143611049,8.585157542029265e-05
c-0p50__money-uniform__income-biased__growth-random__spend-high_wealth__topo-sw_k6,money-uniform__income-biased__growth-random__spend-high_wealth__topo-sw_k6,0.5,uniform,biased,random,high_wealth,sw_k6,360,44,3,49,80,ok,36,10.442318558069301,0.06247005200103756,127,33,-309.0962639042764,12,12,0.07692307692307693,0.03827554035593427,0.0541635386639375,ok,0.7840136054421768,0.2433289049019785,-2.2890763415797926,-3.815560443523837,0.00013587418999468038,3.537219338640943,0.14683998952287045,True,False,24,-4.66748692028491,-2.02832908603958,0.042526672318006206,ok,120,36,10.44124847924213,0.06243495449316533,127,33,-309.09502285988,12,12,0.07692307692307693,0.041674653485018025,0.05451866652254587,0.001241044396408597
c-0p80__money-normal__income-biased__growth-random__spend-low__topo-sw_k24,money-normal__income-biased__growth-random__spend-low__topo-sw_k24,0.8,normal,biased,random,low,sw_k24,360,33,2,38,80,ok,31,13.475850518765709,0.0839698676977757,85,26,-168.48347677087972,12,12,0.07692307692307693,0.051574542846502446,0.07059142841571034,ok,0.6816479400749064,0.38324197132345417,-1.4426588276667642,-4.174682430417696,2.9840201679745684e-05,3.4378373025559616,0.09135289857234172,True,False,24,-5.056400598779106,-2.0970122386899255,0.03599249195379613,ok,120,31,13.475842639844954,0.08396971002466935,85,26,-168.48347369271863,12,12,0.15384615384615385,0.04255213107160274,0.07286712229006252,3.0781610860231012e-06
c-0p50__money-lognormal__income-biased__growth-random__spend-baseline__topo-er_k6,money-lognormal__income-biased__growth-random__spend-baseline__topo-er_k6,0.5,lognormal,biased,random,baseline,er_k6,360,27,7,34,80,ok,24,9.557822692619917,0.08940777494197955,184,20,-392.62802920861964,12,12,0.07692307692307693,0.03195313410047117,0.0497881290532184,ok,0.7177914110429447,0.33157626600900625,-4.670316721953965,-5.934904106300904,2.9401729442368957e-09,3.1980824068645974,0.12669908596120247,True,False,24,-12.479152753527515,-2.960568105502595,0.0030707222038996876,ok,120,24,9.557720646283531,0.08940406321836641,184,20,-392.62787359026584,12,12,0.07692307692307693,0.030262621556090028,0.047306701761169516,0.0001556183538014011
c-0p80__money-normal__income-biased__growth-random__spend-low__topo-sw_k12,money-normal__income-biased__growth-random__spend-low__topo-sw_k12,0.8,normal,biased,random,low,sw_k12,360,33,3,40,80,ok,29,12.093695868583277,0.08741328513667834,127,24,-259.22172436475995,12,12,0.07692307692307693,0.04284214965301264,0.06318517031131331,ok,0.6968973747016707,0.36111711765385596,-2.1776791599636036,-4.013723495647025,5.9768356832439364e-05,3.351658082697044,0.1128103761755438,True,False,24,-5.998248750723668,-1.9260227009830517,0.054101539369422136,ok,120,29,12.093676546849792,0.08741272862402705,127,24,-259.2217098973406,12,12,0.07692307692307693,0.0408127563925611,0.06441167270343161,1.4467419362063083e-05
c-0p70__money-lognormal__income-biased__growth-random__spend-low__topo-sw_k6,money-lognormal__income-biased__growth-random__spend-low__topo-sw_k6,0.7,lognormal,biased,random,low,sw_k6,360,26,8,33,80,ok,22,8.43498856512365,0.0793859615722669,151,17,-332.61095652614097,12,12,0.07692307692307693,0.03518721241969408,0.05491011180034898,ok,0.7341549295774648,0.30903519692234993,-3.6922005416807826,-4.444834943571896,8.795937161349534e-06,3.0670488214282985,0.16983151605312016,True,False,24,-7.023415217631914,-2.3685742759678345,0.017856794475622526,ok,120,22,8.434725811350019,0.07937524064684853,151,17,-332.61054348382356,12,12,0.07692307692307693,0.037014300738907324,0.05813662044063597,0.0004130423174046882
c-0p80__money-uniform__income-uniform__growth-preferential_debt__spend-high_both__topo-ba_k6,money-uniform__income-uniform__growth-preferential_debt__spend-high_both__topo-ba_k6,0.8,uniform,uniform,preferential_debt,high_both,ba_k6,360,22,6,30,80,ok,21,11.198515325852622,0.08728300701740199,120,14,-217.02184301154318,12,12,0.07692307692307693,0.03732544629007599,0.06805591730079956,ok,0.6330275229357798,0.4572413776318843,-2.0766664679182725,-3.601140519948177,0.0003168242694157401,3.0119473704366406,0.12777564281983497,True,False,24,-5.025308647653873,-1.7585983365293005,0.07864575573576142,ok,120,21,11.198512774539124,0.08728292412844274,120,14,-217.02184127816022,12,12,0.07692307692307693,0.04232120563047814,0.06306119950705466,1.7333829589460947e-06
c-0p80__money-equal__income-uniform__growth-preferential_debt__spend-high_both__topo-ba_k12,money-equal__income-uniform__growth-preferential_debt__spend-high_both__topo-ba_k12,0.8,equal,uniform,preferential_debt,high_both,ba_k12,360,24,4,30,80,ok,22,13.255337445852208,0.03392042971409598,107,16,-177.54420845374088,12,12,0.6923076923076923,0.03854070123112056,0.05873169792163879,ok,0.5900383141762452,0.5275678049090643,-0.8877682016407458,-1.8155048610557776,0.06944635961481706,2.885498840904409,0.1634644201866119,True,False,24,-1.3457654473534415,-1.035101235506554,0.3006216356443835,ok,120,22,13.255338531434656,0.0339204581889056,107,16,-177.54420838099918,12,12,0.7692307692307693,0.04515590182111571,0.07780176241074745,7.274169888660253e-08
c-0p80__money-pareto__income-uniform__growth-preferential_debt__spend-high_both__topo-ba_k12,money-pareto__income-uniform__growth-preferential_debt__spend-high_both__topo-ba_k12,0.8,pareto,uniform,preferential_debt,high_both,ba_k12,360,22,4,29,80,ok,21,11.217216778674377,0.0632462162429192,140,16,-252.91621331077917,12,12,0.07692307692307693,0.03160385233196215,0.04278324424686507,ok,0.6325459317585302,0.45800244163604587,-2.3756515240565843,-4.054701325937314,5.0198400579689925e-05,3.003444097281992,0.13117702580254045,True,False,24,-5.442201084242456,-2.1234019347800146,0.03372018522105845,ok,120,21,11.217215021600676,0.06324617032970731,140,16,-252.91621135431572,12,12,0.07692307692307693,0.032997136821210776,0.04614314523351589,1.956463449914736e-06
c-0p80__money-normal__income-uniform__growth-preferential_debt__spend-high_income__topo-ba_k6,money-normal__income-uniform__growth-preferential_debt__spend-high_income__topo-ba_k6,0.8,normal,uniform,preferential_debt,high_income,ba_k6,360,21,6,28,80,ok,21,14.054904619467507,0.08926198287493758,106,16,-163.99222438709387,12,12,0.07692307692307693,0.03661028994699927,0.06269030096493605,ok,0.5508474576271186,0.5962973545700277,-1.6319409361547128,-3.796341308962545,0.00014684728972585252,3.0400274506360057,0.08801016221307037,True,False,24,-5.890159942143568,-1.7458712177511464,0.08083333225036622,ok,120,21,14.054903862354255,0.08926196207030135,106,16,-163.9922243773069,12,12,0.07692307692307693,0.04010618050140041,0.06474991736637127,9.786958798940759e-09
c-0p80__money-lognormal__income-uniform__growth-preferential_debt__spend-high_income__topo-ba_k24,money-lognormal__income-uniform__growth-preferential_debt__spend-high_income__topo-ba_k24,0.8,lognormal,uniform,preferential_debt,high_income,ba_k24,360,21,7,28,80,ok,23,16.180512647665502,0.08462855999407581,88,16,-130.28588636520487,12,12,0.07692307692307693,0.04518238616282244,0.06907668087712353,ok,0.5294117647058824,0.6359887667199967,-0.991079850803761,-3.3010709457373886,0.0009631652417400979,3.101868916037019,0.08888648119606964,True,False,24,-3.2208413426092046,-1.624158960883844,0.10434188702601979,ok,120,23,16.180510590924595,0.08462851392454085,88,16,-130.28588636442944,12,12,0.07692307692307693,0.03521073028068996,0.06208186013808853,7.754294983897125e-10
c-0p70__money-lognormal__income-uniform__growth-preferential_debt__spend-high_both__topo-ba_k24,money-lognormal__income-uniform__growth-preferential_debt__spend-high_both__topo-ba_k24,0.7,lognormal,uniform,preferential_debt,high_both,ba_k24,360,25,2,29,80,ok,21,11.415159321650235,0.05709214437504745,117,17,-208.95384709801027,12,12,0.15384615384615385,0.03741587517638922,0.0603468449831441,ok,0.6273885350318471,0.4661892571702649,-1.6099344555399286,-2.89374575247309,0.0038067626590442038,2.9488174260614657,0.14957503744651046,True,False,24,-3.041869055337557,-1.5394645653349248,0.12369092215792096,ok,120,21,11.415157945799935,0.05709210843630996,117,17,-208.95384594603536,12,12,0.3076923076923077,0.042695961403676486,0.07906254043875616,1.151974913682352e-06
c-0p70__money-uniform__income-uniform__growth-preferential_debt__spend-high_both__topo-ba_k24,money-uniform__income-uniform__growth-preferential_debt__spend-high_both__topo-ba_k24,0.7,uniform,uniform,preferential_debt,high_both,ba_k24,360,22,5,30,80,ok,20,9.871169187087796,0.07363897232243893,176,16,-336.3165391288025,12,12,0.07692307692307693,0.029958417002693832,0.04565905690148775,ok,0.6608863198458573,0.4141734359999489,-3.9251502703383956,-5.126565843790271,2.950748911248028e-07,2.9918084230797195,0.13226201893311107,True,False,24,-9.691781469907705,-2.558678048551204,0.010507099927639563,ok,120,20,9.871154735909654,0.07363854468135822,176,16,-336.3165220332713,12,12,0.07692307692307693,0.025303149713391097,0.035339133235588974,1.7095531177346857e-05
c-0p80__money-uniform__income-uniform__growth-preferential_debt__spend-high_income__topo-er_k6,money-uniform__income-uniform__growth-preferential_debt__spend-high_income__topo-er_k6,0.8,uniform,uniform,preferential_debt,high_income,er_k6,360,28,3,36,80,ok,24,12.802704817681187,0.07216439298330712,114,19,-203.56060794765276,12,12,0.07692307692307693,0.03759436905840482,0.05112589708081525,ok,0.6286644951140065,0.4641575586823117,-1.0441790139986242,-1.5671386085711305,0.11708229644037667,3.0070312976076736,0.15886427891238544,True,False,24,-1.7639213456620237,-0.8876046740899708,0.37475343853765175,ok,120,24,12.802704678119946,0.07216439107508366,114,19,-203.56060746606354,12,12,0.15384615384615385,0.04443151715268184,0.07336143141972477,4.815892111764697e-07
c-0p80__money-equal__income-uniform__growth-preferential_debt__spend-high_income__topo-er_k12,money-equal__income-uniform__growth-preferential_debt__spend-high_income__topo-er_k12,0.8,equal,uniform,preferential_debt,high_income,er_k12,360,23,1,31,80,ok,24,14.860345268097866,0.08092272322595745,112,17,-181.05121637679406,12,12,0.07692307692307693,0.03850339720902621,0.05972147615461549,ok,0.5757575757575758,0.5520685823000397,-1.1023658998511725,-2.6051448409335904,0.009183542856961088,3.0876437713521887,0.11783379219842616,True,False,24,-2.5139218189173125,-1.30474339901859,0.19198023822408716,ok,120,24,14.860346296544556,0.08092274727564153,112,17,-181.05121636035182,12,12,0.07692307692307693,0.03911558662826984,0.05674396143230995,1.6442243122583022e-08
c-0p80__money-normal__income-uniform__growth-preferential_debt__spend-high_income__topo-er_k12,money-normal__income-uniform__growth-preferential_debt__spend-high_income__topo-er_k12,0.8,normal,uniform,preferential_debt,high_income,er_k12,360,27,2,32,80,ok,23,13.060383616540335,0.06554940851625701,155,20,-266.65558466344464,12,12,0.07692307692307693,0.034062667963000205,0.04843977700599778,ok,0.6075949367088608,0.4982468415591305,-2.079942252062631,-3.6434220110337434,0.0002690371950090422,3.082164365279289,0.11806302204089786,True,False,24,-5.101207889345925,-1.8048496973107844,0.07109820513465419,ok,120,23,13.060384096725546,0.06554942151005999,155,20,-266.65558440871916,12,12,0.07692307692307693,0.03572473277016537,0.052711405373069425,2.5472547804383794e-07
c-0p80__money-uniform__income-uniform__growth-preferential_debt__spend-high_income__topo-er_k12,money-uniform__income-uniform__growth-preferential_debt__spend-high_income__topo-er_k12,0.8,uniform,uniform,preferential_debt,high_income,er_k12,360,25,3,31,80,ok,24,14.270927341017943,0.04233036449587546,110,18,-182.8120745241407,12,12,0.46153846153846156,0.0429560177922226,0.07172612998517112,ok,0.5910780669144982,0.5258071773816075,-0.8433218014285901,-1.9803943815994531,0.04765923078725607,2.9800495663938875,0.15308818229276452,True,False,24,-1.3277341342173608,-1.1230755677429745,0.2614054016665138,ok,120,24,14.270926578817136,0.04233034643964939,110,18,-182.81207448186964,12,12,0.23076923076923078,0.037881124095332556,0.06697452995083655,4.22710684233607e-08
c-0p70__money-lognormal__income-uniform__growth-preferential_debt__spend-high_both__topo-er_k24,money-lognormal__income-uniform__growth-preferential_debt__spend-high_both__topo-er_k24,0.7,lognormal,uniform,preferential_debt,high_both,er_k24,360,24,3,31,80,ok,23,13.67490649680316,0.0721701890944727,114,17,-190.14735569048503,12,12,0.07692307692307693,0.03926593300940318,0.05258627836610584,ok,0.5913978494623655,0.5252663079207851,-1.4468948728923172,-3.164398708301412,0.0015540374478837638,3.0829541392331383,0.1127064662073018,True,False,24,-3.698696359872274,-1.5455068445668247,0.1222237146091079,ok,120,23,13.674905463659524,0.07217016352785721,114,17,-190.14735562360102,12,12,0.07692307692307693,0.03860742946356827,0.061448374620603576,6.68840129947057e-08
c-0p80__money-uniform__income-uniform__growth-preferential_debt__spend-high_wealth__topo-ba_k6,money-uniform__income-uniform__growth-preferential_debt__spend-high_wealth__topo-ba_k6,0.8,uniform,uniform,preferential_debt,high_wealth,ba_k6,360,19,6,26,80,ok,21,12.579349968783758,0.08388312135852427,112,14,-187.3778800482305,12,12,0.07692307692307693,0.04199617193466015,0.05655684198677742,ok,0.5912408759124088,0.5255317711556861,-2.043258790596072,-4.723000728557404,2.323900167326976e-06,3.048925698608737,0.09549545191582418,True,False,24,-6.958772113127095,-2.403835021217475,0.016224093326136668,ok,120,21,12.579349140804583,0.08388309924427845,112,14,-187.37787990760978,12,12,0.07692307692307693,0.042609031815561214,0.07458627438891027,1.4062072750675725e-07
c-0p70__money-pareto__income-uniform__growth-preferential_debt__spend-high_both__topo-er_k12,money-pareto__income-uniform__growth-preferential_debt__spend-high_both__topo-er_k12,0.7,pareto,uniform,preferential_debt,high_both,er_k12,360,23,2,29,80,ok,23,14.301649157976355,0.05307886630851494,96,17,-155.26872769220392,12,12,0.3076923076923077,0.04483652279183289,0.07208444309262091,ok,0.5752212389380531,0.5530005488167035,-1.1847227968053258,-3.14337702874624,0.0016701057210018572,3.086749969308298,0.1065700330520571,True,False,24,-3.1528670437664306,-1.6171878549676244,0.10583773712537588,ok,120,23,14.30164819723449,0.05307884303993077,96,17,-155.26872767250296,12,12,0.15384615384615385,0.03325748741536969,0.061830813852219044,1.9700962639035424e-08
c-0p70__money-lognormal__income-uniform__growth-preferential_debt__spend-high_both__topo-er_k6,money-lognormal__income-uniform__growth-preferential_debt__spend-high_both__topo-er_k6,0.7,lognormal,uniform,preferential_debt,high_both,er_k6,360,23,4,31,80,ok,23,14.486418506993246,0.049905810098126446,87,17,-139.45951505910153,12,12,0.23076923076923078,0.03787816075499748,0.05407621876433148,ok,0.5714285714285715,0.5596157879354225,-0.8291698049058115,-1.977421589544122,0.047993995585223485,3.024175028943124,0.12690815752225926,True,False,24,-1.7092457300439998,-1.0234706480904308,0.3060853709690865,ok,120,23,14.486418083849099,0.04990579879274004,87,17,-139.45951504600208,12,12,0.3076923076923077,0.04175009150990936,0.07379239886250331,1.3099452189635485e-08
c-0p70__money-normal__income-uniform__growth-preferential_debt__spend-high_both__topo-sw_k24,money-normal__income-uniform__growth-preferential_debt__spend-high_both__topo-sw_k24,0.7,normal,uniform,preferential_debt,high_both,sw_k24,360,23,1,30,80,ok,24,15.513837954918628,0.07009172097284311,85,17,-133.3365302416679,12,12,0.15384615384615385,0.04513264493137117,0.07031104569615867,ok,0.5595854922279793,0.5805589617806659,-0.9328531141176076,-2.7897769332454074,0.0052744367277031395,3.125532840959898,0.10039971882973633,True,False,24,-2.5767638973729516,-1.413212859835798,0.15759314648360834,ok,120,24,15.513837793772963,0.07009171699180339,85,17,-133.336530237375,12,12,0.15384615384615385,0.05014771200046691,0.0690951577727914,4.2929002574965125e-09
c-0p80__money-uniform__income-uniform__growth-preferential_debt__spend-high_both__topo-sw_k6,money-uniform__income-uniform__growth-preferential_debt__spend-high_both__topo-sw_k6,0.8,uniform,uniform,preferential_debt,high_both,sw_k6,360,26,4,32,80,ok,22,8.668111659523083,0.06366396280197376,165,18,-357.73877558289144,12,12,0.07692307692307693,0.0318080532172843,0.041571706589379816,ok,0.7263681592039801,0.31969828635073927,-3.8755918948778563,-4.600934805414592,4.205990666357737e-06,3.061897725200148,0.16703104656556855,True,False,24,-7.3865949487919025,-2.4806086203303552,0.01311582958550076,ok,120,22,8.667924780176119,0.0636585192916709,165,18,-357.73847351121685,12,12,0.15384615384615385,0.0423465703487835,0.06363605311199692,0.0003020716745822938
c-0p70__money-uniform__income-biased__growth-random__spend-low__topo-ba_k12,money-uniform__income-biased__growth-random__spend-low__topo-ba_k12,0.7,uniform,biased,random,low,ba_k12,360,26,4,34,80,ok,25,11.353540187500915,0.05964769983771351,86,18,-169.14460713454284,12,12,0.15384615384615385,0.04112659303485986,0.059133283094425435,ok,0.6779026217228464,0.3887516271344238,-1.351045478592339,-2.9452261041695067,0.003227187342688395,3.1592480194562698,0.13825330775345007,True,False,24,-2.8475511729755585,-1.5595987079598896,0.11885474204010456,ok,120,25,11.35352723537262,0.059647381636938446,86,18,-169.1446011766849,12,12,0.3076923076923077,0.04280931595341355,0.06509816819221187,5.95785795098891e-06
c-0p80__money-normal__income-uniform__growth-preferential_debt__spend-high_wealth__topo-er_k12,money-normal__income-uniform__growth-preferential_debt__spend-high_wealth__topo-er_k12,0.8,normal,uniform,preferential_debt,high_wealth,er_k12,360,25,1,29,80,ok,21,10.066740242810424,0.07742437871219698,198,19,-383.33730284104917,12,12,0.07692307692307693,0.027542907377416593,0.04234201099451358,ok,0.669449081803005,0.4013001708088802,-3.2310099973472117,-4.239437964789025,2.240801050565572e-05,2.950329242308926,0.16728938772621715,True,False,24,-5.599625849614052,-2.3767135578121574,0.017467646731105357,ok,120,21,10.066724821987666,0.07742394058903873,198,19,-383.3372816559013,12,12,0.07692307692307693,0.027796731732216848,0.03768765532197015,2.118514788662651e-05
c-0p80__money-normal__income-uniform__growth-preferential_debt__spend-high_income__topo-sw_k12,money-normal__income-uniform__growth-preferential_debt__spend-high_income__topo-sw_k12,0.8,normal,uniform,preferential_debt,high_income,sw_k12,360,23,3,31,80,ok,24,12.766242223318832,0.08885861996000921,125,18,-223.6134074021963,12,12,0.07692307692307693,0.03602014997422593,0.06635286878741799,ok,0.6268656716417911,0.4670230011075977,-2.3114778542551155,-4.931206260436371,8.172338620949737e-07,3.1872084140495534,0.09248225875907336,True,False,24,-8.185236162141605,-2.456064293738381,0.014046802374594613,ok,120,24,12.766239420232957,0.08885853530026433,125,18,-223.61340684174212,12,12,0.07692307692307693,0.04047869766277541,0.06407595045775512,5.604541684078868e-07
c-0p50__money-normal__income-biased__growth-preferential_debt__spend-high_both__topo-er_k6,money-normal__income-biased__growth-preferential_debt__spend-high_both__topo-er_k6,0.5,normal,biased,preferential_debt,high_both,er_k6,360,52,3,58,80,ok,49,17.32058544001469,0.08925099241165158,122,44,-262.9952108731225,12,12,0.07692307692307693,0.04689384105748779,0.07343699537823475,ok,0.7258426966292135,0.3204219589435836,-1.6244231675209644,-5.10139574331154,3.3715773224072376e-07,3.896653734720413,0.06979887943277596,True,False,24,-7.338974124521914,-2.4918564039924487,0.012707740177385615,ok,120,49,17.320499211155063,0.08924936366794556,122,44,-262.995167466063,12,12,0.07692307692307693,0.03712018659772043,0.052649929946359905,4.3407059536093584e-05
c-0p60__money-equal__income-biased__growth-preferential_debt__spend-high_income__topo-ba_k24,money-equal__income-biased__growth-preferential_debt__spend-high_income__topo-ba_k24,0.6,equal,biased,preferential_debt,high_income,ba_k24,360,51,3,70,80,ok,59,24.81136375987943,0.07229028593126308,85,43,-165.6064857767094,12,12,0.07692307692307693,0.051244795109177566,0.06856533042245631,ok,0.6755725190839695,0.3921947711872676,-0.5040852585466649,-2.0882689871076185,0.03677357734310189,4.0173741429219065,0.0719157609062128,True,False,24,-1.721586707068472,-0.985680600435995,0.32428987207344573,ok,120,59,24.811349523280146,0.07229009316123824,85,43,-165.6064828989542,12,12,0.23076923076923078,0.0546984239601277,0.07733816455977488,2.877755207464361e-06
c-0p50__money-pareto__income-biased__growth-preferential_debt__spend-high_both__topo-ba_k24,money-pareto__income-biased__growth-preferential_debt__spend-high_both__topo-ba_k24,0.5,pareto,biased,preferential_debt,high_both,ba_k24,360,56,2,63,80,ok,53,19.90748702453203,0.0551929179051841,82,46,-170.56864369655497,12,12,0.38461538461538464,0.058509248595310925,0.1068728500346674,ok,0.7092198581560284,0.34358970439007686,-0.5653012772830264,-2.1566658796705966,0.031031707357368755,3.8776710842793967,0.0959508695799855,True,False,24,-1.4198628057644604,-1.1062050116025643,0.26863779418383504,ok,120,53,19.907443946970297,0.05519224246475851,82,46,-170.56863129508315,12,12,0.3076923076923077,0.04821422960332563,0.06414405181117731,1.2401471821021914e-05
c-0p50__money-pareto__income-biased__growth-preferential_debt__spend-high_both__topo-ba_k12,money-pareto__income-biased__growth-preferential_debt__spend-high_both__topo-ba_k12,0.5,pareto,biased,preferential_debt,high_both,ba_k12,360,47,5,57,80,ok,46,18.432908142124045,0.04908309887562712,115,37,-232.7041038760671,12,12,0.6153846153846154,0.0502341870235219,0.07034199504109465,ok,0.6949602122015915,0.36390068368691386,-0.8211229553481969,-2.3582206398683794,0.018362775115878548,3.7195641433392828,0.10638752302813444,True,False,24,-1.8638930776488833,-1.2150158728413243,0.22436003752201727,ok,120,46,18.432897035289347,0.04908289578533509,115,37,-232.70409898497246,12,12,0.46153846153846156,0.04595389168877654,0.06879235176254095,4.891094647518912e-06
c-0p60__money-normal__income-biased__growth-preferential_debt__spend-high_income__topo-sw_k12,money-normal__income-biased__growth-preferential_debt__spend-high_income__topo-sw_k12,0.6,normal,biased,preferential_debt,high_income,sw_k12,360,57,4,80,80,ok,69,25.796737820045124,0.049305232050738446,89,47,-183.5475049491493,12,12,0.46153846153846156,0.049317870144917175,0.08508985378989256,ok,0.705298013245033,0.3491348516654446,-0.44241390420667237,-2.0764832203089063,0.037849281458010954,4.147406951134952,0.07765794569877944,True,False,24,-1.296039884156261,-1.0399626710841714,0.2983572437892794,ok,120,69,25.796444889925628,0.049301528017766216,89,47,-183.54743106714344,12,12,0.5384615384615384,0.05231594517333313,0.08166453227146633,7.388200586433413e-05
c-0p50__money-uniform__income-biased__growth-preferential_debt__spend-high_income__topo-ba_k12,money-uniform__income-biased__growth-preferential_debt__spend-high_income__topo-ba_k12,0.5,uniform,biased,preferential_debt,high_income,ba_k12,360,35,9,44,80,ok,35,14.824957963782783,0.08733322141715333,86,27,-171.52327619780579,12,12,0.15384615384615385,0.04755084547080263,0.0742064606261888,ok,0.684981684981685,0.3783631783303731,-1.4286549419211494,-4.367182393951957,1.2585962087508512e-05,3.570718495798252,0.07603776406258163,True,False,24,-6.235330496634088,-2.0521430722463463,0.04015576004167195,ok,120,35,14.824950036012424,0.08733303351454896,86,27,-171.52327351815626,12,12,0.07692307692307693,0.05730063408992584,0.08363295809987893,2.6796495262715325e-06
c-0p70__money-pareto__income-biased__growth-preferential_debt__spend-baseline__topo-er_k12,money-pareto__income-biased__growth-preferential_debt__spend-baseline__topo-er_k12,0.7,pareto,biased,preferential_debt,baseline,er_k12,360,54,3,59,80,ok,47,14.493251664267275,0.1256032543997435,143,44,-331.10313058027623,12,12,0.07692307692307693,0.036610810212219985,0.04934540802673361,ok,0.7600671140939597,0.2743485415823158,-2.705607980309001,-6.635604598429099,3.231750966836355e-11,3.8825278177913902,0.06962709543157804,True,False,24,-13.752387069790188,-2.9193174949653384,0.0035079873747074623,ok,120,47,14.492789900186493,0.1255933897682187,143,44,-331.10275309234487,12,12,0.07692307692307693,0.038138991396249204,0.054702519043651865,0.00037748793135961023
c-0p80__money-normal__income-biased__growth-preferential_debt__spend-low__topo-ba_k12,money-normal__income-biased__growth-preferential_debt__spend-low__topo-ba_k12,0.8,normal,biased,preferential_debt,low,ba_k12,360,34,7,41,80,ok,31,13.22404325285783,0.07867066307137971,81,25,-162.31611882603684,12,12,0.15384615384615385,0.04943466092478912,0.0866442208338409,ok,0.6884615384615385,0.3732958251747727,-1.0313355359623197,-2.6972770561087853,0.006990907905440218,3.369947715857176,0.1224086129548448,True,False,24,-2.3889148735643886,-1.351293232606726,0.1766015189974558,ok,120,31,13.224032516451285,0.07867044664710515,81,25,-162.31611468135407,12,12,0.23076923076923078,0.05763905603199926,0.09252090323634034,4.144682776541231e-06
c-0p70__money-normal__income-biased__growth-preferential_debt__spend-baseline__topo-er_k12,money-normal__income-biased__growth-preferential_debt__spend-baseline__topo-er_k12,0.7,normal,biased,preferential_debt,baseline,er_k12,360,50,4,57,80,ok,48,17.787049656896805,0.08133976221744776,107,42,-225.28903041358683,12,12,0.07692307692307693,0.04141444478546666,0.06197013818218037,ok,0.713903743315508,0.3370071390142825,-1.4054392608425006,-4.729442575108653,2.2513712184063515e-06,3.877575146173568,0.06675189822215505,True,False,24,-6.68588910551013,-2.263936459937188,0.02357802308062404,ok,120,48,17.787005166056787,0.08133889352167778,107,42,-225.28901285392027,12,12,0.07692307692307693,0.046433008261742736,0.0640624178984277,1.7559666559918696e-05
c-0p50__money-uniform__income-biased__growth-preferential_debt__spend-high_both__topo-sw_k6,money-uniform__income-biased__growth-preferential_debt__spend-high_both__topo-sw_k6,0.5,uniform,biased,preferential_debt,high_both,sw_k6,360,57,7,70,80,ok,58,19.532337565682177,0.0666711944719296,159,47,-348.37156608299426,12,12,0.15384615384615385,0.03899211536471826,0.0611168380259977,ok,0.735,0.3078847797693004,-1.4383311783823078,-4.009205904299882,6.092327697879892e-05,4.022676907734031,0.0797258581286144,True,False,24,-4.8940012349809985,-1.9533315494684125,0.05078032139998012,ok,120,58,19.53205092713408,0.06666651957141922,159,47,-348.37138900094214,12,12,0.07692307692307693,0.0404517661896514,0.06233485119083749,0.00017708205211874883
c-0p70__money-pareto__income-biased__growth-preferential_debt__spend-baseline__topo-er_k6,money-pareto__income-biased__growth-preferential_debt__spend-baseline__topo-er_k6,0.7,pareto,biased,preferential_debt,baseline,er_k6,360,44,3,53,80,ok,44,13.391404712760107,0.10073064180016877,167,38,-390.84563903533683,12,12,0.07692307692307693,0.03160487973357299,0.04844911948730099,ok,0.7647887323943662,0.26815565010142567,-3.542837707955464,-7.416650456377992,1.2011941099811333e-13,3.823109358979241,0.07336898367963711,True,False,24,-17.329317192960016,-3.6960242335765523,0.00021900207771266412,ok,120,44,13.390885885119578,0.10071749354082593,167,38,-390.8450881759751,12,12,0.07692307692307693,0.031547284153250456,0.0460384425095446,0.000550859361737821
c-0p80__money-normal__income-biased__growth-preferential_debt__spend-low__topo-er_k6,money-normal__income-biased__growth-preferential_debt__spend-low__topo-er_k6,0.8,normal,biased,preferential_debt,low,er_k6,360,37,9,47,80,ok,37,16.333546630836132,0.09989217024223346,92,29,-178.55067865684538,12,12,0.07692307692307693,0.04702432298971043,0.07140588690440207,ok,0.6714285714285715,0.3983476403393003,-1.2652278699976023,-4.00002555945163,6.333564276158192e-05,3.6124190403245833,0.07498882303438148,True,False,24,-5.342612633102956,-1.7824974150538242,0.07466815238911728,ok,120,37,16.33354445901877,0.09989213531693936,92,29,-178.55067762539966,12,12,0.07692307692307693,0.04772646654553083,0.0622626843040551,1.0314457199456228e-06
c-0p50__money-normal__income-biased__growth-random__spend-high_both__topo-er_k24,money-normal__income-biased__growth-random__spend-high_both__topo-er_k24,0.5,normal,biased,random,high_both,er_k24,360,55,3,66,80,ok,55,16.619690491297117,0.09771208894417285,87,44,-201.62698870233947,12,12,0.07692307692307693,0.054111214288771775,0.07792962206360331,ok,0.7616438356164384,0.27227623989185434,-1.1771305736759488,-4.418984469138986,9.916577263778135e-06,4.009260547034799,0.0752249036098282,True,False,24,-4.878256750952587,-2.196969383210328,0.028022632892157482,ok,120,55,16.61888103632068,0.0977020463531312,87,44,-201.62662686139637,12,12,0.07692307692307693,0.054024530084334284,0.07187365622280027,0.00036184094309987813
c-0p60__money-normal__income-biased__growth-random__spend-high_income__topo-sw_k24,money-normal__income-biased__growth-random__spend-high_income__topo-sw_k24,0.6,normal,biased,random,high_income,sw_k24,360,47,2,62,80,ok,46,13.584567758674918,0.08695977633626834,129,37,-305.52419347019065,12,12,0.07692307692307693,0.04201216564719588,0.061073208438095286,ok,0.7720848056537102,0.2586608831075929,-1.7265516266177718,-3.4479861567374157,0.0005647829833959394,3.783241650965412,0.11418238001487471,True,False,24,-4.304382086524878,-1.7296535911128066,0.08369218500435777,ok,120,46,13.583828327344575,0.08694128243647342,129,37,-305.5235782074487,12,12,0.15384615384615385,0.04759697803393916,0.07327165044322417,0.0006152627419737655
c-0p40__money-lognormal__income-biased__growth-random__spend-high_wealth__topo-er_k12,money-lognormal__income-biased__growth-random__spend-high_wealth__topo-er_k12,0.4,lognormal,biased,random,high_wealth,er_k12,360,44,7,50,80,ok,39,12.079096699669629,0.0880728417649542,88,33,-205.91498552911037,12,12,0.15384615384615385,0.05107091643040657,0.08234966150519103,ok,0.7659574468085105,0.26662866325394874,-1.3277255677446107,-3.3107619266347323,0.0009304233062661558,3.6141717680390184,0.12870130264117935,True,False,24,-2.995190222181854,-1.770593833317536,0.07662826816438204,ok,120,39,12.078639301108481,0.08806482591110942,88,33,-205.9146997195377,12,12,0.07692307692307693,0.05193519666192024,0.06973374984394597,0.0002858095726594456
c-0p60__money-uniform__income-biased__growth-random__spend-high_wealth__topo-er_k12,money-uniform__income-biased__growth-random__spend-high_wealth__topo-er_k12,0.6,uniform,biased,random,high_wealth,er_k12,360,52,5,64,80,ok,50,16.18474917382536,0.12993280292597895,91,42,-204.92957384472618,12,12,0.07692307692307693,0.04977261555693597,0.08103539210622972,ok,0.7472222222222222,0.2913926518483166,-1.3976987285982208,-4.634296342671368,3.5815362841913323e-06,3.929411691285422,0.06877851807015782,True,False,24,-6.800763158915698,-1.9673302603688108,0.04914514861419924,ok,120,50,16.184468559970956,0.12992902094276612,91,42,-204.92944982525475,12,12,0.07692307692307693,0.05073935478843327,0.06398683914236913,0.00012401947142848257
c-0p40__money-lognormal__income-biased__growth-random__spend-high_income__topo-er_k24,money-lognormal__income-biased__growth-random__spend-high_income__topo-er_k24,0.4,lognormal,biased,random,high_income,er_k24,360,38,6,44,80,ok,30,8.075111682916303,0.1019978809170457,193,28,-496.4458407381485,12,12,0.07692307692307693,0.04242251282629639,0.05825917456186019,ok,0.8068068068068068,0.2146710361419252,-6.116519787228787,-6.496224770744537,8.23605788398832e-11,3.442662983487966,0.1477462805691795,True,False,24,-14.518509002293444,-3.3401506145446165,0.0008373296540845924,ok,120,30,8.071734260861813,0.10185681335596058,193,28,-496.4366436089842,12,12,0.07692307692307693,0.03537443810016604,0.05654210253770492,0.009197129164306261
c-0p60__money-normal__income-biased__growth-random__spend-high_income__topo-sw_k6,money-normal__income-biased__growth-random__spend-high_income__topo-sw_k6,0.6,normal,biased,random,high_income,sw_k6,360,43,3,51,80,ok,40,13.4621671806667,0.09414544891915388,125,33,-279.83298018801,12,12,0.07692307692307693,0.04131414082221239,0.06340012181752615,ok,0.7438524590163934,0.2959125715882964,-2.1665081326027344,-5.081971635560728,3.7353720112975645e-07,3.6976931321603836,0.0905172116369224,True,False,24,-7.734058190747883,-2.4504778535522185,0.014266673864274526,ok,120,40,13.462005160808195,0.09414124099653931,125,33,-279.832864807084,12,12,0.07692307692307693,0.04046812914964168,0.07568322410796038,0.00011538092604723715
c-0p70__money-normal__income-biased__growth-random__spend-baseline__topo-er_k24,money-normal__income-biased__growth-random__spend-baseline__topo-er_k24,0.7,normal,biased,random,baseline,er_k24,360,47,2,57,80,ok,40,11.47805758540862,0.07747567003768172,157,37,-380.87583893659723,12,12,0.07692307692307693,0.03726495669525396,0.04803907986246162,ok,0.782246879334258,0.2455848857868902,-3.0362102387385694,-4.960424933865059,7.03391393784075e-07,3.6894791431964666,0.11373225512935749,True,False,24,-8.52518201215999,-2.4229845082297596,0.015393583117984722,ok,120,40,11.477018722753028,0.07745764591555188,157,37,-380.8745148085811,12,12,0.07692307692307693,0.03698240333905332,0.05349347660353688,0.0013241280161082614
c-0p60__money-normal__income-biased__growth-random__spend-high_wealth__topo-er_k6,money-normal__income-biased__growth-random__spend-high_wealth__topo-er_k6,0.6,normal,biased,random,high_wealth,er_k6,360,48,1,55,80,ok,43,12.572884455965177,0.07837404530299491,127,38,-303.64199210436436,12,12,0.07692307692307693,0.03810921527479727,0.05487870303023554,ok,0.7756183745583038,0.25409466512801165,-2.3047461616040543,-4.9832101696912625,6.25379592211138e-07,3.766578086445527,0.10043502059340961,True,False,24,-7.3331033736130955,-2.489532866243121,0.01279110914343075,ok,120,43,12.572068355235613,0.07836092641391107,127,38,-303.6412552224323,12,12,0.07692307692307693,0.045803967103900674,0.06129556920604262,0.0007368819320845432
c-0p40__money-uniform__income-biased__growth-random__spend-high_both__topo-sw_k24,money-uniform__income-biased__growth-random__spend-high_both__topo-sw_k24,0.4,uniform,biased,random,high_both,sw_k24,360,48,5,56,80,ok,40,10.21519052221507,0.07647205701452209,139,36,-356.77718248153457,12,12,0.07692307692307693,0.03576363076564546,0.06275028548902523,ok,0.8074792243767313,0.21383795254233393,-3.1000385484172224,-4.984932405391338,6.198347834897232e-07,3.696076651825489,0.12687252098905635,True,False,24,-7.94357365006832,-2.5432006746607545,0.010984212416895782,ok,120,40,10.211902915259895,0.07636447230384624,139,36,-356.77238465339155,12,12,0.07692307692307693,0.040279767862974776,0.051818943199721364,0.004797828143011884
c-0p50__money-uniform__income-biased__growth-random__spend-high_wealth__topo-er_k24,money-uniform__income-biased__growth-random__spend-high_wealth__topo-er_k24,0.5,uniform,biased,random,high_wealth,er_k24,360,46,5,52,80,ok,42,13.232108466970903,0.1041779730299695,90,36,-207.68400211232222,12,12,0.07692307692307693,0.05180967967316996,0.07649422145517665,ok,0.7587131367292226,0.27613152200057783,-1.5795939479391499,-4.2735888464684715,1.923515871471282e-05,3.745436017294923,0.09323865689820425,True,False,24,-5.432115115089674,-2.143547241695128,0.03206918194661446,ok,120,42,13.23175853286666,0.10416967411774503,90,36,-207.6838057308361,12,12,0.15384615384615385,0.05370668058635004,0.0955355493794692,0.00019638148611988981
c-0p40__money-lognormal__income-biased__growth-random__spend-high_wealth__topo-er_k6,money-lognormal__income-biased__growth-random__spend-high_wealth__topo-er_k6,0.4,lognormal,biased,random,high_wealth,er_k6,360,40,3,46,80,ok,34,11.614825416122388,0.08437284855044602,88,28,-197.86670854556957,12,12,0.07692307692307693,0.04741895495399947,0.07083814546484699,ok,0.7456647398843931,0.2934791901361068,-1.668104959456456,-3.799109311346887,0.00014521703651815688,3.5247985238095842,0.11228668642108336,True,False,24,-4.749673340344399,-1.8316879377970308,0.06699792678222778,ok,120,34,11.614641762516053,0.08436767923086885,88,28,-197.8665975938527,12,12,0.15384615384615385,0.04979247878271848,0.08319633913771693,0.00011095171686292815
c-0p40__money-uniform__income-biased__growth-random__spend-high_both__topo-ba_k12,money-uniform__income-biased__growth-random__spend-high_both__topo-ba_k12,0.4,uniform,biased,random,high_both,ba_k12,360,48,4,55,80,ok,41,13.151470262976607,0.062025528565498034,95,36,-217.59955923339376,12,12,0.23076923076923078,0.051697902757962294,0.07465820224075144,ok,0.7564102564102565,0.27917138278387216,-1.0783657974521204,-2.5282973020219925,0.011461724875517467,3.60960162230542,0.13776820829310954,True,False,24,-2.0828018985984667,-1.3577328530309567,0.17454846816859249,ok,120,41,13.151183911123981,0.06201876778166371,95,36,-217.59939125925183,12,12,0.38461538461538464,0.05252227796053586,0.07815934551713337,0.00016797414193092663
c-0p50__money-uniform__income-biased__growth-random__spend-high_wealth__topo-sw_k12,money-uniform__income-biased__growth-random__spend-high_wealth__topo-sw_k12,0.5,uniform,biased,random,high_wealth,sw_k12,360,45,6,61,80,ok,40,12.42111277920829,0.11091854655609729,101,34,-235.58228392865956,12,12,0.07692307692307693,0.05269361508216861,0.08361937915001122,ok,0.7645687645687645,0.26844331054387327,-1.452901459506601,-2.1962362042739128,0.028075041277468852,3.6428872271491235,0.12407901754465955,True,False,24,-3.495856196484805,-1.0695936462377982,0.2848022563794983,ok,120,40,12.420681607821255,0.11090654464769428,101,34,-235.58198633746832,12,12,0.07692307692307693,0.047950537924209335,0.07772939471048075,0.00029759119124150857
c-0p60__money-equal__income-biased__growth-random__spend-high_income__topo-ba_k6,money-equal__income-biased__growth-random__spend-high_income__topo-ba_k6,0.6,equal,biased,random,high_income,ba_k6,360,37,1,50,80,ok,39,12.840013629645455,0.06664994367175853,151,28,-342.5052460196917,12,12,0.15384615384615385,0.038466292461824064,0.070567222638984,ok,0.7508250825082509,0.286582567118364,-2.2805554434231308,-4.334663792878248,1.4598306016111314e-05,3.6311339812110304,0.11464339770981048,True,False,24,-5.838314893904794,-2.2490216392813305,0.024511119364463967,ok,120,39,12.839794487460484,0.06664447073210045,151,28,-342.50504011966746,12,12,0.07692307692307693,0.0341632172569924,0.05064421012904033,0.00020590002424114573
c-0p50__money-uniform__income-biased__growth-random__spend-high_income__topo-er_k12,money-uniform__income-biased__growth-random__spend-high_income__topo-er_k12,0.5,uniform,biased,random,high_income,er_k12,360,42,4,50,80,ok,40,17.67623967510855,0.0796786547710413,80,34,-154.4452343561982,12,12,0.07692307692307693,0.055655178416544694,0.07429007007555062,ok,0.6694214876033058,0.4013413909243023,-0.8750417078368531,-2.9623314077296508,0.003053189622943155,3.6660053190846544,0.08010374899835618,True,False,24,-3.1712627187848446,-1.364360655038294,0.1724540845361433,ok,120,40,17.676237503137695,0.07967861382801211,80,34,-154.44523368271203,12,12,0.07692307692307693,0.0489504618803118,0.0652723211833221,6.734861699442263e-07
c-0p50__money-uniform__income-biased__growth-random__spend-high_wealth__topo-ba_k12,money-uniform__income-biased__growth-random__spend-high_wealth__topo-ba_k12,0.5,uniform,biased,random,high_wealth,ba_k12,360,45,4,54,80,ok,39,12.467443178781695,0.07279711119093912,125,33,-287.83756730436363,12,12,0.07692307692307693,0.03502296736463242,0.058048602318019046,ok,0.758220502901354,0.27678103471796656,-1.8732595441548159,-3.63398332240384,0.00027907890951688307,3.6237289821389815,0.12109199198552101,True,False,24,-4.559593603813754,-1.8118336659260108,0.07001190150592926,ok,120,39,12.467127921542625,0.0727883156244794,125,33,-287.8373066092661,12,12,0.23076923076923078,0.0464063355712676,0.08110633909738947,0.00026069509755188847
c-0p80__money-normal__income-biased__growth-random__spend-low__topo-complete,money-normal__income-biased__growth-random__spend-low__topo-complete,0.8,normal,biased,random,low,complete,360,36,3,42,80,ok,29,10.012958635488147,0.054150386185109756,139,26,-315.1556899677602,12,12,0.07692307692307693,0.03367429928470208,0.042561540116164406,ok,0.75,0.2876820724517809,-2.4973495597028057,-3.656016536705631,0.00025616483711531996,3.303862169930092,0.15876258524474762,True,False,24,-4.67452268012981,-1.9672169280437042,0.04915820725943286,ok,120,29,10.012689313842515,0.054141529851972736,139,26,-315.15537257347114,12,12,0.23076923076923078,0.04009534384046003,0.05567423352392138,0.00031739428908394984
c-0p50__money-uniform__income-biased__growth-random__spend-high_income__topo-sw_k6,money-uniform__income-biased__growth-random__spend-high_income__topo-sw_k6,0.5,uniform,biased,random,high_income,sw_k6,360,38,5,45,80,ok,35,13.309115733635723,0.04873010749878787,82,28,-173.67798953740447,12,12,0.5384615384615384,0.05199973591864556,0.07747674764291411,ok,0.7172413793103448,0.33234284327920177,-0.9714207265966406,-2.502018374395021,0.012348751572237037,3.4676098968854987,0.13050108935194962,True,False,24,-2.0026754264309075,-1.3333223552046052,0.18242604052551603,ok,120,35,13.309076632168836,0.04872911108742911,82,28,-173.6779725476254,12,12,0.3076923076923077,0.03929618116462432,0.051814721129305616,1.698977908404231e-05
c-0p60__money-uniform__income-biased__growth-random__spend-baseline__topo-sw_k12,money-uniform__income-biased__growth-random__spend-baseline__topo-sw_k12,0.6,uniform,biased,random,baseline,sw_k12,360,38,5,46,80,ok,32,11.29474145201196,0.09442321622400651,113,27,-250.95260192750848,12,12,0.07692307692307693,0.03494328451309977,0.05206105904297983,ok,0.7402298850574712,0.30079448554427585,-1.7774995837248664,-3.035151732505329,0.0024041470329151065,3.4074242805802237,0.13987461124691955,True,False,24,-3.731572476381329,-1.542226943189376,0.12301845491940289,ok,120,32,11.29459622706842,0.09441865454931009,113,27,-250.952488010587,12,12,0.07692307692307693,0.04727565660356,0.07309470534049907,0.00011391692149231858
c-0p30__money-lognormal__income-biased__growth-random__spend-high_both__topo-ba_k6,money-lognormal__income-biased__growth-random__spend-high_both__topo-ba_k6,0.3,lognormal,biased,random,high_both,ba_k6,360,33,6,42,80,ok,31,11.562599685679858,0.1379898380928751,93,24,-200.97610327272577,12,12,0.07692307692307693,0.06143607846538481,0.09291303749961799,ok,0.7248520710059172,0.32178768493829174,-2.126605046176298,-5.248363358314805,1.5345639764546262e-07,3.467659434174027,0.09258593530015331,True,False,24,-8.092850648667378,-2.433193302027742,0.014966308557432683,ok,120,31,11.562522371742537,0.13798821140728804,93,24,-200.97605669747145,12,12,0.07692307692307693,0.05221758829398412,0.07727665615605123,4.657525431639442e-05
c-0p80__money-normal__income-biased__growth-random__spend-low__topo-er_k12,money-normal__income-biased__growth-random__spend-low__topo-er_k12,0.8,normal,biased,random,low,er_k12,360,33,2,41,80,ok,32,16.146521283242407,0.09099973794073235,84,26,-151.9627680847084,12,12,0.07692307692307693,0.033775729473539844,0.0598026833690167,ok,0.6347826086956522,0.45447268721485895,-0.9997049046288957,-3.1530236707411903,0.0016158870337617019,3.4405386524237715,0.08754867910972529,True,False,24,-3.362483118620704,-1.4575965668297857,0.14495177651491054,ok,120,32,16.146521323290635,0.0909997392872468,84,26,-151.96276795797365,12,12,0.07692307692307693,0.04197798297552611,0.07031647931341992,1.2673473293034476e-07
c-0p80__money-normal__income-uniform__growth-preferential_debt__spend-high_income__topo-ba_k12,money-normal__income-uniform__growth-preferential_debt__spend-high_income__topo-ba_k12,0.8,normal,uniform,preferential_debt,high_income,ba_k12,360,21,4,28,80,ok,22,12.012933021785821,0.06918198783071972,108,15,-191.44385061839688,12,12,0.15384615384615385,0.04547784347015812,0.0717535806452913,ok,0.6223776223776224,0.47420826052776743,-1.857837205325948,-4.036077107980451,5.4352359327873355e-05,3.0725388750299225,0.11285935828705022,True,False,24,-5.077817096804299,-2.0984176868842734,0.03586826422235447,ok,120,22,12.012933355265119,0.06918199926313945,108,15,-191.4438499951009,12,12,0.07692307692307693,0.04066964759071836,0.062015836874410736,6.232959890439815e-07
c-0p80__money-uniform__income-uniform__growth-random__spend-high_both__topo-ba_k6,money-uniform__income-uniform__growth-random__spend-high_both__topo-ba_k6,0.8,uniform,uniform,random,high_both,ba_k6,360,24,3,33,80,ok,22,10.99979867232226,0.0689820964015384,154,16,-288.94654106817006,12,12,0.07692307692307693,0.034328361593026845,0.05447357087074031,ok,0.6531531531531533,0.4259436394517049,-2.3566037843119307,-3.2316296104079796,0.0012308648862854128,3.018733885886363,0.14652704767436422,True,False,24,-4.765759381168734,-1.6498590156821225,0.09897177492264221,ok,120,22,10.999793664276048,0.06898193314009715,154,16,-288.946535982649,12,12,0.15384615384615385,0.03519545414612312,0.059279258832490855,5.085521081582556e-06
c-0p70__money-pareto__income-uniform__growth-preferential_debt__spend-high_both__topo-ba_k12,money-pareto__income-uniform__growth-preferential_debt__spend-high_both__topo-ba_k12,0.7,pareto,uniform,preferential_debt,high_both,ba_k12,360,22,1,28,80,ok,20,10.794528667051274,0.10192711452736025,154,16,-277.7068375165984,12,12,0.07692307692307693,0.02692463790736904,0.04027250598222801,ok,0.6298076923076923,0.4623407565001665,-3.5387300050191075,-5.791561458876284,6.973503158439063e-09,3.017361087611584,0.10499612293376885,True,False,24,-11.583275048666964,-2.7614017042292405,0.005755383846019429,ok,120,20,10.794525122501813,0.1019269929267862,154,16,-277.70683472799294,12,12,0.07692307692307693,0.028435378825426353,0.033593585342154855,2.78860545677162e-06
c-0p70__money-normal__income-uniform__growth-preferential_debt__spend-high_both__topo-ba_k12,money-normal__income-uniform__growth-preferential_debt__spend-high_both__topo-ba_k12,0.7,normal,uniform,preferential_debt,high_both,ba_k12,360,24,2,29,80,ok,21,12.864702772741238,0.04060796539057887,92,17,-151.5511771612695,12,12,0.46153846153846156,0.04334827002942476,0.0686437456522385,ok,0.5855855855855856,0.535142931416697,-0.9408260333608673,-1.9897671111097188,0.04661659597479431,2.903482531921684,0.14891626151972362,True,False,24,-1.6612253696181312,-1.074834548690016,0.2824488095478388,ok,120,21,12.864701571474777,0.04060793356471948,92,17,-151.55117709154183,12,12,0.46153846153846156,0.03876293366065605,0.060280460253860385,6.972766186663648e-08
c-0p70__money-normal__income-uniform__growth-preferential_debt__spend-high_both__topo-ba_k24,money-normal__income-uniform__growth-preferential_debt__spend-high_both__topo-ba_k24,0.7,normal,uniform,preferential_debt,high_both,ba_k24,360,24,1,28,80,ok,22,15.68099280394048,0.06522884080509905,89,18,-130.95000804756722,12,12,0.07692307692307693,0.039280813150472944,0.05665096457410185,ok,0.5265957446808511,0.6413221126953591,-0.9044211050216434,-2.569642448826706,0.010180352772247955,3.0265843557836285,0.10327745559751708,True,False,24,-2.389309237165262,-1.2760198261255273,0.20194851070124253,ok,120,22,15.680991811833927,0.06522881694045635,89,18,-130.95000804663678,12,12,0.15384615384615385,0.04025941315572363,0.0675495941787459,9.30441501623136e-10
c-0p70__money-pareto__income-uniform__growth-preferential_debt__spend-high_income__topo-ba_k6,money-pareto__income-uniform__growth-preferential_debt__spend-high_income__topo-ba_k6,0.7,pareto,uniform,preferential_debt,high_income,ba_k6,360,21,5,27,80,ok,21,12.653753742637884,0.08260760252678861,108,15,-179.95407284861415,12,12,0.15384615384615385,0.039962096408334265,0.07601390247275831,ok,0.5893536121673004,0.5287289152585178,-1.8786280377609959,-4.365584298213481,1.2678339465543535e-05,3.0413079149254334,0.09881606572165333,True,False,24,-6.0728499909684865,-2.1710349821209345,0.029928528128147665,ok,120,21,12.653754128180326,0.08260761350212648,108,15,-179.95407272973807,12,12,0.07692307692307693,0.027690484137599756,0.05020345045893037,1.188760734294192e-07
c-0p70__money-uniform__income-uniform__growth-preferential_debt__spend-high_both__topo-complete,money-uniform__income-uniform__growth-preferential_debt__spend-high_both__topo-complete,0.7,uniform,uniform,preferential_debt,high_both,complete,360,26,2,31,80,ok,24,13.762033103652694,0.0670263748819041,87,19,-148.15961017201874,12,12,0.38461538461538464,0.053143174758339955,0.08348438458218985,ok,0.6027397260273972,0.50626980723013,-1.016761446554828,-2.722165869777573,0.006485558101715916,3.1043520488749636,0.12011022861961816,True,False,24,-2.34488007582709,-1.391406114642843,0.16410231146969334,ok,120,24,13.762032434828452,0.06702635891434827,87,19,-148.15961009528047,12,12,0.15384615384615385,0.041033924615682574,0.0659316150226239,7.673827440157766e-08
c-0p70__money-normal__income-uniform__growth-preferential_debt__spend-high_income__topo-complete,money-normal__income-uniform__growth-preferential_debt__spend-high_income__topo-complete,0.7,normal,uniform,preferential_debt,high_income,complete,360,28,3,32,80,ok,24,15.161989277811523,0.029191804210184302,91,20,-145.0655456493365,12,12,0.7692307692307693,0.04051056222886403,0.05886964780785677,ok,0.5707547169811321,0.5607957290752713,-0.24812652910893385,-0.5705671893540173,0.5682930648919067,2.554636004308608,0.22823436273421782,True,False,24,-0.25254034175732976,-0.46123614556129344,0.6446291916642828,ok,120,24,15.161989104288551,0.02919180793811682,91,20,-145.06554564117278,12,12,0.9230769230769231,0.04308627107656852,0.0569355513038938,8.163738129951525e-09
c-0p70__money-uniform__income-uniform__growth-preferential_debt__spend-high_both__topo-er_k24,money-uniform__income-uniform__growth-preferential_debt__spend-high_both__topo-er_k24,0.7,uniform,uniform,preferential_debt,high_both,er_k24,360,26,3,31,80,ok,21,9.946723035745743,0.07674194189892203,205,19,-399.8767597904198,12,12,0.07692307692307693,0.026969314064102218,0.04015527334026392,ok,0.672,0.3974969384589874,-4.406003165056392,-5.4126631429395475,6.209423688230707e-08,3.03293232340867,0.13529944632852225,True,False,24,-10.470322103711183,-2.736795928752802,0.006204076607673446,ok,120,21,9.946703952628077,0.07674124563930484,205,19,-399.8767326667521,12,12,0.07692307692307693,0.03246101397380208,0.052013008543547457,2.7123667678097263e-05
c-0p80__money-lognormal__income-uniform__growth-random__spend-high_income__topo-ba_k6,money-lognormal__income-uniform__growth-random__spend-high_income__topo-ba_k6,0.8,lognormal,uniform,random,high_income,ba_k6,360,27,2,30,80,ok,20,7.9713662558346705,0.09734736795592497,192,20,-418.3590487736598,12,12,0.07692307692307693,0.027776452269089754,0.04474827839518176,ok,0.7264957264957265,0.3195226783074397,-6.486380693243907,-7.163836241820506,7.845011057170665e-13,3.0471723450818553,0.13971492705312313,True,False,24,-16.869425960557642,-3.635087919590362,0.0002778858504079531,ok,120,20,7.971090930507754,0.09733530306925414,192,20,-418.35845727044756,12,12,0.07692307692307693,0.032312100154893,0.042870698094538966,0.0005915032122629782
c-0p70__money-uniform__income-uniform__growth-preferential_debt__spend-high_both__topo-ba_k6,money-uniform__income-uniform__growth-preferential_debt__spend-high_both__topo-ba_k6,0.7,uniform,uniform,preferential_debt,high_both,ba_k6,360,20,5,26,80,ok,21,12.276402879148764,0.09270658062593151,124,16,-210.93899308464972,12,12,0.07692307692307693,0.04182885037688602,0.07744982907397296,ok,0.6,0.5108256237659907,-2.3053763117801953,-4.816451843736655,1.4613341148408178e-06,3.0476298386561074,0.09909849147611778,True,False,24,-7.534070468172316,-2.452031112661065,0.014205237891851326,ok,120,21,12.276403485135358,0.09270660172761913,124,16,-210.93899281858398,12,12,0.07692307692307693,0.035518121634894366,0.06002308522753691,2.6606574010656914e-07
c-0p80__money-pareto__income-uniform__growth-preferential_debt__spend-high_wealth__topo-ba_k24,money-pareto__income-uniform__growth-preferential_debt__spend-high_wealth__topo-ba_k24,0.8,pareto,uniform,preferential_debt,high_wealth,ba_k24,360,24,4,31,80,ok,22,12.7498302445326,0.05802672995107444,107,17,-182.3034773745837,12,12,0.15384615384615385,0.03305781085620655,0.0634428238454454,ok,0.6037037037037037,0.5046717581916124,-1.003516463948739,-1.889680325943895,0.05880072690386564,2.9180670545014844,0.15952159775788105,True,False,24,-1.6431170268926483,-1.049676842571315,0.29386671420212096,ok,120,22,12.749828628551388,0.05802668768769914,107,17,-182.3034772009189,12,12,0.23076923076923078,0.046728177951875484,0.08489263968235214,1.73664801650375e-07
c-0p70__money-uniform__income-uniform__growth-preferential_debt__spend-high_both__topo-er_k12,money-uniform__income-uniform__growth-preferential_debt__spend-high_both__topo-er_k12,0.7,uniform,uniform,preferential_debt,high_both,er_k12,360,27,2,32,80,ok,23,13.710451989808911,0.02605464815610914,93,18,-154.84650194910387,12,12,0.8461538461538461,0.0407924931565621,0.06331131926912267,ok,0.5938864628820961,0.5210671178181876,-0.17698045853884858,-0.3476649565528605,0.7280918173665973,2.199719463859579,0.28969458973780443,True,False,24,-0.1670451077633004,-0.3792194801325476,0.7045248869769999,ok,120,23,13.710451165224663,0.026054624772528734,93,18,-154.84650189769695,12,12,1.0,0.042303404071047844,0.07667891650628196,5.1406914280960336e-08
c-0p70__money-normal__income-uniform__growth-preferential_debt__spend-high_both__topo-er_k6,money-normal__income-uniform__growth-preferential_debt__spend-high_both__topo-er_k6,0.7,normal,uniform,preferential_debt,high_both,er_k6,360,24,1,31,80,ok,23,13.114707497977303,0.07554415295427247,102,17,-174.9918969183224,12,12,0.07692307692307693,0.04149718611712556,0.07168532679820472,ok,0.6061776061776063,0.5005822563512294,-1.3512473328221257,-3.077609732599391,0.0020866799640329573,3.0804792944194204,0.11824639891165409,True,False,24,-3.302660876104349,-1.5269705510459013,0.12676833440765742,ok,120,23,13.114709466208021,0.07554420396361583,102,17,-174.99189676528673,12,12,0.15384615384615385,0.0456553477153861,0.07520201324141532,1.5303567124647088e-07
c-0p80__money-normal__income-uniform__growth-preferential_debt__spend-high_both__topo-sw_k24,money-normal__income-uniform__growth-preferential_debt__spend-high_both__topo-sw_k24,0.8,normal,uniform,preferential_debt,high_both,sw_k24,360,27,2,38,80,ok,24,13.155682096968192,0.03650230482834338,130,18,-228.06775299562744,12,12,0.46153846153846156,0.03349485135049508,0.043338494291103494,ok,0.622093023255814,0.4746656423515469,0.014631366919678257,0.016693834180648345,0.9866808660880044,1.3796980438700381,0.3996300244338889,True,False,24,-0.08833472900020567,-0.2223717346684852,0.8240245134589657,ok,120,24,13.155682572080007,0.03650231988997432,130,18,-228.06775268702137,12,12,0.38461538461538464,0.030969342973127686,0.05234182797540368,3.086060758050735e-07
c-0p70__money-lognormal__income-uniform__growth-preferential_debt__spend-high_income__topo-ba_k6,money-lognormal__income-uniform__growth-preferential_debt__spend-high_income__topo-ba_k6,0.7,lognormal,uniform,preferential_debt,high_income,ba_k6,360,19,6,26,80,ok,21,13.81810877474643,0.06659276686664484,95,14,-148.7873778747489,12,12,0.15384615384615385,0.03704108195722098,0.06340321490322999,ok,0.5581395348837209,0.5831462853456169,-1.217515663198362,-3.261990770121234,0.0011063274566750698,2.9959851751124114,0.10941508749785728,True,False,24,-3.1860221837209295,-1.7038734204331245,0.08840473763018987,ok,120,21,13.818108962272003,0.06659277176489303,95,14,-148.78737786141556,12,12,0.15384615384615385,0.03696172671012302,0.06190451790645246,1.333333443653828e-08
c-0p80__money-uniform__income-uniform__growth-preferential_debt__spend-high_income__topo-sw_k24,money-uniform__income-uniform__growth-preferential_debt__spend-high_income__topo-sw_k24,0.8,uniform,uniform,preferential_debt,high_income,sw_k24,360,23,1,30,80,ok,25,16.25706887825812,0.0826450535445058,96,18,-149.49373697591204,12,12,0.07692307692307693,0.038738168794217244,0.060885964907555906,ok,0.5555555555555556,0.587786664902119,-1.110036430890212,-3.4401156822807586,0.0005814655947223995,3.189917945303222,0.08707302464436557,True,False,24,-3.704047447236788,-1.6896161414780075,0.09110141581940755,ok,120,25,16.257069755395086,0.08264507432151569,96,18,-149.4937369731945,12,12,0.07692307692307693,0.04584808096896283,0.07390247229114434,2.717541747188079e-09
c-0p80__money-normal__income-uniform__growth-preferential_debt__spend-high_wealth__topo-ba_k6,money-normal__income-uniform__growth-preferential_debt__spend-high_wealth__topo-ba_k6,0.8,normal,uniform,preferential_debt,high_wealth,ba_k6,360,21,6,27,80,ok,21,13.833388130458975,0.06085579946480518,91,15,-142.40948357342307,12,12,0.07692307692307693,0.042402995830026914,0.054868595797553266,ok,0.558252427184466,0.5829440404263311,-1.0224026575764777,-2.6965168588937534,0.007006885063673298,2.963583441774292,0.121291338639743,True,False,24,-2.311247579653455,-1.3904955766907723,0.16437844157014014,ok,120,21,13.833386670895564,0.06085576192841213,91,15,-142.40948356099096,12,12,0.07692307692307693,0.03438853527152232,0.05233781956128202,1.24321104522096e-08
c-0p80__money-lognormal__income-uniform__growth-preferential_debt__spend-high_wealth__topo-er_k24,money-lognormal__income-uniform__growth-preferential_debt__spend-high_wealth__topo-er_k24,0.8,lognormal,uniform,preferential_debt,high_wealth,er_k24,360,24,8,31,80,ok,22,10.165625013442098,0.08420049076974534,164,17,-323.2309625925144,12,12,0.07692307692307693,0.034495993294519064,0.04684568587146444,ok,0.6771653543307087,0.3898397902050835,-3.705211522263154,-5.43753541857464,5.402261378421264e-08,3.097132592339377,0.12358621705599336,True,False,24,-9.897595472006062,-2.730502186654863,0.006323791359635633,ok,120,22,10.165603946279104,0.08419990826516238,164,17,-323.23093981785587,12,12,0.07692307692307693,0.03147596468682178,0.044291026923560045,2.2774658532398462e-05
c-0p80__money-lognormal__income-uniform__growth-preferential_debt__spend-high_wealth__topo-complete,money-lognormal__income-uniform__growth-preferential_debt__spend-high_wealth__topo-complete,0.8,lognormal,uniform,preferential_debt,high_wealth,complete,360,25,4,30,80,ok,23,12.41255230259913,0.07407411578743145,139,19,-247.2741196012304,12,12,0.07692307692307693,0.031332099455488364,0.049330971813696806,ok,0.6243243243243243,0.4710852951164767,-2.368375350770914,-4.658073859850221,3.1918170391709306e-06,3.123127957082559,0.1064036848451523,True,False,24,-6.937283658534132,-2.355479398126371,0.01849882278800518,ok,120,23,12.412551048482404,0.07407408457891512,139,19,-247.27411892459287,12,12,0.23076923076923078,0.04348136724450238,0.09189623996788886,6.7663754066416e-07
c-0p80__money-uniform__income-uniform__growth-preferential_debt__spend-high_wealth__topo-er_k24,money-uniform__income-uniform__growth-preferential_debt__spend-high_wealth__topo-er_k24,0.8,uniform,uniform,preferential_debt,high_wealth,er_k24,360,24,2,29,80,ok,22,11.257723879461537,0.08888889636733122,169,19,-312.4476859072038,12,12,0.07692307692307693,0.03442044847258106,0.0531375460940152,ok,0.6434599156118144,0.4408955450876648,-3.683390110997533,-6.187457874108602,6.114217865465506e-10,3.1093317822286872,0.10221055806327797,True,False,24,-12.18508397387366,-3.0845269726750564,0.002038761225992092,ok,120,22,11.257720608654964,0.08888879241585179,169,19,-312.4476823275785,12,12,0.07692307692307693,0.031184845004855105,0.040892366007782455,3.5796252859654487e-06
c-0p70__money-uniform__income-uniform__growth-preferential_debt__spend-high_both__topo-er_k6,money-uniform__income-uniform__growth-preferential_debt__spend-high_both__topo-er_k6,0.7,uniform,uniform,preferential_debt,high_both,er_k6,360,25,2,30,80,ok,22,11.478599288208914,0.059428529724350976,116,17,-211.80291904379942,12,12,0.15384615384615385,0.03395475881564475,0.056491721224118996,ok,0.6386292834890965,0.4484311439916078,-1.8038264107762925,-3.3772287452175487,0.0007322013160483622,3.0343958861139537,0.13477458207936696,True,False,24,-3.939981085603694,-1.7376353208959712,0.082275092027483,ok,120,22,11.47859561819336,0.059428431876376975,116,17,-211.80291736401603,12,12,0.38461538461538464,0.0459547300640308,0.07550095178822318,1.679783395047707e-06
c-0p70__money-lognormal__income-uniform__growth-preferential_debt__spend-high_both__topo-sw_k24,money-lognormal__income-uniform__growth-preferential_debt__spend-high_both__topo-sw_k24,0.7,lognormal,uniform,preferential_debt,high_both,sw_k24,360,23,2,28,80,ok,23,12.553662599605628,0.10164177753605586,126,19,-222.50026502480554,12,12,0.07692307692307693,0.03955947519163334,0.0663702510227935,ok,0.6193353474320241,0.4791083962386548,-2.587648774257601,-5.585171754770752,2.3346936143489608e-08,3.15947260828192,0.08521488749869713,True,False,24,-10.44114182682601,-2.826906725181263,0.004700001577818497,ok,120,23,12.5536625324358,0.10164177780461181,126,19,-222.50026454064982,12,12,0.07692307692307693,0.03919882790511279,0.0569272316617133,4.841557199597446e-07
c-0p80__money-pareto__income-uniform__growth-preferential_debt__spend-high_both__topo-sw_k6,money-pareto__income-uniform__growth-preferential_debt__spend-high_both__topo-sw_k6,0.8,pareto,uniform,preferential_debt,high_both,sw_k6,360,26,1,31,80,ok,24,11.5699371114987,0.07781882680712171,103,19,-196.07010839873186,12,12,0.15384615384615385,0.050188344521152166,0.07809349222408517,ok,0.6600660066006601,0.4154154389613325,-1.8496274266527553,-3.721353018667111,0.0001981581917206248,3.158997885089809,0.11856073639521507,True,False,24,-4.796741421012407,-1.9220215341365925,0.05460304819439041,ok,120,24,11.569930753896736,0.0778186352180964,103,19,-196.07010514129797,12,12,0.15384615384615385,0.05074430151117353,0.07721022434363789,3.257433888848027e-06
c-0p80__money-pareto__income-uniform__growth-preferential_debt__spend-high_income__topo-sw_k6,money-pareto__income-uniform__growth-preferential_debt__spend-high_income__topo-sw_k6,0.8,pareto,uniform,preferential_debt,high_income,sw_k6,360,25,1,33,80,ok,24,13.262336304265553,0.07299383847229562,98,19,-171.0221479179871,12,12,0.15384615384615385,0.04353828127703765,0.07080773860976915,ok,0.615686274509804,0.48501773981011803,-1.1573482519888487,-2.589204808234214,0.009619786080370148,3.0938440046608835,0.12786705722344632,True,False,24,-2.4941075844321245,-1.3408069157767115,0.17998315025686107,ok,120,24,13.262336230840209,0.072993837438459,98,19,-171.0221477225278,12,12,0.15384615384615385,0.03873679534578055,0.0684035336619276,1.95459307406054e-07
c-0p70__money-lognormal__income-uniform__growth-preferential_debt__spend-high_income__topo-er_k12,money-lognormal__income-uniform__growth-preferential_debt__spend-high_income__topo-er_k12,0.7,lognormal,uniform,preferential_debt,high_income,er_k12,360,25,4,29,80,ok,23,13.79692265344806,0.04373512109128297,102,19,-169.10530327069392,12,12,0.5384615384615384,0.043887303287061384,0.0536002923241865,ok,0.5887096774193548,0.5298221244566459,-1.1287679461911042,-2.813432722147233,0.004901564180565347,3.0447620229923453,0.12546232652681305,True,False,24,-2.4071903457377792,-1.5094018771626183,0.13119611366308367,ok,120,23,13.79692113991517,0.04373508367758305,102,19,-169.10530322191858,12,12,0.38461538461538464,0.03992209715923238,0.05609128090035363,4.877534820479923e-08
c-0p80__money-uniform__income-uniform__growth-preferential_debt__spend-high_both__topo-sw_k12,money-uniform__income-uniform__growth-preferential_debt__spend-high_both__topo-sw_k12,0.8,uniform,uniform,preferential_debt,high_both,sw_k12,360,26,2,34,80,ok,24,13.665129059256381,0.053043349052801725,125,19,-213.87622588026534,12,12,0.07692307692307693,0.033443722259414714,0.04463521222073568,ok,0.6069182389937107,0.4993611938752913,-0.7823097775996166,-1.311075760498152,0.18983216916107115,2.864797264715728,0.18555472067990322,True,False,24,-0.9768064972058035,-0.8055882235471138,0.4204803181222039,ok,120,24,13.665129656977193,0.05304336552909128,125,19,-213.87622575110888,12,12,0.07692307692307693,0.03661732631977533,0.05136910509871916,1.291564615257812e-07
c-0p80__money-pareto__income-uniform__growth-preferential_debt__spend-high_wealth__topo-ba_k6,money-pareto__income-uniform__growth-preferential_debt__spend-high_wealth__topo-ba_k6,0.8,pareto,uniform,preferential_debt,high_wealth,ba_k6,360,21,6,27,80,ok,21,14.515034885292811,0.08373778742472815,122,15,-184.3554082104568,12,12,0.07692307692307693,0.03838257579421405,0.07694388243465107,ok,0.539622641509434,0.616885195726315,-1.5043539087319762,-3.4295529831509306,0.0006045763827306384,3.002191792728241,0.10191306163909941,True,False,24,-4.252840593771468,-1.6912366429376071,0.09079161515266317,ok,120,21,14.515034169807315,0.08373776855789994,122,15,-184.3554082054647,12,12,0.07692307692307693,0.03971855429864098,0.0703977067316565,4.9921027311938815e-09
c-0p70__money-lognormal__income-uniform__growth-preferential_debt__spend-high_income__topo-sw_k12,money-lognormal__income-uniform__growth-preferential_debt__spend-high_income__topo-sw_k12,0.7,lognormal,uniform,preferential_debt,high_income,sw_k12,360,24,5,30,80,ok,22,10.377226983986887,0.08484718988181827,152,17,-295.79495375215487,12,12,0.07692307692307693,0.04168249395757214,0.06675934779247485,ok,0.6709956709956709,0.398992593602547,-3.13122545957504,-4.690683987054697,2.7229324998134985e-06,3.078137767629103,0.1299588755209177,True,False,24,-7.6250373060892205,-2.417642400585275,0.015621420322604974,ok,120,22,10.377212018162366,0.08484666734511925,152,17,-295.7949390895661,12,12,0.07692307692307693,0.03112370618087447,0.04515036488432354,1.4662588739611238e-05
c-0p80__money-uniform__income-uniform__growth-preferential_debt__spend-high_wealth__topo-er_k6,money-uniform__income-uniform__growth-preferential_debt__spend-high_wealth__topo-er_k6,0.8,uniform,uniform,preferential_debt,high_wealth,er_k6,360,25,3,29,80,ok,23,12.105244167443336,0.07521013339007732,112,19,-202.5032587816013,12,12,0.07692307692307693,0.04136008916949011,0.06134975065426825,ok,0.6327868852459017,0.45762158770252603,-1.9792469600342202,-4.261680223461632,2.0289563191964498e-05,3.1253782437843576,0.10834332944454614,True,False,24,-5.738197431137824,-2.1516471454784223,0.03142515592541478,ok,120,23,12.10524205754243,0.07521006870278557,112,19,-202.50325786900214,12,12,0.07692307692307693,0.03832501472149502,0.058107028523370095,9.125991482505924e-07
c-0p80__money-uniform__income-uniform__growth-preferential_debt__spend-high_income__topo-sw_k12,money-uniform__income-uniform__growth-preferential_debt__spend-high_income__topo-sw_k12,0.8,uniform,uniform,preferential_debt,high_income,sw_k12,360,30,2,33,80,ok,25,13.591664479009852,0.06385694345240478,87,22,-152.92216699514285,12,12,0.23076923076923078,0.04666084021035762,0.07528663528900005,ok,0.6200873362445415,0.47789494595297893,-0.861276683549807,-2.055222367691377,0.03985753163459388,3.0858300074764107,0.1409180926981553,True,False,24,-1.569332960467823,-1.1076096659234953,0.2680304271638311,ok,120,25,13.591665071623945,0.06385696197052981,87,22,-152.9221668240382,12,12,0.15384615384615385,0.04054757366234888,0.07586415190743376,1.711046593300125e-07
c-0p70__money-uniform__income-biased__growth-random__spend-low__topo-ba_k6,money-uniform__income-biased__growth-random__spend-low__topo-ba_k6,0.7,uniform,biased,random,low,ba_k6,360,24,9,32,80,ok,23,10.910989813024461,0.06868205811314698,106,15,-204.62982110020425,12,12,0.15384615384615385,0.03906340549985065,0.06809503027007942,ok,0.6677115987460815,0.4038989370754194,-1.8136345838255101,-3.3926681979875113,0.0006921542337971459,3.088332370365899,0.13816605067642346,True,False,24,-3.9366160963864445,-1.7651792381523088,0.07753364679901152,ok,120,23,10.91098105298859,0.06868178415530524,106,15,-204.62981470508842,12,12,0.15384615384615385,0.04982421171843699,0.07631850759605026,6.395115832447118e-06
c-0p50__money-uniform__income-biased__growth-preferential_debt__spend-high_both__topo-sw_k24,money-uniform__income-biased__growth-preferential_debt__spend-high_both__topo-sw_k24,0.5,uniform,biased,preferential_debt,high_both,sw_k24,360,63,8,72,80,ok,55,11.801644615308902,0.10896935802385449,112,50,-303.8594482570793,12,12,0.07692307692307693,0.05191223377915841,0.0760683144057226,ok,0.8313253012048193,0.18473410319933853,-2.5504961347343817,-5.846428432489637,5.022395002809915e-09,4.045966312621111,0.09075202591550836,True,False,24,-9.849059012476193,-2.8341912224097348,0.004594183210777404,ok,120,55,11.783788805533494,0.10851749711781117,112,50,-303.8380293049438,12,12,0.07692307692307693,0.04427524969646529,0.062227787785739085,0.021418952135491054
c-0p50__money-equal__income-biased__growth-preferential_debt__spend-high_both__topo-ba_k6,money-equal__income-biased__growth-preferential_debt__spend-high_both__topo-ba_k6,0.5,equal,biased,preferential_debt,high_both,ba_k6,360,38,3,46,80,ok,39,17.905767937560334,0.09513861779090915,148,32,-279.8825126370926,12,12,0.07692307692307693,0.03806006666961518,0.0657295100840346,ok,0.6581986143187067,0.41824854773383924,-1.7999093056689381,-5.1101055400324675,3.2197889627646054e-07,3.6594260008573043,0.07052005688317758,True,False,24,-7.815066487031094,-2.493077244240562,0.01266412923177254,ok,120,39,17.905763927691396,0.09513853404652495,148,32,-279.88251201146545,12,12,0.07692307692307693,0.03496727375248606,0.04529745509098183,6.256271376514633e-07
c-0p50__money-pareto__income-biased__growth-preferential_debt__spend-high_both__topo-sw_k6,money-pareto__income-biased__growth-preferential_debt__spend-high_both__topo-sw_k6,0.5,pareto,biased,preferential_debt,high_both,sw_k6,360,54,1,67,80,ok,55,16.90357135109295,0.12264893512109937,142,46,-326.3912749732637,12,12,0.07692307692307693,0.045508430299347515,0.056820484780117066,ok,0.7568493150684932,0.2785911007505289,-2.455511059300755,-7.242983822905981,4.389192818634561e-13,4.0411664217603915,0.05434220130718163,True,False,24,-16.51177008083198,-3.2997398892317085,0.0009677447869260251,ok,120,55,16.90289970781078,0.12263549762582743,142,46,-326.39080347003977,12,12,0.07692307692307693,0.03471820080051204,0.052088013136514066,0.00047150322393463284
c-0p60__money-pareto__income-biased__growth-preferential_debt__spend-high_wealth__topo-ba_k6,money-pareto__income-biased__growth-preferential_debt__spend-high_wealth__topo-ba_k6,0.6,pareto,biased,preferential_debt,high_wealth,ba_k6,360,39,7,45,80,ok,39,20.949222545242197,0.11284886916374992,94,33,-161.66195713879603,12,12,0.07692307692307693,0.049018396148015696,0.07474093964101973,ok,0.6083333333333333,0.49703230163365497,-0.9848918395156802,-4.458126829879069,8.267897992158529e-06,3.661538083904796,0.05821682253426741,True,False,24,-5.210451343853857,-2.1746959184077825,0.02965291096775786,ok,120,39,20.949224221569175,0.11284889494688483,94,33,-161.6619571264273,12,12,0.07692307692307693,0.04531116648959799,0.07713309163203498,1.2368730040179798e-08
c-0p50__money-uniform__income-biased__growth-preferential_debt__spend-high_income__topo-ba_k6,money-uniform__income-biased__growth-preferential_debt__spend-high_income__topo-ba_k6,0.5,uniform,biased,preferential_debt,high_income,ba_k6,360,33,9,42,80,ok,30,9.826505509918496,0.1144305342400247,159,25,-369.5997287612087,12,12,0.07692307692307693,0.03218772973974284,0.0496159150468759,ok,0.7601809954751131,0.2741987221144939,-4.372117528968476,-6.609581809526898,3.85407189366108e-11,3.445420795136223,0.10976177591450313,True,False,24,-14.23618317976529,-3.168883117168138,0.0015302592087550178,ok,120,30,9.826058428110237,0.11441477094025376,159,25,-369.5990849262224,12,12,0.07692307692307693,0.03834276007392639,0.057645539648375925,0.0006438349863060466
c-0p50__money-normal__income-biased__growth-preferential_debt__spend-high_income__topo-ba_k6,money-normal__income-biased__growth-preferential_debt__spend-high_income__topo-ba_k6,0.5,normal,biased,preferential_debt,high_income,ba_k6,360,36,5,42,80,ok,34,14.010211512256657,0.1087380677223278,126,29,-255.76890857309013,12,12,0.07692307692307693,0.03920356693906427,0.06978874464529762,ok,0.6941747572815534,0.36503153852967374,-2.0924668114493015,-5.06500231440122,4.0839538903059566e-07,3.5332977992566494,0.08623878849146856,True,False,24,-7.815187594509434,-2.463719442732396,0.013750369514764394,ok,120,34,14.01019892279409,0.10873775595232255,126,29,-255.76890115740179,12,12,0.07692307692307693,0.036978624295941266,0.06231349909240093,7.4156883442810795e-06
c-0p70__money-equal__income-biased__growth-preferential_debt__spend-baseline__topo-ba_k6,money-equal__income-biased__growth-preferential_debt__spend-baseline__topo-ba_k6,0.7,equal,biased,preferential_debt,baseline,ba_k6,360,40,5,46,80,ok,36,17.650601177516112,0.09448318889912388,98,32,-179.08064846989146,12,12,0.07692307692307693,0.04927307455466575,0.08094027596216727,ok,0.6410256410256411,0.44468582126144557,-0.8592067307284934,-2.5510316260063863,0.010740457907569141,3.516846059968139,0.096130704471824,True,False,24,-2.37627786013636,-1.2228253312159134,0.22139567568890128,ok,120,36,17.65059947372871,0.09448315968832827,98,32,-179.08064832614022,12,12,0.07692307692307693,0.046860749026300115,0.06869549984314043,1.437512366919691e-07
c-0p80__money-normal__income-biased__growth-preferential_debt__spend-low__topo-ba_k6,money-normal__income-biased__growth-preferential_debt__spend-low__topo-ba_k6,0.8,normal,biased,preferential_debt,low,ba_k6,360,33,6,39,80,ok,27,8.17787159800108,0.09106501955904045,168,24,-411.50065734399294,12,12,0.07692307692307693,0.041088318631227166,0.058660078495124425,ok,0.7843388960205392,0.2429140866991529,-5.360243204272299,-6.0935007492907936,1.1046781779844505e-09,3.3395544352706907,0.14281147180786377,True,False,24,-13.20245388336772,-3.149358306177958,0.0016362943689505233,ok,120,27,8.176372114476802,0.09100814545815483,168,24,-411.4974506285788,12,12,0.07692307692307693,0.04209841151819768,0.06548209442855667,0.0032067154141373067
c-0p50__money-pareto__income-biased__growth-preferential_debt__spend-high_income__topo-ba_k6,money-pareto__income-biased__growth-preferential_debt__spend-high_income__topo-ba_k6,0.5,pareto,biased,preferential_debt,high_income,ba_k6,360,38,5,44,80,ok,31,10.265678648090917,0.07397321772412804,114,28,-262.6596029287072,12,12,0.15384615384615385,0.046225886663367806,0.07226890087123089,ok,0.7574468085106383,0.27780196385207384,-2.2771997180735313,-4.032108864716017,5.5278568048698684e-05,3.412717496190641,0.13799101493205462,True,False,24,-5.15613023599676,-2.096364765822531,0.03604984547602084,ok,120,31,10.26532546774271,0.07396554732755259,114,28,-262.6592640639551,12,12,0.07692307692307693,0.04493234109999206,0.06272520334686507,0.00033886475210920253
c-0p60__money-lognormal__income-biased__growth-preferential_debt__spend-baseline__topo-er_k6,money-lognormal__income-biased__growth-preferential_debt__spend-baseline__topo-er_k6,0.6,lognormal,biased,preferential_debt,baseline,er_k6,360,30,8,38,80,ok,29,13.86677478637394,0.06407981768921445,94,22,-176.97840014367722,12,12,0.38461538461538464,0.05098158465913862,0.08251613800018238,ok,0.6556776556776557,0.4220859893442047,-1.2043688370587475,-2.9461683814910997,0.003217372042263518,3.3170444392658354,0.1117384449378895,True,False,24,-3.058055747125203,-1.4825040516770918,0.138206226322045,ok,120,29,13.866772895312328,0.06407977192509007,94,22,-176.97839931107956,12,12,0.23076923076923078,0.04908242720194452,0.07522224296793042,8.325976637024723e-07
c-0p50__money-normal__income-biased__growth-random__spend-high_both__topo-sw_k24,money-normal__income-biased__growth-random__spend-high_both__topo-sw_k24,0.5,normal,biased,random,high_both,sw_k24,360,52,4,63,80,ok,51,14.972194354711279,0.08481535119971495,128,42,-302.0960219040621,12,12,0.15384615384615385,0.04449903882257214,0.072886235890472,ok,0.7706093189964157,0.2605737536937029,-1.591234412673141,-3.656931131218702,0.00025525292399732297,3.894582043949254,0.10142727123592743,True,False,24,-4.429953354818682,-1.8483733326836795,0.06454835376418244,ok,120,51,14.971289122390044,0.0847950462576359,128,42,-302.09534369010777,12,12,0.07692307692307693,0.036020736321088744,0.051286381780891635,0.0006782139543588528
c-0p50__money-normal__income-biased__growth-random__spend-high_both__topo-er_k12,money-normal__income-biased__growth-random__spend-high_both__topo-er_k12,0.5,normal,biased,random,high_both,er_k12,360,53,2,65,80,ok,54,18.194609870153037,0.07981727808430666,83,45,-182.43754764202913,12,12,0.23076923076923078,0.053866958528651004,0.08062234975487874,ok,0.7365079365079366,0.305835267159323,-0.7840070856562198,-2.8729728596912767,0.004066290473144236,3.9445867399868275,0.08729327684849479,True,False,24,-2.449995916314231,-1.3691313894691246,0.17095820793901206,ok,120,54,18.194396728235112,0.07981464620524714,83,45,-182.4374756459386,12,12,0.23076923076923078,0.05393853821289457,0.08677752590182583,7.199609052577216e-05
c-0p40__money-pareto__income-biased__growth-random__spend-high_both__topo-ba_k6,money-pareto__income-biased__growth-random__spend-high_both__topo-ba_k6,0.4,pareto,biased,random,high_both,ba_k6,360,37,1,47,80,ok,35,13.841608183580249,0.0947810129141006,99,28,-205.20776844175506,12,12,0.07692307692307693,0.03933413200135293,0.057346776981464676,ok,0.7053571428571429,0.349051018828073,-1.505537306468943,-3.7252913461926562,0.00019508976687741348,3.5450816263552674,0.09619505281360258,True,False,24,-4.843118504993306,-1.7394482690645847,0.08195594408669733,ok,120,35,13.841585264993745,0.09478059253202745,99,28,-205.20775789872164,12,12,0.15384615384615385,0.05246691327454844,0.09161464845546942,1.054303342584717e-05
c-0p60__money-normal__income-biased__growth-random__spend-high_wealth__topo-er_k12,money-normal__income-biased__growth-random__spend-high_wealth__topo-er_k12,0.6,normal,biased,random,high_wealth,er_k12,360,51,2,58,80,ok,50,19.28882445691533,0.08396590835518702,81,43,-166.58896822075775,12,12,0.15384615384615385,0.048868771672453765,0.08491127473390261,ok,0.7022058823529411,0.35352863824936753,-0.9454124736202969,-4.149908986868268,3.326074978291815e-05,3.9130270073831777,0.06357734326342976,True,False,24,-4.6061995666699955,-2.057543658566074,0.039633959850226066,ok,120,50,19.288799005026053,0.08396558201120558,81,43,-166.58896123553458,12,12,0.15384615384615385,0.055500327953573216,0.0880896244184657,6.985223166111609e-06
c-0p40__money-lognormal__income-biased__growth-random__spend-high_wealth__topo-sw_k12,money-lognormal__income-biased__growth-random__spend-high_wealth__topo-sw_k12,0.4,lognormal,biased,random,high_wealth,sw_k12,360,42,4,49,80,ok,36,11.616771487298127,0.0772847624058044,99,30,-228.26728758787195,12,12,0.23076923076923078,0.0489667648962717,0.08448071821191566,ok,0.7585365853658536,0.2763642475191195,-1.635312962613264,-3.4232917686588182,0.0006186763220765931,3.5479966996188543,0.12774077948159346,True,False,24,-3.842974582857548,-1.7279476194275585,0.08399761580858552,ok,120,36,11.61644905175175,0.07727592198928435,99,30,-228.26705723623928,12,12,0.15384615384615385,0.054342434355756565,0.07944920557022853,0.00023035163266627023
c-0p30__money-lognormal__income-biased__growth-random__spend-high_both__topo-ba_k24,money-lognormal__income-biased__growth-random__spend-high_both__topo-ba_k24,0.3,lognormal,biased,random,high_both,ba_k24,360,38,8,46,80,ok,37,14.55005561197996,0.09572249054613408,86,30,-178.1320645248835,12,12,0.07692307692307693,0.05470276692789405,0.08242455035687817,ok,0.7054794520547945,0.34887763347870077,-1.1363125110005647,-3.256435972099108,0.0011282037260921655,3.580069483061958,0.10037509338828805,True,False,24,-3.279041670238427,-1.6566103213033605,0.09759828427696675,ok,120,37,14.550033889686478,0.09572197713529335,86,30,-178.1320564228356,12,12,0.15384615384615385,0.05066819363362864,0.08857487441461749,8.102047900138132e-06
c-0p70__money-normal__income-biased__growth-random__spend-baseline__topo-sw_k24,money-normal__income-biased__growth-random__spend-baseline__topo-sw_k24,0.7,normal,biased,random,baseline,sw_k24,360,45,1,52,80,ok,39,12.606266754945775,0.10672458203621937,137,34,-313.6918227919839,12,12,0.07692307692307693,0.04202451661568846,0.054960056100741665,ok,0.7549194991055456,0.2811441591190874,-2.4038966599335363,-4.962598782507625,6.95561702666658e-07,3.6635517747832123,0.10227085671945835,True,False,24,-7.483888263104919,-2.355767207240882,0.01848449751164557,ok,120,39,12.605990962253669,0.10671696038843814,137,34,-313.69157891036457,12,12,0.07692307692307693,0.03730366404051598,0.06891380863013305,0.00024388161932620278
c-0p60__money-normal__income-biased__growth-random__spend-high_wealth__topo-sw_k6,money-normal__income-biased__growth-random__spend-high_wealth__topo-sw_k6,0.6,normal,biased,random,high_wealth,sw_k6,360,49,3,55,80,ok,40,10.318435296305875,0.07167395901042273,167,37,-426.5939520854032,12,12,0.07692307692307693,0.03569966133843647,0.04663417509798909,ok,0.8062645011600929,0.21534342509890092,-2.8396081144283474,-3.7871277501435983,0.0001523987558223878,3.617333665038988,0.15879813604715343,True,False,24,-5.172050433867934,-2.043780954414137,0.040975191497124384,ok,120,40,10.315439680308405,0.07157704747731342,167,37,-426.58881537783316,12,12,0.15384615384615385,0.037169152790598715,0.06378928356065625,0.005136707570045473
c-0p50__money-uniform__income-biased__growth-random__spend-high_wealth__topo-complete,money-uniform__income-biased__growth-random__spend-high_wealth__topo-complete,0.5,uniform,biased,random,high_wealth,complete,360,49,1,56,80,ok,44,13.627437418410922,0.10971102101128621,99,39,-229.695343889874,12,12,0.07692307692307693,0.04184677092722742,0.06514444144385675,ok,0.7614457831325301,0.27253630664378625,-1.6911626509228546,-4.330104677449568,1.4903847828307591e-05,3.7929565880743628,0.0897501936381207,True,False,24,-6.073613079266414,-2.0354431397799417,0.04180630433901753,ok,120,44,13.6270143807613,0.10970137266085211,99,39,-229.6950871196049,12,12,0.07692307692307693,0.049773544661363626,0.06961896390486565,0.00025677026911807843
c-0p40__money-uniform__income-biased__growth-random__spend-high_both__topo-complete,money-uniform__income-biased__growth-random__spend-high_both__topo-complete,0.4,uniform,biased,random,high_both,complete,360,49,5,60,80,ok,43,14.411628770841228,0.05893980904632301,87,37,-194.24611528425115,12,12,0.3076923076923077,0.05099599661001475,0.08051545649648705,ok,0.7448680351906158,0.2945482102649802,-0.5911006762290143,-1.2471014091767039,0.21236031632431085,3.529726755083325,0.1620341139329974,True,False,24,-0.8915334974551881,-0.7294318100223626,0.46573756548375855,ok,120,43,14.411469012370155,0.05893595840341814,87,37,-194.2460409533305,12,12,0.38461538461538464,0.047312789076160267,0.07940377435448254,7.433092065411984e-05
c-0p40__money-uniform__income-biased__growth-random__spend-high_both__topo-er_k12,money-uniform__income-biased__growth-random__spend-high_both__topo-er_k12,0.4,uniform,biased,random,high_both,er_k12,360,49,5,55,80,ok,41,10.968538344561072,0.08379268443056204,141,38,-353.2374591940387,12,12,0.07692307692307693,0.04296088495935063,0.06699126165819426,ok,0.7971223021582734,0.2267471588175083,-2.7031075278251793,-4.429516015197386,9.444479978155599e-06,3.69915789870595,0.1269849429675171,True,False,24,-6.578654149963285,-2.2848320100472654,0.022322679935203312,ok,120,41,10.966457465103586,0.08372952911208237,141,38,-353.2347654160497,12,12,0.07692307692307693,0.039370208721299864,0.06802689967763206,0.0026937779890090496
c-0p50__money-uniform__income-biased__growth-random__spend-high_income__topo-ba_k24,money-uniform__income-biased__growth-random__spend-high_income__topo-ba_k24,0.5,uniform,biased,random,high_income,ba_k24,360,44,4,49,80,ok,39,14.170322425701315,0.08048819719555234,117,35,-252.04555687703942,12,12,0.07692307692307693,0.042903504021777845,0.06635918848884774,ok,0.7253521126760564,0.32109806937162494,-1.6312002990284156,-3.892142207743453,9.936297169243387e-05,3.6382179095617575,0.10100046468862077,True,False,24,-4.747164516910477,-1.969543947913512,0.04889066106960397,ok,120,39,14.17026276554257,0.08048671969243093,117,35,-252.04552188251546,12,12,0.07692307692307693,0.03710505978564075,0.05861238703612192,3.499452395772096e-05
c-0p30__money-lognormal__income-biased__growth-random__spend-high_both__topo-sw_k6,money-lognormal__income-biased__growth-random__spend-high_both__topo-sw_k6,0.3,lognormal,biased,random,high_both,sw_k6,360,37,4,44,80,ok,29,8.477745235691932,0.08673312722402138,156,26,-386.1583801283327,12,12,0.07692307692307693,0.03707636603279653,0.054533542744875305,ok,0.7903225806451613,0.23531408693446498,-4.092832707832719,-4.785079923151548,1.7091930636006156e-06,3.3681786228886317,0.15947934028808355,True,False,24,-8.463890618241683,-2.480257145483078,0.013128766349507258,ok,120,29,8.47605201798035,0.08666295639601995,156,26,-386.15512283095825,12,12,0.07692307692307693,0.03767005259390425,0.050017803732406475,0.0032572973744322553
c-0p30__money-lognormal__income-biased__growth-random__spend-high_both__topo-er_k6,money-lognormal__income-biased__growth-random__spend-high_both__topo-er_k6,0.3,lognormal,biased,random,high_both,er_k6,360,35,5,43,80,ok,31,12.099106743868502,0.07823723426129603,110,25,-231.82215659380307,12,12,0.07692307692307693,0.047076628677995634,0.06704571641061129,ok,0.7142857142857143,0.3364722366212129,-1.4883649884790398,-2.8406553519733166,0.004502093878232936,3.352253676580024,0.13932086358939216,True,False,24,-2.9813458389086835,-1.4901646219491522,0.13618095606349664,ok,120,31,12.099067146696457,0.07823611424502563,110,25,-231.82213022152536,12,12,0.07692307692307693,0.04560886484545448,0.0683704333905694,2.6372277716291137e-05
c-0p40__money-uniform__income-biased__growth-random__spend-high_both__topo-ba_k6,money-uniform__income-biased__growth-random__spend-high_both__topo-ba_k6,0.4,uniform,biased,random,high_both,ba_k6,360,40,4,47,80,ok,36,13.55263471596429,0.07489917325189538,90,30,-191.27742190937118,12,12,0.07692307692307693,0.0414648499374887,0.05514827722206166,ok,0.71875,0.33024168687057687,-1.1558146374228568,-2.8567607965116553,0.004279882438172204,3.527776939975656,0.117337692755975,True,False,24,-2.7861844461573506,-1.430564016509327,0.1525552064739535,ok,120,36,13.552592578355037,0.07489812245726479,90,30,-191.27740222784453,12,12,0.15384615384615385,0.050346833974466286,0.07583440220939003,1.968152665199341e-05
c-0p50__money-lognormal__income-biased__growth-random__spend-baseline__topo-sw_k6,money-lognormal__income-biased__growth-random__spend-baseline__topo-sw_k6,0.5,lognormal,biased,random,baseline,sw_k6,360,31,3,37,80,ok,26,10.465767551164648,0.06783669122493385,125,22,-262.9509933983606,12,12,0.15384615384615385,0.04796028269123639,0.06790366396653806,ok,0.7126436781609196,0.33877373360949214,-2.0520992561201874,-3.1245760803241867,0.0017806146854440921,3.1786117655810435,0.15742085047813545,True,False,24,-3.743179275873099,-1.681116273344631,0.09274033208676205,ok,120,26,10.465709018998236,0.067834855958806,125,22,-262.9509414709113,12,12,0.07692307692307693,0.039884979301503067,0.05712611413765452,5.192744930582194e-05
c-0p70__money-pareto__income-biased__growth-random__spend-low__topo-ba_k12,money-pareto__income-biased__growth-random__spend-low__topo-ba_k12,0.7,pareto,biased,random,low,ba_k12,360,27,1,35,80,ok,23,11.385810321253302,0.08642718567542396,118,19,-221.83012597937466,12,12,0.07692307692307693,0.041559673523785194,0.06481140027642472,ok,0.6549707602339181,0.42316468520756534,-1.4743552064410372,-2.2181463770984946,0.026544853540812933,3.010689167018606,0.1601968398518409,True,False,24,-2.580239821781822,-1.199716857460125,0.2302493237911002,ok,120,23,11.385804905565108,0.08642701152077237,118,19,-221.83012276779834,12,12,0.07692307692307693,0.044230989978105734,0.07175319138714778,3.211576313333353e-06
c-0p80__money-normal__income-biased__growth-random__spend-low__topo-sw_k6,money-normal__income-biased__growth-random__spend-low__topo-sw_k6,0.8,normal,biased,random,low,sw_k6,360,32,1,36,80,ok,27,10.412801648167745,0.07879377583107738,133,25,-285.64445493281283,12,12,0.07692307692307693,0.038016175122458216,0.06620864506671617,ok,0.7217573221757322,0.3260663154600963,-3.009782731209274,-5.057923931531647,4.238454291485613e-07,3.30793866822915,0.11871045902494974,True,False,24,-8.386566754194298,-2.5516605043455773,0.010721092987515191,ok,120,27,10.412713372713934,0.0787907406090409,133,25,-285.64436881568224,12,12,0.07692307692307693,0.038897233102546426,0.05232023825099674,8.611713059281101e-05
c-0p80__money-uniform__income-uniform__growth-preferential_debt__spend-high_both__topo-ba_k12,money-uniform__income-uniform__growth-preferential_debt__spend-high_both__topo-ba_k12,0.8,uniform,uniform,preferential_debt,high_both,ba_k12,360,24,4,30,80,ok,22,14.082733878292917,0.057962393146360425,97,17,-154.30575491153698,12,12,0.3076923076923077,0.042693546209960666,0.06823148824174838,ok,0.5669642857142858,0.5674589653964484,-1.0557641910772873,-2.3224298786525632,0.020209800076506444,3.009245170674371,0.119972214053623,True,False,24,-2.418978441261698,-1.1595744628378917,0.24622210324739535,ok,120,22,14.082734553213719,0.05796241197668972,97,17,-154.30575489566445,12,12,0.15384615384615385,0.04214590305857343,0.059119511657814344,1.5872529957050574e-08
c-0p70__money-lognormal__income-uniform__growth-preferential_debt__spend-high_income__topo-ba_k24,money-lognormal__income-uniform__growth-preferential_debt__spend-high_income__topo-ba_k24,0.7,lognormal,uniform,preferential_debt,high_income,ba_k24,360,23,3,29,80,ok,21,11.569184510418616,0.053953686237360465,132,16,-233.66555968420568,12,12,0.07692307692307693,0.03472702151677085,0.04973693812561814,ok,0.6228571428571429,0.4734380916943703,-1.7387330844172622,-3.0597963854480024,0.0022148751496834434,2.93771286996302,0.15157224112481854,True,False,24,-3.172678487180552,-1.667909320527632,0.09533372915041652,ok,120,21,11.56918390084836,0.05395367170133891,132,16,-233.6655586945376,12,12,0.15384615384615385,0.03629334823752072,0.056536438442043126,9.896680808196834e-07
c-0p70__money-normal__income-uniform__growth-preferential_debt__spend-high_income__topo-ba_k24,money-normal__income-uniform__growth-preferential_debt__spend-high_income__topo-ba_k24,0.7,normal,uniform,preferential_debt,high_income,ba_k24,360,23,3,27,80,ok,22,15.174836599375396,0.08303995726536284,98,18,-147.7356473049351,12,12,0.07692307692307693,0.03367383838496178,0.062029141294745786,ok,0.539906103286385,0.6163600373461751,-0.7744236803173541,-1.9717584006593862,0.04863719326896479,2.9333664725267194,0.1353589438731283,True,False,24,-1.3678196245010321,-1.085120781174647,0.27786816439402096,ok,120,22,15.174836016766637,0.08303994261969194,98,18,-147.7356473024869,12,12,0.15384615384615385,0.039092699421269105,0.0703457678093817,2.4481892069161404e-09
c-0p70__money-lognormal__income-uniform__growth-preferential_debt__spend-high_both__topo-ba_k12,money-lognormal__income-uniform__growth-preferential_debt__spend-high_both__topo-ba_k12,0.7,lognormal,uniform,preferential_debt,high_both,ba_k12,360,21,8,28,80,ok,18,7.95733480025846,0.08125601461399656,234,14,-485.4718410068262,12,12,0.07692307692307693,0.03148181984670742,0.050320144518936086,ok,0.7022900763358779,0.35340874615211115,-6.8674646961286,-6.223651109250835,4.857165534159512e-10,2.9021641963123197,0.16182800170065317,True,False,24,-14.418388450361125,-3.2655049140837114,0.0010926910952168214,ok,120,18,7.957194200794125,0.0812496198401158,234,14,-485.47149221167575,12,12,0.07692307692307693,0.027706483232946777,0.045949193075244955,0.00034879515044394793
c-0p70__money-equal__income-uniform__growth-preferential_debt__spend-high_both__topo-ba_k6,money-equal__income-uniform__growth-preferential_debt__spend-high_both__topo-ba_k6,0.7,equal,uniform,preferential_debt,high_both,ba_k6,360,23,1,28,80,ok,20,12.084714500303926,0.05553147052335139,130,16,-217.20619807590336,12,12,0.23076923076923078,0.032420427735250786,0.07193072130576926,ok,0.5924764890282131,0.5234440877252022,-1.5799006930360404,-2.753740591431102,0.005891844729604935,2.886199459489237,0.1464836300457888,True,False,24,-2.9822809796806347,-1.4545400487169173,0.14579663851489993,ok,120,20,12.084712914842777,0.055531425864607964,130,16,-217.20619785067225,12,12,0.3076923076923077,0.03723361669021232,0.06840019392980298,2.2523110487782105e-07
c-0p80__money-pareto__income-uniform__growth-random__spend-high_both__topo-ba_k6,money-pareto__income-uniform__growth-random__spend-high_both__topo-ba_k6,0.8,pareto,uniform,random,high_both,ba_k6,360,28,1,31,80,ok,23,11.321933183148149,0.060741196094020844,128,21,-241.48024693503856,12,12,0.07692307692307693,0.03349287216444372,0.04532631735678231,ok,0.6559139784946236,0.42172562897994476,-2.020653898680302,-3.5067789298993755,0.0004535657950140097,3.0774835259715903,0.13744306198919787,True,False,24,-4.315935156552949,-1.817979550172464,0.06906725842113204,ok,120,23,11.321927908767327,0.06074102762568323,128,21,-241.4802430575311,12,12,0.07692307692307693,0.03481679907046951,0.04841275158318334,3.877507452898499e-06
c-0p70__money-equal__income-uniform__growth-preferential_debt__spend-high_income__topo-ba_k24,money-equal__income-uniform__growth-preferential_debt__spend-high_income__topo-ba_k24,0.7,equal,uniform,preferential_debt,high_income,ba_k24,360,26,1,28,80,ok,20,9.631061644578178,0.0899857598491488,165,20,-320.2586281545048,12,12,0.07692307692307693,0.0323102429586535,0.04633477362925372,ok,0.6686746987951807,0.40245758704420914,-3.9722421533112238,-5.5629992402095025,2.6517704539017275e-08,3.0043186879838757,0.129746388105346,True,False,24,-10.219946947625203,-2.817957678742205,0.004833017972311785,ok,120,20,9.631039698596425,0.08998492465149477,165,20,-320.25860334796687,12,12,0.07692307692307693,0.03964709043399531,0.061287119071702076,2.4806537908261816e-05
c-0p70__money-pareto__income-uniform__growth-preferential_debt__spend-high_income__topo-ba_k12,money-pareto__income-uniform__growth-preferential_debt__spend-high_income__topo-ba_k12,0.7,pareto,uniform,preferential_debt,high_income,ba_k12,360,23,2,29,80,ok,21,13.063352378297983,0.049462168130732564,106,16,-172.7587436846029,12,12,0.23076923076923078,0.036413415596966606,0.054063636314795785,ok,0.5810276679841897,0.542956901948784,-0.7293372688936248,-1.5345179723879339,0.12490227526132228,2.7529684724125465,0.18613586647832892,True,False,24,-0.9445704952102099,-0.9420352596452449,0.34617458804279555,ok,120,21,13.063352381422972,0.04946216844692519,106,16,-172.75874362806783,12,12,0.3076923076923077,0.03717404757545256,0.06227891102946693,5.653507173519756e-08
c-0p70__money-lognormal__income-uniform__growth-preferential_debt__spend-high_income__topo-complete,money-lognormal__income-uniform__growth-preferential_debt__spend-high_income__topo-complete,0.7,lognormal,uniform,preferential_debt,high_income,complete,360,22,6,28,80,ok,24,15.366890512002062,0.07896856260848706,89,18,-140.55001679225217,12,12,0.07692307692307693,0.03674448634668561,0.04655347213742765,ok,0.5615763546798029,0.5770075306472919,-1.3844630699022638,-4.401000122633356,1.0775306376507754e-05,3.18803381042213,0.07258755008160304,True,False,24,-6.269045145035773,-2.256784055078104,0.02402157154928227,ok,120,24,15.366887589474132,0.07896849590549526,89,18,-140.5500167865384,12,12,0.07692307692307693,0.04237206657059592,0.06499530292800763,5.71375835534127e-09
c-0p80__money-normal__income-uniform__growth-random__spend-high_both__topo-ba_k6,money-normal__income-uniform__growth-random__spend-high_both__topo-ba_k6,0.8,normal,uniform,random,high_both,ba_k6,360,29,1,32,80,ok,24,11.999845667053053,0.09653928715106064,115,21,-213.9895435850846,12,12,0.07692307692307693,0.04234452318014437,0.059305493777005336,ok,0.6483180428134556,0.433373896225241,-1.9360526939231055,-3.825852596661723,0.000130320255697725,3.1552435151806004,0.11565079629864942,True,False,24,-5.141687444075799,-1.8882936657345641,0.05898653721593264,ok,120,24,11.999842325194301,0.09653918546962792,115,21,-213.98954178273934,12,12,0.07692307692307693,0.04422012158759927,0.06191205721280568,1.8023452525994799e-06
c-0p70__money-pareto__income-uniform__growth-preferential_debt__spend-high_income__topo-complete,money-pareto__income-uniform__growth-preferential_debt__spend-high_income__topo-complete,0.7,pareto,uniform,preferential_debt,high_income,complete,360,25,1,30,80,ok,23,13.050742885097234,0.04658166937200897,122,18,-209.9869438604684,12,12,0.23076923076923078,0.03760564639962811,0.071926100404108,ok,0.6089743589743589,0.4959791156489963,-1.1950904318595703,-2.51808278840189,0.011799558272894974,2.9804685973886196,0.15175167539026807,True,False,24,-2.012300449928674,-1.4063264969185159,0.15962719549337823,ok,120,23,13.050742094971962,0.0465816497647461,122,18,-209.98694365670983,12,12,0.38461538461538464,0.03901959166400642,0.060983811295579886,2.0375856024656969e-07
c-0p70__money-lognormal__income-uniform__growth-preferential_debt__spend-high_both__topo-complete,money-lognormal__income-uniform__growth-preferential_debt__spend-high_both__topo-complete,0.7,lognormal,uniform,preferential_debt,high_both,complete,360,26,5,30,80,ok,24,14.568930536798053,0.06952555209612593,94,20,-154.03759388151948,12,12,0.15384615384615385,0.047731067707301435,0.0714544803765804,ok,0.5822222222222223,0.5409030790032684,-1.135562258256198,-3.174807972447689,0.0014993568857214058,3.1302898780994215,0.10460450342304818,True,False,24,-3.0879966384184367,-1.6017011827794734,0.10922170349929862,ok,120,24,14.568929585902955,0.06952552974961124,94,20,-154.0375938593138,12,12,0.07692307692307693,0.035506597307462716,0.05712208871271921,2.2205682626008638e-08
c-0p70__money-uniform__income-uniform__growth-preferential_debt__spend-high_income__topo-complete,money-uniform__income-uniform__growth-preferential_debt__spend-high_income__topo-complete,0.7,uniform,uniform,preferential_debt,high_income,complete,360,25,4,30,80,ok,24,15.237337097873196,0.05507288784257813,95,19,-150.91840794806023,12,12,0.3076923076923077,0.042764841502512675,0.07489793601918704,ok,0.5662100456621004,0.568790164211464,-1.044917955322538,-2.8870103006013452,0.0038892149768549097,3.1200108274044527,0.10414667072374117,True,False,24,-2.7562511572155484,-1.4850457100636154,0.1375317159335682,ok,120,24,15.237335812300435,0.05507285512677118,95,19,-150.9184079405238,12,12,0.3076923076923077,0.04329726516585925,0.0692493192454094,7.536442581113079e-09
c-0p80__money-uniform__income-uniform__growth-preferential_debt__spend-high_wealth__topo-complete,money-uniform__income-uniform__growth-preferential_debt__spend-high_wealth__topo-complete,0.8,uniform,uniform,preferential_debt,high_wealth,complete,360,26,3,32,80,ok,22,9.996804287603307,0.09663905377293253,183,18,-364.39998476820796,12,12,0.07692307692307693,0.032847596751552764,0.04907762675887704,ok,0.6822916666666666,0.38229804882663004,-4.325115641974384,-5.7213299585897985,1.0569340543830019e-08,3.1045729585671196,0.12218332914461873,True,False,24,-11.907717867606877,-2.7669834912283573,0.005657762013289088,ok,120,22,9.99677764941822,0.09663809347838942,183,18,-364.3999507814639,12,12,0.07692307692307693,0.028096443039042077,0.03803741792969207,3.398674408572333e-05
c-0p80__money-normal__income-uniform__growth-preferential_debt__spend-high_wealth__topo-complete,money-normal__income-uniform__growth-preferential_debt__spend-high_wealth__topo-complete,0.8,normal,uniform,preferential_debt,high_wealth,complete,360,26,2,30,80,ok,24,14.59071441362517,0.06063528122122164,110,20,-180.07244450872935,12,12,0.3076923076923077,0.04472746208283237,0.06647409958325415,ok,0.5817490494296579,0.5417161107853289,-1.3057762561856676,-3.3045780320895384,0.0009511949272102312,3.126533171650657,0.10590624431144872,True,False,24,-3.481287206106295,-1.661766155185501,0.09655967077747596,ok,120,24,14.590713923957908,0.06063526821541676,110,20,-180.07244448365162,12,12,0.15384615384615385,0.042572063636090285,0.0676281834273981,2.5077724785660394e-08
c-0p70__money-pareto__income-uniform__growth-preferential_debt__spend-high_both__topo-er_k6,money-pareto__income-uniform__growth-preferential_debt__spend-high_both__topo-er_k6,0.7,pareto,uniform,preferential_debt,high_both,er_k6,360,24,1,30,80,ok,23,14.263445827254891,0.06649710947324039,105,17,-170.14073330115417,12,12,0.15384615384615385,0.037092173923129586,0.06559666058169751,ok,0.5766129032258065,0.5505841159050748,-1.1630231459452751,-2.7506989684006684,0.005946826455127826,3.060077884322817,0.11668686748606795,True,False,24,-2.7291272594956126,-1.3907238683118908,0.16430917691142266,ok,120,23,14.263445357542821,0.06649709671500081,105,17,-170.14073327818124,12,12,0.15384615384615385,0.042154813231871056,0.07276711844233674,2.2972926672082394e-08
c-0p80__money-normal__income-uniform__growth-preferential_debt__spend-high_wealth__topo-ba_k12,money-normal__income-uniform__growth-preferential_debt__spend-high_wealth__topo-ba_k12,0.8,normal,uniform,preferential_debt,high_wealth,ba_k12,360,24,5,29,80,ok,22,16.894073876759162,0.03572049277557193,90,18,-125.11663556978556,12,12,0.5384615384615384,0.04117220696474013,0.06636958943222093,ok,0.5,0.6931471805599453,-0.35014306899539316,-0.9002198377329896,0.36800327111104025,2.7386706987161245,0.16791033335208133,True,False,24,-0.4528685100905552,-0.5693656066548148,0.5691080522830125,ok,120,22,16.894076357394404,0.03572054734094138,90,18,-125.11663556966994,12,12,0.38461538461538464,0.034176067902436984,0.05109368073260012,1.156195139628835e-10
c-0p80__money-uniform__income-uniform__growth-preferential_debt__spend-high_income__topo-sw_k6,money-uniform__income-uniform__growth-preferential_debt__spend-high_income__topo-sw_k6,0.8,uniform,uniform,preferential_debt,high_income,sw_k6,360,25,4,31,80,ok,25,15.62905283363241,0.052111975622201934,82,19,-131.25926608914548,12,12,0.5384615384615384,0.052118409344810886,0.09481933009808508,ok,0.5706806282722514,0.560925545817486,-0.7829387708846127,-2.4627115603661283,0.013789079605167993,3.133634374396966,0.11143357698113728,True,False,24,-1.8429972893971818,-1.2845781668781604,0.1989397322331613,ok,120,25,15.62905198511263,0.05211195680166247,82,19,-131.2592660828406,12,12,0.6153846153846154,0.05670846328079584,0.09707343864869365,6.304873068074812e-09
c-0p80__money-uniform__income-uniform__growth-preferential_debt__spend-high_wealth__topo-er_k12,money-uniform__income-uniform__growth-preferential_debt__spend-high_wealth__topo-er_k12,0.8,uniform,uniform,preferential_debt,high_wealth,er_k12,360,26,3,31,80,ok,22,10.375857642911315,0.08435737066559357,164,19,-319.173267081906,12,12,0.07692307692307693,0.032560954997414515,0.053735429800418504,ok,0.6706827309236948,0.3994590840479525,-3.593614541015332,-5.408132535632266,6.368529135991055e-08,3.094898336287278,0.12168236757894255,True,False,24,-9.70876576484482,-2.6941708398250155,0.007056398595788634,ok,120,22,10.375842758511489,0.0843569634836121,164,19,-319.17325122441605,12,12,0.07692307692307693,0.03209442402489243,0.0529966106125036,1.585748992738445e-05
c-0p80__money-normal__income-uniform__growth-preferential_debt__spend-high_wealth__topo-er_k24,money-normal__income-uniform__growth-preferential_debt__spend-high_wealth__topo-er_k24,0.8,normal,uniform,preferential_debt,high_wealth,er_k24,360,26,4,30,80,ok,23,12.789248534155409,0.05902137315342332,123,20,-214.5661713103014,12,12,0.15384615384615385,0.03402447406991076,0.056459262412571376,ok,0.6144200626959248,0.4870764435543274,-1.8793584419247225,-3.961817211765581,7.43814766714158e-05,3.1055371750785343,0.11089282818042948,True,False,24,-5.067009844148204,-2.037896327904405,0.041560301920496645,ok,120,23,12.789247325716206,0.05902134280616289,123,20,-214.56617099186627,12,12,0.07692307692307693,0.0330661523574233,0.052367968670075656,3.184351271556807e-07
c-0p80__money-equal__income-uniform__growth-preferential_debt__spend-high_wealth__topo-ba_k12,money-equal__income-uniform__growth-preferential_debt__spend-high_wealth__topo-ba_k12,0.8,equal,uniform,preferential_debt,high_wealth,ba_k12,360,25,3,28,80,ok,21,13.372213053419403,0.056517382231828395,116,18,-185.9752701965199,12,12,0.23076923076923078,0.04275283967297403,0.07276815651706738,ok,0.5719557195571956,0.5586937039604543,-0.9484250289424938,-1.9851849032525717,0.0471239033154471,2.841553800904816,0.16150199934667214,True,False,24,-1.4608936098846934,-1.1321804396226396,0.2575585819102827,ok,120,21,13.372213155196434,0.056517385049284274,116,18,-185.9752701606934,12,12,0.07692307692307693,0.028120535103152502,0.04861002906402477,3.5826474231726024e-08
c-0p70__money-uniform__income-uniform__growth-preferential_debt__spend-high_income__topo-sw_k24,money-uniform__income-uniform__growth-preferential_debt__spend-high_income__topo-sw_k24,0.7,uniform,uniform,preferential_debt,high_income,sw_k24,360,26,2,31,80,ok,23,12.949329509119941,0.0653420149052707,112,19,-193.77657589635243,12,12,0.07692307692307693,0.04239144067488263,0.06477248445493106,ok,0.6111111111111112,0.49247648509779407,-1.3210143289652825,-2.856050870271875,0.004289464020345941,3.041866140342283,0.13358356566963142,True,False,24,-2.709947160712905,-1.4998638640935165,0.13364967012895684,ok,120,23,12.94932938614226,0.06534201253468158,112,19,-193.7765756746346,12,12,0.23076923076923078,0.0417355985101596,0.07828485515357629,2.2171781211000052e-07
c-0p80__money-pareto__income-uniform__growth-preferential_debt__spend-high_wealth__topo-er_k12,money-pareto__income-uniform__growth-preferential_debt__spend-high_wealth__topo-er_k12,0.8,pareto,uniform,preferential_debt,high_wealth,er_k12,360,27,2,29,80,ok,22,10.984041324429912,0.08470266922952818,157,21,-294.8429252293655,12,12,0.07692307692307693,0.03458981642129425,0.04686772051367592,ok,0.6518847006651884,0.42788757216399675,-3.374198150914253,-5.622016568287413,1.8874115789574214e-08,3.1023810566225714,0.10953062749060404,True,False,24,-10.254677894942853,-2.7717987400729425,0.0055747492376658275,ok,120,22,10.98403670273218,0.08470252034053505,157,21,-294.8429199021915,12,12,0.07692307692307693,0.03215971339173524,0.04989415574530926,5.327173994373879e-06
c-0p80__money-uniform__income-uniform__growth-preferential_debt__spend-high_wealth__topo-sw_k24,money-uniform__income-uniform__growth-preferential_debt__spend-high_wealth__topo-sw_k24,0.8,uniform,uniform,preferential_debt,high_wealth,sw_k24,360,25,2,31,80,ok,24,15.394616170996116,0.034267351779148414,106,19,-167.18469412028574,12,12,0.3076923076923077,0.028222710404930424,0.04800750369270539,ok,0.5637860082304527,0.5730805175124236,-0.7326942028646917,-1.7731762376477156,0.07619950825637473,2.9829189509502094,0.14400909161824113,True,False,24,-1.1927688497111828,-0.9892141952097726,0.3225583546370264,ok,120,24,15.394613793812047,0.03426738030887688,106,19,-167.18469411378223,12,12,0.6153846153846154,0.04509207726691165,0.06603457695053395,6.503512395283906e-09
c-0p80__money-equal__income-uniform__growth-preferential_debt__spend-high_wealth__topo-ba_k6,money-equal__income-uniform__growth-preferential_debt__spend-high_wealth__topo-ba_k6,0.8,equal,uniform,preferential_debt,high_wealth,ba_k6,360,23,4,28,80,ok,20,9.55913535189153,0.10644313362895069,172,17,-335.4266461374066,12,12,0.07692307692307693,0.0374696435618768,0.06761873094302649,ok,0.6698656429942419,0.4006781195509397,-4.970025244463429,-7.051762444021344,1.7666563182778886e-12,3.041480053231479,0.10848480942781118,True,False,24,-16.641968330488098,-3.4700288021152628,0.0005204025571028464,ok,120,20,9.559112459572608,0.10644226339425306,172,17,-335.4266166632532,12,12,0.07692307692307693,0.027177775267140856,0.04334324851650483,2.9474153393493907e-05
c-0p80__money-lognormal__income-uniform__growth-preferential_debt__spend-high_wealth__topo-sw_k24,money-lognormal__income-uniform__growth-preferential_debt__spend-high_wealth__topo-sw_k24,0.8,lognormal,uniform,preferential_debt,high_wealth,sw_k24,360,23,6,29,80,ok,22,10.684908315657406,0.10774078959543265,194,18,-370.71851561766846,12,12,0.07692307692307693,0.03767220625433438,0.052825580041611746,ok,0.6602451838879159,0.41514402220799956,-4.780195430272306,-7.0606849939350464,1.6568380616303657e-12,3.123532055287348,0.10087440780604866,True,False,24,-16.621458526342735,-3.510330543048345,0.0004475499693371048,ok,120,22,10.684898655624695,0.1077404599421381,194,18,-370.71850460014,12,12,0.07692307692307693,0.03026218833336247,0.04111783871511401,1.1017528436241264e-05
c-0p70__money-uniform__income-uniform__growth-preferential_debt__spend-high_both__topo-sw_k12,money-uniform__income-uniform__growth-preferential_debt__spend-high_both__topo-sw_k12,0.7,uniform,uniform,preferential_debt,high_both,sw_k12,360,29,3,32,80,ok,21,9.153257394186133,0.06887649640518989,186,20,-381.83735414290487,12,12,0.07692307692307693,0.03034738870017938,0.04559559717269767,ok,0.6990291262135923,0.35806286921358044,-3.816222866163045,-4.3922372126439795,1.1219019412675927e-05,2.993366530997669,0.16634207185238534,True,False,24,-7.139919749362627,-2.328386118096614,0.019891610111635195,ok,120,21,9.153192975469148,0.06887397219577207,186,20,-381.837253938005,12,12,0.07692307692307693,0.029705933217091047,0.046952503080588674,0.00010020489986573011
c-0p80__money-normal__income-uniform__growth-preferential_debt__spend-high_wealth__topo-sw_k24,money-normal__income-uniform__growth-preferential_debt__spend-high_wealth__topo-sw_k24,0.8,normal,uniform,preferential_debt,high_wealth,sw_k24,360,26,1,30,80,ok,24,16.718969631689554,0.04831289267573491,92,20,-136.75399806263238,12,12,0.15384615384615385,0.038142440424252154,0.059922547881086155,ok,0.5329949238578681,0.6292433785804651,-0.6332493563002821,-1.838154538604226,0.06603963656953364,3.024394422742858,0.1250716364493091,True,False,24,-1.1936837849583322,-0.9922610107486974,0.3210702174900534,ok,120,24,16.718967718834804,0.04831284947323389,92,20,-136.75399806198374,12,12,0.38461538461538464,0.04051744303945523,0.06471909483072069,6.486402526206803e-10
c-0p60__money-normal__income-biased__growth-preferential_debt__spend-high_wealth__topo-er_k6,money-normal__income-biased__growth-preferential_debt__spend-high_wealth__topo-er_k6,0.6,normal,biased,preferential_debt,high_wealth,er_k6,360,49,6,56,80,ok,44,15.224930563520068,0.06306781275811768,91,37,-199.57616145500123,12,12,0.3076923076923077,0.05178860445909572,0.08445836771852425,ok,0.7354651162790697,0.3072521686458782,-0.8311870596481823,-2.277872217798158,0.02273419198531782,3.6719339812494747,0.124650200260901,True,False,24,-1.6905622330721184,-1.201263941037672,0.22964883320376417,ok,120,44,15.224823470215174,0.0630653608370948,91,37,-199.57611507160166,12,12,0.3076923076923077,0.04516223023617466,0.07246695277645887,4.638339956386517e-05
c-0p50__money-uniform__income-biased__growth-preferential_debt__spend-high_both__topo-er_k24,money-uniform__income-biased__growth-preferential_debt__spend-high_both__topo-er_k24,0.5,uniform,biased,preferential_debt,high_both,er_k24,360,56,9,68,80,ok,53,14.124856987737036,0.0945754989393055,147,47,-362.42911962803515,12,12,0.07692307692307693,0.037227232041789564,0.05670142808106573,ok,0.7902995720399429,0.23534320028730626,-2.423917531256994,-5.531985701763223,3.1662571993020666e-08,3.979343293649759,0.08673154482961627,True,False,24,-8.958375128304741,-2.6777803223973473,0.007411180780897438,ok,120,53,14.122201931042438,0.09451256263085228,147,47,-362.4264096104014,12,12,0.07692307692307693,0.03980231040183358,0.061036274099740384,0.0027100176337739867
c-0p70__money-pareto__income-biased__growth-preferential_debt__spend-baseline__topo-sw_k24,money-pareto__income-biased__growth-preferential_debt__spend-baseline__topo-sw_k24,0.7,pareto,biased,preferential_debt,baseline,sw_k24,360,59,3,62,80,ok,48,12.363242484101002,0.09160018845874496,83,46,-209.25660318423553,12,12,0.07692307692307693,0.05137909828534965,0.07707232131145661,ok,0.8,0.2231435513142097,-1.5895974158875719,-4.225821854525229,2.380702811683585e-05,3.8847318424523123,0.09879696548906691,True,False,24,-5.241547490573479,-2.1080857211723494,0.03502357531359652,ok,120,48,12.360153924795133,0.09151874000020066,83,46,-209.25448202416132,12,12,0.07692307692307693,0.04663448513437241,0.06617391753781324,0.002121160074210593
