seed,ended_by_default,periods_completed,time_steps_completed,first_cascade_period,first_cascade_time_steps,last_period_length_steps,max_period_length_steps,total_credit_issued,credit_scale_before_cascade,active_credit_after_cascade,collapse_size,max_collapse_size,total_collapse_size,avalanche_count,collapse_fraction,critical_event,initial_total_money,final_cash_total,final_active_credit,initial_money_gini,final_net_worth_gini,failed_credit_events,total_income_last_period,n_nodes,mean_initial_money,money_distribution,income_distribution_rule,growth_rule,consumption_wealth_propensity,consumption_income_propensity,investment_income_propensity,initial_income_per_capita,income_bias_floor,collapse_threshold_fraction,max_periods,max_time_steps,default_threshold,wipe_defaulted_assets,validate_accounting,period_length_rule,fixed_period_length_steps,avalanche_protocol,default_check_mode,family,scenario_id,scenario_index,run_index,control_name,control_value
2026650000,True,240,5815,1,150,22,150,5815,150,164,23,23,2769,240,0.23,True,2163,2163,164,0.49319926028663885,0.9624179380490061,0,72,100,20.0,lognormal,biased,random,0.02,0.2,0.3,5.0,1.0,0.1,240,0,0.0,True,True,income,100,continue_after_avalanche,period_end,high_c_finite_income,high_c_finite__N100__c0p30__lognormal__biased__random,0,0,c,0.3
2026650001,True,240,4624,1,150,16,150,4624,150,138,21,21,2252,239,0.21,True,1688,1688,138,0.47058056872037923,0.9621800947867298,0,53,100,20.0,lognormal,biased,random,0.02,0.2,0.3,5.0,1.0,0.1,240,0,0.0,True,True,income,100,continue_after_avalanche,period_end,high_c_finite_income,high_c_finite__N100__c0p30__lognormal__biased__random,0,1,c,0.3
2026650002,True,240,5356,1,150,19,150,5356,150,239,23,23,2600,238,0.23,True,1958,1958,239,0.49066394279877423,0.9477936670071501,0,69,100,20.0,lognormal,biased,random,0.02,0.2,0.3,5.0,1.0,0.1,240,0,0.0,True,True,income,100,continue_after_avalanche,period_end,high_c_finite_income,high_c_finite__N100__c0p30__lognormal__biased__random,0,2,c,0.3
2026650003,True,240,6385,1,150,23,150,6385,150,148,24,24,3429,240,0.24,True,2456,2456,148,0.5738925081433224,0.9699918566775245,0,77,100,20.0,lognormal,biased,random,0.02,0.2,0.3,5.0,1.0,0.1,240,0,0.0,True,True,income,100,continue_after_avalanche,period_end,high_c_finite_income,high_c_finite__N100__c0p30__lognormal__biased__random,0,3,c,0.3
2026650004,True,240,5478,1,150,20,150,5478,150,133,21,21,2635,238,0.21,True,1994,1994,133,0.46722166499498496,0.9653660982948846,0,65,100,20.0,lognormal,biased,random,0.02,0.2,0.3,5.0,1.0,0.1,240,0,0.0,True,True,income,100,continue_after_avalanche,period_end,high_c_finite_income,high_c_finite__N100__c0p30__lognormal__biased__random,0,4,c,0.3
2026650005,True,240,4963,1,150,17,150,4963,150,146,20,20,2476,238,0.2,True,1827,1827,146,0.4985276409414341,0.9644827586206897,0,59,100,20.0,lognormal,biased,random,0.02,0.2,0.3,5.0,1.0,0.1,240,0,0.0,True,True,income,100,continue_after_avalanche,period_end,high_c_finite_income,high_c_finite__N100__c0p30__lognormal__biased__random,0,5,c,0.3
2026650006,True,240,5149,1,150,19,150,5149,150,135,24,24,2676,240,0.24,True,1887,1887,135,0.5215739268680446,0.9569634340222575,0,64,100,20.0,lognormal,biased,random,0.02,0.2,0.3,5.0,1.0,0.1,240,0,0.0,True,True,income,100,continue_after_avalanche,period_end,high_c_finite_income,high_c_finite__N100__c0p30__lognormal__biased__random,0,6,c,0.3
2026650007,True,240,5055,1,150,19,150,5055,150,236,21,21,2495,240,0.21,True,1837,1837,236,0.4771747414262384,0.9496842678279804,0,60,100,20.0,lognormal,biased,random,0.02,0.2,0.3,5.0,1.0,0.1,240,0,0.0,True,True,income,100,continue_after_avalanche,period_end,high_c_finite_income,high_c_finite__N100__c0p30__lognormal__biased__random,0,7,c,0.3
2026650008,True,240,5482,1,150,18,150,5482,150,97,23,23,3042,240,0.23,True,2088,2088,97,0.5676245210727968,0.9678735632183908,0,64,100,20.0,lognormal,biased,random,0.02,0.2,0.3,5.0,1.0,0.1,240,0,0.0,True,True,income,100,continue_after_avalanche,period_end,high_c_finite_income,high_c_finite__N100__c0p30__lognormal__biased__random,0,8,c,0.3
2026650009,True,240,5332,1,150,20,150,5332,150,103,21,21,2828,240,0.21,True,1987,1987,103,0.5275339708102667,0.9550629089079012,0,67,100,20.0,lognormal,biased,random,0.02,0.2,0.3,5.0,1.0,0.1,240,0,0.0,True,True,income,100,continue_after_avalanche,period_end,high_c_finite_income,high_c_finite__N100__c0p30__lognormal__biased__random,0,9,c,0.3
2026650010,True,240,4523,1,150,16,150,4523,150,111,21,21,2201,237,0.21,True,1629,1629,111,0.47211172498465315,0.9562246777163905,0,56,100,20.0,lognormal,biased,random,0.02,0.2,0.3,5.0,1.0,0.1,240,0,0.0,True,True,income,100,continue_after_avalanche,period_end,high_c_finite_income,high_c_finite__N100__c0p30__lognormal__biased__random,0,10,c,0.3
2026650011,True,240,5375,1,150,21,150,5375,150,190,19,19,2614,240,0.19,True,1967,1967,190,0.5161209964412812,0.9462277580071174,0,69,100,20.0,lognormal,biased,random,0.02,0.2,0.3,5.0,1.0,0.1,240,0,0.0,True,True,income,100,continue_after_avalanche,period_end,high_c_finite_income,high_c_finite__N100__c0p30__lognormal__biased__random,0,11,c,0.3
2026650012,True,240,5153,1,150,19,150,5153,150,224,22,22,2601,240,0.22,True,1890,1890,224,0.5045396825396826,0.9313862433862434,0,63,100,20.0,lognormal,biased,random,0.02,0.2,0.3,5.0,1.0,0.1,240,0,0.0,True,True,income,100,continue_after_avalanche,period_end,high_c_finite_income,high_c_finite__N100__c0p30__lognormal__biased__random,0,12,c,0.3
2026650013,True,240,6677,1,150,24,150,6677,150,58,24,24,3504,240,0.24,True,2549,2549,58,0.5710984699882307,0.9778069831306395,0,79,100,20.0,lognormal,biased,random,0.02,0.2,0.3,5.0,1.0,0.1,240,0,0.0,True,True,income,100,continue_after_avalanche,period_end,high_c_finite_income,high_c_finite__N100__c0p30__lognormal__biased__random,0,13,c,0.3
2026650014,True,240,5358,1,150,20,150,5358,150,215,23,23,2782,239,0.23,True,1989,1989,215,0.5041679235796883,0.9513474107591755,0,71,100,20.0,lognormal,biased,random,0.02,0.2,0.3,5.0,1.0,0.1,240,0,0.0,True,True,income,100,continue_after_avalanche,period_end,high_c_finite_income,high_c_finite__N100__c0p30__lognormal__biased__random,0,14,c,0.3
2026650015,True,240,5158,1,150,20,150,5158,150,164,21,21,2577,238,0.21,True,1887,1887,164,0.5054636989931107,0.9531796502384737,0,65,100,20.0,lognormal,biased,random,0.02,0.2,0.3,5.0,1.0,0.1,240,0,0.0,True,True,income,100,continue_after_avalanche,period_end,high_c_finite_income,high_c_finite__N100__c0p30__lognormal__biased__random,0,15,c,0.3
2026650016,True,240,5836,1,150,23,150,5836,150,263,21,21,2927,240,0.21,True,2151,2151,263,0.5249790794979079,0.934091120409112,0,78,100,20.0,lognormal,biased,random,0.02,0.2,0.3,5.0,1.0,0.1,240,0,0.0,True,True,income,100,continue_after_avalanche,period_end,high_c_finite_income,high_c_finite__N100__c0p30__lognormal__biased__random,0,16,c,0.3
2026650017,True,240,4145,1,150,15,150,4145,150,44,18,18,2379,240,0.18,True,1515,1515,44,0.538950495049505,0.9727194719471948,0,49,100,20.0,lognormal,biased,random,0.02,0.2,0.3,5.0,1.0,0.1,240,0,0.0,True,True,income,100,continue_after_avalanche,period_end,high_c_finite_income,high_c_finite__N100__c0p30__lognormal__biased__random,0,17,c,0.3
2026650018,True,240,5458,1,150,21,150,5458,150,126,23,23,2781,240,0.23,True,2009,2009,126,0.5320905923344947,0.9429716276754605,0,70,100,20.0,lognormal,biased,random,0.02,0.2,0.3,5.0,1.0,0.1,240,0,0.0,True,True,income,100,continue_after_avalanche,period_end,high_c_finite_income,high_c_finite__N100__c0p30__lognormal__biased__random,0,18,c,0.3
2026650019,True,240,6156,1,150,22,150,6156,150,150,24,24,3174,240,0.24,True,2327,2327,150,0.5388182208852599,0.9704125483455093,0,72,100,20.0,lognormal,biased,random,0.02,0.2,0.3,5.0,1.0,0.1,240,0,0.0,True,True,income,100,continue_after_avalanche,period_end,high_c_finite_income,high_c_finite__N100__c0p30__lognormal__biased__random,0,19,c,0.3
2026650020,True,240,5058,1,150,19,150,5058,150,216,21,21,2224,238,0.21,True,1811,1811,216,0.41533406957482044,0.9237934842628381,0,62,100,20.0,lognormal,biased,random,0.02,0.2,0.3,5.0,1.0,0.1,240,0,0.0,True,True,income,100,continue_after_avalanche,period_end,high_c_finite_income,high_c_finite__N100__c0p30__lognormal__biased__random,0,20,c,0.3
2026650021,True,240,5997,1,150,22,150,5997,150,376,22,22,2768,240,0.22,True,2210,2210,376,0.5002714932126697,0.9432126696832579,0,77,100,20.0,lognormal,biased,random,0.02,0.2,0.3,5.0,1.0,0.1,240,0,0.0,True,True,income,100,continue_after_avalanche,period_end,high_c_finite_income,high_c_finite__N100__c0p30__lognormal__biased__random,0,21,c,0.3
2026650022,True,240,5696,1,150,22,150,5696,150,275,22,22,2922,240,0.22,True,2118,2118,275,0.5246836638338055,0.936628895184136,0,79,100,20.0,lognormal,biased,random,0.02,0.2,0.3,5.0,1.0,0.1,240,0,0.0,True,True,income,100,continue_after_avalanche,period_end,high_c_finite_income,high_c_finite__N100__c0p30__lognormal__biased__random,0,22,c,0.3
2026650023,True,240,4735,1,150,16,150,4735,150,80,19,19,2571,240,0.19,True,1758,1758,80,0.5372013651877132,0.9664846416382253,0,57,100,20.0,lognormal,biased,random,0.02,0.2,0.3,5.0,1.0,0.1,240,0,0.0,True,True,income,100,continue_after_avalanche,period_end,high_c_finite_income,high_c_finite__N100__c0p30__lognormal__biased__random,0,23,c,0.3
2026750000,True,240,5406,4,332,18,150,5406,332,54,22,22,2333,220,0.22,True,2001,2001,54,0.36590204897551226,0.9809145427286357,0,62,100,20.0,pareto,biased,random,0.02,0.2,0.3,5.0,1.0,0.1,240,0,0.0,True,True,income,100,continue_after_avalanche,period_end,high_c_finite_income,high_c_finite__N100__c0p30__pareto__biased__random,1,0,c,0.3
2026750001,True,240,5252,7,423,17,150,5252,423,15,21,21,2532,228,0.21,True,1998,1998,15,0.4277577577577578,0.9893593593593593,0,59,100,20.0,pareto,biased,random,0.02,0.2,0.3,5.0,1.0,0.1,240,0,0.0,True,True,income,100,continue_after_avalanche,period_end,high_c_finite_income,high_c_finite__N100__c0p30__pareto__biased__random,1,1,c,0.3
2026750002,True,240,5598,12,541,20,150,5598,541,231,20,20,1948,207,0.2,True,2000,2000,231,0.25854,0.9330799999999999,0,65,100,20.0,pareto,biased,random,0.02,0.2,0.3,5.0,1.0,0.1,240,0,0.0,True,True,income,100,continue_after_avalanche,period_end,high_c_finite_income,high_c_finite__N100__c0p30__pareto__biased__random,1,2,c,0.3
2026750003,True,240,5593,8,449,20,150,5593,449,277,20,20,2125,207,0.2,True,2002,2002,277,0.2928471528471528,0.9339060939060939,0,66,100,20.0,pareto,biased,random,0.02,0.2,0.3,5.0,1.0,0.1,240,0,0.0,True,True,income,100,continue_after_avalanche,period_end,high_c_finite_income,high_c_finite__N100__c0p30__pareto__biased__random,1,3,c,0.3
2026750004,True,240,5626,23,811,21,150,5626,811,261,18,18,1796,208,0.18,True,2001,2001,261,0.2378160919540231,0.932448775612194,0,71,100,20.0,pareto,biased,random,0.02,0.2,0.3,5.0,1.0,0.1,240,0,0.0,True,True,income,100,continue_after_avalanche,period_end,high_c_finite_income,high_c_finite__N100__c0p30__pareto__biased__random,1,4,c,0.3
2026750005,True,240,5232,11,518,18,150,5232,518,24,22,22,2744,216,0.22,True,1997,1997,24,0.43236354531797705,0.988437656484727,0,59,100,20.0,pareto,biased,random,0.02,0.2,0.3,5.0,1.0,0.1,240,0,0.0,True,True,income,100,continue_after_avalanche,period_end,high_c_finite_income,high_c_finite__N100__c0p30__pareto__biased__random,1,5,c,0.3
2026750006,True,240,5698,23,823,21,150,5698,823,380,19,19,1847,205,0.19,True,2000,2000,380,0.25207,0.90821,0,70,100,20.0,pareto,biased,random,0.02,0.2,0.3,5.0,1.0,0.1,240,0,0.0,True,True,income,100,continue_after_avalanche,period_end,high_c_finite_income,high_c_finite__N100__c0p30__pareto__biased__random,1,6,c,0.3
2026750007,True,240,5480,10,501,20,150,5480,501,73,21,21,2462,214,0.21,True,1998,1998,73,0.31660660660660667,0.9591691691691691,0,67,100,20.0,pareto,biased,random,0.02,0.2,0.3,5.0,1.0,0.1,240,0,0.0,True,True,income,100,continue_after_avalanche,period_end,high_c_finite_income,high_c_finite__N100__c0p30__pareto__biased__random,1,7,c,0.3
2026750008,True,240,5283,7,423,19,150,5283,423,17,22,22,2653,221,0.22,True,2004,2004,17,0.4182135728542915,0.9854590818363274,0,61,100,20.0,pareto,biased,random,0.02,0.2,0.3,5.0,1.0,0.1,240,0,0.0,True,True,income,100,continue_after_avalanche,period_end,high_c_finite_income,high_c_finite__N100__c0p30__pareto__biased__random,1,8,c,0.3
2026750009,True,240,5434,9,466,19,150,5434,466,67,23,23,2391,224,0.23,True,2005,2005,67,0.354638403990025,0.976793017456359,0,62,100,20.0,pareto,biased,random,0.02,0.2,0.3,5.0,1.0,0.1,240,0,0.0,True,True,income,100,continue_after_avalanche,period_end,high_c_finite_income,high_c_finite__N100__c0p30__pareto__biased__random,1,9,c,0.3
2026750010,True,240,5357,18,674,19,150,5357,674,23,22,22,2383,212,0.22,True,1997,1997,23,0.321657486229344,0.976129193790686,0,61,100,20.0,pareto,biased,random,0.02,0.2,0.3,5.0,1.0,0.1,240,0,0.0,True,True,income,100,continue_after_avalanche,period_end,high_c_finite_income,high_c_finite__N100__c0p30__pareto__biased__random,1,10,c,0.3
2026750011,True,240,5505,15,617,19,150,5505,617,138,23,23,2331,212,0.23,True,1998,1998,138,0.30239239239239235,0.971881881881882,0,62,100,20.0,pareto,biased,random,0.02,0.2,0.3,5.0,1.0,0.1,240,0,0.0,True,True,income,100,continue_after_avalanche,period_end,high_c_finite_income,high_c_finite__N100__c0p30__pareto__biased__random,1,11,c,0.3
2026750012,True,240,5649,21,749,21,150,5649,749,447,20,20,1755,201,0.2,True,1996,1996,447,0.24848697394789587,0.9038376753507014,0,72,100,20.0,pareto,biased,random,0.02,0.2,0.3,5.0,1.0,0.1,240,0,0.0,True,True,income,100,continue_after_avalanche,period_end,high_c_finite_income,high_c_finite__N100__c0p30__pareto__biased__random,1,12,c,0.3
2026750013,True,240,5295,19,709,17,150,5295,709,10,22,22,2448,214,0.22,True,1996,1996,10,0.3722344689378758,0.9871042084168336,0,59,100,20.0,pareto,biased,random,0.02,0.2,0.3,5.0,1.0,0.1,240,0,0.0,True,True,income,100,continue_after_avalanche,period_end,high_c_finite_income,high_c_finite__N100__c0p30__pareto__biased__random,1,13,c,0.3
2026750014,True,240,5665,19,714,21,150,5665,714,464,19,19,1590,201,0.19,True,2004,2004,464,0.2127644710578842,0.8971856287425151,0,74,100,20.0,pareto,biased,random,0.02,0.2,0.3,5.0,1.0,0.1,240,0,0.0,True,True,income,100,continue_after_avalanche,period_end,high_c_finite_income,high_c_finite__N100__c0p30__pareto__biased__random,1,14,c,0.3
2026750015,True,240,5575,10,491,21,150,5575,491,319,21,21,2028,204,0.21,True,1999,1999,319,0.2908704352176088,0.9498799399699849,0,67,100,20.0,pareto,biased,random,0.02,0.2,0.3,5.0,1.0,0.1,240,0,0.0,True,True,income,100,continue_after_avalanche,period_end,high_c_finite_income,high_c_finite__N100__c0p30__pareto__biased__random,1,15,c,0.3
2026750016,True,240,5622,19,711,20,150,5622,711,271,20,20,1988,208,0.2,True,2001,2001,271,0.2832033983008495,0.9342178910544727,0,69,100,20.0,pareto,biased,random,0.02,0.2,0.3,5.0,1.0,0.1,240,0,0.0,True,True,income,100,continue_after_avalanche,period_end,high_c_finite_income,high_c_finite__N100__c0p30__pareto__biased__random,1,16,c,0.3
2026750017,True,240,5462,13,578,20,150,5462,578,61,21,21,2308,214,0.21,True,2004,2004,61,0.35285429141716573,0.9770558882235529,0,60,100,20.0,pareto,biased,random,0.02,0.2,0.3,5.0,1.0,0.1,240,0,0.0,True,True,income,100,continue_after_avalanche,period_end,high_c_finite_income,high_c_finite__N100__c0p30__pareto__biased__random,1,17,c,0.3
2026750018,True,240,5602,6,387,21,150,5602,387,256,21,21,2141,208,0.21,True,2003,2003,256,0.30473789316025957,0.9318671992011982,0,68,100,20.0,pareto,biased,random,0.02,0.2,0.3,5.0,1.0,0.1,240,0,0.0,True,True,income,100,continue_after_avalanche,period_end,high_c_finite_income,high_c_finite__N100__c0p30__pareto__biased__random,1,18,c,0.3
2026750019,True,240,5389,13,566,18,150,5389,566,44,21,21,2483,216,0.21,True,2001,2001,44,0.35638680659670174,0.9777461269365317,0,59,100,20.0,pareto,biased,random,0.02,0.2,0.3,5.0,1.0,0.1,240,0,0.0,True,True,income,100,continue_after_avalanche,period_end,high_c_finite_income,high_c_finite__N100__c0p30__pareto__biased__random,1,19,c,0.3
2026750020,True,240,5589,20,722,21,150,5589,722,239,21,21,1954,208,0.21,True,2000,2000,239,0.26655000000000006,0.94983,0,71,100,20.0,pareto,biased,random,0.02,0.2,0.3,5.0,1.0,0.1,240,0,0.0,True,True,income,100,continue_after_avalanche,period_end,high_c_finite_income,high_c_finite__N100__c0p30__pareto__biased__random,1,20,c,0.3
2026750021,True,240,5509,5,371,21,150,5509,371,224,20,20,2374,221,0.2,True,1996,1996,224,0.34758517034068137,0.9343687374749499,0,68,100,20.0,pareto,biased,random,0.02,0.2,0.3,5.0,1.0,0.1,240,0,0.0,True,True,income,100,continue_after_avalanche,period_end,high_c_finite_income,high_c_finite__N100__c0p30__pareto__biased__random,1,21,c,0.3
2026750022,True,240,5546,14,599,20,150,5546,599,129,22,22,2149,211,0.22,True,2001,2001,129,0.2890504747626186,0.969080459770115,0,70,100,20.0,pareto,biased,random,0.02,0.2,0.3,5.0,1.0,0.1,240,0,0.0,True,True,income,100,continue_after_avalanche,period_end,high_c_finite_income,high_c_finite__N100__c0p30__pareto__biased__random,1,22,c,0.3
2026750023,True,240,5497,18,682,21,150,5497,682,189,19,19,2128,207,0.19,True,1998,1998,189,0.28806806806806806,0.9467467467467467,0,71,100,20.0,pareto,biased,random,0.02,0.2,0.3,5.0,1.0,0.1,240,0,0.0,True,True,income,100,continue_after_avalanche,period_end,high_c_finite_income,high_c_finite__N100__c0p30__pareto__biased__random,1,23,c,0.3
2026850000,True,240,10607,1,300,40,300,10607,300,237,40,40,5531,240,0.2,True,3925,3925,237,0.5032777070063694,0.9499146496815287,0,127,200,20.0,lognormal,biased,random,0.02,0.2,0.3,5.0,1.0,0.1,240,0,0.0,True,True,income,100,continue_after_avalanche,period_end,high_c_finite_income,high_c_finite__N200__c0p30__lognormal__biased__random,2,0,c,0.3
2026850001,True,240,11125,1,300,40,300,11125,300,240,41,41,6016,240,0.205,True,4235,4235,240,0.5505489964580874,0.9756328217237309,0,135,200,20.0,lognormal,biased,random,0.02,0.2,0.3,5.0,1.0,0.1,240,0,0.0,True,True,income,100,continue_after_avalanche,period_end,high_c_finite_income,high_c_finite__N200__c0p30__lognormal__biased__random,2,1,c,0.3
2026850002,True,240,9814,1,300,35,300,9814,300,537,33,33,4778,240,0.165,True,3539,3539,537,0.4779612884995763,0.9330729019497035,0,117,200,20.0,lognormal,biased,random,0.02,0.2,0.3,5.0,1.0,0.1,240,0,0.0,True,True,income,100,continue_after_avalanche,period_end,high_c_finite_income,high_c_finite__N200__c0p30__lognormal__biased__random,2,2,c,0.3
2026850003,True,240,11508,1,300,40,300,11508,300,182,44,44,6141,240,0.22,True,4388,4388,182,0.5792274384685507,0.9712420237010029,0,137,200,20.0,lognormal,biased,random,0.02,0.2,0.3,5.0,1.0,0.1,240,0,0.0,True,True,income,100,continue_after_avalanche,period_end,high_c_finite_income,high_c_finite__N200__c0p30__lognormal__biased__random,2,3,c,0.3
2026850004,True,240,10799,1,300,40,300,10799,300,465,37,37,5359,240,0.185,True,3942,3942,465,0.49731608320649423,0.9377803145611365,0,132,200,20.0,lognormal,biased,random,0.02,0.2,0.3,5.0,1.0,0.1,240,0,0.0,True,True,income,100,continue_after_avalanche,period_end,high_c_finite_income,high_c_finite__N200__c0p30__lognormal__biased__random,2,4,c,0.3
2026850005,True,240,10993,1,300,40,300,10993,300,355,38,38,5311,240,0.19,True,4014,4014,355,0.4912331838565023,0.9665994020926758,0,128,200,20.0,lognormal,biased,random,0.02,0.2,0.3,5.0,1.0,0.1,240,0,0.0,True,True,income,100,continue_after_avalanche,period_end,high_c_finite_income,high_c_finite__N200__c0p30__lognormal__biased__random,2,5,c,0.3
2026850006,True,240,9426,1,300,33,300,9426,300,345,33,33,4577,240,0.165,True,3412,3412,345,0.5020574443141854,0.9587661195779602,0,105,200,20.0,lognormal,biased,random,0.02,0.2,0.3,5.0,1.0,0.1,240,0,0.0,True,True,income,100,continue_after_avalanche,period_end,high_c_finite_income,high_c_finite__N200__c0p30__lognormal__biased__random,2,6,c,0.3
2026850007,True,240,12519,1,300,45,300,12519,300,334,41,41,6329,240,0.205,True,4706,4706,334,0.5287441563960902,0.9578729281767957,0,150,200,20.0,lognormal,biased,random,0.02,0.2,0.3,5.0,1.0,0.1,240,0,0.0,True,True,income,100,continue_after_avalanche,period_end,high_c_finite_income,high_c_finite__N200__c0p30__lognormal__biased__random,2,7,c,0.3
2026850008,True,240,9730,1,300,37,300,9730,300,413,33,33,4717,240,0.165,True,3516,3516,413,0.49248293515358377,0.9319226393629125,0,121,200,20.0,lognormal,biased,random,0.02,0.2,0.3,5.0,1.0,0.1,240,0,0.0,True,True,income,100,continue_after_avalanche,period_end,high_c_finite_income,high_c_finite__N200__c0p30__lognormal__biased__random,2,8,c,0.3
2026850009,True,240,9812,1,300,35,300,9812,300,240,37,37,4972,240,0.185,True,3637,3637,240,0.5130093483640363,0.9647415452295849,0,124,200,20.0,lognormal,biased,random,0.02,0.2,0.3,5.0,1.0,0.1,240,0,0.0,True,True,income,100,continue_after_avalanche,period_end,high_c_finite_income,high_c_finite__N200__c0p30__lognormal__biased__random,2,9,c,0.3
2026850010,True,240,10659,1,300,38,300,10659,300,211,39,39,5529,240,0.195,True,3945,3945,211,0.5343967046894804,0.9756717363751586,0,125,200,20.0,lognormal,biased,random,0.02,0.2,0.3,5.0,1.0,0.1,240,0,0.0,True,True,income,100,continue_after_avalanche,period_end,high_c_finite_income,high_c_finite__N200__c0p30__lognormal__biased__random,2,10,c,0.3
2026850011,True,240,13689,1,300,47,300,13689,300,32,60,60,7901,240,0.3,True,5533,5533,32,0.6205196096150372,0.9923612868245075,0,158,200,20.0,lognormal,biased,random,0.02,0.2,0.3,5.0,1.0,0.1,240,0,0.0,True,True,income,100,continue_after_avalanche,period_end,high_c_finite_income,high_c_finite__N200__c0p30__lognormal__biased__random,2,11,c,0.3
2026850012,True,240,11132,1,300,42,300,11132,300,397,38,38,5837,240,0.19,True,4225,4225,397,0.549123076923077,0.9702757396449706,0,142,200,20.0,lognormal,biased,random,0.02,0.2,0.3,5.0,1.0,0.1,240,0,0.0,True,True,income,100,continue_after_avalanche,period_end,high_c_finite_income,high_c_finite__N200__c0p30__lognormal__biased__random,2,12,c,0.3
2026850013,True,240,11344,1,300,40,300,11344,300,369,37,37,5202,240,0.185,True,4141,4141,369,0.469544795943009,0.9478881912581503,0,133,200,20.0,lognormal,biased,random,0.02,0.2,0.3,5.0,1.0,0.1,240,0,0.0,True,True,income,100,continue_after_avalanche,period_end,high_c_finite_income,high_c_finite__N200__c0p30__lognormal__biased__random,2,13,c,0.3
2026850014,True,240,11154,1,300,41,300,11154,300,455,39,39,5471,240,0.195,True,4147,4147,455,0.5156149023390404,0.9531769954183749,0,136,200,20.0,lognormal,biased,random,0.02,0.2,0.3,5.0,1.0,0.1,240,0,0.0,True,True,income,100,continue_after_avalanche,period_end,high_c_finite_income,high_c_finite__N200__c0p30__lognormal__biased__random,2,14,c,0.3
2026850015,True,240,9886,1,300,36,300,9886,300,278,39,39,4796,240,0.195,True,3607,3607,278,0.4645120598835599,0.9603950651510953,0,120,200,20.0,lognormal,biased,random,0.02,0.2,0.3,5.0,1.0,0.1,240,0,0.0,True,True,income,100,continue_after_avalanche,period_end,high_c_finite_income,high_c_finite__N200__c0p30__lognormal__biased__random,2,15,c,0.3
2026850016,True,240,10375,1,300,39,300,10375,300,331,35,35,5503,240,0.175,True,3836,3836,331,0.5150469238790407,0.964087591240876,0,131,200,20.0,lognormal,biased,random,0.02,0.2,0.3,5.0,1.0,0.1,240,0,0.0,True,True,income,100,continue_after_avalanche,period_end,high_c_finite_income,high_c_finite__N200__c0p30__lognormal__biased__random,2,16,c,0.3
2026850017,True,240,10732,1,300,40,300,10732,300,327,37,37,5210,240,0.185,True,3933,3933,327,0.5145575896262395,0.9482468853292654,0,129,200,20.0,lognormal,biased,random,0.02,0.2,0.3,5.0,1.0,0.1,240,0,0.0,True,True,income,100,continue_after_avalanche,period_end,high_c_finite_income,high_c_finite__N200__c0p30__lognormal__biased__random,2,17,c,0.3
2026850018,True,240,11651,1,300,42,300,11651,300,241,41,41,6166,240,0.205,True,4408,4408,241,0.5508779491833031,0.9682690562613432,0,139,200,20.0,lognormal,biased,random,0.02,0.2,0.3,5.0,1.0,0.1,240,0,0.0,True,True,income,100,continue_after_avalanche,period_end,high_c_finite_income,high_c_finite__N200__c0p30__lognormal__biased__random,2,18,c,0.3
2026850019,True,240,9544,1,300,34,300,9544,300,169,35,35,4873,240,0.175,True,3489,3489,169,0.5078718830610491,0.9692189739180281,0,113,200,20.0,lognormal,biased,random,0.02,0.2,0.3,5.0,1.0,0.1,240,0,0.0,True,True,income,100,continue_after_avalanche,period_end,high_c_finite_income,high_c_finite__N200__c0p30__lognormal__biased__random,2,19,c,0.3
2026850020,True,240,13038,1,300,48,300,13038,300,239,44,44,6940,240,0.22,True,5023,5023,239,0.5777174995022896,0.9655196097949434,0,159,200,20.0,lognormal,biased,random,0.02,0.2,0.3,5.0,1.0,0.1,240,0,0.0,True,True,income,100,continue_after_avalanche,period_end,high_c_finite_income,high_c_finite__N200__c0p30__lognormal__biased__random,2,20,c,0.3
2026850021,True,240,11173,1,300,41,300,11173,300,264,40,40,5365,240,0.2,True,4135,4135,264,0.510733978234583,0.9585139056831924,0,138,200,20.0,lognormal,biased,random,0.02,0.2,0.3,5.0,1.0,0.1,240,0,0.0,True,True,income,100,continue_after_avalanche,period_end,high_c_finite_income,high_c_finite__N200__c0p30__lognormal__biased__random,2,21,c,0.3
2026850022,True,240,12119,1,300,44,300,12119,300,403,42,42,6314,240,0.21,True,4588,4588,403,0.5580732345248476,0.959686137750654,0,147,200,20.0,lognormal,biased,random,0.02,0.2,0.3,5.0,1.0,0.1,240,0,0.0,True,True,income,100,continue_after_avalanche,period_end,high_c_finite_income,high_c_finite__N200__c0p30__lognormal__biased__random,2,22,c,0.3
2026850023,True,240,10282,1,300,38,300,10282,300,333,36,36,4962,240,0.18,True,3776,3776,333,0.4870524364406781,0.9481965042372882,0,122,200,20.0,lognormal,biased,random,0.02,0.2,0.3,5.0,1.0,0.1,240,0,0.0,True,True,income,100,continue_after_avalanche,period_end,high_c_finite_income,high_c_finite__N200__c0p30__lognormal__biased__random,2,23,c,0.3
2026950000,True,240,11116,11,1029,40,300,11116,1029,421,37,37,4077,223,0.185,True,3998,3998,421,0.3032191095547776,0.9499374687343674,0,134,200,20.0,pareto,biased,random,0.02,0.2,0.3,5.0,1.0,0.1,240,0,0.0,True,True,income,100,continue_after_avalanche,period_end,high_c_finite_income,high_c_finite__N200__c0p30__pareto__biased__random,3,0,c,0.3
2026950001,True,240,10979,10,973,40,300,10979,973,231,36,36,4570,222,0.18,True,4006,4006,231,0.32524213679480796,0.9604817773339991,0,129,200,20.0,pareto,biased,random,0.02,0.2,0.3,5.0,1.0,0.1,240,0,0.0,True,True,income,100,continue_after_avalanche,period_end,high_c_finite_income,high_c_finite__N200__c0p30__pareto__biased__random,3,1,c,0.3
2026950002,True,240,10057,3,584,35,300,10057,584,39,40,40,5967,237,0.2,True,4002,4002,39,0.5358420789605198,0.9902073963018492,0,119,200,20.0,pareto,biased,random,0.02,0.2,0.3,5.0,1.0,0.1,240,0,0.0,True,True,income,100,continue_after_avalanche,period_end,high_c_finite_income,high_c_finite__N200__c0p30__pareto__biased__random,3,2,c,0.3
2026950003,True,240,11100,15,1230,39,300,11100,1230,241,39,39,4292,214,0.195,True,4000,4000,241,0.29764500000000016,0.962755,0,128,200,20.0,pareto,biased,random,0.02,0.2,0.3,5.0,1.0,0.1,240,0,0.0,True,True,income,100,continue_after_avalanche,period_end,high_c_finite_income,high_c_finite__N200__c0p30__pareto__biased__random,3,3,c,0.3
2026950004,True,240,10881,13,1120,37,300,10881,1120,86,39,39,4522,220,0.195,True,4001,4001,86,0.3203611597100726,0.9850374906273434,0,128,200,20.0,pareto,biased,random,0.02,0.2,0.3,5.0,1.0,0.1,240,0,0.0,True,True,income,100,continue_after_avalanche,period_end,high_c_finite_income,high_c_finite__N200__c0p30__pareto__biased__random,3,4,c,0.3
2026950005,True,240,9836,9,922,34,300,9836,922,11,39,39,5645,231,0.195,True,3993,3993,11,0.49239293764087155,0.9938129226145755,0,115,200,20.0,pareto,biased,random,0.02,0.2,0.3,5.0,1.0,0.1,240,0,0.0,True,True,income,100,continue_after_avalanche,period_end,high_c_finite_income,high_c_finite__N200__c0p30__pareto__biased__random,3,5,c,0.3
2026950006,True,240,10986,9,931,39,300,10986,931,183,39,39,4344,220,0.195,True,3999,3999,183,0.31438234558639677,0.9817391847961991,0,129,200,20.0,pareto,biased,random,0.02,0.2,0.3,5.0,1.0,0.1,240,0,0.0,True,True,income,100,continue_after_avalanche,period_end,high_c_finite_income,high_c_finite__N200__c0p30__pareto__biased__random,3,6,c,0.3
2026950007,True,240,10905,8,886,38,300,10905,886,199,39,39,4647,220,0.195,True,3992,3992,199,0.32757515030060125,0.9726903807615233,0,130,200,20.0,pareto,biased,random,0.02,0.2,0.3,5.0,1.0,0.1,240,0,0.0,True,True,income,100,continue_after_avalanche,period_end,high_c_finite_income,high_c_finite__N200__c0p30__pareto__biased__random,3,7,c,0.3
2026950008,True,240,10667,10,985,38,300,10667,985,82,40,40,5066,227,0.2,True,4007,4007,82,0.3886635887197405,0.9863750935862241,0,126,200,20.0,pareto,biased,random,0.02,0.2,0.3,5.0,1.0,0.1,240,0,0.0,True,True,income,100,continue_after_avalanche,period_end,high_c_finite_income,high_c_finite__N200__c0p30__pareto__biased__random,3,8,c,0.3
2026950009,True,240,11192,6,787,41,300,11192,787,414,35,35,4082,219,0.175,True,3999,3999,414,0.26845336334083525,0.9466429107276819,0,132,200,20.0,pareto,biased,random,0.02,0.2,0.3,5.0,1.0,0.1,240,0,0.0,True,True,income,100,continue_after_avalanche,period_end,high_c_finite_income,high_c_finite__N200__c0p30__pareto__biased__random,3,9,c,0.3
2026950010,True,240,11053,7,840,39,300,11053,840,236,40,40,4353,218,0.2,True,4005,4005,236,0.31104993757802757,0.9673895131086143,0,131,200,20.0,pareto,biased,random,0.02,0.2,0.3,5.0,1.0,0.1,240,0,0.0,True,True,income,100,continue_after_avalanche,period_end,high_c_finite_income,high_c_finite__N200__c0p30__pareto__biased__random,3,10,c,0.3
2026950011,True,240,11096,6,792,40,300,11096,792,321,39,39,4267,223,0.195,True,3998,3998,321,0.2883991995998001,0.9654952476238121,0,134,200,20.0,pareto,biased,random,0.02,0.2,0.3,5.0,1.0,0.1,240,0,0.0,True,True,income,100,continue_after_avalanche,period_end,high_c_finite_income,high_c_finite__N200__c0p30__pareto__biased__random,3,11,c,0.3
2026950012,True,240,11060,9,943,39,300,11060,943,395,37,37,4100,222,0.185,True,3996,3996,395,0.2942717717717718,0.9451651651651654,0,135,200,20.0,pareto,biased,random,0.02,0.2,0.3,5.0,1.0,0.1,240,0,0.0,True,True,income,100,continue_after_avalanche,period_end,high_c_finite_income,high_c_finite__N200__c0p30__pareto__biased__random,3,12,c,0.3
2026950013,True,240,11336,6,782,41,300,11336,782,590,36,36,3661,217,0.18,True,4005,4005,590,0.252016229712859,0.9265655430711612,0,138,200,20.0,pareto,biased,random,0.02,0.2,0.3,5.0,1.0,0.1,240,0,0.0,True,True,income,100,continue_after_avalanche,period_end,high_c_finite_income,high_c_finite__N200__c0p30__pareto__biased__random,3,13,c,0.3
2026950014,True,240,10908,4,661,38,300,10908,661,140,38,38,4869,220,0.19,True,3998,3998,140,0.35537268634317165,0.9782691345672838,0,127,200,20.0,pareto,biased,random,0.02,0.2,0.3,5.0,1.0,0.1,240,0,0.0,True,True,income,100,continue_after_avalanche,period_end,high_c_finite_income,high_c_finite__N200__c0p30__pareto__biased__random,3,14,c,0.3
2026950015,True,240,11182,22,1567,39,300,11182,1567,523,39,39,3964,212,0.195,True,3998,3998,523,0.27918209104552294,0.9388469234617309,0,137,200,20.0,pareto,biased,random,0.02,0.2,0.3,5.0,1.0,0.1,240,0,0.0,True,True,income,100,continue_after_avalanche,period_end,high_c_finite_income,high_c_finite__N200__c0p30__pareto__biased__random,3,15,c,0.3
2026950016,True,240,11150,13,1137,40,300,11150,1137,423,38,38,3886,213,0.19,True,3999,3999,423,0.2775881470367594,0.9497786946736686,0,134,200,20.0,pareto,biased,random,0.02,0.2,0.3,5.0,1.0,0.1,240,0,0.0,True,True,income,100,continue_after_avalanche,period_end,high_c_finite_income,high_c_finite__N200__c0p30__pareto__biased__random,3,16,c,0.3
2026950017,True,240,10837,7,837,39,300,10837,837,116,39,39,5079,229,0.195,True,3994,3994,116,0.3767576364546821,0.9828567851777668,0,130,200,20.0,pareto,biased,random,0.02,0.2,0.3,5.0,1.0,0.1,240,0,0.0,True,True,income,100,continue_after_avalanche,period_end,high_c_finite_income,high_c_finite__N200__c0p30__pareto__biased__random,3,17,c,0.3
2026950018,True,240,10646,5,724,37,300,10646,724,143,43,43,5193,229,0.215,True,4006,4006,143,0.4092785821268099,0.9792161757363955,0,125,200,20.0,pareto,biased,random,0.02,0.2,0.3,5.0,1.0,0.1,240,0,0.0,True,True,income,100,continue_after_avalanche,period_end,high_c_finite_income,high_c_finite__N200__c0p30__pareto__biased__random,3,18,c,0.3
2026950019,True,240,11165,14,1204,40,300,11165,1204,338,36,36,4247,219,0.18,True,4001,4001,338,0.2880442389402651,0.9563821544613849,0,134,200,20.0,pareto,biased,random,0.02,0.2,0.3,5.0,1.0,0.1,240,0,0.0,True,True,income,100,continue_after_avalanche,period_end,high_c_finite_income,high_c_finite__N200__c0p30__pareto__biased__random,3,19,c,0.3
2026950020,True,240,11173,16,1287,41,300,11173,1287,622,35,35,3989,218,0.175,True,4002,4002,622,0.29781609195402314,0.9495252373813095,0,136,200,20.0,pareto,biased,random,0.02,0.2,0.3,5.0,1.0,0.1,240,0,0.0,True,True,income,100,continue_after_avalanche,period_end,high_c_finite_income,high_c_finite__N200__c0p30__pareto__biased__random,3,20,c,0.3
2026950021,True,240,10340,5,720,37,300,10340,720,58,40,40,5456,231,0.2,True,4003,4003,58,0.4524119410442169,0.985407194604047,0,123,200,20.0,pareto,biased,random,0.02,0.2,0.3,5.0,1.0,0.1,240,0,0.0,True,True,income,100,continue_after_avalanche,period_end,high_c_finite_income,high_c_finite__N200__c0p30__pareto__biased__random,3,21,c,0.3
2026950022,True,240,11175,8,886,41,300,11175,886,271,38,38,3997,215,0.19,True,4002,4002,271,0.27314842578710663,0.9505222388805599,0,137,200,20.0,pareto,biased,random,0.02,0.2,0.3,5.0,1.0,0.1,240,0,0.0,True,True,income,100,continue_after_avalanche,period_end,high_c_finite_income,high_c_finite__N200__c0p30__pareto__biased__random,3,22,c,0.3
2026950023,True,240,10928,8,886,40,300,10928,886,202,39,39,4895,228,0.195,True,3997,3997,202,0.3636840130097574,0.9610395296472356,0,129,200,20.0,pareto,biased,random,0.02,0.2,0.3,5.0,1.0,0.1,240,0,0.0,True,True,income,100,continue_after_avalanche,period_end,high_c_finite_income,high_c_finite__N200__c0p30__pareto__biased__random,3,23,c,0.3
2027050000,True,240,26890,1,750,100,750,26890,750,958,91,91,13299,240,0.182,True,9886,9886,958,0.5109253489783532,0.9477236496055028,0,333,500,20.0,lognormal,biased,random,0.02,0.2,0.3,5.0,1.0,0.1,240,0,0.0,True,True,income,100,continue_after_avalanche,period_end,high_c_finite_income,high_c_finite__N500__c0p30__lognormal__biased__random,4,0,c,0.3
2027050001,True,240,25941,1,750,93,750,25941,750,817,82,82,12646,240,0.164,True,9585,9585,817,0.4993320813771518,0.9584899321857068,0,311,500,20.0,lognormal,biased,random,0.02,0.2,0.3,5.0,1.0,0.1,240,0,0.0,True,True,income,100,continue_after_avalanche,period_end,high_c_finite_income,high_c_finite__N500__c0p30__lognormal__biased__random,4,1,c,0.3
2027050002,True,240,29005,1,750,106,750,29005,750,840,93,93,14722,240,0.186,True,10932,10932,840,0.5283351628247348,0.9535751920965971,0,357,500,20.0,lognormal,biased,random,0.02,0.2,0.3,5.0,1.0,0.1,240,0,0.0,True,True,income,100,continue_after_avalanche,period_end,high_c_finite_income,high_c_finite__N500__c0p30__lognormal__biased__random,4,2,c,0.3
2027050003,True,240,26464,1,750,97,750,26464,750,613,91,91,13607,240,0.182,True,9822,9822,613,0.5146442679698635,0.9654567297902668,0,322,500,20.0,lognormal,biased,random,0.02,0.2,0.3,5.0,1.0,0.1,240,0,0.0,True,True,income,100,continue_after_avalanche,period_end,high_c_finite_income,high_c_finite__N500__c0p30__lognormal__biased__random,4,3,c,0.3
2027050004,True,240,27799,1,750,101,750,27799,750,1024,89,89,13821,240,0.178,True,10326,10326,1024,0.5138400154948672,0.9576997869455743,0,347,500,20.0,lognormal,biased,random,0.02,0.2,0.3,5.0,1.0,0.1,240,0,0.0,True,True,income,100,continue_after_avalanche,period_end,high_c_finite_income,high_c_finite__N500__c0p30__lognormal__biased__random,4,4,c,0.3
2027050005,True,240,25865,1,750,96,750,25865,750,995,81,81,12420,240,0.162,True,9434,9434,995,0.4907436930252278,0.94575450498198,0,319,500,20.0,lognormal,biased,random,0.02,0.2,0.3,5.0,1.0,0.1,240,0,0.0,True,True,income,100,continue_after_avalanche,period_end,high_c_finite_income,high_c_finite__N500__c0p30__lognormal__biased__random,4,5,c,0.3
2027050006,True,240,25867,1,750,92,750,25867,750,563,86,86,13437,240,0.172,True,9619,9619,563,0.5203141698721281,0.9719794157396819,0,307,500,20.0,lognormal,biased,random,0.02,0.2,0.3,5.0,1.0,0.1,240,0,0.0,True,True,income,100,continue_after_avalanche,period_end,high_c_finite_income,high_c_finite__N500__c0p30__lognormal__biased__random,4,6,c,0.3
2027050007,True,240,29713,1,750,107,750,29713,750,761,94,94,14982,240,0.188,True,11182,11182,761,0.5353857986049007,0.9663655875514219,0,359,500,20.0,lognormal,biased,random,0.02,0.2,0.3,5.0,1.0,0.1,240,0,0.0,True,True,income,100,continue_after_avalanche,period_end,high_c_finite_income,high_c_finite__N500__c0p30__lognormal__biased__random,4,7,c,0.3
2027050008,True,240,27037,1,750,99,750,27037,750,892,84,84,13259,240,0.168,True,10052,10052,892,0.5118161559888579,0.9621679267807401,0,329,500,20.0,lognormal,biased,random,0.02,0.2,0.3,5.0,1.0,0.1,240,0,0.0,True,True,income,100,continue_after_avalanche,period_end,high_c_finite_income,high_c_finite__N500__c0p30__lognormal__biased__random,4,8,c,0.3
2027050009,True,240,25962,1,750,95,750,25962,750,631,84,84,13851,240,0.168,True,9693,9693,631,0.5411437119570823,0.9648375116063139,0,317,500,20.0,lognormal,biased,random,0.02,0.2,0.3,5.0,1.0,0.1,240,0,0.0,True,True,income,100,continue_after_avalanche,period_end,high_c_finite_income,high_c_finite__N500__c0p30__lognormal__biased__random,4,9,c,0.3
2027050010,True,240,24211,1,750,86,750,24211,750,432,79,79,12901,240,0.158,True,8909,8909,432,0.5210149287237624,0.9759099786732517,0,287,500,20.0,lognormal,biased,random,0.02,0.2,0.3,5.0,1.0,0.1,240,0,0.0,True,True,income,100,continue_after_avalanche,period_end,high_c_finite_income,high_c_finite__N500__c0p30__lognormal__biased__random,4,10,c,0.3
2027050011,True,240,26247,1,750,94,750,26247,750,893,88,88,13251,240,0.176,True,9697,9697,893,0.5130095905950294,0.9577995256264824,0,317,500,20.0,lognormal,biased,random,0.02,0.2,0.3,5.0,1.0,0.1,240,0,0.0,True,True,income,100,continue_after_avalanche,period_end,high_c_finite_income,high_c_finite__N500__c0p30__lognormal__biased__random,4,11,c,0.3
2027050012,True,240,26475,1,750,93,750,26475,750,658,87,87,13522,240,0.174,True,9789,9789,658,0.512610685463275,0.9589059148023291,0,308,500,20.0,lognormal,biased,random,0.02,0.2,0.3,5.0,1.0,0.1,240,0,0.0,True,True,income,100,continue_after_avalanche,period_end,high_c_finite_income,high_c_finite__N500__c0p30__lognormal__biased__random,4,12,c,0.3
2027050013,True,240,25381,1,750,93,750,25381,750,1035,84,84,12700,240,0.168,True,9237,9237,1035,0.4986257442892714,0.9513116812818014,0,309,500,20.0,lognormal,biased,random,0.02,0.2,0.3,5.0,1.0,0.1,240,0,0.0,True,True,income,100,continue_after_avalanche,period_end,high_c_finite_income,high_c_finite__N500__c0p30__lognormal__biased__random,4,13,c,0.3
2027050014,True,240,27906,1,750,104,750,27906,750,600,89,89,14433,240,0.178,True,10427,10427,600,0.5135431092356382,0.9652461877817204,0,343,500,20.0,lognormal,biased,random,0.02,0.2,0.3,5.0,1.0,0.1,240,0,0.0,True,True,income,100,continue_after_avalanche,period_end,high_c_finite_income,high_c_finite__N500__c0p30__lognormal__biased__random,4,14,c,0.3
2027050015,True,240,27779,1,750,101,750,27779,750,639,88,88,14140,240,0.176,True,10312,10312,639,0.5328149728471683,0.9634103956555469,0,332,500,20.0,lognormal,biased,random,0.02,0.2,0.3,5.0,1.0,0.1,240,0,0.0,True,True,income,100,continue_after_avalanche,period_end,high_c_finite_income,high_c_finite__N500__c0p30__lognormal__biased__random,4,15,c,0.3
2027050016,True,240,26235,1,750,96,750,26235,750,627,83,83,12923,240,0.166,True,9677,9677,627,0.4924429058592539,0.9648670042368503,0,321,500,20.0,lognormal,biased,random,0.02,0.2,0.3,5.0,1.0,0.1,240,0,0.0,True,True,income,100,continue_after_avalanche,period_end,high_c_finite_income,high_c_finite__N500__c0p30__lognormal__biased__random,4,16,c,0.3
2027050017,True,240,25988,1,750,96,750,25988,750,668,88,88,13093,240,0.176,True,9619,9619,668,0.5113024222892193,0.9748524794677202,0,324,500,20.0,lognormal,biased,random,0.02,0.2,0.3,5.0,1.0,0.1,240,0,0.0,True,True,income,100,continue_after_avalanche,period_end,high_c_finite_income,high_c_finite__N500__c0p30__lognormal__biased__random,4,17,c,0.3
2027050018,True,240,27170,1,750,99,750,27170,750,758,87,87,13679,240,0.174,True,10122,10122,758,0.5121470065204505,0.9597830468286901,0,332,500,20.0,lognormal,biased,random,0.02,0.2,0.3,5.0,1.0,0.1,240,0,0.0,True,True,income,100,continue_after_avalanche,period_end,high_c_finite_income,high_c_finite__N500__c0p30__lognormal__biased__random,4,18,c,0.3
2027050019,True,240,28451,1,750,102,750,28451,750,692,92,92,14931,240,0.184,True,10697,10697,692,0.5410258951107787,0.9683558006917827,0,345,500,20.0,lognormal,biased,random,0.02,0.2,0.3,5.0,1.0,0.1,240,0,0.0,True,True,income,100,continue_after_avalanche,period_end,high_c_finite_income,high_c_finite__N500__c0p30__lognormal__biased__random,4,19,c,0.3
2027050020,True,240,27421,1,750,99,750,27421,750,688,92,92,14280,240,0.184,True,10280,10280,688,0.5325824902723735,0.9746879377431907,0,338,500,20.0,lognormal,biased,random,0.02,0.2,0.3,5.0,1.0,0.1,240,0,0.0,True,True,income,100,continue_after_avalanche,period_end,high_c_finite_income,high_c_finite__N500__c0p30__lognormal__biased__random,4,20,c,0.3
2027050021,True,240,25798,1,750,94,750,25798,750,713,84,84,13378,240,0.168,True,9565,9565,713,0.5248265551489806,0.962424464192368,0,310,500,20.0,lognormal,biased,random,0.02,0.2,0.3,5.0,1.0,0.1,240,0,0.0,True,True,income,100,continue_after_avalanche,period_end,high_c_finite_income,high_c_finite__N500__c0p30__lognormal__biased__random,4,21,c,0.3
2027050022,True,240,26334,1,750,95,750,26334,750,399,87,87,13649,240,0.174,True,9803,9803,399,0.5193844741405693,0.9636839742935837,0,324,500,20.0,lognormal,biased,random,0.02,0.2,0.3,5.0,1.0,0.1,240,0,0.0,True,True,income,100,continue_after_avalanche,period_end,high_c_finite_income,high_c_finite__N500__c0p30__lognormal__biased__random,4,22,c,0.3
2027050023,True,240,26115,1,750,95,750,26115,750,986,78,78,12565,240,0.156,True,9547,9547,986,0.49310924897873676,0.9476373729967529,0,315,500,20.0,lognormal,biased,random,0.02,0.2,0.3,5.0,1.0,0.1,240,0,0.0,True,True,income,100,continue_after_avalanche,period_end,high_c_finite_income,high_c_finite__N500__c0p30__lognormal__biased__random,4,23,c,0.3
2027150000,True,240,27047,7,2110,92,750,27047,2110,431,87,87,11994,230,0.174,True,10005,10005,431,0.367071864067966,0.9773395302348826,0,310,500,20.0,pareto,biased,random,0.02,0.2,0.3,5.0,1.0,0.1,240,0,0.0,True,True,income,100,continue_after_avalanche,period_end,high_c_finite_income,high_c_finite__N500__c0p30__pareto__biased__random,5,0,c,0.3
2027150001,True,240,27475,7,2063,97,750,27475,2063,580,86,86,11099,227,0.172,True,10009,10009,580,0.3178037766010591,0.9685808772105104,0,323,500,20.0,pareto,biased,random,0.02,0.2,0.3,5.0,1.0,0.1,240,0,0.0,True,True,income,100,continue_after_avalanche,period_end,high_c_finite_income,high_c_finite__N500__c0p30__pareto__biased__random,5,1,c,0.3
2027150002,True,240,27164,4,1662,98,750,27164,1662,365,84,84,11679,233,0.168,True,9998,9998,365,0.36351310262052405,0.977129425885177,0,325,500,20.0,pareto,biased,random,0.02,0.2,0.3,5.0,1.0,0.1,240,0,0.0,True,True,income,100,continue_after_avalanche,period_end,high_c_finite_income,high_c_finite__N500__c0p30__pareto__biased__random,5,2,c,0.3
2027150003,True,240,27529,14,2938,100,750,27529,2938,476,92,92,10984,226,0.184,True,10009,10009,476,0.31898791088020784,0.982073933459886,0,327,500,20.0,pareto,biased,random,0.02,0.2,0.3,5.0,1.0,0.1,240,0,0.0,True,True,income,100,continue_after_avalanche,period_end,high_c_finite_income,high_c_finite__N500__c0p30__pareto__biased__random,5,3,c,0.3
2027150004,True,240,27362,4,1679,98,750,27362,1679,526,86,86,11350,230,0.172,True,9996,9996,526,0.328765906362545,0.9730976390556223,0,330,500,20.0,pareto,biased,random,0.02,0.2,0.3,5.0,1.0,0.1,240,0,0.0,True,True,income,100,continue_after_avalanche,period_end,high_c_finite_income,high_c_finite__N500__c0p30__pareto__biased__random,5,4,c,0.3
2027150005,True,240,26076,2,1190,88,750,26076,1190,42,92,92,13136,233,0.184,True,9991,9991,42,0.4148279451506356,0.9968085276749075,0,288,500,20.0,pareto,biased,random,0.02,0.2,0.3,5.0,1.0,0.1,240,0,0.0,True,True,income,100,continue_after_avalanche,period_end,high_c_finite_income,high_c_finite__N500__c0p30__pareto__biased__random,5,5,c,0.3
2027150006,True,240,26336,3,1459,88,750,26336,1459,112,91,91,12925,233,0.182,True,9995,9995,112,0.40362521260630313,0.9913082541270635,0,296,500,20.0,pareto,biased,random,0.02,0.2,0.3,5.0,1.0,0.1,240,0,0.0,True,True,income,100,continue_after_avalanche,period_end,high_c_finite_income,high_c_finite__N500__c0p30__pareto__biased__random,5,6,c,0.3
2027150007,True,240,27277,10,2467,98,750,27277,2467,615,86,86,11260,228,0.172,True,9994,9994,615,0.3427308385031018,0.9760604362617571,0,327,500,20.0,pareto,biased,random,0.02,0.2,0.3,5.0,1.0,0.1,240,0,0.0,True,True,income,100,continue_after_avalanche,period_end,high_c_finite_income,high_c_finite__N500__c0p30__pareto__biased__random,5,7,c,0.3
2027150008,True,240,27820,7,2091,97,750,27820,2091,1114,84,84,10458,228,0.168,True,10012,10012,1114,0.30311506192568927,0.9520123851378346,0,329,500,20.0,pareto,biased,random,0.02,0.2,0.3,5.0,1.0,0.1,240,0,0.0,True,True,income,100,continue_after_avalanche,period_end,high_c_finite_income,high_c_finite__N500__c0p30__pareto__biased__random,5,8,c,0.3
2027150009,True,240,27637,9,2325,99,750,27637,2325,513,90,90,10734,223,0.18,True,10012,10012,513,0.30737874550539357,0.9772125449460647,0,331,500,20.0,pareto,biased,random,0.02,0.2,0.3,5.0,1.0,0.1,240,0,0.0,True,True,income,100,continue_after_avalanche,period_end,high_c_finite_income,high_c_finite__N500__c0p30__pareto__biased__random,5,9,c,0.3
2027150010,True,240,27796,4,1656,103,750,27796,1656,1003,83,83,10368,227,0.166,True,10004,10004,1003,0.2965905637744901,0.9569800079968014,0,338,500,20.0,pareto,biased,random,0.02,0.2,0.3,5.0,1.0,0.1,240,0,0.0,True,True,income,100,continue_after_avalanche,period_end,high_c_finite_income,high_c_finite__N500__c0p30__pareto__biased__random,5,10,c,0.3
2027150011,True,240,27305,9,2296,98,750,27305,2296,538,86,86,11513,230,0.172,True,10012,10012,538,0.3482676787854575,0.9660019976028766,0,329,500,20.0,pareto,biased,random,0.02,0.2,0.3,5.0,1.0,0.1,240,0,0.0,True,True,income,100,continue_after_avalanche,period_end,high_c_finite_income,high_c_finite__N500__c0p30__pareto__biased__random,5,11,c,0.3
2027150012,True,240,25191,3,1455,85,750,25191,1455,12,96,96,14604,238,0.192,True,9999,9999,12,0.4901940194019403,0.9977235723572357,0,282,500,20.0,pareto,biased,random,0.02,0.2,0.3,5.0,1.0,0.1,240,0,0.0,True,True,income,100,continue_after_avalanche,period_end,high_c_finite_income,high_c_finite__N500__c0p30__pareto__biased__random,5,12,c,0.3
2027150013,True,240,27301,6,1965,97,750,27301,1965,640,86,86,11563,228,0.172,True,9975,9975,640,0.3390381954887218,0.9743468671679199,0,331,500,20.0,pareto,biased,random,0.02,0.2,0.3,5.0,1.0,0.1,240,0,0.0,True,True,income,100,continue_after_avalanche,period_end,high_c_finite_income,high_c_finite__N500__c0p30__pareto__biased__random,5,13,c,0.3
2027150014,True,240,27606,10,2464,98,750,27606,2464,617,90,90,11014,227,0.18,True,10002,10002,617,0.3141915616876625,0.9607202559488102,0,323,500,20.0,pareto,biased,random,0.02,0.2,0.3,5.0,1.0,0.1,240,0,0.0,True,True,income,100,continue_after_avalanche,period_end,high_c_finite_income,high_c_finite__N500__c0p30__pareto__biased__random,5,14,c,0.3
2027150015,True,240,27065,10,2437,92,750,27065,2437,271,88,88,11907,229,0.176,True,10006,10006,271,0.36280311812912247,0.9845820507695382,0,307,500,20.0,pareto,biased,random,0.02,0.2,0.3,5.0,1.0,0.1,240,0,0.0,True,True,income,100,continue_after_avalanche,period_end,high_c_finite_income,high_c_finite__N500__c0p30__pareto__biased__random,5,15,c,0.3
2027150016,True,240,27513,6,1947,96,750,27513,1947,595,83,83,11139,229,0.166,True,9996,9996,595,0.32677951180472187,0.9723821528611445,0,324,500,20.0,pareto,biased,random,0.02,0.2,0.3,5.0,1.0,0.1,240,0,0.0,True,True,income,100,continue_after_avalanche,period_end,high_c_finite_income,high_c_finite__N500__c0p30__pareto__biased__random,5,16,c,0.3
2027150017,True,240,27421,7,2090,99,750,27421,2090,646,94,94,11234,225,0.188,True,10013,10013,646,0.3302129231998403,0.9699820233696195,0,324,500,20.0,pareto,biased,random,0.02,0.2,0.3,5.0,1.0,0.1,240,0,0.0,True,True,income,100,continue_after_avalanche,period_end,high_c_finite_income,high_c_finite__N500__c0p30__pareto__biased__random,5,17,c,0.3
2027150018,True,240,27263,13,2810,95,750,27263,2810,393,87,87,11451,224,0.174,True,10000,10000,393,0.3307119999999999,0.9810871999999999,0,324,500,20.0,pareto,biased,random,0.02,0.2,0.3,5.0,1.0,0.1,240,0,0.0,True,True,income,100,continue_after_avalanche,period_end,high_c_finite_income,high_c_finite__N500__c0p30__pareto__biased__random,5,18,c,0.3
2027150019,True,240,25888,3,1468,86,750,25888,1468,49,86,86,13418,236,0.172,True,9999,9999,49,0.436098209820982,0.9961978197819783,0,290,500,20.0,pareto,biased,random,0.02,0.2,0.3,5.0,1.0,0.1,240,0,0.0,True,True,income,100,continue_after_avalanche,period_end,high_c_finite_income,high_c_finite__N500__c0p30__pareto__biased__random,5,19,c,0.3
2027150020,True,240,27347,12,2694,94,750,27347,2694,490,88,88,11563,225,0.176,True,10000,10000,490,0.3337155999999999,0.9674312,0,325,500,20.0,pareto,biased,random,0.02,0.2,0.3,5.0,1.0,0.1,240,0,0.0,True,True,income,100,continue_after_avalanche,period_end,high_c_finite_income,high_c_finite__N500__c0p30__pareto__biased__random,5,20,c,0.3
2027150021,True,240,27189,10,2464,92,750,27189,2464,280,86,86,11625,229,0.172,True,9996,9996,280,0.3398695478191276,0.9838547418967587,0,307,500,20.0,pareto,biased,random,0.02,0.2,0.3,5.0,1.0,0.1,240,0,0.0,True,True,income,100,continue_after_avalanche,period_end,high_c_finite_income,high_c_finite__N500__c0p30__pareto__biased__random,5,21,c,0.3
2027150022,True,240,26749,6,1950,94,750,26749,1950,294,89,89,12605,231,0.178,True,10010,10010,294,0.379864935064935,0.9840971028971028,0,309,500,20.0,pareto,biased,random,0.02,0.2,0.3,5.0,1.0,0.1,240,0,0.0,True,True,income,100,continue_after_avalanche,period_end,high_c_finite_income,high_c_finite__N500__c0p30__pareto__biased__random,5,22,c,0.3
2027150023,True,240,27473,9,2338,96,750,27473,2338,591,86,86,10888,230,0.172,True,9994,9994,591,0.3263454072443466,0.9678691214728836,0,326,500,20.0,pareto,biased,random,0.02,0.2,0.3,5.0,1.0,0.1,240,0,0.0,True,True,income,100,continue_after_avalanche,period_end,high_c_finite_income,high_c_finite__N500__c0p30__pareto__biased__random,5,23,c,0.3
2027250000,True,240,9773,1,250,31,250,9773,250,40,36,36,5509,240,0.36,True,1927,1927,40,0.45907109496626886,0.9748365334717177,0,65,100,20.0,lognormal,biased,random,0.02,0.2,0.5,5.0,1.0,0.1,240,0,0.0,True,True,income,100,continue_after_avalanche,period_end,high_c_finite_income,high_c_finite__N100__c0p50__lognormal__biased__random,6,0,c,0.5
2027250001,True,240,9581,1,250,31,250,9581,250,16,33,33,5677,240,0.33,True,1969,1969,16,0.5189588623666836,0.9840477399695278,0,63,100,20.0,lognormal,biased,random,0.02,0.2,0.5,5.0,1.0,0.1,240,0,0.0,True,True,income,100,continue_after_avalanche,period_end,high_c_finite_income,high_c_finite__N100__c0p50__lognormal__biased__random,6,1,c,0.5
2027250002,True,240,8667,1,250,28,250,8667,250,64,35,35,4989,240,0.35,True,1649,1649,64,0.4723408126137052,0.9734808975136446,0,59,100,20.0,lognormal,biased,random,0.02,0.2,0.5,5.0,1.0,0.1,240,0,0.0,True,True,income,100,continue_after_avalanche,period_end,high_c_finite_income,high_c_finite__N100__c0p50__lognormal__biased__random,6,2,c,0.5
2027250003,True,240,9363,1,250,30,250,9363,250,66,31,31,5096,240,0.31,True,1819,1819,66,0.47021990104453004,0.9860307861462343,0,60,100,20.0,lognormal,biased,random,0.02,0.2,0.5,5.0,1.0,0.1,240,0,0.0,True,True,income,100,continue_after_avalanche,period_end,high_c_finite_income,high_c_finite__N100__c0p50__lognormal__biased__random,6,3,c,0.5
2027250004,True,240,10782,1,250,36,250,10782,250,41,36,36,5970,240,0.36,True,2133,2133,41,0.5253774027191749,0.973019221753399,0,74,100,20.0,lognormal,biased,random,0.02,0.2,0.5,5.0,1.0,0.1,240,0,0.0,True,True,income,100,continue_after_avalanche,period_end,high_c_finite_income,high_c_finite__N100__c0p50__lognormal__biased__random,6,4,c,0.5
2027250005,True,240,9623,1,250,34,250,9623,250,36,36,36,5464,240,0.36,True,1910,1910,36,0.5200104712041884,0.9815706806282722,0,65,100,20.0,lognormal,biased,random,0.02,0.2,0.5,5.0,1.0,0.1,240,0,0.0,True,True,income,100,continue_after_avalanche,period_end,high_c_finite_income,high_c_finite__N100__c0p50__lognormal__biased__random,6,5,c,0.5
2027250006,True,240,12366,1,250,41,250,12366,250,20,43,43,6805,240,0.43,True,2652,2652,20,0.5660331825037708,0.9895399698340874,0,83,100,20.0,lognormal,biased,random,0.02,0.2,0.5,5.0,1.0,0.1,240,0,0.0,True,True,income,100,continue_after_avalanche,period_end,high_c_finite_income,high_c_finite__N100__c0p50__lognormal__biased__random,6,6,c,0.5
2027250007,True,240,10562,1,250,38,250,10562,250,133,37,37,5504,240,0.37,True,2022,2022,133,0.4756775469831849,0.9627299703264094,0,75,100,20.0,lognormal,biased,random,0.02,0.2,0.5,5.0,1.0,0.1,240,0,0.0,True,True,income,100,continue_after_avalanche,period_end,high_c_finite_income,high_c_finite__N100__c0p50__lognormal__biased__random,6,7,c,0.5
2027250008,True,240,10230,1,250,34,250,10230,250,74,34,34,5810,240,0.34,True,2061,2061,74,0.537627365356623,0.981392527899078,0,71,100,20.0,lognormal,biased,random,0.02,0.2,0.5,5.0,1.0,0.1,240,0,0.0,True,True,income,100,continue_after_avalanche,period_end,high_c_finite_income,high_c_finite__N100__c0p50__lognormal__biased__random,6,8,c,0.5
2027250009,True,240,9701,1,250,33,250,9701,250,68,35,35,5298,240,0.35,True,1912,1912,68,0.48903765690376577,0.9752196652719665,0,70,100,20.0,lognormal,biased,random,0.02,0.2,0.5,5.0,1.0,0.1,240,0,0.0,True,True,income,100,continue_after_avalanche,period_end,high_c_finite_income,high_c_finite__N100__c0p50__lognormal__biased__random,6,9,c,0.5
2027250010,True,240,11657,1,250,42,250,11657,250,188,36,36,6147,240,0.36,True,2263,2263,188,0.5179540433053469,0.9720150243040211,0,77,100,20.0,lognormal,biased,random,0.02,0.2,0.5,5.0,1.0,0.1,240,0,0.0,True,True,income,100,continue_after_avalanche,period_end,high_c_finite_income,high_c_finite__N100__c0p50__lognormal__biased__random,6,10,c,0.5
2027250011,True,240,10196,1,250,35,250,10196,250,86,38,38,5870,240,0.38,True,2071,2071,86,0.5547609850313857,0.9745678416224046,0,70,100,20.0,lognormal,biased,random,0.02,0.2,0.5,5.0,1.0,0.1,240,0,0.0,True,True,income,100,continue_after_avalanche,period_end,high_c_finite_income,high_c_finite__N100__c0p50__lognormal__biased__random,6,11,c,0.5
2027250012,True,240,9501,1,250,28,250,9501,250,5,33,33,5250,240,0.33,True,1953,1953,5,0.5141269841269842,0.9899692780337941,0,57,100,20.0,lognormal,biased,random,0.02,0.2,0.5,5.0,1.0,0.1,240,0,0.0,True,True,income,100,continue_after_avalanche,period_end,high_c_finite_income,high_c_finite__N100__c0p50__lognormal__biased__random,6,12,c,0.5
2027250013,True,240,10973,1,250,36,250,10973,250,13,37,37,6234,240,0.37,True,2278,2278,13,0.5436874451273046,0.986286215978929,0,73,100,20.0,lognormal,biased,random,0.02,0.2,0.5,5.0,1.0,0.1,240,0,0.0,True,True,income,100,continue_after_avalanche,period_end,high_c_finite_income,high_c_finite__N100__c0p50__lognormal__biased__random,6,13,c,0.5
2027250014,True,240,9110,1,250,29,250,9110,250,48,34,34,5503,240,0.34,True,1888,1888,48,0.5652224576271185,0.9802118644067797,0,61,100,20.0,lognormal,biased,random,0.02,0.2,0.5,5.0,1.0,0.1,240,0,0.0,True,True,income,100,continue_after_avalanche,period_end,high_c_finite_income,high_c_finite__N100__c0p50__lognormal__biased__random,6,14,c,0.5
2027250015,True,240,9459,1,250,34,250,9459,250,141,33,33,5250,240,0.33,True,1814,1814,141,0.4720617420066151,0.9650716648291069,0,68,100,20.0,lognormal,biased,random,0.02,0.2,0.5,5.0,1.0,0.1,240,0,0.0,True,True,income,100,continue_after_avalanche,period_end,high_c_finite_income,high_c_finite__N100__c0p50__lognormal__biased__random,6,15,c,0.5
2027250016,True,240,11896,1,250,40,250,11896,250,102,38,38,6465,240,0.38,True,2538,2538,102,0.5313002364066193,0.9809456264775414,0,83,100,20.0,lognormal,biased,random,0.02,0.2,0.5,5.0,1.0,0.1,240,0,0.0,True,True,income,100,continue_after_avalanche,period_end,high_c_finite_income,high_c_finite__N100__c0p50__lognormal__biased__random,6,16,c,0.5
2027250017,True,240,11129,1,250,38,250,11129,250,10,38,38,6417,240,0.38,True,2369,2369,10,0.5599029126213593,0.9841241029970451,0,77,100,20.0,lognormal,biased,random,0.02,0.2,0.5,5.0,1.0,0.1,240,0,0.0,True,True,income,100,continue_after_avalanche,period_end,high_c_finite_income,high_c_finite__N100__c0p50__lognormal__biased__random,6,17,c,0.5
2027250018,True,240,9730,1,250,30,250,9730,250,91,34,34,5243,240,0.34,True,1830,1830,91,0.475792349726776,0.9626775956284153,0,63,100,20.0,lognormal,biased,random,0.02,0.2,0.5,5.0,1.0,0.1,240,0,0.0,True,True,income,100,continue_after_avalanche,period_end,high_c_finite_income,high_c_finite__N100__c0p50__lognormal__biased__random,6,18,c,0.5
2027250019,True,240,11257,1,250,37,250,11257,250,39,37,37,5923,240,0.37,True,2286,2286,39,0.4952318460192475,0.9873928258967628,0,73,100,20.0,lognormal,biased,random,0.02,0.2,0.5,5.0,1.0,0.1,240,0,0.0,True,True,income,100,continue_after_avalanche,period_end,high_c_finite_income,high_c_finite__N100__c0p50__lognormal__biased__random,6,19,c,0.5
2027250020,True,240,11087,1,250,36,250,11087,250,26,40,40,6278,240,0.4,True,2324,2324,26,0.5565748709122202,0.9872030981067126,0,73,100,20.0,lognormal,biased,random,0.02,0.2,0.5,5.0,1.0,0.1,240,0,0.0,True,True,income,100,continue_after_avalanche,period_end,high_c_finite_income,high_c_finite__N100__c0p50__lognormal__biased__random,6,20,c,0.5
2027250021,True,240,9831,1,250,32,250,9831,250,56,37,37,5169,240,0.37,True,1862,1862,56,0.4502470461868957,0.9683351235230935,0,65,100,20.0,lognormal,biased,random,0.02,0.2,0.5,5.0,1.0,0.1,240,0,0.0,True,True,income,100,continue_after_avalanche,period_end,high_c_finite_income,high_c_finite__N100__c0p50__lognormal__biased__random,6,21,c,0.5
2027250022,True,240,9778,1,250,31,250,9778,250,76,35,35,5662,240,0.35,True,1949,1949,76,0.5325859415084659,0.9884299640841456,0,63,100,20.0,lognormal,biased,random,0.02,0.2,0.5,5.0,1.0,0.1,240,0,0.0,True,True,income,100,continue_after_avalanche,period_end,high_c_finite_income,high_c_finite__N100__c0p50__lognormal__biased__random,6,22,c,0.5
2027250023,True,240,10370,1,250,38,250,10370,250,229,36,36,5833,240,0.36,True,2027,2027,229,0.4934336457819437,0.9709768130241736,0,72,100,20.0,lognormal,biased,random,0.02,0.2,0.5,5.0,1.0,0.1,240,0,0.0,True,True,income,100,continue_after_avalanche,period_end,high_c_finite_income,high_c_finite__N100__c0p50__lognormal__biased__random,6,23,c,0.5
2027350000,True,240,9125,2,448,28,250,9125,448,5,38,38,5598,239,0.38,True,1997,1997,5,0.4756184276414621,0.989899849774662,0,57,100,20.0,pareto,biased,random,0.02,0.2,0.5,5.0,1.0,0.1,240,0,0.0,True,True,income,100,continue_after_avalanche,period_end,high_c_finite_income,high_c_finite__N100__c0p50__pareto__biased__random,7,0,c,0.5
2027350001,True,240,10035,3,602,31,250,10035,602,28,37,37,5391,236,0.37,True,2003,2003,28,0.30645531702446327,0.9895806290564153,0,60,100,20.0,pareto,biased,random,0.02,0.2,0.5,5.0,1.0,0.1,240,0,0.0,True,True,income,100,continue_after_avalanche,period_end,high_c_finite_income,high_c_finite__N100__c0p50__pareto__biased__random,7,1,c,0.5
2027350002,True,240,10533,3,607,30,250,10533,607,4,33,33,5326,238,0.33,True,1996,1996,4,0.28120240480961933,0.9899899799599199,0,60,100,20.0,pareto,biased,random,0.02,0.2,0.5,5.0,1.0,0.1,240,0,0.0,True,True,income,100,continue_after_avalanche,period_end,high_c_finite_income,high_c_finite__N100__c0p50__pareto__biased__random,7,2,c,0.5
2027350003,True,240,10440,3,604,32,250,10440,604,63,36,36,5344,237,0.36,True,2000,2000,63,0.28665000000000007,0.9702299999999999,0,67,100,20.0,pareto,biased,random,0.02,0.2,0.5,5.0,1.0,0.1,240,0,0.0,True,True,income,100,continue_after_avalanche,period_end,high_c_finite_income,high_c_finite__N100__c0p50__pareto__biased__random,7,3,c,0.5
2027350004,True,240,9345,2,441,30,250,9345,441,22,36,36,5492,239,0.36,True,1999,1999,22,0.41347173586793406,0.988679339669835,0,65,100,20.0,pareto,biased,random,0.02,0.2,0.5,5.0,1.0,0.1,240,0,0.0,True,True,income,100,continue_after_avalanche,period_end,high_c_finite_income,high_c_finite__N100__c0p50__pareto__biased__random,7,4,c,0.5
2027350005,True,240,9986,4,730,31,250,9986,730,25,35,35,5197,237,0.35,True,2001,2001,25,0.30488255872063963,0.9818440779610196,0,63,100,20.0,pareto,biased,random,0.02,0.2,0.5,5.0,1.0,0.1,240,0,0.0,True,True,income,100,continue_after_avalanche,period_end,high_c_finite_income,high_c_finite__N100__c0p50__pareto__biased__random,7,5,c,0.5
2027350006,True,240,10882,3,596,32,250,10882,596,36,33,33,5219,237,0.33,True,2002,2002,36,0.27169830169830167,0.9770929070929071,0,66,100,20.0,pareto,biased,random,0.02,0.2,0.5,5.0,1.0,0.1,240,0,0.0,True,True,income,100,continue_after_avalanche,period_end,high_c_finite_income,high_c_finite__N100__c0p50__pareto__biased__random,7,6,c,0.5
2027350007,True,240,10481,4,724,36,250,10481,724,70,34,34,5426,237,0.34,True,2005,2005,70,0.3373017456359102,0.984423940149626,0,69,100,20.0,pareto,biased,random,0.02,0.2,0.5,5.0,1.0,0.1,240,0,0.0,True,True,income,100,continue_after_avalanche,period_end,high_c_finite_income,high_c_finite__N100__c0p50__pareto__biased__random,7,7,c,0.5
2027350008,True,240,9293,2,445,31,250,9293,445,11,37,37,5556,239,0.37,True,2002,2002,11,0.4386613386613387,0.9804495504495505,0,62,100,20.0,pareto,biased,random,0.02,0.2,0.5,5.0,1.0,0.1,240,0,0.0,True,True,income,100,continue_after_avalanche,period_end,high_c_finite_income,high_c_finite__N100__c0p50__pareto__biased__random,7,8,c,0.5
2027350009,True,240,10645,4,730,36,250,10645,730,74,34,34,5216,234,0.34,True,2001,2001,74,0.2613143428285858,0.9849225387306346,0,68,100,20.0,pareto,biased,random,0.02,0.2,0.5,5.0,1.0,0.1,240,0,0.0,True,True,income,100,continue_after_avalanche,period_end,high_c_finite_income,high_c_finite__N100__c0p50__pareto__biased__random,7,9,c,0.5
2027350010,True,240,10791,4,746,32,250,10791,746,48,35,35,5083,236,0.35,True,2002,2002,48,0.25045954045954044,0.9876123876123877,0,62,100,20.0,pareto,biased,random,0.02,0.2,0.5,5.0,1.0,0.1,240,0,0.0,True,True,income,100,continue_after_avalanche,period_end,high_c_finite_income,high_c_finite__N100__c0p50__pareto__biased__random,7,10,c,0.5
2027350011,True,240,10413,4,726,32,250,10413,726,32,33,33,5186,236,0.33,True,2001,2001,32,0.27585707146426786,0.9778260869565216,0,63,100,20.0,pareto,biased,random,0.02,0.2,0.5,5.0,1.0,0.1,240,0,0.0,True,True,income,100,continue_after_avalanche,period_end,high_c_finite_income,high_c_finite__N100__c0p50__pareto__biased__random,7,11,c,0.5
2027350012,True,240,10018,3,603,31,250,10018,603,13,35,35,5415,238,0.35,True,2002,2002,13,0.3461838161838162,0.9870629370629371,0,59,100,20.0,pareto,biased,random,0.02,0.2,0.5,5.0,1.0,0.1,240,0,0.0,True,True,income,100,continue_after_avalanche,period_end,high_c_finite_income,high_c_finite__N100__c0p50__pareto__biased__random,7,12,c,0.5
2027350013,True,240,10458,4,721,32,250,10458,721,8,33,33,5261,236,0.33,True,1999,1999,8,0.2768734367183592,0.9895697848924463,0,62,100,20.0,pareto,biased,random,0.02,0.2,0.5,5.0,1.0,0.1,240,0,0.0,True,True,income,100,continue_after_avalanche,period_end,high_c_finite_income,high_c_finite__N100__c0p50__pareto__biased__random,7,13,c,0.5
2027350014,True,240,9460,2,447,32,250,9460,447,45,33,33,5730,239,0.33,True,1996,1996,45,0.4825250501002003,0.9863927855711423,0,63,100,20.0,pareto,biased,random,0.02,0.2,0.5,5.0,1.0,0.1,240,0,0.0,True,True,income,100,continue_after_avalanche,period_end,high_c_finite_income,high_c_finite__N100__c0p50__pareto__biased__random,7,14,c,0.5
2027350015,True,240,10769,3,604,36,250,10769,604,103,35,35,5304,238,0.35,True,1995,1995,103,0.2923157894736843,0.9632731829573935,0,70,100,20.0,pareto,biased,random,0.02,0.2,0.5,5.0,1.0,0.1,240,0,0.0,True,True,income,100,continue_after_avalanche,period_end,high_c_finite_income,high_c_finite__N100__c0p50__pareto__biased__random,7,15,c,0.5
2027350016,True,240,9638,3,600,31,250,9638,600,36,32,32,5310,237,0.32,True,1999,1999,36,0.3333516758379189,0.9844572286143072,0,62,100,20.0,pareto,biased,random,0.02,0.2,0.5,5.0,1.0,0.1,240,0,0.0,True,True,income,100,continue_after_avalanche,period_end,high_c_finite_income,high_c_finite__N100__c0p50__pareto__biased__random,7,16,c,0.5
2027350017,True,240,11485,7,1016,36,250,11485,1016,105,38,38,4806,233,0.38,True,1999,1999,105,0.18222611305652836,0.9674587293646824,0,74,100,20.0,pareto,biased,random,0.02,0.2,0.5,5.0,1.0,0.1,240,0,0.0,True,True,income,100,continue_after_avalanche,period_end,high_c_finite_income,high_c_finite__N100__c0p50__pareto__biased__random,7,17,c,0.5
2027350018,True,240,9811,2,446,32,250,9811,446,82,34,34,5481,238,0.34,True,1996,1996,82,0.3808216432865732,0.9892685370741483,0,65,100,20.0,pareto,biased,random,0.02,0.2,0.5,5.0,1.0,0.1,240,0,0.0,True,True,income,100,continue_after_avalanche,period_end,high_c_finite_income,high_c_finite__N100__c0p50__pareto__biased__random,7,18,c,0.5
2027350019,True,240,10517,3,597,36,250,10517,597,74,35,35,5282,237,0.35,True,1999,1999,74,0.3064182091045522,0.9807653826913456,0,67,100,20.0,pareto,biased,random,0.02,0.2,0.5,5.0,1.0,0.1,240,0,0.0,True,True,income,100,continue_after_avalanche,period_end,high_c_finite_income,high_c_finite__N100__c0p50__pareto__biased__random,7,19,c,0.5
2027350020,True,240,10486,3,610,32,250,10486,610,55,32,32,5181,237,0.32,True,2001,2001,55,0.29265867066466766,0.9746376811594202,0,66,100,20.0,pareto,biased,random,0.02,0.2,0.5,5.0,1.0,0.1,240,0,0.0,True,True,income,100,continue_after_avalanche,period_end,high_c_finite_income,high_c_finite__N100__c0p50__pareto__biased__random,7,20,c,0.5
2027350021,True,240,10380,2,450,34,250,10380,450,110,35,35,5390,238,0.35,True,1999,1999,110,0.33837418709354683,0.978544272136068,0,66,100,20.0,pareto,biased,random,0.02,0.2,0.5,5.0,1.0,0.1,240,0,0.0,True,True,income,100,continue_after_avalanche,period_end,high_c_finite_income,high_c_finite__N100__c0p50__pareto__biased__random,7,21,c,0.5
2027350022,True,240,10450,2,444,32,250,10450,444,14,34,34,5336,239,0.34,True,1998,1998,14,0.3087187187187188,0.9833633633633634,0,63,100,20.0,pareto,biased,random,0.02,0.2,0.5,5.0,1.0,0.1,240,0,0.0,True,True,income,100,continue_after_avalanche,period_end,high_c_finite_income,high_c_finite__N100__c0p50__pareto__biased__random,7,22,c,0.5
2027350023,True,240,9898,3,604,31,250,9898,604,18,36,36,5380,238,0.36,True,1995,1995,18,0.3243157894736841,0.9804661654135338,0,64,100,20.0,pareto,biased,random,0.02,0.2,0.5,5.0,1.0,0.1,240,0,0.0,True,True,income,100,continue_after_avalanche,period_end,high_c_finite_income,high_c_finite__N100__c0p50__pareto__biased__random,7,23,c,0.5
2027450000,True,240,19093,1,500,60,500,19093,500,51,63,63,10700,240,0.315,True,3900,3900,51,0.4713384615384617,0.9890102564102565,0,123,200,20.0,lognormal,biased,random,0.02,0.2,0.5,5.0,1.0,0.1,240,0,0.0,True,True,income,100,continue_after_avalanche,period_end,high_c_finite_income,high_c_finite__N200__c0p50__lognormal__biased__random,8,0,c,0.5
2027450001,True,240,18287,1,500,56,500,18287,500,40,58,58,10365,240,0.29,True,3555,3555,40,0.4936582278481014,0.9869915611814346,0,113,200,20.0,lognormal,biased,random,0.02,0.2,0.5,5.0,1.0,0.1,240,0,0.0,True,True,income,100,continue_after_avalanche,period_end,high_c_finite_income,high_c_finite__N200__c0p50__lognormal__biased__random,8,1,c,0.5
2027450002,True,240,20086,1,500,66,500,20086,500,90,61,61,11305,240,0.305,True,4011,4011,90,0.5189665918723512,0.9823797058090253,0,135,200,20.0,lognormal,biased,random,0.02,0.2,0.5,5.0,1.0,0.1,240,0,0.0,True,True,income,100,continue_after_avalanche,period_end,high_c_finite_income,high_c_finite__N200__c0p50__lognormal__biased__random,8,2,c,0.5
2027450003,True,240,21200,1,500,70,500,21200,500,219,63,63,11687,240,0.315,True,4158,4158,219,0.5307142857142859,0.9680832130832131,0,142,200,20.0,lognormal,biased,random,0.02,0.2,0.5,5.0,1.0,0.1,240,0,0.0,True,True,income,100,continue_after_avalanche,period_end,high_c_finite_income,high_c_finite__N200__c0p50__lognormal__biased__random,8,3,c,0.5
2027450004,True,240,19552,1,500,65,500,19552,500,142,64,64,11376,240,0.32,True,3977,3977,142,0.5548239879306012,0.991929846618054,0,126,200,20.0,lognormal,biased,random,0.02,0.2,0.5,5.0,1.0,0.1,240,0,0.0,True,True,income,100,continue_after_avalanche,period_end,high_c_finite_income,high_c_finite__N200__c0p50__lognormal__biased__random,8,4,c,0.5
2027450005,True,240,22780,1,500,76,500,22780,500,74,70,70,12933,240,0.35,True,4917,4917,74,0.5746806996135856,0.9901149074639009,0,149,200,20.0,lognormal,biased,random,0.02,0.2,0.5,5.0,1.0,0.1,240,0,0.0,True,True,income,100,continue_after_avalanche,period_end,high_c_finite_income,high_c_finite__N200__c0p50__lognormal__biased__random,8,5,c,0.5
2027450006,True,240,18723,1,500,60,500,18723,500,78,61,61,10827,240,0.305,True,3799,3799,78,0.5362055804158989,0.9817544090550145,0,114,200,20.0,lognormal,biased,random,0.02,0.2,0.5,5.0,1.0,0.1,240,0,0.0,True,True,income,100,continue_after_avalanche,period_end,high_c_finite_income,high_c_finite__N200__c0p50__lognormal__biased__random,8,6,c,0.5
2027450007,True,240,19251,1,500,64,500,19251,500,338,59,59,10435,240,0.295,True,3657,3657,338,0.49104320481268804,0.9741359037462403,0,135,200,20.0,lognormal,biased,random,0.02,0.2,0.5,5.0,1.0,0.1,240,0,0.0,True,True,income,100,continue_after_avalanche,period_end,high_c_finite_income,high_c_finite__N200__c0p50__lognormal__biased__random,8,7,c,0.5
2027450008,True,240,19529,1,500,65,500,19529,500,189,60,60,10680,240,0.3,True,3741,3741,189,0.47842689120556003,0.9690283346698745,0,130,200,20.0,lognormal,biased,random,0.02,0.2,0.5,5.0,1.0,0.1,240,0,0.0,True,True,income,100,continue_after_avalanche,period_end,high_c_finite_income,high_c_finite__N200__c0p50__lognormal__biased__random,8,8,c,0.5
2027450009,True,240,19358,1,500,65,500,19358,500,177,63,63,10884,240,0.315,True,3817,3817,177,0.5170670683783076,0.9749109248100603,0,129,200,20.0,lognormal,biased,random,0.02,0.2,0.5,5.0,1.0,0.1,240,0,0.0,True,True,income,100,continue_after_avalanche,period_end,high_c_finite_income,high_c_finite__N200__c0p50__lognormal__biased__random,8,9,c,0.5
2027450010,True,240,18109,1,500,62,500,18109,500,161,58,58,10101,240,0.29,True,3428,3428,161,0.4617707117852976,0.9724679113185533,0,124,200,20.0,lognormal,biased,random,0.02,0.2,0.5,5.0,1.0,0.1,240,0,0.0,True,True,income,100,continue_after_avalanche,period_end,high_c_finite_income,high_c_finite__N200__c0p50__lognormal__biased__random,8,10,c,0.5
2027450011,True,240,19329,1,500,66,500,19329,500,74,64,64,11322,240,0.32,True,4007,4007,74,0.5500960818567509,0.9820826054404792,0,128,200,20.0,lognormal,biased,random,0.02,0.2,0.5,5.0,1.0,0.1,240,0,0.0,True,True,income,100,continue_after_avalanche,period_end,high_c_finite_income,high_c_finite__N200__c0p50__lognormal__biased__random,8,11,c,0.5
2027450012,True,240,18464,1,500,62,500,18464,500,99,61,61,10547,240,0.305,True,3643,3643,99,0.4886124073565743,0.9877285204501784,0,119,200,20.0,lognormal,biased,random,0.02,0.2,0.5,5.0,1.0,0.1,240,0,0.0,True,True,income,100,continue_after_avalanche,period_end,high_c_finite_income,high_c_finite__N200__c0p50__lognormal__biased__random,8,12,c,0.5
2027450013,True,240,20680,1,500,65,500,20680,500,118,60,60,11016,240,0.3,True,4047,4047,118,0.47055473190017305,0.9847553743513715,0,128,200,20.0,lognormal,biased,random,0.02,0.2,0.5,5.0,1.0,0.1,240,0,0.0,True,True,income,100,continue_after_avalanche,period_end,high_c_finite_income,high_c_finite__N200__c0p50__lognormal__biased__random,8,13,c,0.5
2027450014,True,240,18354,1,500,57,500,18354,500,131,55,55,10076,240,0.275,True,3506,3506,131,0.4808271534512265,0.9870365088419852,0,114,200,20.0,lognormal,biased,random,0.02,0.2,0.5,5.0,1.0,0.1,240,0,0.0,True,True,income,100,continue_after_avalanche,period_end,high_c_finite_income,high_c_finite__N200__c0p50__lognormal__biased__random,8,14,c,0.5
2027450015,True,240,20879,1,500,66,500,20879,500,160,69,69,11566,240,0.345,True,4163,4163,160,0.5255933221234688,0.9831455680999281,0,138,200,20.0,lognormal,biased,random,0.02,0.2,0.5,5.0,1.0,0.1,240,0,0.0,True,True,income,100,continue_after_avalanche,period_end,high_c_finite_income,high_c_finite__N200__c0p50__lognormal__biased__random,8,15,c,0.5
2027450016,True,240,19138,1,500,66,500,19138,500,144,59,59,10852,240,0.295,True,3838,3838,144,0.48898384575299647,0.9819619593538302,0,131,200,20.0,lognormal,biased,random,0.02,0.2,0.5,5.0,1.0,0.1,240,0,0.0,True,True,income,100,continue_after_avalanche,period_end,high_c_finite_income,high_c_finite__N200__c0p50__lognormal__biased__random,8,16,c,0.5
2027450017,True,240,20644,1,500,66,500,20644,500,61,67,67,11638,240,0.335,True,4234,4234,61,0.5429688238072745,0.985512517713746,0,129,200,20.0,lognormal,biased,random,0.02,0.2,0.5,5.0,1.0,0.1,240,0,0.0,True,True,income,100,continue_after_avalanche,period_end,high_c_finite_income,high_c_finite__N200__c0p50__lognormal__biased__random,8,17,c,0.5
2027450018,True,240,19170,1,500,63,500,19170,500,109,60,60,10895,240,0.3,True,3833,3833,109,0.4924276024002088,0.9844338638142449,0,122,200,20.0,lognormal,biased,random,0.02,0.2,0.5,5.0,1.0,0.1,240,0,0.0,True,True,income,100,continue_after_avalanche,period_end,high_c_finite_income,high_c_finite__N200__c0p50__lognormal__biased__random,8,18,c,0.5
2027450019,True,240,20387,1,500,68,500,20387,500,220,61,61,10868,240,0.305,True,3888,3888,220,0.4901594650205763,0.970354938271605,0,137,200,20.0,lognormal,biased,random,0.02,0.2,0.5,5.0,1.0,0.1,240,0,0.0,True,True,income,100,continue_after_avalanche,period_end,high_c_finite_income,high_c_finite__N200__c0p50__lognormal__biased__random,8,19,c,0.5
2027450020,True,240,20181,1,500,62,500,20181,500,12,62,62,11755,240,0.31,True,4482,4482,12,0.5703235162873719,0.9949665327978583,0,126,200,20.0,lognormal,biased,random,0.02,0.2,0.5,5.0,1.0,0.1,240,0,0.0,True,True,income,100,continue_after_avalanche,period_end,high_c_finite_income,high_c_finite__N200__c0p50__lognormal__biased__random,8,20,c,0.5
2027450021,True,240,20813,1,500,66,500,20813,500,107,65,65,11392,240,0.325,True,4204,4204,107,0.5002021883920078,0.9889961941008565,0,132,200,20.0,lognormal,biased,random,0.02,0.2,0.5,5.0,1.0,0.1,240,0,0.0,True,True,income,100,continue_after_avalanche,period_end,high_c_finite_income,high_c_finite__N200__c0p50__lognormal__biased__random,8,21,c,0.5
2027450022,True,240,19361,1,500,62,500,19361,500,43,61,61,10679,240,0.305,True,3836,3836,43,0.5008342022940564,0.9859827945776851,0,121,200,20.0,lognormal,biased,random,0.02,0.2,0.5,5.0,1.0,0.1,240,0,0.0,True,True,income,100,continue_after_avalanche,period_end,high_c_finite_income,high_c_finite__N200__c0p50__lognormal__biased__random,8,22,c,0.5
2027450023,True,240,20424,1,500,69,500,20424,500,181,64,64,11713,240,0.32,True,4099,4099,181,0.5395328128811907,0.9833556965113444,0,140,200,20.0,lognormal,biased,random,0.02,0.2,0.5,5.0,1.0,0.1,240,0,0.0,True,True,income,100,continue_after_avalanche,period_end,high_c_finite_income,high_c_finite__N200__c0p50__lognormal__biased__random,8,23,c,0.5
2027550000,True,240,19969,3,1204,63,500,19969,1204,45,65,65,10848,237,0.325,True,4004,4004,45,0.33513486513486535,0.9872777222777225,0,126,200,20.0,pareto,biased,random,0.02,0.2,0.5,5.0,1.0,0.1,240,0,0.0,True,True,income,100,continue_after_avalanche,period_end,high_c_finite_income,high_c_finite__N200__c0p50__pareto__biased__random,9,0,c,0.5
2027550001,True,240,19542,2,888,62,500,19542,888,46,65,65,10752,239,0.325,True,3996,3996,46,0.35210210210210224,0.9886836836836839,0,122,200,20.0,pareto,biased,random,0.02,0.2,0.5,5.0,1.0,0.1,240,0,0.0,True,True,income,100,continue_after_avalanche,period_end,high_c_finite_income,high_c_finite__N200__c0p50__pareto__biased__random,9,1,c,0.5
2027550002,True,240,19039,2,894,60,500,19039,894,13,61,61,10706,239,0.305,True,3997,3997,13,0.35042156617463105,0.9902164123092321,0,120,200,20.0,pareto,biased,random,0.02,0.2,0.5,5.0,1.0,0.1,240,0,0.0,True,True,income,100,continue_after_avalanche,period_end,high_c_finite_income,high_c_finite__N200__c0p50__pareto__biased__random,9,2,c,0.5
2027550003,True,240,20451,3,1203,70,500,20451,1203,261,61,61,10991,238,0.305,True,3993,3993,261,0.37118332081142014,0.9704595542198848,0,143,200,20.0,pareto,biased,random,0.02,0.2,0.5,5.0,1.0,0.1,240,0,0.0,True,True,income,100,continue_after_avalanche,period_end,high_c_finite_income,high_c_finite__N200__c0p50__pareto__biased__random,9,3,c,0.5
2027550004,True,240,21237,3,1208,68,500,21237,1208,129,63,63,10500,238,0.315,True,3999,3999,129,0.2741522880720182,0.9772805701425358,0,135,200,20.0,pareto,biased,random,0.02,0.2,0.5,5.0,1.0,0.1,240,0,0.0,True,True,income,100,continue_after_avalanche,period_end,high_c_finite_income,high_c_finite__N200__c0p50__pareto__biased__random,9,4,c,0.5
2027550005,True,240,19516,4,1463,62,500,19516,1463,36,63,63,10294,237,0.315,True,3995,3995,36,0.3039311639549438,0.9943767209011265,0,117,200,20.0,pareto,biased,random,0.02,0.2,0.5,5.0,1.0,0.1,240,0,0.0,True,True,income,100,continue_after_avalanche,period_end,high_c_finite_income,high_c_finite__N200__c0p50__pareto__biased__random,9,5,c,0.5
2027550006,True,240,20686,3,1202,62,500,20686,1202,8,63,63,10595,238,0.315,True,4000,4000,8,0.30545750000000016,0.9944825000000002,0,120,200,20.0,pareto,biased,random,0.02,0.2,0.5,5.0,1.0,0.1,240,0,0.0,True,True,income,100,continue_after_avalanche,period_end,high_c_finite_income,high_c_finite__N200__c0p50__pareto__biased__random,9,6,c,0.5
2027550007,True,240,21683,3,1197,72,500,21683,1197,216,61,61,10049,237,0.305,True,3999,3999,216,0.25783320830207557,0.9820392598149539,0,142,200,20.0,pareto,biased,random,0.02,0.2,0.5,5.0,1.0,0.1,240,0,0.0,True,True,income,100,continue_after_avalanche,period_end,high_c_finite_income,high_c_finite__N200__c0p50__pareto__biased__random,9,7,c,0.5
2027550008,True,240,18650,2,888,60,500,18650,888,10,64,64,10850,239,0.32,True,4003,4003,10,0.3904509118161381,0.9927541843617289,0,120,200,20.0,pareto,biased,random,0.02,0.2,0.5,5.0,1.0,0.1,240,0,0.0,True,True,income,100,continue_after_avalanche,period_end,high_c_finite_income,high_c_finite__N200__c0p50__pareto__biased__random,9,8,c,0.5
2027550009,True,240,20522,4,1456,67,500,20522,1456,126,60,60,10511,237,0.3,True,3993,3993,126,0.31061733032807415,0.9861995992987729,0,129,200,20.0,pareto,biased,random,0.02,0.2,0.5,5.0,1.0,0.1,240,0,0.0,True,True,income,100,continue_after_avalanche,period_end,high_c_finite_income,high_c_finite__N200__c0p50__pareto__biased__random,9,9,c,0.5
2027550010,True,240,20624,4,1450,66,500,20624,1450,95,62,62,10471,237,0.31,True,3999,3999,95,0.2902913228307078,0.9820392598149539,0,134,200,20.0,pareto,biased,random,0.02,0.2,0.5,5.0,1.0,0.1,240,0,0.0,True,True,income,100,continue_after_avalanche,period_end,high_c_finite_income,high_c_finite__N200__c0p50__pareto__biased__random,9,10,c,0.5
2027550011,True,240,21572,3,1200,74,500,21572,1200,375,62,62,10497,238,0.31,True,3998,3998,375,0.2868734367183592,0.968926963481741,0,151,200,20.0,pareto,biased,random,0.02,0.2,0.5,5.0,1.0,0.1,240,0,0.0,True,True,income,100,continue_after_avalanche,period_end,high_c_finite_income,high_c_finite__N200__c0p50__pareto__biased__random,9,11,c,0.5
2027550012,True,240,20893,3,1194,68,500,20893,1194,262,66,66,10873,238,0.33,True,3995,3995,262,0.31039173967459344,0.9773153942428037,0,140,200,20.0,pareto,biased,random,0.02,0.2,0.5,5.0,1.0,0.1,240,0,0.0,True,True,income,100,continue_after_avalanche,period_end,high_c_finite_income,high_c_finite__N200__c0p50__pareto__biased__random,9,12,c,0.5
2027550013,True,240,20311,2,890,66,500,20311,890,147,65,65,10873,239,0.325,True,4001,4001,147,0.3320657335666084,0.9891289677580606,0,133,200,20.0,pareto,biased,random,0.02,0.2,0.5,5.0,1.0,0.1,240,0,0.0,True,True,income,100,continue_after_avalanche,period_end,high_c_finite_income,high_c_finite__N200__c0p50__pareto__biased__random,9,13,c,0.5
2027550014,True,240,20703,3,1200,62,500,20703,1200,34,63,63,10282,238,0.315,True,3999,3999,34,0.25859839959990016,0.9869404851212804,0,127,200,20.0,pareto,biased,random,0.02,0.2,0.5,5.0,1.0,0.1,240,0,0.0,True,True,income,100,continue_after_avalanche,period_end,high_c_finite_income,high_c_finite__N200__c0p50__pareto__biased__random,9,14,c,0.5
2027550015,True,240,19168,2,894,60,500,19168,894,61,63,63,10986,238,0.315,True,3992,3992,61,0.3945065130260521,0.9888502004008017,0,126,200,20.0,pareto,biased,random,0.02,0.2,0.5,5.0,1.0,0.1,240,0,0.0,True,True,income,100,continue_after_avalanche,period_end,high_c_finite_income,high_c_finite__N200__c0p50__pareto__biased__random,9,15,c,0.5
2027550016,True,240,22291,5,1688,68,500,22291,1688,182,60,60,9964,235,0.3,True,4003,4003,182,0.2337534349238073,0.9730339745191108,0,135,200,20.0,pareto,biased,random,0.02,0.2,0.5,5.0,1.0,0.1,240,0,0.0,True,True,income,100,continue_after_avalanche,period_end,high_c_finite_income,high_c_finite__N200__c0p50__pareto__biased__random,9,16,c,0.5
2027550017,True,240,19894,2,892,61,500,19894,892,33,63,63,10378,239,0.315,True,4003,4003,33,0.31559955033724707,0.991902323257557,0,117,200,20.0,pareto,biased,random,0.02,0.2,0.5,5.0,1.0,0.1,240,0,0.0,True,True,income,100,continue_after_avalanche,period_end,high_c_finite_income,high_c_finite__N200__c0p50__pareto__biased__random,9,17,c,0.5
2027550018,True,240,20723,3,1194,67,500,20723,1194,180,62,62,10595,238,0.31,True,4000,4000,180,0.28759250000000014,0.9799025000000001,0,138,200,20.0,pareto,biased,random,0.02,0.2,0.5,5.0,1.0,0.1,240,0,0.0,True,True,income,100,continue_after_avalanche,period_end,high_c_finite_income,high_c_finite__N200__c0p50__pareto__biased__random,9,18,c,0.5
2027550019,True,240,20765,3,1195,66,500,20765,1195,84,69,69,10402,237,0.345,True,4002,4002,84,0.3064192903548226,0.9883308345827087,0,130,200,20.0,pareto,biased,random,0.02,0.2,0.5,5.0,1.0,0.1,240,0,0.0,True,True,income,100,continue_after_avalanche,period_end,high_c_finite_income,high_c_finite__N200__c0p50__pareto__biased__random,9,19,c,0.5
2027550020,True,240,19654,3,1206,64,500,19654,1206,44,62,62,10647,237,0.31,True,4000,4000,44,0.3569300000000002,0.9896250000000002,0,128,200,20.0,pareto,biased,random,0.02,0.2,0.5,5.0,1.0,0.1,240,0,0.0,True,True,income,100,continue_after_avalanche,period_end,high_c_finite_income,high_c_finite__N200__c0p50__pareto__biased__random,9,20,c,0.5
2027550021,True,240,20665,3,1201,63,500,20665,1201,79,62,62,10498,238,0.31,True,3998,3998,79,0.30612056028014023,0.9857228614307154,0,129,200,20.0,pareto,biased,random,0.02,0.2,0.5,5.0,1.0,0.1,240,0,0.0,True,True,income,100,continue_after_avalanche,period_end,high_c_finite_income,high_c_finite__N200__c0p50__pareto__biased__random,9,21,c,0.5
2027550022,True,240,18857,2,898,62,500,18857,898,40,60,60,10941,239,0.3,True,4007,4007,40,0.40409907661592226,0.9898415273271775,0,124,200,20.0,pareto,biased,random,0.02,0.2,0.5,5.0,1.0,0.1,240,0,0.0,True,True,income,100,continue_after_avalanche,period_end,high_c_finite_income,high_c_finite__N200__c0p50__pareto__biased__random,9,22,c,0.5
2027550023,True,240,20815,3,1200,62,500,20815,1200,177,64,64,10673,238,0.32,True,4006,4006,177,0.29796305541687484,0.9832476285571643,0,131,200,20.0,pareto,biased,random,0.02,0.2,0.5,5.0,1.0,0.1,240,0,0.0,True,True,income,100,continue_after_avalanche,period_end,high_c_finite_income,high_c_finite__N200__c0p50__pareto__biased__random,9,23,c,0.5
2027650000,True,240,52249,1,1250,167,1250,52249,1250,275,148,148,28203,240,0.296,True,10324,10324,275,0.49062960092987207,0.9872746997287873,0,328,500,20.0,lognormal,biased,random,0.02,0.2,0.5,5.0,1.0,0.1,240,0,0.0,True,True,income,100,continue_after_avalanche,period_end,high_c_finite_income,high_c_finite__N500__c0p50__lognormal__biased__random,10,0,c,0.5
2027650001,True,240,49009,1,1250,157,1250,49009,1250,206,142,142,27392,240,0.284,True,9593,9593,206,0.5066004378192432,0.9869052434066508,0,312,500,20.0,lognormal,biased,random,0.02,0.2,0.5,5.0,1.0,0.1,240,0,0.0,True,True,income,100,continue_after_avalanche,period_end,high_c_finite_income,high_c_finite__N500__c0p50__lognormal__biased__random,10,1,c,0.5
2027650002,True,240,45901,1,1250,149,1250,45901,1250,312,140,140,25734,240,0.28,True,8913,8913,312,0.4874971390104341,0.9846195444855828,0,297,500,20.0,lognormal,biased,random,0.02,0.2,0.5,5.0,1.0,0.1,240,0,0.0,True,True,income,100,continue_after_avalanche,period_end,high_c_finite_income,high_c_finite__N500__c0p50__lognormal__biased__random,10,2,c,0.5
2027650003,True,240,51553,1,1250,160,1250,51553,1250,439,147,147,27961,240,0.294,True,9976,9976,439,0.49374659182036895,0.977864073777065,0,337,500,20.0,lognormal,biased,random,0.02,0.2,0.5,5.0,1.0,0.1,240,0,0.0,True,True,income,100,continue_after_avalanche,period_end,high_c_finite_income,high_c_finite__N500__c0p50__lognormal__biased__random,10,3,c,0.5
2027650004,True,240,49517,1,1250,164,1250,49517,1250,163,149,149,28874,240,0.298,True,10308,10308,163,0.5622821109817617,0.9880989522700816,0,327,500,20.0,lognormal,biased,random,0.02,0.2,0.5,5.0,1.0,0.1,240,0,0.0,True,True,income,100,continue_after_avalanche,period_end,high_c_finite_income,high_c_finite__N500__c0p50__lognormal__biased__random,10,4,c,0.5
2027650005,True,240,51300,1,1250,172,1250,51300,1250,196,152,152,29067,240,0.304,True,10527,10527,196,0.5456017858839175,0.9845564738292012,0,346,500,20.0,lognormal,biased,random,0.02,0.2,0.5,5.0,1.0,0.1,240,0,0.0,True,True,income,100,continue_after_avalanche,period_end,high_c_finite_income,high_c_finite__N500__c0p50__lognormal__biased__random,10,5,c,0.5
2027650006,True,240,51917,1,1250,171,1250,51917,1250,420,155,155,29011,240,0.31,True,10407,10407,420,0.5256571538387624,0.9805386758912271,0,344,500,20.0,lognormal,biased,random,0.02,0.2,0.5,5.0,1.0,0.1,240,0,0.0,True,True,income,100,continue_after_avalanche,period_end,high_c_finite_income,high_c_finite__N500__c0p50__lognormal__biased__random,10,6,c,0.5
2027650007,True,240,53786,1,1250,182,1250,53786,1250,358,164,164,30283,240,0.328,True,11197,11197,358,0.5523299097972671,0.9815330892203269,0,364,500,20.0,lognormal,biased,random,0.02,0.2,0.5,5.0,1.0,0.1,240,0,0.0,True,True,income,100,continue_after_avalanche,period_end,high_c_finite_income,high_c_finite__N500__c0p50__lognormal__biased__random,10,7,c,0.5
2027650008,True,240,48784,1,1250,154,1250,48784,1250,190,144,144,27821,240,0.288,True,9872,9872,190,0.5197386547811993,0.9890263371150729,0,314,500,20.0,lognormal,biased,random,0.02,0.2,0.5,5.0,1.0,0.1,240,0,0.0,True,True,income,100,continue_after_avalanche,period_end,high_c_finite_income,high_c_finite__N500__c0p50__lognormal__biased__random,10,8,c,0.5
2027650009,True,240,44690,1,1250,142,1250,44690,1250,197,132,132,25642,240,0.264,True,8785,8785,197,0.5093124644280023,0.9877029026750141,0,284,500,20.0,lognormal,biased,random,0.02,0.2,0.5,5.0,1.0,0.1,240,0,0.0,True,True,income,100,continue_after_avalanche,period_end,high_c_finite_income,high_c_finite__N500__c0p50__lognormal__biased__random,10,9,c,0.5
2027650010,True,240,51181,1,1250,166,1250,51181,1250,265,143,143,28414,240,0.286,True,10238,10238,265,0.5160398515335027,0.9836100800937684,0,328,500,20.0,lognormal,biased,random,0.02,0.2,0.5,5.0,1.0,0.1,240,0,0.0,True,True,income,100,continue_after_avalanche,period_end,high_c_finite_income,high_c_finite__N500__c0p50__lognormal__biased__random,10,10,c,0.5
2027650011,True,240,51139,1,1250,166,1250,51139,1250,494,149,149,28624,240,0.298,True,10323,10323,494,0.5399711324227454,0.9792414995640801,0,337,500,20.0,lognormal,biased,random,0.02,0.2,0.5,5.0,1.0,0.1,240,0,0.0,True,True,income,100,continue_after_avalanche,period_end,high_c_finite_income,high_c_finite__N500__c0p50__lognormal__biased__random,10,11,c,0.5
2027650012,True,240,47575,1,1250,154,1250,47575,1250,183,148,148,28150,240,0.296,True,9824,9824,183,0.5466266286644952,0.9869808631921824,0,309,500,20.0,lognormal,biased,random,0.02,0.2,0.5,5.0,1.0,0.1,240,0,0.0,True,True,income,100,continue_after_avalanche,period_end,high_c_finite_income,high_c_finite__N500__c0p50__lognormal__biased__random,10,12,c,0.5
2027650013,True,240,52671,1,1250,174,1250,52671,1250,319,145,145,29260,240,0.29,True,10691,10691,319,0.5348889720325507,0.9869877467028341,0,351,500,20.0,lognormal,biased,random,0.02,0.2,0.5,5.0,1.0,0.1,240,0,0.0,True,True,income,100,continue_after_avalanche,period_end,high_c_finite_income,high_c_finite__N500__c0p50__lognormal__biased__random,10,13,c,0.5
2027650014,True,240,55033,1,1250,178,1250,55033,1250,252,155,155,30160,240,0.31,True,11193,11193,252,0.5308569641740373,0.9899996426337889,0,359,500,20.0,lognormal,biased,random,0.02,0.2,0.5,5.0,1.0,0.1,240,0,0.0,True,True,income,100,continue_after_avalanche,period_end,high_c_finite_income,high_c_finite__N500__c0p50__lognormal__biased__random,10,14,c,0.5
2027650015,True,240,50565,1,1250,163,1250,50565,1250,305,138,138,27613,240,0.276,True,10014,10014,305,0.5200475334531656,0.9890289594567605,0,324,500,20.0,lognormal,biased,random,0.02,0.2,0.5,5.0,1.0,0.1,240,0,0.0,True,True,income,100,continue_after_avalanche,period_end,high_c_finite_income,high_c_finite__N500__c0p50__lognormal__biased__random,10,15,c,0.5
2027650016,True,240,49286,1,1250,156,1250,49286,1250,170,142,142,27940,240,0.284,True,9981,9981,170,0.5072423604849214,0.9880879671375613,0,312,500,20.0,lognormal,biased,random,0.02,0.2,0.5,5.0,1.0,0.1,240,0,0.0,True,True,income,100,continue_after_avalanche,period_end,high_c_finite_income,high_c_finite__N500__c0p50__lognormal__biased__random,10,16,c,0.5
2027650017,True,240,47572,1,1250,161,1250,47572,1250,247,144,144,27638,240,0.288,True,9773,9773,247,0.5314292438350559,0.9868734267880896,0,321,500,20.0,lognormal,biased,random,0.02,0.2,0.5,5.0,1.0,0.1,240,0,0.0,True,True,income,100,continue_after_avalanche,period_end,high_c_finite_income,high_c_finite__N500__c0p50__lognormal__biased__random,10,17,c,0.5
2027650018,True,240,53025,1,1250,169,1250,53025,1250,216,151,151,29135,240,0.302,True,10649,10649,216,0.5151028265564841,0.9871602967414781,0,341,500,20.0,lognormal,biased,random,0.02,0.2,0.5,5.0,1.0,0.1,240,0,0.0,True,True,income,100,continue_after_avalanche,period_end,high_c_finite_income,high_c_finite__N500__c0p50__lognormal__biased__random,10,18,c,0.5
2027650019,True,240,46557,1,1250,148,1250,46557,1250,183,143,143,26681,240,0.286,True,9437,9437,183,0.5171031048002543,0.9900292465826004,0,293,500,20.0,lognormal,biased,random,0.02,0.2,0.5,5.0,1.0,0.1,240,0,0.0,True,True,income,100,continue_after_avalanche,period_end,high_c_finite_income,high_c_finite__N500__c0p50__lognormal__biased__random,10,19,c,0.5
2027650020,True,240,52169,1,1250,174,1250,52169,1250,316,148,148,28898,240,0.296,True,10548,10548,316,0.524896473265074,0.9873936291240046,0,336,500,20.0,lognormal,biased,random,0.02,0.2,0.5,5.0,1.0,0.1,240,0,0.0,True,True,income,100,continue_after_avalanche,period_end,high_c_finite_income,high_c_finite__N500__c0p50__lognormal__biased__random,10,20,c,0.5
2027650021,True,240,52946,1,1250,172,1250,52946,1250,324,146,146,29014,240,0.292,True,10610,10610,324,0.5198273327049954,0.982294439208294,0,342,500,20.0,lognormal,biased,random,0.02,0.2,0.5,5.0,1.0,0.1,240,0,0.0,True,True,income,100,continue_after_avalanche,period_end,high_c_finite_income,high_c_finite__N500__c0p50__lognormal__biased__random,10,21,c,0.5
2027650022,True,240,50976,1,1250,165,1250,50976,1250,160,156,156,29097,240,0.312,True,10627,10627,160,0.5423406417615508,0.9929573727298391,0,332,500,20.0,lognormal,biased,random,0.02,0.2,0.5,5.0,1.0,0.1,240,0,0.0,True,True,income,100,continue_after_avalanche,period_end,high_c_finite_income,high_c_finite__N500__c0p50__lognormal__biased__random,10,22,c,0.5
2027650023,True,240,49412,1,1250,160,1250,49412,1250,343,143,143,27612,240,0.286,True,9773,9773,343,0.5118315767932058,0.9820712166172108,0,327,500,20.0,lognormal,biased,random,0.02,0.2,0.5,5.0,1.0,0.1,240,0,0.0,True,True,income,100,continue_after_avalanche,period_end,high_c_finite_income,high_c_finite__N500__c0p50__lognormal__biased__random,10,23,c,0.5
2027750000,True,240,50660,3,3009,160,1250,50660,3009,189,142,142,26447,238,0.284,True,10006,10006,189,0.3157881271237257,0.9899256446132321,0,323,500,20.0,pareto,biased,random,0.02,0.2,0.5,5.0,1.0,0.1,240,0,0.0,True,True,income,100,continue_after_avalanche,period_end,high_c_finite_income,high_c_finite__N500__c0p50__pareto__biased__random,11,0,c,0.5
2027750001,True,240,44936,2,2217,145,1250,44936,2217,37,145,145,26656,239,0.29,True,10010,10010,37,0.43303256743256746,0.9947764235764236,0,295,500,20.0,pareto,biased,random,0.02,0.2,0.5,5.0,1.0,0.1,240,0,0.0,True,True,income,100,continue_after_avalanche,period_end,high_c_finite_income,high_c_finite__N500__c0p50__pareto__biased__random,11,1,c,0.5
2027750002,True,240,51560,2,2237,155,1250,51560,2237,190,145,145,26225,239,0.29,True,9997,9997,190,0.2916969090727217,0.9905405621686505,0,308,500,20.0,pareto,biased,random,0.02,0.2,0.5,5.0,1.0,0.1,240,0,0.0,True,True,income,100,continue_after_avalanche,period_end,high_c_finite_income,high_c_finite__N500__c0p50__pareto__biased__random,11,2,c,0.5
2027750003,True,240,50988,2,2230,162,1250,50988,2230,179,144,144,26603,239,0.288,True,9991,9991,179,0.32759943949554593,0.989681713542188,0,332,500,20.0,pareto,biased,random,0.02,0.2,0.5,5.0,1.0,0.1,240,0,0.0,True,True,income,100,continue_after_avalanche,period_end,high_c_finite_income,high_c_finite__N500__c0p50__pareto__biased__random,11,3,c,0.5
2027750004,True,240,48410,3,3001,153,1250,48410,3001,120,140,140,26848,238,0.28,True,9995,9995,120,0.3598437218609305,0.9930915457728864,0,307,500,20.0,pareto,biased,random,0.02,0.2,0.5,5.0,1.0,0.1,240,0,0.0,True,True,income,100,continue_after_avalanche,period_end,high_c_finite_income,high_c_finite__N500__c0p50__pareto__biased__random,11,4,c,0.5
2027750005,True,240,48439,2,2227,154,1250,48439,2227,93,146,146,27101,239,0.292,True,9996,9996,93,0.38352260904361746,0.9924421768707483,0,305,500,20.0,pareto,biased,random,0.02,0.2,0.5,5.0,1.0,0.1,240,0,0.0,True,True,income,100,continue_after_avalanche,period_end,high_c_finite_income,high_c_finite__N500__c0p50__pareto__biased__random,11,5,c,0.5
2027750006,True,240,47009,2,2226,152,1250,47009,2226,85,152,152,27246,239,0.304,True,10007,10007,85,0.38324193064854595,0.9931905666033776,0,299,500,20.0,pareto,biased,random,0.02,0.2,0.5,5.0,1.0,0.1,240,0,0.0,True,True,income,100,continue_after_avalanche,period_end,high_c_finite_income,high_c_finite__N500__c0p50__pareto__biased__random,11,6,c,0.5
2027750007,True,240,52228,4,3624,164,1250,52228,3624,370,140,140,26237,237,0.28,True,10013,10013,370,0.2957201637870768,0.9858278238290223,0,331,500,20.0,pareto,biased,random,0.02,0.2,0.5,5.0,1.0,0.1,240,0,0.0,True,True,income,100,continue_after_avalanche,period_end,high_c_finite_income,high_c_finite__N500__c0p50__pareto__biased__random,11,7,c,0.5
2027750008,True,240,50587,2,2233,164,1250,50587,2233,141,142,142,26543,239,0.284,True,9996,9996,141,0.3345510204081632,0.988937174869948,0,316,500,20.0,pareto,biased,random,0.02,0.2,0.5,5.0,1.0,0.1,240,0,0.0,True,True,income,100,continue_after_avalanche,period_end,high_c_finite_income,high_c_finite__N500__c0p50__pareto__biased__random,11,8,c,0.5
2027750009,True,240,52650,2,2222,164,1250,52650,2222,372,145,145,26132,238,0.29,True,9991,9991,372,0.2677311580422379,0.9837615854268842,0,331,500,20.0,pareto,biased,random,0.02,0.2,0.5,5.0,1.0,0.1,240,0,0.0,True,True,income,100,continue_after_avalanche,period_end,high_c_finite_income,high_c_finite__N500__c0p50__pareto__biased__random,11,9,c,0.5
2027750010,True,240,50703,2,2230,168,1250,50703,2230,243,145,145,27044,239,0.29,True,10010,10010,243,0.3424467532467532,0.9865754245754246,0,332,500,20.0,pareto,biased,random,0.02,0.2,0.5,5.0,1.0,0.1,240,0,0.0,True,True,income,100,continue_after_avalanche,period_end,high_c_finite_income,high_c_finite__N500__c0p50__pareto__biased__random,11,10,c,0.5
2027750011,True,240,46215,2,2220,146,1250,46215,2220,27,142,142,26837,239,0.284,True,10004,10004,27,0.4095601759296281,0.9965825669732107,0,293,500,20.0,pareto,biased,random,0.02,0.2,0.5,5.0,1.0,0.1,240,0,0.0,True,True,income,100,continue_after_avalanche,period_end,high_c_finite_income,high_c_finite__N500__c0p50__pareto__biased__random,11,11,c,0.5
2027750012,True,240,50011,3,3004,158,1250,50011,3004,192,143,143,26813,238,0.286,True,9983,9983,192,0.3477537814284284,0.9903974757087048,0,310,500,20.0,pareto,biased,random,0.02,0.2,0.5,5.0,1.0,0.1,240,0,0.0,True,True,income,100,continue_after_avalanche,period_end,high_c_finite_income,high_c_finite__N500__c0p50__pareto__biased__random,11,12,c,0.5
2027750013,True,240,48812,2,2221,148,1250,48812,2221,121,144,144,27001,239,0.288,True,9992,9992,121,0.37267654123298644,0.9915632506004803,0,301,500,20.0,pareto,biased,random,0.02,0.2,0.5,5.0,1.0,0.1,240,0,0.0,True,True,income,100,continue_after_avalanche,period_end,high_c_finite_income,high_c_finite__N500__c0p50__pareto__biased__random,11,13,c,0.5
2027750014,True,240,49035,2,2226,156,1250,49035,2226,203,142,142,27053,239,0.284,True,9996,9996,203,0.375451780712285,0.9903201280512204,0,309,500,20.0,pareto,biased,random,0.02,0.2,0.5,5.0,1.0,0.1,240,0,0.0,True,True,income,100,continue_after_avalanche,period_end,high_c_finite_income,high_c_finite__N500__c0p50__pareto__biased__random,11,14,c,0.5
2027750015,True,240,51081,2,2221,166,1250,51081,2221,323,146,146,27015,239,0.292,True,10006,10006,323,0.34017629422346585,0.9847319608235059,0,324,500,20.0,pareto,biased,random,0.02,0.2,0.5,5.0,1.0,0.1,240,0,0.0,True,True,income,100,continue_after_avalanche,period_end,high_c_finite_income,high_c_finite__N500__c0p50__pareto__biased__random,11,15,c,0.5
2027750016,True,240,51366,2,2222,164,1250,51366,2222,238,146,146,26390,239,0.292,True,10003,10003,238,0.30148215535339395,0.9876415075477356,0,324,500,20.0,pareto,biased,random,0.02,0.2,0.5,5.0,1.0,0.1,240,0,0.0,True,True,income,100,continue_after_avalanche,period_end,high_c_finite_income,high_c_finite__N500__c0p50__pareto__biased__random,11,16,c,0.5
2027750017,True,240,52595,3,3002,160,1250,52595,3002,265,147,147,25858,238,0.294,True,9988,9988,265,0.2744601521826191,0.982184621545855,0,316,500,20.0,pareto,biased,random,0.02,0.2,0.5,5.0,1.0,0.1,240,0,0.0,True,True,income,100,continue_after_avalanche,period_end,high_c_finite_income,high_c_finite__N500__c0p50__pareto__biased__random,11,17,c,0.5
2027750018,True,240,50029,2,2220,163,1250,50029,2220,287,150,150,27196,239,0.3,True,9999,9999,287,0.36297049704970497,0.9841138113811381,0,328,500,20.0,pareto,biased,random,0.02,0.2,0.5,5.0,1.0,0.1,240,0,0.0,True,True,income,100,continue_after_avalanche,period_end,high_c_finite_income,high_c_finite__N500__c0p50__pareto__biased__random,11,18,c,0.5
2027750019,True,240,50279,3,3020,158,1250,50279,3020,192,145,145,26375,238,0.29,True,9980,9980,192,0.32260480961923843,0.9834052104208417,0,324,500,20.0,pareto,biased,random,0.02,0.2,0.5,5.0,1.0,0.1,240,0,0.0,True,True,income,100,continue_after_avalanche,period_end,high_c_finite_income,high_c_finite__N500__c0p50__pareto__biased__random,11,19,c,0.5
2027750020,True,240,52482,2,2228,167,1250,52482,2228,345,146,146,26213,239,0.292,True,10000,10000,345,0.31099600000000005,0.9819739999999999,0,336,500,20.0,pareto,biased,random,0.02,0.2,0.5,5.0,1.0,0.1,240,0,0.0,True,True,income,100,continue_after_avalanche,period_end,high_c_finite_income,high_c_finite__N500__c0p50__pareto__biased__random,11,20,c,0.5
2027750021,True,240,51657,2,2224,161,1250,51657,2224,320,146,146,26313,239,0.292,True,10001,10001,320,0.2957714228577142,0.9875526447355265,0,324,500,20.0,pareto,biased,random,0.02,0.2,0.5,5.0,1.0,0.1,240,0,0.0,True,True,income,100,continue_after_avalanche,period_end,high_c_finite_income,high_c_finite__N500__c0p50__pareto__biased__random,11,21,c,0.5
2027750022,True,240,50366,3,2996,163,1250,50366,2996,226,150,150,26977,238,0.3,True,9991,9991,226,0.3314953458112302,0.9873376038434591,0,326,500,20.0,pareto,biased,random,0.02,0.2,0.5,5.0,1.0,0.1,240,0,0.0,True,True,income,100,continue_after_avalanche,period_end,high_c_finite_income,high_c_finite__N500__c0p50__pareto__biased__random,11,22,c,0.5
2027750023,True,240,50694,2,2229,160,1250,50694,2229,220,143,143,26583,239,0.286,True,10003,10003,220,0.32736359092272327,0.9902959112266321,0,316,500,20.0,pareto,biased,random,0.02,0.2,0.5,5.0,1.0,0.1,240,0,0.0,True,True,income,100,continue_after_avalanche,period_end,high_c_finite_income,high_c_finite__N500__c0p50__pareto__biased__random,11,23,c,0.5
2027850000,True,240,16097,1,400,49,400,16097,400,3,53,53,8586,240,0.53,True,1974,1974,3,0.5373454913880447,0.9898986828774063,0,60,100,20.0,lognormal,biased,random,0.02,0.2,0.8,5.0,1.0,0.1,240,0,0.0,True,True,income,100,continue_after_avalanche,period_end,high_c_finite_income,high_c_finite__N100__c0p80__lognormal__biased__random,12,0,c,0.8
2027850001,True,240,19488,1,400,56,403,19488,400,68,52,52,9122,240,0.52,True,2137,2137,68,0.47088909686476366,0.9879503977538606,0,75,100,20.0,lognormal,biased,random,0.02,0.2,0.8,5.0,1.0,0.1,240,0,0.0,True,True,income,100,continue_after_avalanche,period_end,high_c_finite_income,high_c_finite__N100__c0p80__lognormal__biased__random,12,1,c,0.8
2027850002,True,240,15302,1,400,48,400,15302,400,19,47,47,8343,240,0.47,True,1794,1794,19,0.5302452619843925,0.9865440356744704,0,61,100,20.0,lognormal,biased,random,0.02,0.2,0.8,5.0,1.0,0.1,240,0,0.0,True,True,income,100,continue_after_avalanche,period_end,high_c_finite_income,high_c_finite__N100__c0p80__lognormal__biased__random,12,2,c,0.8
2027850003,True,240,15129,1,400,42,400,15129,400,9,46,46,8017,240,0.46,True,1659,1659,9,0.4712055455093429,0.9899638336347196,0,52,100,20.0,lognormal,biased,random,0.02,0.2,0.8,5.0,1.0,0.1,240,0,0.0,True,True,income,100,continue_after_avalanche,period_end,high_c_finite_income,high_c_finite__N100__c0p80__lognormal__biased__random,12,3,c,0.8
2027850004,True,240,16707,1,400,49,400,16707,400,11,54,54,8890,240,0.54,True,2025,2025,11,0.5571703703703703,0.9899407407407408,0,62,100,20.0,lognormal,biased,random,0.02,0.2,0.8,5.0,1.0,0.1,240,0,0.0,True,True,income,100,continue_after_avalanche,period_end,high_c_finite_income,high_c_finite__N100__c0p80__lognormal__biased__random,12,4,c,0.8
2027850005,True,240,17938,1,400,58,400,17938,400,22,54,54,9376,240,0.54,True,2207,2207,22,0.5695015858631627,0.989800634345265,0,69,100,20.0,lognormal,biased,random,0.02,0.2,0.8,5.0,1.0,0.1,240,0,0.0,True,True,income,100,continue_after_avalanche,period_end,high_c_finite_income,high_c_finite__N100__c0p80__lognormal__biased__random,12,5,c,0.8
2027850006,True,240,15345,1,400,50,400,15345,400,64,46,46,7896,240,0.46,True,1614,1614,64,0.42439900867410163,0.9731846344485751,0,64,100,20.0,lognormal,biased,random,0.02,0.2,0.8,5.0,1.0,0.1,240,0,0.0,True,True,income,100,continue_after_avalanche,period_end,high_c_finite_income,high_c_finite__N100__c0p80__lognormal__biased__random,12,6,c,0.8
2027850007,True,240,17953,1,400,55,410,17953,400,4,55,55,9267,240,0.55,True,2216,2216,4,0.5393501805054151,0.9898646209386281,0,65,100,20.0,lognormal,biased,random,0.02,0.2,0.8,5.0,1.0,0.1,240,0,0.0,True,True,income,100,continue_after_avalanche,period_end,high_c_finite_income,high_c_finite__N100__c0p80__lognormal__biased__random,12,7,c,0.8
2027850008,True,240,15719,1,400,45,400,15719,400,69,47,47,8327,240,0.47,True,1722,1722,69,0.5145296167247386,0.9897328687572591,0,54,100,20.0,lognormal,biased,random,0.02,0.2,0.8,5.0,1.0,0.1,240,0,0.0,True,True,income,100,continue_after_avalanche,period_end,high_c_finite_income,high_c_finite__N100__c0p80__lognormal__biased__random,12,8,c,0.8
2027850009,True,240,17326,1,400,55,400,17326,400,81,50,50,8854,240,0.5,True,1880,1880,81,0.49928723404255315,0.9852340425531916,0,69,100,20.0,lognormal,biased,random,0.02,0.2,0.8,5.0,1.0,0.1,240,0,0.0,True,True,income,100,continue_after_avalanche,period_end,high_c_finite_income,high_c_finite__N100__c0p80__lognormal__biased__random,12,9,c,0.8
2027850010,True,240,19990,1,400,63,421,19990,400,0,60,60,10019,240,0.6,True,2530,2530,0,0.5908458498023714,0.99,0,78,100,20.0,lognormal,biased,random,0.02,0.2,0.8,5.0,1.0,0.1,240,0,0.0,True,True,income,100,continue_after_avalanche,period_end,high_c_finite_income,high_c_finite__N100__c0p80__lognormal__biased__random,12,10,c,0.8
2027850011,True,240,17569,1,400,55,404,17569,400,71,51,51,9056,240,0.51,True,1941,1941,71,0.48664090674909843,0.9783359093250901,0,69,100,20.0,lognormal,biased,random,0.02,0.2,0.8,5.0,1.0,0.1,240,0,0.0,True,True,income,100,continue_after_avalanche,period_end,high_c_finite_income,high_c_finite__N100__c0p80__lognormal__biased__random,12,11,c,0.8
2027850012,True,240,17134,1,400,61,402,17134,400,82,50,50,8804,240,0.5,True,2015,2015,82,0.5032208436724566,0.9867146401985112,0,68,100,20.0,lognormal,biased,random,0.02,0.2,0.8,5.0,1.0,0.1,240,0,0.0,True,True,income,100,continue_after_avalanche,period_end,high_c_finite_income,high_c_finite__N100__c0p80__lognormal__biased__random,12,12,c,0.8
2027850013,True,240,20256,1,400,62,411,20256,400,71,58,58,9812,240,0.58,True,2372,2372,71,0.5645025295109611,0.9841231028667792,0,81,100,20.0,lognormal,biased,random,0.02,0.2,0.8,5.0,1.0,0.1,240,0,0.0,True,True,income,100,continue_after_avalanche,period_end,high_c_finite_income,high_c_finite__N100__c0p80__lognormal__biased__random,12,13,c,0.8
2027850014,True,240,17209,1,400,49,408,17209,400,6,55,55,8733,240,0.55,True,1946,1946,6,0.49068859198355597,0.9899897225077081,0,63,100,20.0,lognormal,biased,random,0.02,0.2,0.8,5.0,1.0,0.1,240,0,0.0,True,True,income,100,continue_after_avalanche,period_end,high_c_finite_income,high_c_finite__N100__c0p80__lognormal__biased__random,12,14,c,0.8
2027850015,True,240,19629,1,400,66,410,19629,400,30,54,54,9747,240,0.54,True,2428,2428,30,0.5418616144975288,0.9852306425041186,0,83,100,20.0,lognormal,biased,random,0.02,0.2,0.8,5.0,1.0,0.1,240,0,0.0,True,True,income,100,continue_after_avalanche,period_end,high_c_finite_income,high_c_finite__N100__c0p80__lognormal__biased__random,12,15,c,0.8
2027850016,True,240,17117,1,400,59,411,17117,400,31,51,51,8979,240,0.51,True,1967,1967,31,0.4813472292831724,0.9830045754956787,0,69,100,20.0,lognormal,biased,random,0.02,0.2,0.8,5.0,1.0,0.1,240,0,0.0,True,True,income,100,continue_after_avalanche,period_end,high_c_finite_income,high_c_finite__N100__c0p80__lognormal__biased__random,12,16,c,0.8
2027850017,True,240,17535,1,400,50,402,17535,400,3,51,51,9050,240,0.51,True,2060,2060,3,0.5396019417475728,0.9898543689320389,0,65,100,20.0,lognormal,biased,random,0.02,0.2,0.8,5.0,1.0,0.1,240,0,0.0,True,True,income,100,continue_after_avalanche,period_end,high_c_finite_income,high_c_finite__N100__c0p80__lognormal__biased__random,12,17,c,0.8
2027850018,True,240,13230,1,400,42,400,13230,400,17,42,42,7423,240,0.42,True,1468,1468,17,0.49348773841961857,0.9812534059945504,0,50,100,20.0,lognormal,biased,random,0.02,0.2,0.8,5.0,1.0,0.1,240,0,0.0,True,True,income,100,continue_after_avalanche,period_end,high_c_finite_income,high_c_finite__N100__c0p80__lognormal__biased__random,12,18,c,0.8
2027850019,True,240,14430,1,400,44,400,14430,400,33,45,45,7829,240,0.45,True,1614,1614,33,0.48987608426270146,0.9827881040892192,0,55,100,20.0,lognormal,biased,random,0.02,0.2,0.8,5.0,1.0,0.1,240,0,0.0,True,True,income,100,continue_after_avalanche,period_end,high_c_finite_income,high_c_finite__N100__c0p80__lognormal__biased__random,12,19,c,0.8
2027850020,True,240,19052,1,400,68,401,19052,400,58,51,51,9522,240,0.51,True,2202,2202,58,0.5418801089918257,0.9766757493188012,0,81,100,20.0,lognormal,biased,random,0.02,0.2,0.8,5.0,1.0,0.1,240,0,0.0,True,True,income,100,continue_after_avalanche,period_end,high_c_finite_income,high_c_finite__N100__c0p80__lognormal__biased__random,12,20,c,0.8
2027850021,True,240,17305,1,400,49,400,17305,400,25,48,48,8677,240,0.48,True,1807,1807,25,0.43453790813503046,0.9810016602102933,0,59,100,20.0,lognormal,biased,random,0.02,0.2,0.8,5.0,1.0,0.1,240,0,0.0,True,True,income,100,continue_after_avalanche,period_end,high_c_finite_income,high_c_finite__N100__c0p80__lognormal__biased__random,12,21,c,0.8
2027850022,True,240,15783,1,400,46,400,15783,400,5,51,51,8339,240,0.51,True,1813,1813,5,0.5098234969663542,0.9897683397683397,0,55,100,20.0,lognormal,biased,random,0.02,0.2,0.8,5.0,1.0,0.1,240,0,0.0,True,True,income,100,continue_after_avalanche,period_end,high_c_finite_income,high_c_finite__N100__c0p80__lognormal__biased__random,12,22,c,0.8
2027850023,True,240,15580,1,400,50,400,15580,400,59,49,49,8502,240,0.49,True,1845,1845,59,0.5722981029810299,0.9816422764227641,0,64,100,20.0,lognormal,biased,random,0.02,0.2,0.8,5.0,1.0,0.1,240,0,0.0,True,True,income,100,continue_after_avalanche,period_end,high_c_finite_income,high_c_finite__N100__c0p80__lognormal__biased__random,12,23,c,0.8
2027950000,True,240,20056,2,836,57,488,20056,836,54,52,52,8932,239,0.52,True,1996,1996,54,0.21904809619238486,0.9822444889779558,0,74,100,20.0,pareto,biased,random,0.02,0.2,0.8,5.0,1.0,0.1,240,0,0.0,True,True,income,100,continue_after_avalanche,period_end,high_c_finite_income,high_c_finite__N100__c0p80__pareto__biased__random,13,0,c,0.8
2027950001,True,240,17756,2,835,50,464,17756,835,11,51,51,8790,239,0.51,True,2006,2006,11,0.29225324027916244,0.989900299102692,0,63,100,20.0,pareto,biased,random,0.02,0.2,0.8,5.0,1.0,0.1,240,0,0.0,True,True,income,100,continue_after_avalanche,period_end,high_c_finite_income,high_c_finite__N100__c0p80__pareto__biased__random,13,1,c,0.8
2027950002,True,240,16033,2,830,53,446,16033,830,26,61,61,8777,239,0.61,True,1998,1998,26,0.36040040040040044,0.9885685685685686,0,63,100,20.0,pareto,biased,random,0.02,0.2,0.8,5.0,1.0,0.1,240,0,0.0,True,True,income,100,continue_after_avalanche,period_end,high_c_finite_income,high_c_finite__N100__c0p80__pareto__biased__random,13,2,c,0.8
2027950003,True,240,16919,2,836,50,458,16919,836,13,52,52,8483,239,0.52,True,2001,2001,13,0.3348175912043978,0.9897801099450274,0,62,100,20.0,pareto,biased,random,0.02,0.2,0.8,5.0,1.0,0.1,240,0,0.0,True,True,income,100,continue_after_avalanche,period_end,high_c_finite_income,high_c_finite__N100__c0p80__pareto__biased__random,13,3,c,0.8
2027950004,True,240,18868,2,836,55,472,18868,836,33,51,51,8964,239,0.51,True,1999,1999,33,0.26694847423711865,0.9818659329664832,0,72,100,20.0,pareto,biased,random,0.02,0.2,0.8,5.0,1.0,0.1,240,0,0.0,True,True,income,100,continue_after_avalanche,period_end,high_c_finite_income,high_c_finite__N100__c0p80__pareto__biased__random,13,4,c,0.8
2027950005,True,240,18988,2,830,61,463,18988,830,63,49,49,9013,239,0.49,True,2003,2003,63,0.2773190214677983,0.9755017473789316,0,74,100,20.0,pareto,biased,random,0.02,0.2,0.8,5.0,1.0,0.1,240,0,0.0,True,True,income,100,continue_after_avalanche,period_end,high_c_finite_income,high_c_finite__N100__c0p80__pareto__biased__random,13,5,c,0.8
2027950006,True,240,18627,2,830,64,458,18627,830,205,50,50,9214,239,0.5,True,2000,2000,205,0.29505000000000003,0.9661,0,74,100,20.0,pareto,biased,random,0.02,0.2,0.8,5.0,1.0,0.1,240,0,0.0,True,True,income,100,continue_after_avalanche,period_end,high_c_finite_income,high_c_finite__N100__c0p80__pareto__biased__random,13,6,c,0.8
2027950007,True,240,17580,1,400,50,450,17580,400,26,50,50,8709,240,0.5,True,2002,2002,26,0.34647352647352636,0.9852547452547453,0,63,100,20.0,pareto,biased,random,0.02,0.2,0.8,5.0,1.0,0.1,240,0,0.0,True,True,income,100,continue_after_avalanche,period_end,high_c_finite_income,high_c_finite__N100__c0p80__pareto__biased__random,13,7,c,0.8
2027950008,True,240,17442,1,400,58,445,17442,400,62,51,51,8933,240,0.51,True,1996,1996,62,0.3477154308617234,0.9810020040080161,0,74,100,20.0,pareto,biased,random,0.02,0.2,0.8,5.0,1.0,0.1,240,0,0.0,True,True,income,100,continue_after_avalanche,period_end,high_c_finite_income,high_c_finite__N100__c0p80__pareto__biased__random,13,8,c,0.8
2027950009,True,240,18693,2,830,52,456,18693,830,46,51,51,8919,239,0.51,True,1995,1995,46,0.29168421052631577,0.9849273182957394,0,66,100,20.0,pareto,biased,random,0.02,0.2,0.8,5.0,1.0,0.1,240,0,0.0,True,True,income,100,continue_after_avalanche,period_end,high_c_finite_income,high_c_finite__N100__c0p80__pareto__biased__random,13,9,c,0.8
2027950010,True,240,17549,2,836,50,473,17549,836,3,50,50,8516,239,0.5,True,2001,2001,3,0.26746126936531733,0.9897901049475262,0,62,100,20.0,pareto,biased,random,0.02,0.2,0.8,5.0,1.0,0.1,240,0,0.0,True,True,income,100,continue_after_avalanche,period_end,high_c_finite_income,high_c_finite__N100__c0p80__pareto__biased__random,13,10,c,0.8
2027950011,True,240,18160,2,842,55,461,18160,842,19,49,49,8832,239,0.49,True,2002,2002,19,0.2877422577422577,0.9824775224775224,0,67,100,20.0,pareto,biased,random,0.02,0.2,0.8,5.0,1.0,0.1,240,0,0.0,True,True,income,100,continue_after_avalanche,period_end,high_c_finite_income,high_c_finite__N100__c0p80__pareto__biased__random,13,11,c,0.8
2027950012,True,240,16861,2,829,50,451,16861,829,36,52,52,8664,239,0.52,True,2003,2003,36,0.35597104343484776,0.9894408387418872,0,66,100,20.0,pareto,biased,random,0.02,0.2,0.8,5.0,1.0,0.1,240,0,0.0,True,True,income,100,continue_after_avalanche,period_end,high_c_finite_income,high_c_finite__N100__c0p80__pareto__biased__random,13,12,c,0.8
2027950013,True,240,18093,2,835,55,465,18093,835,84,48,48,8891,239,0.48,True,2000,2000,84,0.28722000000000003,0.9784900000000001,0,74,100,20.0,pareto,biased,random,0.02,0.2,0.8,5.0,1.0,0.1,240,0,0.0,True,True,income,100,continue_after_avalanche,period_end,high_c_finite_income,high_c_finite__N100__c0p80__pareto__biased__random,13,13,c,0.8
2027950014,True,240,16651,2,832,50,454,16651,832,5,51,51,8410,239,0.51,True,2000,2000,5,0.31372,0.98979,0,61,100,20.0,pareto,biased,random,0.02,0.2,0.8,5.0,1.0,0.1,240,0,0.0,True,True,income,100,continue_after_avalanche,period_end,high_c_finite_income,high_c_finite__N100__c0p80__pareto__biased__random,13,14,c,0.8
2027950015,True,240,19233,2,834,56,482,19233,834,34,55,55,8990,239,0.55,True,2003,2003,34,0.24994008986520222,0.9844383424862706,0,67,100,20.0,pareto,biased,random,0.02,0.2,0.8,5.0,1.0,0.1,240,0,0.0,True,True,income,100,continue_after_avalanche,period_end,high_c_finite_income,high_c_finite__N100__c0p80__pareto__biased__random,13,15,c,0.8
2027950016,True,240,17726,2,829,58,454,17726,829,82,49,49,8799,239,0.49,True,2001,2001,82,0.3048425787106446,0.9830934532733633,0,72,100,20.0,pareto,biased,random,0.02,0.2,0.8,5.0,1.0,0.1,240,0,0.0,True,True,income,100,continue_after_avalanche,period_end,high_c_finite_income,high_c_finite__N100__c0p80__pareto__biased__random,13,16,c,0.8
2027950017,True,240,19360,2,831,55,479,19360,831,58,50,50,9106,239,0.5,True,1997,1997,58,0.26217826740110173,0.9824186279419129,0,69,100,20.0,pareto,biased,random,0.02,0.2,0.8,5.0,1.0,0.1,240,0,0.0,True,True,income,100,continue_after_avalanche,period_end,high_c_finite_income,high_c_finite__N100__c0p80__pareto__biased__random,13,17,c,0.8
2027950018,True,240,18690,2,834,56,464,18690,834,61,49,49,8929,239,0.49,True,2001,2001,61,0.2627236381809095,0.9764767616191905,0,72,100,20.0,pareto,biased,random,0.02,0.2,0.8,5.0,1.0,0.1,240,0,0.0,True,True,income,100,continue_after_avalanche,period_end,high_c_finite_income,high_c_finite__N100__c0p80__pareto__biased__random,13,18,c,0.8
2027950019,True,240,16439,3,1280,51,454,16439,1280,1,52,52,8629,238,0.52,True,2001,2001,1,0.33325837081459264,0.9899000499750126,0,61,100,20.0,pareto,biased,random,0.02,0.2,0.8,5.0,1.0,0.1,240,0,0.0,True,True,income,100,continue_after_avalanche,period_end,high_c_finite_income,high_c_finite__N100__c0p80__pareto__biased__random,13,19,c,0.8
2027950020,True,240,20056,2,832,60,460,20056,832,135,51,51,9106,239,0.51,True,2000,2000,135,0.23171999999999993,0.9707999999999999,0,75,100,20.0,pareto,biased,random,0.02,0.2,0.8,5.0,1.0,0.1,240,0,0.0,True,True,income,100,continue_after_avalanche,period_end,high_c_finite_income,high_c_finite__N100__c0p80__pareto__biased__random,13,20,c,0.8
2027950021,True,240,17702,2,838,49,467,17702,838,31,53,53,8812,239,0.53,True,2001,2001,31,0.3020039980009994,0.9871414292853573,0,68,100,20.0,pareto,biased,random,0.02,0.2,0.8,5.0,1.0,0.1,240,0,0.0,True,True,income,100,continue_after_avalanche,period_end,high_c_finite_income,high_c_finite__N100__c0p80__pareto__biased__random,13,21,c,0.8
2027950022,True,240,17808,2,833,50,470,17808,833,5,50,50,8670,239,0.5,True,1999,1999,5,0.294512256128064,0.9899699849924963,0,64,100,20.0,pareto,biased,random,0.02,0.2,0.8,5.0,1.0,0.1,240,0,0.0,True,True,income,100,continue_after_avalanche,period_end,high_c_finite_income,high_c_finite__N100__c0p80__pareto__biased__random,13,22,c,0.8
2027950023,True,240,19041,2,829,50,482,19041,829,27,55,55,8801,239,0.55,True,1997,1997,27,0.2062143214822234,0.9899499248873309,0,62,100,20.0,pareto,biased,random,0.02,0.2,0.8,5.0,1.0,0.1,240,0,0.0,True,True,income,100,continue_after_avalanche,period_end,high_c_finite_income,high_c_finite__N100__c0p80__pareto__biased__random,13,23,c,0.8
2028050000,True,240,32509,1,800,96,811,32509,800,16,95,95,17669,240,0.475,True,4197,4197,16,0.5699082678103409,0.994914224446033,0,122,200,20.0,lognormal,biased,random,0.02,0.2,0.8,5.0,1.0,0.1,240,0,0.0,True,True,income,100,continue_after_avalanche,period_end,high_c_finite_income,high_c_finite__N200__c0p80__lognormal__biased__random,14,0,c,0.8
2028050001,True,240,36387,1,800,102,806,36387,800,19,98,98,18525,240,0.49,True,4267,4267,19,0.5229142254511367,0.9913416920553082,0,130,200,20.0,lognormal,biased,random,0.02,0.2,0.8,5.0,1.0,0.1,240,0,0.0,True,True,income,100,continue_after_avalanche,period_end,high_c_finite_income,high_c_finite__N200__c0p80__lognormal__biased__random,14,1,c,0.8
2028050002,True,240,37663,1,800,123,823,37663,800,133,100,100,18923,240,0.5,True,4480,4480,133,0.5258482142857144,0.9881674107142857,0,153,200,20.0,lognormal,biased,random,0.02,0.2,0.8,5.0,1.0,0.1,240,0,0.0,True,True,income,100,continue_after_avalanche,period_end,high_c_finite_income,high_c_finite__N200__c0p80__lognormal__biased__random,14,2,c,0.8
2028050003,True,240,33277,1,800,102,800,33277,800,17,95,95,17592,240,0.475,True,4098,4098,17,0.5579770619814546,0.9918204001952173,0,124,200,20.0,lognormal,biased,random,0.02,0.2,0.8,5.0,1.0,0.1,240,0,0.0,True,True,income,100,continue_after_avalanche,period_end,high_c_finite_income,high_c_finite__N200__c0p80__lognormal__biased__random,14,3,c,0.8
2028050004,True,240,31614,1,800,97,800,31614,800,90,93,93,16325,240,0.465,True,3291,3291,90,0.45259951382558494,0.9857535703433609,0,124,200,20.0,lognormal,biased,random,0.02,0.2,0.8,5.0,1.0,0.1,240,0,0.0,True,True,income,100,continue_after_avalanche,period_end,high_c_finite_income,high_c_finite__N200__c0p80__lognormal__biased__random,14,4,c,0.8
2028050005,True,240,36305,1,800,106,834,36305,800,82,99,99,18398,240,0.495,True,4230,4230,82,0.539035460992908,0.9876572104018913,0,137,200,20.0,lognormal,biased,random,0.02,0.2,0.8,5.0,1.0,0.1,240,0,0.0,True,True,income,100,continue_after_avalanche,period_end,high_c_finite_income,high_c_finite__N200__c0p80__lognormal__biased__random,14,5,c,0.8
2028050006,True,240,32362,1,800,92,800,32362,800,16,93,93,17295,240,0.465,True,3780,3780,16,0.559431216931217,0.9941666666666669,0,114,200,20.0,lognormal,biased,random,0.02,0.2,0.8,5.0,1.0,0.1,240,0,0.0,True,True,income,100,continue_after_avalanche,period_end,high_c_finite_income,high_c_finite__N200__c0p80__lognormal__biased__random,14,6,c,0.8
2028050007,True,240,35703,1,800,109,800,35703,800,69,93,93,17965,240,0.465,True,4176,4176,69,0.5035991379310345,0.9900981800766284,0,137,200,20.0,lognormal,biased,random,0.02,0.2,0.8,5.0,1.0,0.1,240,0,0.0,True,True,income,100,continue_after_avalanche,period_end,high_c_finite_income,high_c_finite__N200__c0p80__lognormal__biased__random,14,7,c,0.8
2028050008,True,240,32013,1,800,91,802,32013,800,86,90,90,16214,240,0.45,True,3442,3442,86,0.4443201626961071,0.9849418942475305,0,117,200,20.0,lognormal,biased,random,0.02,0.2,0.8,5.0,1.0,0.1,240,0,0.0,True,True,income,100,continue_after_avalanche,period_end,high_c_finite_income,high_c_finite__N200__c0p80__lognormal__biased__random,14,8,c,0.8
2028050009,True,240,34795,1,800,109,801,34795,800,73,95,95,17758,240,0.475,True,3966,3966,73,0.4922239031770046,0.9866238023197178,0,134,200,20.0,lognormal,biased,random,0.02,0.2,0.8,5.0,1.0,0.1,240,0,0.0,True,True,income,100,continue_after_avalanche,period_end,high_c_finite_income,high_c_finite__N200__c0p80__lognormal__biased__random,14,9,c,0.8
2028050010,True,240,36793,1,800,125,800,36793,800,87,96,96,19218,240,0.48,True,4677,4677,87,0.5952629890955743,0.9869884541372675,0,156,200,20.0,lognormal,biased,random,0.02,0.2,0.8,5.0,1.0,0.1,240,0,0.0,True,True,income,100,continue_after_avalanche,period_end,high_c_finite_income,high_c_finite__N200__c0p80__lognormal__biased__random,14,10,c,0.8
2028050011,True,240,33209,1,800,101,800,33209,800,94,90,90,17194,240,0.45,True,3632,3632,94,0.5314702643171807,0.9826156387665199,0,123,200,20.0,lognormal,biased,random,0.02,0.2,0.8,5.0,1.0,0.1,240,0,0.0,True,True,income,100,continue_after_avalanche,period_end,high_c_finite_income,high_c_finite__N200__c0p80__lognormal__biased__random,14,11,c,0.8
2028050012,True,240,38197,1,800,118,818,38197,800,17,99,99,19465,240,0.495,True,4918,4918,17,0.5829178527856853,0.994806832045547,0,147,200,20.0,lognormal,biased,random,0.02,0.2,0.8,5.0,1.0,0.1,240,0,0.0,True,True,income,100,continue_after_avalanche,period_end,high_c_finite_income,high_c_finite__N200__c0p80__lognormal__biased__random,14,12,c,0.8
2028050013,True,240,37354,1,800,115,809,37354,800,67,99,99,18563,240,0.495,True,4344,4344,67,0.5196201657458566,0.9897283609576428,0,143,200,20.0,lognormal,biased,random,0.02,0.2,0.8,5.0,1.0,0.1,240,0,0.0,True,True,income,100,continue_after_avalanche,period_end,high_c_finite_income,high_c_finite__N200__c0p80__lognormal__biased__random,14,13,c,0.8
2028050014,True,240,38332,1,800,119,800,38332,800,38,103,103,19483,240,0.515,True,4894,4894,38,0.600173682059665,0.9939681242337557,0,148,200,20.0,lognormal,biased,random,0.02,0.2,0.8,5.0,1.0,0.1,240,0,0.0,True,True,income,100,continue_after_avalanche,period_end,high_c_finite_income,high_c_finite__N200__c0p80__lognormal__biased__random,14,14,c,0.8
2028050015,True,240,33877,1,800,105,809,33877,800,117,88,88,17249,240,0.44,True,3840,3840,117,0.47094010416666676,0.9817630208333334,0,133,200,20.0,lognormal,biased,random,0.02,0.2,0.8,5.0,1.0,0.1,240,0,0.0,True,True,income,100,continue_after_avalanche,period_end,high_c_finite_income,high_c_finite__N200__c0p80__lognormal__biased__random,14,15,c,0.8
2028050016,True,240,32144,1,800,93,800,32144,800,103,89,89,16877,240,0.445,True,3491,3491,103,0.4999011744485822,0.981645660269264,0,123,200,20.0,lognormal,biased,random,0.02,0.2,0.8,5.0,1.0,0.1,240,0,0.0,True,True,income,100,continue_after_avalanche,period_end,high_c_finite_income,high_c_finite__N200__c0p80__lognormal__biased__random,14,16,c,0.8
2028050017,True,240,35828,1,800,111,802,35828,800,51,99,99,18421,240,0.495,True,4369,4369,51,0.5299713893339437,0.9912829022659648,0,143,200,20.0,lognormal,biased,random,0.02,0.2,0.8,5.0,1.0,0.1,240,0,0.0,True,True,income,100,continue_after_avalanche,period_end,high_c_finite_income,high_c_finite__N200__c0p80__lognormal__biased__random,14,17,c,0.8
2028050018,True,240,32283,1,800,94,800,32283,800,119,92,92,17118,240,0.46,True,3713,3713,119,0.5123040667923513,0.9913156477242124,0,124,200,20.0,lognormal,biased,random,0.02,0.2,0.8,5.0,1.0,0.1,240,0,0.0,True,True,income,100,continue_after_avalanche,period_end,high_c_finite_income,high_c_finite__N200__c0p80__lognormal__biased__random,14,18,c,0.8
2028050019,True,240,29585,1,800,91,800,29585,800,40,83,83,15912,240,0.415,True,3381,3381,40,0.49302129547471174,0.9901434486838214,0,113,200,20.0,lognormal,biased,random,0.02,0.2,0.8,5.0,1.0,0.1,240,0,0.0,True,True,income,100,continue_after_avalanche,period_end,high_c_finite_income,high_c_finite__N200__c0p80__lognormal__biased__random,14,19,c,0.8
2028050020,True,240,32300,1,800,97,800,32300,800,49,91,91,16946,240,0.455,True,3739,3739,49,0.5093434073281626,0.9865806365338328,0,117,200,20.0,lognormal,biased,random,0.02,0.2,0.8,5.0,1.0,0.1,240,0,0.0,True,True,income,100,continue_after_avalanche,period_end,high_c_finite_income,high_c_finite__N200__c0p80__lognormal__biased__random,14,20,c,0.8
2028050021,True,240,32860,1,800,98,800,32860,800,104,88,88,17426,240,0.44,True,3704,3704,104,0.5200242980561556,0.9862176025917928,0,123,200,20.0,lognormal,biased,random,0.02,0.2,0.8,5.0,1.0,0.1,240,0,0.0,True,True,income,100,continue_after_avalanche,period_end,high_c_finite_income,high_c_finite__N200__c0p80__lognormal__biased__random,14,21,c,0.8
2028050022,True,240,33513,1,800,97,800,33513,800,1,94,94,17784,240,0.47,True,4282,4282,1,0.5704694068192435,0.9949346099953293,0,125,200,20.0,lognormal,biased,random,0.02,0.2,0.8,5.0,1.0,0.1,240,0,0.0,True,True,income,100,continue_after_avalanche,period_end,high_c_finite_income,high_c_finite__N200__c0p80__lognormal__biased__random,14,22,c,0.8
2028050023,True,240,31304,1,800,101,800,31304,800,39,86,86,16436,240,0.43,True,3653,3653,39,0.492372022994799,0.9917040788393103,0,117,200,20.0,lognormal,biased,random,0.02,0.2,0.8,5.0,1.0,0.1,240,0,0.0,True,True,income,100,continue_after_avalanche,period_end,high_c_finite_income,high_c_finite__N200__c0p80__lognormal__biased__random,14,23,c,0.8
2028150000,True,240,33588,2,1672,107,911,33588,1672,35,96,96,17454,239,0.48,True,3996,3996,35,0.3728653653653655,0.9895245245245246,0,129,200,20.0,pareto,biased,random,0.02,0.2,0.8,5.0,1.0,0.1,240,0,0.0,True,True,income,100,continue_after_avalanche,period_end,high_c_finite_income,high_c_finite__N200__c0p80__pareto__biased__random,15,0,c,0.8
2028150001,True,240,34071,2,1681,105,930,34071,1681,41,92,92,17382,239,0.46,True,3993,3993,41,0.33112071124467835,0.9879877285249188,0,127,200,20.0,pareto,biased,random,0.02,0.2,0.8,5.0,1.0,0.1,240,0,0.0,True,True,income,100,continue_after_avalanche,period_end,high_c_finite_income,high_c_finite__N200__c0p80__pareto__biased__random,15,1,c,0.8
2028150002,True,240,36154,2,1667,105,936,36154,1667,35,90,90,17484,239,0.45,True,3999,3999,35,0.27940860215053775,0.9897936984246063,0,132,200,20.0,pareto,biased,random,0.02,0.2,0.8,5.0,1.0,0.1,240,0,0.0,True,True,income,100,continue_after_avalanche,period_end,high_c_finite_income,high_c_finite__N200__c0p80__pareto__biased__random,15,2,c,0.8
2028150003,True,240,32512,2,1669,91,947,32512,1669,9,106,106,16701,239,0.53,True,3994,3994,9,0.3021882824236355,0.9949098647971959,0,119,200,20.0,pareto,biased,random,0.02,0.2,0.8,5.0,1.0,0.1,240,0,0.0,True,True,income,100,continue_after_avalanche,period_end,high_c_finite_income,high_c_finite__N200__c0p80__pareto__biased__random,15,3,c,0.8
2028150004,True,240,36384,2,1666,109,920,36384,1666,102,97,97,17272,239,0.485,True,3998,3998,102,0.28292646323161597,0.9863606803401701,0,132,200,20.0,pareto,biased,random,0.02,0.2,0.8,5.0,1.0,0.1,240,0,0.0,True,True,income,100,continue_after_avalanche,period_end,high_c_finite_income,high_c_finite__N200__c0p80__pareto__biased__random,15,4,c,0.8
2028150005,True,240,36129,2,1660,112,930,36129,1660,106,98,98,17914,239,0.49,True,4000,4000,106,0.31606750000000017,0.9811700000000001,0,147,200,20.0,pareto,biased,random,0.02,0.2,0.8,5.0,1.0,0.1,240,0,0.0,True,True,income,100,continue_after_avalanche,period_end,high_c_finite_income,high_c_finite__N200__c0p80__pareto__biased__random,15,5,c,0.8
2028150006,True,240,31446,1,800,102,897,31446,800,29,100,100,16998,240,0.5,True,4008,4008,29,0.40774201596806403,0.994812874251497,0,127,200,20.0,pareto,biased,random,0.02,0.2,0.8,5.0,1.0,0.1,240,0,0.0,True,True,income,100,continue_after_avalanche,period_end,high_c_finite_income,high_c_finite__N200__c0p80__pareto__biased__random,15,6,c,0.8
2028150007,True,240,35047,2,1672,107,939,35047,1672,70,96,96,17643,239,0.48,True,3999,3999,70,0.3058602150537635,0.9881232808202052,0,136,200,20.0,pareto,biased,random,0.02,0.2,0.8,5.0,1.0,0.1,240,0,0.0,True,True,income,100,continue_after_avalanche,period_end,high_c_finite_income,high_c_finite__N200__c0p80__pareto__biased__random,15,7,c,0.8
2028150008,True,240,32675,2,1655,100,923,32675,1655,18,89,89,16730,239,0.445,True,3997,3997,18,0.301862646985239,0.9937840880660496,0,132,200,20.0,pareto,biased,random,0.02,0.2,0.8,5.0,1.0,0.1,240,0,0.0,True,True,income,100,continue_after_avalanche,period_end,high_c_finite_income,high_c_finite__N200__c0p80__pareto__biased__random,15,8,c,0.8
2028150009,True,240,34526,1,800,106,905,34526,800,136,106,106,17708,240,0.53,True,4003,4003,136,0.34750562078441183,0.9824843867099677,0,137,200,20.0,pareto,biased,random,0.02,0.2,0.8,5.0,1.0,0.1,240,0,0.0,True,True,income,100,continue_after_avalanche,period_end,high_c_finite_income,high_c_finite__N200__c0p80__pareto__biased__random,15,9,c,0.8
2028150010,True,240,34439,2,1657,105,902,34439,1657,81,97,97,17602,239,0.485,True,3994,3994,81,0.3221031547320983,0.9922909364046071,0,137,200,20.0,pareto,biased,random,0.02,0.2,0.8,5.0,1.0,0.1,240,0,0.0,True,True,income,100,continue_after_avalanche,period_end,high_c_finite_income,high_c_finite__N200__c0p80__pareto__biased__random,15,10,c,0.8
2028150011,True,240,32558,2,1669,98,901,32558,1669,14,99,99,17228,239,0.495,True,4001,4001,14,0.3939052736815798,0.9918082979255187,0,130,200,20.0,pareto,biased,random,0.02,0.2,0.8,5.0,1.0,0.1,240,0,0.0,True,True,income,100,continue_after_avalanche,period_end,high_c_finite_income,high_c_finite__N200__c0p80__pareto__biased__random,15,11,c,0.8
2028150012,True,240,36693,2,1662,110,963,36693,1662,45,94,94,17782,239,0.47,True,4006,4006,45,0.28706689965052434,0.9937443834248627,0,135,200,20.0,pareto,biased,random,0.02,0.2,0.8,5.0,1.0,0.1,240,0,0.0,True,True,income,100,continue_after_avalanche,period_end,high_c_finite_income,high_c_finite__N200__c0p80__pareto__biased__random,15,12,c,0.8
2028150013,True,240,34084,2,1665,99,914,34084,1665,25,95,95,17255,239,0.475,True,4002,4002,25,0.3325837081459271,0.9921989005497251,0,124,200,20.0,pareto,biased,random,0.02,0.2,0.8,5.0,1.0,0.1,240,0,0.0,True,True,income,100,continue_after_avalanche,period_end,high_c_finite_income,high_c_finite__N200__c0p80__pareto__biased__random,15,13,c,0.8
2028150014,True,240,36276,2,1660,114,926,36276,1660,171,101,101,18064,239,0.505,True,4000,4000,171,0.30093000000000014,0.9879900000000001,0,152,200,20.0,pareto,biased,random,0.02,0.2,0.8,5.0,1.0,0.1,240,0,0.0,True,True,income,100,continue_after_avalanche,period_end,high_c_finite_income,high_c_finite__N200__c0p80__pareto__biased__random,15,14,c,0.8
2028150015,True,240,33034,1,800,105,916,33034,800,55,99,99,17175,240,0.495,True,4005,4005,55,0.3366654182272162,0.9938389513108616,0,131,200,20.0,pareto,biased,random,0.02,0.2,0.8,5.0,1.0,0.1,240,0,0.0,True,True,income,100,continue_after_avalanche,period_end,high_c_finite_income,high_c_finite__N200__c0p80__pareto__biased__random,15,15,c,0.8
2028150016,True,240,37635,2,1650,107,922,37635,1650,63,91,91,17686,239,0.455,True,3998,3998,63,0.25703851925962984,0.9876288144072036,0,131,200,20.0,pareto,biased,random,0.02,0.2,0.8,5.0,1.0,0.1,240,0,0.0,True,True,income,100,continue_after_avalanche,period_end,high_c_finite_income,high_c_finite__N200__c0p80__pareto__biased__random,15,16,c,0.8
2028150017,True,240,31462,2,1661,97,889,31462,1661,15,96,96,16877,239,0.48,True,3994,3994,15,0.40818728092138223,0.9931497245868803,0,124,200,20.0,pareto,biased,random,0.02,0.2,0.8,5.0,1.0,0.1,240,0,0.0,True,True,income,100,continue_after_avalanche,period_end,high_c_finite_income,high_c_finite__N200__c0p80__pareto__biased__random,15,17,c,0.8
2028150018,True,240,38789,2,1670,111,942,38789,1670,101,97,97,17794,239,0.485,True,4006,4006,101,0.2332725911133302,0.9824088866699952,0,135,200,20.0,pareto,biased,random,0.02,0.2,0.8,5.0,1.0,0.1,240,0,0.0,True,True,income,100,continue_after_avalanche,period_end,high_c_finite_income,high_c_finite__N200__c0p80__pareto__biased__random,15,18,c,0.8
2028150019,True,240,35558,1,800,98,913,35558,800,54,92,92,17572,240,0.46,True,3996,3996,54,0.3044594594594596,0.9904929929929931,0,122,200,20.0,pareto,biased,random,0.02,0.2,0.8,5.0,1.0,0.1,240,0,0.0,True,True,income,100,continue_after_avalanche,period_end,high_c_finite_income,high_c_finite__N200__c0p80__pareto__biased__random,15,19,c,0.8
2028150020,True,240,34562,2,1666,103,913,34562,1666,12,93,93,17484,239,0.465,True,3999,3999,12,0.3160152538134535,0.9907064266066519,0,123,200,20.0,pareto,biased,random,0.02,0.2,0.8,5.0,1.0,0.1,240,0,0.0,True,True,income,100,continue_after_avalanche,period_end,high_c_finite_income,high_c_finite__N200__c0p80__pareto__biased__random,15,20,c,0.8
2028150021,True,240,36207,2,1660,103,927,36207,1660,75,91,91,17541,239,0.455,True,4004,4004,75,0.2618081918081918,0.9919680319680322,0,131,200,20.0,pareto,biased,random,0.02,0.2,0.8,5.0,1.0,0.1,240,0,0.0,True,True,income,100,continue_after_avalanche,period_end,high_c_finite_income,high_c_finite__N200__c0p80__pareto__biased__random,15,21,c,0.8
2028150022,True,240,35624,2,1660,99,938,35624,1660,28,91,91,17429,239,0.455,True,4003,4003,28,0.2792068448663503,0.9913252560579566,0,120,200,20.0,pareto,biased,random,0.02,0.2,0.8,5.0,1.0,0.1,240,0,0.0,True,True,income,100,continue_after_avalanche,period_end,high_c_finite_income,high_c_finite__N200__c0p80__pareto__biased__random,15,22,c,0.8
2028150023,True,240,33632,2,1659,99,930,33632,1659,29,100,100,17017,239,0.5,True,4006,4006,29,0.29955816275586633,0.9930254618072891,0,123,200,20.0,pareto,biased,random,0.02,0.2,0.8,5.0,1.0,0.1,240,0,0.0,True,True,income,100,continue_after_avalanche,period_end,high_c_finite_income,high_c_finite__N200__c0p80__pareto__biased__random,15,23,c,0.8
2028250000,True,240,89395,1,2000,268,2018,89395,2000,144,220,220,44881,240,0.44,True,10252,10252,144,0.5084713226687476,0.9893253999219664,0,331,500,20.0,lognormal,biased,random,0.02,0.2,0.8,5.0,1.0,0.1,240,0,0.0,True,True,income,100,continue_after_avalanche,period_end,high_c_finite_income,high_c_finite__N500__c0p80__lognormal__biased__random,16,0,c,0.8
2028250001,True,240,88726,1,2000,274,2031,88726,2000,64,228,228,44871,240,0.456,True,10755,10755,64,0.5305798233379824,0.9947739655973966,0,340,500,20.0,lognormal,biased,random,0.02,0.2,0.8,5.0,1.0,0.1,240,0,0.0,True,True,income,100,continue_after_avalanche,period_end,high_c_finite_income,high_c_finite__N500__c0p80__lognormal__biased__random,16,1,c,0.8
2028250002,True,240,86088,1,2000,270,2026,86088,2000,121,229,229,45001,240,0.458,True,10616,10616,121,0.5379849284099472,0.992673700075358,0,343,500,20.0,lognormal,biased,random,0.02,0.2,0.8,5.0,1.0,0.1,240,0,0.0,True,True,income,100,continue_after_avalanche,period_end,high_c_finite_income,high_c_finite__N500__c0p80__lognormal__biased__random,16,2,c,0.8
2028250003,True,240,84090,1,2000,242,2000,84090,2000,121,216,216,43285,240,0.432,True,9660,9660,121,0.5043296066252587,0.9913942028985507,0,305,500,20.0,lognormal,biased,random,0.02,0.2,0.8,5.0,1.0,0.1,240,0,0.0,True,True,income,100,continue_after_avalanche,period_end,high_c_finite_income,high_c_finite__N500__c0p80__lognormal__biased__random,16,3,c,0.8
2028250004,True,240,82366,1,2000,233,2000,82366,2000,60,215,215,43493,240,0.43,True,9861,9861,60,0.5437040868066119,0.9966127167630057,0,291,500,20.0,lognormal,biased,random,0.02,0.2,0.8,5.0,1.0,0.1,240,0,0.0,True,True,income,100,continue_after_avalanche,period_end,high_c_finite_income,high_c_finite__N500__c0p80__lognormal__biased__random,16,4,c,0.8
2028250005,True,240,83318,1,2000,247,2000,83318,2000,110,209,209,42631,240,0.418,True,9405,9405,110,0.49112663476873997,0.9949943646996278,0,310,500,20.0,lognormal,biased,random,0.02,0.2,0.8,5.0,1.0,0.1,240,0,0.0,True,True,income,100,continue_after_avalanche,period_end,high_c_finite_income,high_c_finite__N500__c0p80__lognormal__biased__random,16,5,c,0.8
2028250006,True,240,85739,1,2000,269,2012,85739,2000,135,218,218,44461,240,0.436,True,10082,10082,135,0.5141567149375124,0.993309660781591,0,317,500,20.0,lognormal,biased,random,0.02,0.2,0.8,5.0,1.0,0.1,240,0,0.0,True,True,income,100,continue_after_avalanche,period_end,high_c_finite_income,high_c_finite__N500__c0p80__lognormal__biased__random,16,6,c,0.8
2028250007,True,240,77434,1,2000,235,2000,77434,2000,189,209,209,41055,240,0.418,True,8783,8783,189,0.48917659114197876,0.9905624501878629,0,291,500,20.0,lognormal,biased,random,0.02,0.2,0.8,5.0,1.0,0.1,240,0,0.0,True,True,income,100,continue_after_avalanche,period_end,high_c_finite_income,high_c_finite__N500__c0p80__lognormal__biased__random,16,7,c,0.8
2028250008,True,240,80403,1,2000,249,2000,80403,2000,124,214,214,42563,240,0.428,True,9593,9593,124,0.5189398519753987,0.9931231106014802,0,307,500,20.0,lognormal,biased,random,0.02,0.2,0.8,5.0,1.0,0.1,240,0,0.0,True,True,income,100,continue_after_avalanche,period_end,high_c_finite_income,high_c_finite__N500__c0p80__lognormal__biased__random,16,8,c,0.8
2028250009,True,240,83753,1,2000,260,2001,83753,2000,131,225,225,44075,240,0.45,True,10446,10446,131,0.5301010913268236,0.9921895462377943,0,330,500,20.0,lognormal,biased,random,0.02,0.2,0.8,5.0,1.0,0.1,240,0,0.0,True,True,income,100,continue_after_avalanche,period_end,high_c_finite_income,high_c_finite__N500__c0p80__lognormal__biased__random,16,9,c,0.8
2028250010,True,240,81680,1,2000,250,2000,81680,2000,163,230,230,43002,240,0.46,True,9469,9469,163,0.5269344175731334,0.993482099482522,0,300,500,20.0,lognormal,biased,random,0.02,0.2,0.8,5.0,1.0,0.1,240,0,0.0,True,True,income,100,continue_after_avalanche,period_end,high_c_finite_income,high_c_finite__N500__c0p80__lognormal__biased__random,16,10,c,0.8
2028250011,True,240,91556,1,2000,280,2033,91556,2000,371,223,223,45750,240,0.446,True,10192,10192,371,0.5056766091051805,0.9858100470957614,0,358,500,20.0,lognormal,biased,random,0.02,0.2,0.8,5.0,1.0,0.1,240,0,0.0,True,True,income,100,continue_after_avalanche,period_end,high_c_finite_income,high_c_finite__N500__c0p80__lognormal__biased__random,16,11,c,0.8
2028250012,True,240,89172,1,2000,279,2000,89172,2000,156,232,232,46050,240,0.464,True,10768,10768,156,0.5463848439821695,0.9917306835066866,0,332,500,20.0,lognormal,biased,random,0.02,0.2,0.8,5.0,1.0,0.1,240,0,0.0,True,True,income,100,continue_after_avalanche,period_end,high_c_finite_income,high_c_finite__N500__c0p80__lognormal__biased__random,16,12,c,0.8
2028250013,True,240,89097,1,2000,281,2038,89097,2000,211,226,226,44706,240,0.452,True,10357,10357,211,0.4991918509220816,0.9882249686202569,0,350,500,20.0,lognormal,biased,random,0.02,0.2,0.8,5.0,1.0,0.1,240,0,0.0,True,True,income,100,continue_after_avalanche,period_end,high_c_finite_income,high_c_finite__N500__c0p80__lognormal__biased__random,16,13,c,0.8
2028250014,True,240,83814,1,2000,243,2000,83814,2000,137,214,214,43462,240,0.428,True,9806,9806,137,0.5115019375892311,0.9928533550887211,0,315,500,20.0,lognormal,biased,random,0.02,0.2,0.8,5.0,1.0,0.1,240,0,0.0,True,True,income,100,continue_after_avalanche,period_end,high_c_finite_income,high_c_finite__N500__c0p80__lognormal__biased__random,16,14,c,0.8
2028250015,True,240,94924,1,2000,295,2000,94924,2000,234,234,234,46942,240,0.468,True,11171,11171,234,0.5405648554292364,0.98699865723749,0,367,500,20.0,lognormal,biased,random,0.02,0.2,0.8,5.0,1.0,0.1,240,0,0.0,True,True,income,100,continue_after_avalanche,period_end,high_c_finite_income,high_c_finite__N500__c0p80__lognormal__biased__random,16,15,c,0.8
2028250016,True,240,88415,1,2000,258,2000,88415,2000,140,219,219,45301,240,0.438,True,10377,10377,140,0.5285471716295653,0.9920048183482701,0,321,500,20.0,lognormal,biased,random,0.02,0.2,0.8,5.0,1.0,0.1,240,0,0.0,True,True,income,100,continue_after_avalanche,period_end,high_c_finite_income,high_c_finite__N500__c0p80__lognormal__biased__random,16,16,c,0.8
2028250017,True,240,87697,1,2000,264,2000,87697,2000,157,218,218,44715,240,0.436,True,10249,10249,157,0.5114854132110449,0.9911033271538687,0,336,500,20.0,lognormal,biased,random,0.02,0.2,0.8,5.0,1.0,0.1,240,0,0.0,True,True,income,100,continue_after_avalanche,period_end,high_c_finite_income,high_c_finite__N500__c0p80__lognormal__biased__random,16,17,c,0.8
2028250018,True,240,85466,1,2000,242,2000,85466,2000,37,215,215,43380,240,0.43,True,10031,10031,37,0.5101678795733227,0.9949801614993521,0,307,500,20.0,lognormal,biased,random,0.02,0.2,0.8,5.0,1.0,0.1,240,0,0.0,True,True,income,100,continue_after_avalanche,period_end,high_c_finite_income,high_c_finite__N500__c0p80__lognormal__biased__random,16,18,c,0.8
2028250019,True,240,88678,1,2000,271,2000,88678,2000,205,223,223,45116,240,0.446,True,10292,10292,205,0.534120093276331,0.9936222308589195,0,325,500,20.0,lognormal,biased,random,0.02,0.2,0.8,5.0,1.0,0.1,240,0,0.0,True,True,income,100,continue_after_avalanche,period_end,high_c_finite_income,high_c_finite__N500__c0p80__lognormal__biased__random,16,19,c,0.8
2028250020,True,240,79902,1,2000,238,2000,79902,2000,128,218,218,42232,240,0.436,True,9505,9505,128,0.5206365071015255,0.9957241451867438,0,293,500,20.0,lognormal,biased,random,0.02,0.2,0.8,5.0,1.0,0.1,240,0,0.0,True,True,income,100,continue_after_avalanche,period_end,high_c_finite_income,high_c_finite__N500__c0p80__lognormal__biased__random,16,20,c,0.8
2028250021,True,240,84262,1,2000,262,2000,84262,2000,100,227,227,44108,240,0.454,True,9983,9983,100,0.5374731042772714,0.993756385855955,0,311,500,20.0,lognormal,biased,random,0.02,0.2,0.8,5.0,1.0,0.1,240,0,0.0,True,True,income,100,continue_after_avalanche,period_end,high_c_finite_income,high_c_finite__N500__c0p80__lognormal__biased__random,16,21,c,0.8
2028250022,True,240,84236,1,2000,250,2000,84236,2000,135,228,228,44114,240,0.456,True,10007,10007,135,0.55110242830019,0.9956292595183371,0,313,500,20.0,lognormal,biased,random,0.02,0.2,0.8,5.0,1.0,0.1,240,0,0.0,True,True,income,100,continue_after_avalanche,period_end,high_c_finite_income,high_c_finite__N500__c0p80__lognormal__biased__random,16,22,c,0.8
2028250023,True,240,87134,1,2000,250,2000,87134,2000,156,221,221,44363,240,0.442,True,9984,9984,156,0.517036858974359,0.9917335737179487,0,315,500,20.0,lognormal,biased,random,0.02,0.2,0.8,5.0,1.0,0.1,240,0,0.0,True,True,income,100,continue_after_avalanche,period_end,high_c_finite_income,high_c_finite__N500__c0p80__lognormal__biased__random,16,23,c,0.8
2028350000,True,240,65804,1,2000,226,2124,65804,2000,19,287,287,38639,240,0.574,True,9995,9995,19,0.5405224612306152,0.9979315657828915,0,279,500,20.0,pareto,biased,random,0.02,0.2,0.8,5.0,1.0,0.1,240,0,0.0,True,True,income,100,continue_after_avalanche,period_end,high_c_finite_income,high_c_finite__N500__c0p80__pareto__biased__random,17,0,c,0.8
2028350001,True,240,80933,2,4151,243,2281,80933,4151,61,248,248,42781,239,0.496,True,9991,9991,61,0.35239375437894105,0.9939575618056251,0,304,500,20.0,pareto,biased,random,0.02,0.2,0.8,5.0,1.0,0.1,240,0,0.0,True,True,income,100,continue_after_avalanche,period_end,high_c_finite_income,high_c_finite__N500__c0p80__pareto__biased__random,17,1,c,0.8
2028350002,True,240,78824,2,4165,230,2285,78824,4165,23,238,238,41355,239,0.476,True,10007,10007,23,0.3546243629459378,0.9978788847806535,0,291,500,20.0,pareto,biased,random,0.02,0.2,0.8,5.0,1.0,0.1,240,0,0.0,True,True,income,100,continue_after_avalanche,period_end,high_c_finite_income,high_c_finite__N500__c0p80__pareto__biased__random,17,2,c,0.8
2028350003,True,240,83959,1,2000,252,2270,83959,2000,92,223,223,43203,240,0.446,True,10009,10009,92,0.34494934558896984,0.9956225397142571,0,314,500,20.0,pareto,biased,random,0.02,0.2,0.8,5.0,1.0,0.1,240,0,0.0,True,True,income,100,continue_after_avalanche,period_end,high_c_finite_income,high_c_finite__N500__c0p80__pareto__biased__random,17,3,c,0.8
2028350004,True,240,76180,1,2000,235,2198,76180,2000,56,262,262,41880,240,0.524,True,10001,10001,56,0.428965703429657,0.9968797120287971,0,301,500,20.0,pareto,biased,random,0.02,0.2,0.8,5.0,1.0,0.1,240,0,0.0,True,True,income,100,continue_after_avalanche,period_end,high_c_finite_income,high_c_finite__N500__c0p80__pareto__biased__random,17,4,c,0.8
2028350005,True,240,90244,2,4166,254,2294,90244,4166,115,218,218,43909,239,0.436,True,10007,10007,115,0.2844055161387029,0.9923223743379634,0,319,500,20.0,pareto,biased,random,0.02,0.2,0.8,5.0,1.0,0.1,240,0,0.0,True,True,income,100,continue_after_avalanche,period_end,high_c_finite_income,high_c_finite__N500__c0p80__pareto__biased__random,17,5,c,0.8
2028350006,True,240,78495,1,2000,242,2293,78495,2000,58,245,245,41998,240,0.49,True,9991,9991,58,0.35899129216294656,0.9951170053047742,0,297,500,20.0,pareto,biased,random,0.02,0.2,0.8,5.0,1.0,0.1,240,0,0.0,True,True,income,100,continue_after_avalanche,period_end,high_c_finite_income,high_c_finite__N500__c0p80__pareto__biased__random,17,6,c,0.8
2028350007,True,240,89518,2,4158,259,2373,89518,4158,157,225,225,43279,239,0.45,True,9989,9989,157,0.265769346280909,0.9914315747322053,0,325,500,20.0,pareto,biased,random,0.02,0.2,0.8,5.0,1.0,0.1,240,0,0.0,True,True,income,100,continue_after_avalanche,period_end,high_c_finite_income,high_c_finite__N500__c0p80__pareto__biased__random,17,7,c,0.8
2028350008,True,240,87516,2,4166,242,2293,87516,4166,92,220,220,42989,239,0.44,True,10007,10007,92,0.2867011092235434,0.9943161786749275,0,310,500,20.0,pareto,biased,random,0.02,0.2,0.8,5.0,1.0,0.1,240,0,0.0,True,True,income,100,continue_after_avalanche,period_end,high_c_finite_income,high_c_finite__N500__c0p80__pareto__biased__random,17,8,c,0.8
2028350009,True,240,82266,1,2000,246,2258,82266,2000,99,231,231,42675,240,0.462,True,10000,10000,99,0.3565448,0.9958084,0,311,500,20.0,pareto,biased,random,0.02,0.2,0.8,5.0,1.0,0.1,240,0,0.0,True,True,income,100,continue_after_avalanche,period_end,high_c_finite_income,high_c_finite__N500__c0p80__pareto__biased__random,17,9,c,0.8
2028350010,True,240,86827,2,4150,254,2286,86827,4150,92,215,215,43603,239,0.43,True,9997,9997,92,0.3322222666800041,0.9899831949584876,0,318,500,20.0,pareto,biased,random,0.02,0.2,0.8,5.0,1.0,0.1,240,0,0.0,True,True,income,100,continue_after_avalanche,period_end,high_c_finite_income,high_c_finite__N500__c0p80__pareto__biased__random,17,10,c,0.8
2028350011,True,240,80755,1,2000,236,2265,80755,2000,31,241,241,42298,240,0.482,True,10000,10000,31,0.35014520000000005,0.997504,0,297,500,20.0,pareto,biased,random,0.02,0.2,0.8,5.0,1.0,0.1,240,0,0.0,True,True,income,100,continue_after_avalanche,period_end,high_c_finite_income,high_c_finite__N500__c0p80__pareto__biased__random,17,11,c,0.8
2028350012,True,240,86826,2,4154,255,2274,86826,4154,159,229,229,43390,239,0.458,True,10005,10005,159,0.3174762618690654,0.9933219390304848,0,329,500,20.0,pareto,biased,random,0.02,0.2,0.8,5.0,1.0,0.1,240,0,0.0,True,True,income,100,continue_after_avalanche,period_end,high_c_finite_income,high_c_finite__N500__c0p80__pareto__biased__random,17,12,c,0.8
2028350013,True,240,83207,1,2000,241,2271,83207,2000,59,224,224,42796,240,0.448,True,10005,10005,59,0.35549485257371316,0.9956759620189906,0,302,500,20.0,pareto,biased,random,0.02,0.2,0.8,5.0,1.0,0.1,240,0,0.0,True,True,income,100,continue_after_avalanche,period_end,high_c_finite_income,high_c_finite__N500__c0p80__pareto__biased__random,17,13,c,0.8
2028350014,True,240,84129,1,2000,245,2355,84129,2000,82,221,221,42657,240,0.442,True,10019,10019,82,0.3067577602555145,0.9962181854476495,0,309,500,20.0,pareto,biased,random,0.02,0.2,0.8,5.0,1.0,0.1,240,0,0.0,True,True,income,100,continue_after_avalanche,period_end,high_c_finite_income,high_c_finite__N500__c0p80__pareto__biased__random,17,14,c,0.8
2028350015,True,240,81804,1,2000,247,2266,81804,2000,36,226,226,42524,240,0.452,True,10000,10000,36,0.3448392,0.9950304000000001,0,306,500,20.0,pareto,biased,random,0.02,0.2,0.8,5.0,1.0,0.1,240,0,0.0,True,True,income,100,continue_after_avalanche,period_end,high_c_finite_income,high_c_finite__N500__c0p80__pareto__biased__random,17,15,c,0.8
2028350016,True,240,85643,1,2000,255,2289,85643,2000,140,230,230,43530,240,0.46,True,9991,9991,140,0.33044399959963977,0.9946297667901112,0,323,500,20.0,pareto,biased,random,0.02,0.2,0.8,5.0,1.0,0.1,240,0,0.0,True,True,income,100,continue_after_avalanche,period_end,high_c_finite_income,high_c_finite__N500__c0p80__pareto__biased__random,17,16,c,0.8
2028350017,True,240,84697,1,2000,250,2266,84697,2000,91,231,231,43819,240,0.462,True,10005,10005,91,0.3520901549225388,0.9937473263368315,0,309,500,20.0,pareto,biased,random,0.02,0.2,0.8,5.0,1.0,0.1,240,0,0.0,True,True,income,100,continue_after_avalanche,period_end,high_c_finite_income,high_c_finite__N500__c0p80__pareto__biased__random,17,17,c,0.8
2028350018,True,240,85600,2,4165,245,2295,85600,4165,77,221,221,43194,239,0.442,True,9999,9999,77,0.31111651165116516,0.9963566356635662,0,306,500,20.0,pareto,biased,random,0.02,0.2,0.8,5.0,1.0,0.1,240,0,0.0,True,True,income,100,continue_after_avalanche,period_end,high_c_finite_income,high_c_finite__N500__c0p80__pareto__biased__random,17,18,c,0.8
2028350019,True,240,82789,1,2000,242,2279,82789,2000,76,237,237,43134,240,0.474,True,9983,9983,76,0.34305900030051095,0.9942792747671041,0,300,500,20.0,pareto,biased,random,0.02,0.2,0.8,5.0,1.0,0.1,240,0,0.0,True,True,income,100,continue_after_avalanche,period_end,high_c_finite_income,high_c_finite__N500__c0p80__pareto__biased__random,17,19,c,0.8
2028350020,True,240,87254,1,2000,243,2298,87254,2000,64,223,223,43270,240,0.446,True,9996,9996,64,0.30868187274909964,0.9953505402160865,0,305,500,20.0,pareto,biased,random,0.02,0.2,0.8,5.0,1.0,0.1,240,0,0.0,True,True,income,100,continue_after_avalanche,period_end,high_c_finite_income,high_c_finite__N500__c0p80__pareto__biased__random,17,20,c,0.8
2028350021,True,240,85434,1,2000,246,2279,85434,2000,43,224,224,42689,240,0.448,True,9999,9999,43,0.3047106710671068,0.9975287528752874,0,300,500,20.0,pareto,biased,random,0.02,0.2,0.8,5.0,1.0,0.1,240,0,0.0,True,True,income,100,continue_after_avalanche,period_end,high_c_finite_income,high_c_finite__N500__c0p80__pareto__biased__random,17,21,c,0.8
2028350022,True,240,78648,1,2000,230,2293,78648,2000,29,234,234,41165,240,0.468,True,9997,9997,29,0.3373201960588177,0.9973518055416626,0,289,500,20.0,pareto,biased,random,0.02,0.2,0.8,5.0,1.0,0.1,240,0,0.0,True,True,income,100,continue_after_avalanche,period_end,high_c_finite_income,high_c_finite__N500__c0p80__pareto__biased__random,17,22,c,0.8
2028350023,True,240,81621,2,4156,239,2270,81621,4156,35,234,234,42238,239,0.468,True,10002,10002,35,0.3475364927014597,0.9963023395320936,0,304,500,20.0,pareto,biased,random,0.02,0.2,0.8,5.0,1.0,0.1,240,0,0.0,True,True,income,100,continue_after_avalanche,period_end,high_c_finite_income,high_c_finite__N500__c0p80__pareto__biased__random,17,23,c,0.8
