seed,ended_by_default,periods_completed,time_steps_completed,first_cascade_period,first_cascade_time_steps,last_period_length_steps,max_period_length_steps,total_credit_issued,credit_scale_before_cascade,active_credit_after_cascade,collapse_size,max_collapse_size,total_collapse_size,avalanche_count,collapse_fraction,critical_event,initial_total_money,final_cash_total,final_active_credit,initial_money_gini,final_net_worth_gini,failed_credit_events,total_income_last_period,n_nodes,mean_initial_money,money_distribution,income_distribution_rule,growth_rule,consumption_wealth_propensity,consumption_income_propensity,investment_income_propensity,initial_income_per_capita,income_bias_floor,collapse_threshold_fraction,max_periods,max_time_steps,default_threshold,wipe_defaulted_assets,validate_accounting,period_length_rule,fixed_period_length_steps,avalanche_protocol,default_check_mode,family,scenario_id,scenario_index,run_index,control_name,control_value,k_per_node
2026120000,True,300,4901,1,120,16,120,4901,120,1101,12,12,1223,277,0.06,False,4518,4518,1101,0.5177467906153166,0.8345307658255867,0,131,200,20.0,lognormal,biased,random,0.02,0.2,0.12,5.0,1.0,0.1,300,0,0.0,True,True,income,100,continue_after_avalanche,period_end,income,income__c0p12__lognormal__biased__random,0,0,c,0.12,
2026120001,True,300,4440,1,120,14,120,4440,120,956,12,12,1196,287,0.06,False,4079,4079,956,0.5237447903898016,0.8243282667320422,0,124,200,20.0,lognormal,biased,random,0.02,0.2,0.12,5.0,1.0,0.1,300,0,0.0,True,True,income,100,continue_after_avalanche,period_end,income,income__c0p12__lognormal__biased__random,0,1,c,0.12,
2026120002,True,300,4271,1,120,14,120,4271,120,897,13,13,1265,291,0.065,False,3934,3934,897,0.5369674631418404,0.8377325876970005,0,113,200,20.0,lognormal,biased,random,0.02,0.2,0.12,5.0,1.0,0.1,300,0,0.0,True,True,income,100,continue_after_avalanche,period_end,income,income__c0p12__lognormal__biased__random,0,2,c,0.12,
2026120003,True,300,4839,1,120,16,120,4839,120,967,12,12,1327,270,0.06,False,4481,4481,967,0.5442590939522429,0.8374525775496542,0,131,200,20.0,lognormal,biased,random,0.02,0.2,0.12,5.0,1.0,0.1,300,0,0.0,True,True,income,100,continue_after_avalanche,period_end,income,income__c0p12__lognormal__biased__random,0,3,c,0.12,
2026120004,True,300,4180,1,120,13,120,4180,120,1172,9,9,877,274,0.045,False,3833,3833,1172,0.48423036785807483,0.7752374119488652,0,97,200,20.0,lognormal,biased,random,0.02,0.2,0.12,5.0,1.0,0.1,300,0,0.0,True,True,income,100,continue_after_avalanche,period_end,income,income__c0p12__lognormal__biased__random,0,4,c,0.12,
2026120005,True,300,4404,1,120,14,120,4404,120,957,13,13,1100,279,0.065,False,4049,4049,957,0.522866139787602,0.8411718942948878,0,117,200,20.0,lognormal,biased,random,0.02,0.2,0.12,5.0,1.0,0.1,300,0,0.0,True,True,income,100,continue_after_avalanche,period_end,income,income__c0p12__lognormal__biased__random,0,5,c,0.12,
2026120006,True,300,4362,2,168,14,120,4362,168,1183,10,10,1044,269,0.05,False,4034,4034,1183,0.5041199801685672,0.8067327714427368,0,119,200,20.0,lognormal,biased,random,0.02,0.2,0.12,5.0,1.0,0.1,300,0,0.0,True,True,income,100,continue_after_avalanche,period_end,income,income__c0p12__lognormal__biased__random,0,6,c,0.12,
2026120007,True,300,4846,1,120,15,120,4846,120,1118,11,11,1207,281,0.055,False,4502,4502,1118,0.5288160817414485,0.8337205686361617,0,126,200,20.0,lognormal,biased,random,0.02,0.2,0.12,5.0,1.0,0.1,300,0,0.0,True,True,income,100,continue_after_avalanche,period_end,income,income__c0p12__lognormal__biased__random,0,7,c,0.12,
2026120008,True,300,4052,2,167,13,120,4052,167,913,12,12,1021,280,0.06,False,3716,3716,913,0.5218030139935415,0.8200430570505921,0,100,200,20.0,lognormal,biased,random,0.02,0.2,0.12,5.0,1.0,0.1,300,0,0.0,True,True,income,100,continue_after_avalanche,period_end,income,income__c0p12__lognormal__biased__random,0,8,c,0.12,
2026120009,True,300,3903,1,120,12,120,3903,120,968,10,10,1045,282,0.05,False,3576,3576,968,0.5213394854586131,0.8230872483221479,0,105,200,20.0,lognormal,biased,random,0.02,0.2,0.12,5.0,1.0,0.1,300,0,0.0,True,True,income,100,continue_after_avalanche,period_end,income,income__c0p12__lognormal__biased__random,0,9,c,0.12,
2026120010,True,300,3993,1,120,12,120,3993,120,1021,12,12,767,250,0.06,False,3682,3682,1021,0.48653177620858234,0.8094866920152093,0,107,200,20.0,lognormal,biased,random,0.02,0.2,0.12,5.0,1.0,0.1,300,0,0.0,True,True,income,100,continue_after_avalanche,period_end,income,income__c0p12__lognormal__biased__random,0,10,c,0.12,
2026120011,True,300,5083,1,120,17,120,5083,120,961,17,17,1663,289,0.085,False,4721,4721,961,0.5867835204405847,0.8750550730777378,0,136,200,20.0,lognormal,biased,random,0.02,0.2,0.12,5.0,1.0,0.1,300,0,0.0,True,True,income,100,continue_after_avalanche,period_end,income,income__c0p12__lognormal__biased__random,0,11,c,0.12,
2026120012,True,300,4641,1,120,15,120,4641,120,800,16,16,1356,286,0.08,False,4255,4255,800,0.5623654524089308,0.8759847238542893,0,121,200,20.0,lognormal,biased,random,0.02,0.2,0.12,5.0,1.0,0.1,300,0,0.0,True,True,income,100,continue_after_avalanche,period_end,income,income__c0p12__lognormal__biased__random,0,12,c,0.12,
2026120013,True,300,4642,1,120,15,120,4642,120,780,14,14,1402,276,0.07,False,4289,4289,780,0.5376043366752157,0.8616658894847284,0,126,200,20.0,lognormal,biased,random,0.02,0.2,0.12,5.0,1.0,0.1,300,0,0.0,True,True,income,100,continue_after_avalanche,period_end,income,income__c0p12__lognormal__biased__random,0,13,c,0.12,
2026120014,True,300,4664,4,214,15,120,4664,214,1035,13,13,1291,289,0.065,False,4335,4335,1035,0.5462295271049598,0.8435282583621686,0,125,200,20.0,lognormal,biased,random,0.02,0.2,0.12,5.0,1.0,0.1,300,0,0.0,True,True,income,100,continue_after_avalanche,period_end,income,income__c0p12__lognormal__biased__random,0,14,c,0.12,
2026120015,True,300,4632,1,120,15,120,4632,120,1157,11,11,1129,276,0.055,False,4279,4279,1157,0.5266148632858145,0.8211766767936435,0,119,200,20.0,lognormal,biased,random,0.02,0.2,0.12,5.0,1.0,0.1,300,0,0.0,True,True,income,100,continue_after_avalanche,period_end,income,income__c0p12__lognormal__biased__random,0,15,c,0.12,
2026120016,True,300,4012,1,120,13,120,4012,120,1106,9,9,971,274,0.045,False,3713,3713,1106,0.5236426070562887,0.8062523565849717,0,109,200,20.0,lognormal,biased,random,0.02,0.2,0.12,5.0,1.0,0.1,300,0,0.0,True,True,income,100,continue_after_avalanche,period_end,income,income__c0p12__lognormal__biased__random,0,16,c,0.12,
2026120017,True,300,4488,1,120,15,120,4488,120,1024,12,12,1148,286,0.06,False,4118,4118,1024,0.5100971345313261,0.8313428848955804,0,123,200,20.0,lognormal,biased,random,0.02,0.2,0.12,5.0,1.0,0.1,300,0,0.0,True,True,income,100,continue_after_avalanche,period_end,income,income__c0p12__lognormal__biased__random,0,17,c,0.12,
2026120018,True,300,3805,1,120,13,120,3805,120,1140,12,12,799,263,0.06,False,3502,3502,1140,0.49321816105082816,0.7958737864077672,0,105,200,20.0,lognormal,biased,random,0.02,0.2,0.12,5.0,1.0,0.1,300,0,0.0,True,True,income,100,continue_after_avalanche,period_end,income,income__c0p12__lognormal__biased__random,0,18,c,0.12,
2026120019,True,300,4444,1,120,14,120,4444,120,809,12,12,1245,279,0.06,False,4085,4085,809,0.5640208078335374,0.8770220318237456,0,114,200,20.0,lognormal,biased,random,0.02,0.2,0.12,5.0,1.0,0.1,300,0,0.0,True,True,income,100,continue_after_avalanche,period_end,income,income__c0p12__lognormal__biased__random,0,19,c,0.12,
2026120020,True,300,3618,1,120,12,120,3618,120,895,13,13,896,270,0.065,False,3312,3312,895,0.5021980676328504,0.8162047101449277,0,97,200,20.0,lognormal,biased,random,0.02,0.2,0.12,5.0,1.0,0.1,300,0,0.0,True,True,income,100,continue_after_avalanche,period_end,income,income__c0p12__lognormal__biased__random,0,20,c,0.12,
2026120021,True,300,4276,1,120,14,120,4276,120,1002,11,11,989,265,0.055,False,3947,3947,1002,0.5131048897897139,0.8129022042057259,0,115,200,20.0,lognormal,biased,random,0.02,0.2,0.12,5.0,1.0,0.1,300,0,0.0,True,True,income,100,continue_after_avalanche,period_end,income,income__c0p12__lognormal__biased__random,0,21,c,0.12,
2026120022,True,300,4859,1,120,15,120,4859,120,970,12,12,1263,281,0.06,False,4515,4515,970,0.5265836101882615,0.8310177187153933,0,132,200,20.0,lognormal,biased,random,0.02,0.2,0.12,5.0,1.0,0.1,300,0,0.0,True,True,income,100,continue_after_avalanche,period_end,income,income__c0p12__lognormal__biased__random,0,22,c,0.12,
2026120023,True,300,4842,2,168,15,120,4842,168,1240,13,13,1136,264,0.065,False,4493,4493,1240,0.5250934787447141,0.8443122635210327,0,126,200,20.0,lognormal,biased,random,0.02,0.2,0.12,5.0,1.0,0.1,300,0,0.0,True,True,income,100,continue_after_avalanche,period_end,income,income__c0p12__lognormal__biased__random,0,23,c,0.12,
2026120024,True,300,4356,1,120,15,120,4356,120,1175,10,10,974,268,0.05,False,4010,4010,1175,0.4840698254364091,0.7830822942643392,0,118,200,20.0,lognormal,biased,random,0.02,0.2,0.12,5.0,1.0,0.1,300,0,0.0,True,True,income,100,continue_after_avalanche,period_end,income,income__c0p12__lognormal__biased__random,0,24,c,0.12,
2026120025,True,300,4511,1,120,14,120,4511,120,955,11,11,1322,283,0.055,False,4156,4156,955,0.5266193455245429,0.850233397497594,0,118,200,20.0,lognormal,biased,random,0.02,0.2,0.12,5.0,1.0,0.1,300,0,0.0,True,True,income,100,continue_after_avalanche,period_end,income,income__c0p12__lognormal__biased__random,0,25,c,0.12,
2026120026,True,300,4792,1,120,15,120,4792,120,1129,11,11,1166,278,0.055,False,4401,4401,1129,0.49076232674392184,0.8138366280390821,0,128,200,20.0,lognormal,biased,random,0.02,0.2,0.12,5.0,1.0,0.1,300,0,0.0,True,True,income,100,continue_after_avalanche,period_end,income,income__c0p12__lognormal__biased__random,0,26,c,0.12,
2026120027,True,300,4325,1,120,14,120,4325,120,808,11,11,1178,279,0.055,False,3965,3965,808,0.5562459016393444,0.8667957124842371,0,114,200,20.0,lognormal,biased,random,0.02,0.2,0.12,5.0,1.0,0.1,300,0,0.0,True,True,income,100,continue_after_avalanche,period_end,income,income__c0p12__lognormal__biased__random,0,27,c,0.12,
2026120028,True,300,4793,1,120,15,120,4793,120,1137,11,11,1232,283,0.055,False,4450,4450,1137,0.5445303370786518,0.8432157303370789,0,128,200,20.0,lognormal,biased,random,0.02,0.2,0.12,5.0,1.0,0.1,300,0,0.0,True,True,income,100,continue_after_avalanche,period_end,income,income__c0p12__lognormal__biased__random,0,28,c,0.12,
2026120029,True,300,4347,2,167,14,120,4347,167,1197,14,14,963,270,0.07,False,3999,3999,1197,0.49058639659914993,0.8101262815703927,0,117,200,20.0,lognormal,biased,random,0.02,0.2,0.12,5.0,1.0,0.1,300,0,0.0,True,True,income,100,continue_after_avalanche,period_end,income,income__c0p12__lognormal__biased__random,0,29,c,0.12,
2026120030,True,300,4296,1,120,14,120,4296,120,1183,10,10,921,270,0.05,False,3966,3966,1183,0.47780383257690384,0.768378719112456,0,114,200,20.0,lognormal,biased,random,0.02,0.2,0.12,5.0,1.0,0.1,300,0,0.0,True,True,income,100,continue_after_avalanche,period_end,income,income__c0p12__lognormal__biased__random,0,30,c,0.12,
2026120031,True,300,4184,1,120,14,120,4184,120,1163,9,9,894,273,0.045,False,3855,3855,1163,0.5275006485084308,0.820898832684825,0,106,200,20.0,lognormal,biased,random,0.02,0.2,0.12,5.0,1.0,0.1,300,0,0.0,True,True,income,100,continue_after_avalanche,period_end,income,income__c0p12__lognormal__biased__random,0,31,c,0.12,
2026120032,True,300,4203,1,120,13,120,4203,120,951,11,11,1032,274,0.055,False,3869,3869,951,0.5187916774360302,0.8133923494443009,0,115,200,20.0,lognormal,biased,random,0.02,0.2,0.12,5.0,1.0,0.1,300,0,0.0,True,True,income,100,continue_after_avalanche,period_end,income,income__c0p12__lognormal__biased__random,0,32,c,0.12,
2026120033,True,300,3896,1,120,13,120,3896,120,956,10,10,1017,279,0.05,False,3578,3578,956,0.5152878703186139,0.8006036892118502,0,108,200,20.0,lognormal,biased,random,0.02,0.2,0.12,5.0,1.0,0.1,300,0,0.0,True,True,income,100,continue_after_avalanche,period_end,income,income__c0p12__lognormal__biased__random,0,33,c,0.12,
2026120034,True,300,4169,1,120,13,120,4169,120,1343,11,11,879,276,0.055,False,3829,3829,1343,0.4736341081222253,0.7411608775137113,0,112,200,20.0,lognormal,biased,random,0.02,0.2,0.12,5.0,1.0,0.1,300,0,0.0,True,True,income,100,continue_after_avalanche,period_end,income,income__c0p12__lognormal__biased__random,0,34,c,0.12,
2026120035,True,300,4021,1,120,14,120,4021,120,1090,11,11,949,273,0.055,False,3713,3713,1090,0.506284675464584,0.7868852679773768,0,109,200,20.0,lognormal,biased,random,0.02,0.2,0.12,5.0,1.0,0.1,300,0,0.0,True,True,income,100,continue_after_avalanche,period_end,income,income__c0p12__lognormal__biased__random,0,35,c,0.12,
2026120036,True,300,5089,1,120,16,120,5089,120,971,13,13,1391,280,0.065,False,4720,4720,971,0.5504131355932205,0.8580381355932205,0,134,200,20.0,lognormal,biased,random,0.02,0.2,0.12,5.0,1.0,0.1,300,0,0.0,True,True,income,100,continue_after_avalanche,period_end,income,income__c0p12__lognormal__biased__random,0,36,c,0.12,
2026120037,True,300,3886,1,120,12,120,3886,120,932,12,12,914,278,0.06,False,3568,3568,932,0.517017937219731,0.8022954035874441,0,98,200,20.0,lognormal,biased,random,0.02,0.2,0.12,5.0,1.0,0.1,300,0,0.0,True,True,income,100,continue_after_avalanche,period_end,income,income__c0p12__lognormal__biased__random,0,37,c,0.12,
2026120038,True,300,4355,1,120,14,120,4355,120,1294,12,12,1001,274,0.06,False,4000,4000,1294,0.4903250000000001,0.7757425,0,115,200,20.0,lognormal,biased,random,0.02,0.2,0.12,5.0,1.0,0.1,300,0,0.0,True,True,income,100,continue_after_avalanche,period_end,income,income__c0p12__lognormal__biased__random,0,38,c,0.12,
2026120039,True,300,3710,1,120,12,120,3710,120,1099,12,12,787,257,0.06,False,3409,3409,1099,0.5010985626283369,0.7819932531534175,0,101,200,20.0,lognormal,biased,random,0.02,0.2,0.12,5.0,1.0,0.1,300,0,0.0,True,True,income,100,continue_after_avalanche,period_end,income,income__c0p12__lognormal__biased__random,0,39,c,0.12,
2026120040,True,300,4059,1,120,13,120,4059,120,943,11,11,991,268,0.055,False,3722,3722,943,0.5249865663621709,0.8458167651800108,0,106,200,20.0,lognormal,biased,random,0.02,0.2,0.12,5.0,1.0,0.1,300,0,0.0,True,True,income,100,continue_after_avalanche,period_end,income,income__c0p12__lognormal__biased__random,0,40,c,0.12,
2026120041,True,300,4712,1,120,15,120,4712,120,1177,13,13,1005,264,0.065,False,4347,4347,1177,0.4799068322981368,0.8076961122613298,0,124,200,20.0,lognormal,biased,random,0.02,0.2,0.12,5.0,1.0,0.1,300,0,0.0,True,True,income,100,continue_after_avalanche,period_end,income,income__c0p12__lognormal__biased__random,0,41,c,0.12,
2026120042,True,300,4556,1,120,15,120,4556,120,846,13,13,1345,278,0.065,False,4204,4204,846,0.5676450999048526,0.8812250237868697,0,113,200,20.0,lognormal,biased,random,0.02,0.2,0.12,5.0,1.0,0.1,300,0,0.0,True,True,income,100,continue_after_avalanche,period_end,income,income__c0p12__lognormal__biased__random,0,42,c,0.12,
2026120043,True,300,4855,1,120,16,120,4855,120,1075,12,12,1298,281,0.06,False,4495,4495,1075,0.5459988876529478,0.8357074527252504,0,131,200,20.0,lognormal,biased,random,0.02,0.2,0.12,5.0,1.0,0.1,300,0,0.0,True,True,income,100,continue_after_avalanche,period_end,income,income__c0p12__lognormal__biased__random,0,43,c,0.12,
2026120044,True,300,4628,1,120,15,120,4628,120,989,14,14,1064,273,0.07,False,4258,4258,989,0.5137928604978865,0.8416204790981683,0,120,200,20.0,lognormal,biased,random,0.02,0.2,0.12,5.0,1.0,0.1,300,0,0.0,True,True,income,100,continue_after_avalanche,period_end,income,income__c0p12__lognormal__biased__random,0,44,c,0.12,
2026120045,True,300,3971,1,120,12,120,3971,120,939,10,10,953,276,0.05,False,3642,3642,939,0.5217188358045031,0.8130807248764416,0,103,200,20.0,lognormal,biased,random,0.02,0.2,0.12,5.0,1.0,0.1,300,0,0.0,True,True,income,100,continue_after_avalanche,period_end,income,income__c0p12__lognormal__biased__random,0,45,c,0.12,
2026120046,True,300,4877,1,120,16,120,4877,120,971,13,13,1374,280,0.065,False,4511,4511,971,0.5355941033030371,0.8308789625360231,0,132,200,20.0,lognormal,biased,random,0.02,0.2,0.12,5.0,1.0,0.1,300,0,0.0,True,True,income,100,continue_after_avalanche,period_end,income,income__c0p12__lognormal__biased__random,0,46,c,0.12,
2026120047,True,300,4166,1,120,13,120,4166,120,1166,12,12,987,278,0.06,False,3852,3852,1166,0.4956879543094497,0.7998156801661476,0,110,200,20.0,lognormal,biased,random,0.02,0.2,0.12,5.0,1.0,0.1,300,0,0.0,True,True,income,100,continue_after_avalanche,period_end,income,income__c0p12__lognormal__biased__random,0,47,c,0.12,
2026120048,True,300,5570,1,120,18,120,5570,120,831,15,15,1819,291,0.075,False,5178,5178,831,0.5591927385090769,0.8820799536500581,0,152,200,20.0,lognormal,biased,random,0.02,0.2,0.12,5.0,1.0,0.1,300,0,0.0,True,True,income,100,continue_after_avalanche,period_end,income,income__c0p12__lognormal__biased__random,0,48,c,0.12,
2026120049,True,300,3741,1,120,12,120,3741,120,1120,10,10,833,266,0.05,False,3436,3436,1120,0.47859138533178114,0.7732857974388825,0,105,200,20.0,lognormal,biased,random,0.02,0.2,0.12,5.0,1.0,0.1,300,0,0.0,True,True,income,100,continue_after_avalanche,period_end,income,income__c0p12__lognormal__biased__random,0,49,c,0.12,
2026120050,True,300,4273,1,120,14,120,4273,120,1000,10,10,1133,287,0.05,False,3945,3945,1000,0.5516514575411915,0.8405842839036757,0,112,200,20.0,lognormal,biased,random,0.02,0.2,0.12,5.0,1.0,0.1,300,0,0.0,True,True,income,100,continue_after_avalanche,period_end,income,income__c0p12__lognormal__biased__random,0,50,c,0.12,
2026120051,True,300,4780,1,120,15,120,4780,120,1244,13,13,1169,282,0.065,False,4419,4419,1244,0.4951584068793846,0.8100169721656485,0,130,200,20.0,lognormal,biased,random,0.02,0.2,0.12,5.0,1.0,0.1,300,0,0.0,True,True,income,100,continue_after_avalanche,period_end,income,income__c0p12__lognormal__biased__random,0,51,c,0.12,
2026120052,True,300,4530,1,120,15,120,4530,120,1444,13,13,1057,284,0.065,False,4142,4142,1444,0.4696306132303236,0.767735393529696,0,120,200,20.0,lognormal,biased,random,0.02,0.2,0.12,5.0,1.0,0.1,300,0,0.0,True,True,income,100,continue_after_avalanche,period_end,income,income__c0p12__lognormal__biased__random,0,52,c,0.12,
2026120053,True,300,4795,2,168,16,120,4795,168,1261,12,12,1122,280,0.06,False,4449,4449,1261,0.5015879973027648,0.7990818161384581,0,131,200,20.0,lognormal,biased,random,0.02,0.2,0.12,5.0,1.0,0.1,300,0,0.0,True,True,income,100,continue_after_avalanche,period_end,income,income__c0p12__lognormal__biased__random,0,53,c,0.12,
2026120054,True,300,4399,1,120,14,120,4399,120,968,16,16,1114,284,0.08,False,4054,4054,968,0.5325209669462261,0.8203428712382832,0,124,200,20.0,lognormal,biased,random,0.02,0.2,0.12,5.0,1.0,0.1,300,0,0.0,True,True,income,100,continue_after_avalanche,period_end,income,income__c0p12__lognormal__biased__random,0,54,c,0.12,
2026120055,True,300,3950,2,167,13,120,3950,167,1112,12,12,804,271,0.06,False,3627,3627,1112,0.47272539288668325,0.7818403639371383,0,102,200,20.0,lognormal,biased,random,0.02,0.2,0.12,5.0,1.0,0.1,300,0,0.0,True,True,income,100,continue_after_avalanche,period_end,income,income__c0p12__lognormal__biased__random,0,55,c,0.12,
2026120056,True,300,4392,1,120,14,120,4392,120,1011,11,11,1087,280,0.055,False,4017,4017,1011,0.5015894946477473,0.8197274085138164,0,120,200,20.0,lognormal,biased,random,0.02,0.2,0.12,5.0,1.0,0.1,300,0,0.0,True,True,income,100,continue_after_avalanche,period_end,income,income__c0p12__lognormal__biased__random,0,56,c,0.12,
2026120057,True,300,5558,1,120,18,120,5558,120,860,16,16,1636,287,0.08,False,5177,5177,860,0.5406847595132318,0.8789443693258645,0,151,200,20.0,lognormal,biased,random,0.02,0.2,0.12,5.0,1.0,0.1,300,0,0.0,True,True,income,100,continue_after_avalanche,period_end,income,income__c0p12__lognormal__biased__random,0,57,c,0.12,
2026120058,True,300,4425,1,120,14,120,4425,120,757,15,15,1313,286,0.075,False,4049,4049,757,0.5392553716967154,0.8802976043467523,0,119,200,20.0,lognormal,biased,random,0.02,0.2,0.12,5.0,1.0,0.1,300,0,0.0,True,True,income,100,continue_after_avalanche,period_end,income,income__c0p12__lognormal__biased__random,0,58,c,0.12,
2026120059,True,300,4704,1,120,15,120,4704,120,951,12,12,1335,286,0.06,False,4358,4358,951,0.5454612207434604,0.8344309316200094,0,129,200,20.0,lognormal,biased,random,0.02,0.2,0.12,5.0,1.0,0.1,300,0,0.0,True,True,income,100,continue_after_avalanche,period_end,income,income__c0p12__lognormal__biased__random,0,59,c,0.12,
2026220000,True,300,4332,47,829,14,120,4332,829,1551,9,9,504,196,0.045,False,3996,3996,1551,0.380382882882883,0.7790990990990991,0,117,200,20.0,pareto,biased,random,0.02,0.2,0.12,5.0,1.0,0.1,300,0,0.0,True,True,income,100,continue_after_avalanche,period_end,income,income__c0p12__pareto__biased__random,1,0,c,0.12,
2026220001,True,300,4338,40,723,14,120,4338,723,1986,6,6,307,161,0.03,False,4000,4000,1986,0.25721000000000016,0.6457900000000001,0,119,200,20.0,pareto,biased,random,0.02,0.2,0.12,5.0,1.0,0.1,300,0,0.0,True,True,income,100,continue_after_avalanche,period_end,income,income__c0p12__pareto__biased__random,1,1,c,0.12,
2026220002,True,300,4379,26,528,14,120,4379,528,1454,10,10,588,200,0.05,False,4000,4000,1454,0.37924500000000005,0.8154100000000002,0,119,200,20.0,pareto,biased,random,0.02,0.2,0.12,5.0,1.0,0.1,300,0,0.0,True,True,income,100,continue_after_avalanche,period_end,income,income__c0p12__pareto__biased__random,1,2,c,0.12,
2026220003,True,300,4380,38,692,14,120,4380,692,1616,11,11,498,200,0.055,False,3995,3995,1616,0.33146808510638315,0.7635556946182729,0,117,200,20.0,pareto,biased,random,0.02,0.2,0.12,5.0,1.0,0.1,300,0,0.0,True,True,income,100,continue_after_avalanche,period_end,income,income__c0p12__pareto__biased__random,1,3,c,0.12,
2026220004,True,300,4359,27,534,13,120,4359,534,1438,11,11,586,206,0.055,False,4000,4000,1438,0.3728075000000002,0.7500475000000002,0,119,200,20.0,pareto,biased,random,0.02,0.2,0.12,5.0,1.0,0.1,300,0,0.0,True,True,income,100,continue_after_avalanche,period_end,income,income__c0p12__pareto__biased__random,1,4,c,0.12,
2026220005,True,300,4373,59,985,14,120,4373,985,2165,8,8,413,175,0.04,False,3997,3997,2165,0.28510507880910696,0.6932561921441083,0,114,200,20.0,pareto,biased,random,0.02,0.2,0.12,5.0,1.0,0.1,300,0,0.0,True,True,income,100,continue_after_avalanche,period_end,income,income__c0p12__pareto__biased__random,1,5,c,0.12,
2026220006,True,300,4371,45,782,13,120,4371,782,1981,6,6,372,168,0.03,False,4004,4004,1981,0.2846028971028971,0.6687612387612389,0,120,200,20.0,pareto,biased,random,0.02,0.2,0.12,5.0,1.0,0.1,300,0,0.0,True,True,income,100,continue_after_avalanche,period_end,income,income__c0p12__pareto__biased__random,1,6,c,0.12,
2026220007,True,300,4339,27,543,15,120,4339,543,796,14,14,946,235,0.07,False,3992,3992,796,0.4628957915831664,0.900175350701403,0,118,200,20.0,pareto,biased,random,0.02,0.2,0.12,5.0,1.0,0.1,300,0,0.0,True,True,income,100,continue_after_avalanche,period_end,income,income__c0p12__pareto__biased__random,1,7,c,0.12,
2026220008,True,300,4395,55,936,14,120,4395,936,1662,14,14,526,186,0.07,False,3998,3998,1662,0.29884692346173103,0.7147898949474738,0,115,200,20.0,pareto,biased,random,0.02,0.2,0.12,5.0,1.0,0.1,300,0,0.0,True,True,income,100,continue_after_avalanche,period_end,income,income__c0p12__pareto__biased__random,1,8,c,0.12,
2026220009,True,300,4362,25,506,14,120,4362,506,1236,8,8,652,208,0.04,False,4000,4000,1236,0.39388,0.8404775000000002,0,121,200,20.0,pareto,biased,random,0.02,0.2,0.12,5.0,1.0,0.1,300,0,0.0,True,True,income,100,continue_after_avalanche,period_end,income,income__c0p12__pareto__biased__random,1,9,c,0.12,
2026220010,True,300,4345,23,470,14,120,4345,470,1114,9,9,764,218,0.045,False,4004,4004,1114,0.4503846153846154,0.862952047952048,0,117,200,20.0,pareto,biased,random,0.02,0.2,0.12,5.0,1.0,0.1,300,0,0.0,True,True,income,100,continue_after_avalanche,period_end,income,income__c0p12__pareto__biased__random,1,10,c,0.12,
2026220011,True,300,4390,59,991,14,120,4390,991,1711,8,8,383,161,0.04,False,3999,3999,1711,0.2677531882970743,0.679696174043511,0,119,200,20.0,pareto,biased,random,0.02,0.2,0.12,5.0,1.0,0.1,300,0,0.0,True,True,income,100,continue_after_avalanche,period_end,income,income__c0p12__pareto__biased__random,1,11,c,0.12,
2026220012,True,300,4357,19,428,15,120,4357,428,2284,7,7,291,159,0.035,False,3997,3997,2284,0.3005666750062548,0.6612071553665251,0,117,200,20.0,pareto,biased,random,0.02,0.2,0.12,5.0,1.0,0.1,300,0,0.0,True,True,income,100,continue_after_avalanche,period_end,income,income__c0p12__pareto__biased__random,1,12,c,0.12,
2026220013,True,300,4402,55,941,14,120,4402,941,1926,9,9,384,163,0.045,False,4011,4011,1926,0.23864497631513348,0.6656282722513089,0,123,200,20.0,pareto,biased,random,0.02,0.2,0.12,5.0,1.0,0.1,300,0,0.0,True,True,income,100,continue_after_avalanche,period_end,income,income__c0p12__pareto__biased__random,1,13,c,0.12,
2026220014,True,300,4357,44,777,15,120,4357,777,1717,8,8,401,167,0.04,False,4005,4005,1717,0.2897515605493135,0.7190424469413235,0,124,200,20.0,pareto,biased,random,0.02,0.2,0.12,5.0,1.0,0.1,300,0,0.0,True,True,income,100,continue_after_avalanche,period_end,income,income__c0p12__pareto__biased__random,1,14,c,0.12,
2026220015,True,300,4416,65,1087,14,120,4416,1087,1633,10,10,598,196,0.05,False,4009,4009,1633,0.3257283611873285,0.7440296832127713,0,116,200,20.0,pareto,biased,random,0.02,0.2,0.12,5.0,1.0,0.1,300,0,0.0,True,True,income,100,continue_after_avalanche,period_end,income,income__c0p12__pareto__biased__random,1,15,c,0.12,
2026220016,True,300,4333,18,406,14,120,4333,406,281,16,16,1472,255,0.08,False,4006,4006,281,0.5770469296055918,0.9732626060908638,0,116,200,20.0,pareto,biased,random,0.02,0.2,0.12,5.0,1.0,0.1,300,0,0.0,True,True,income,100,continue_after_avalanche,period_end,income,income__c0p12__pareto__biased__random,1,16,c,0.12,
2026220017,True,300,4345,74,1190,15,120,4345,1190,2123,7,7,301,154,0.035,False,3994,3994,2123,0.2754631947921884,0.6791837756634953,0,117,200,20.0,pareto,biased,random,0.02,0.2,0.12,5.0,1.0,0.1,300,0,0.0,True,True,income,100,continue_after_avalanche,period_end,income,income__c0p12__pareto__biased__random,1,17,c,0.12,
2026220018,True,300,4383,30,577,14,120,4383,577,1935,8,8,333,154,0.04,False,4003,4003,1935,0.3097489382962779,0.7123519860104923,0,119,200,20.0,pareto,biased,random,0.02,0.2,0.12,5.0,1.0,0.1,300,0,0.0,True,True,income,100,continue_after_avalanche,period_end,income,income__c0p12__pareto__biased__random,1,18,c,0.12,
2026220019,True,300,4337,29,573,14,120,4337,573,836,11,11,827,224,0.055,False,4002,4002,836,0.438425787106447,0.8750174912543729,0,120,200,20.0,pareto,biased,random,0.02,0.2,0.12,5.0,1.0,0.1,300,0,0.0,True,True,income,100,continue_after_avalanche,period_end,income,income__c0p12__pareto__biased__random,1,19,c,0.12,
2026220020,True,300,4374,41,734,15,120,4374,734,1685,9,9,431,178,0.045,False,4001,4001,1685,0.2870269932516871,0.708801549612597,0,124,200,20.0,pareto,biased,random,0.02,0.2,0.12,5.0,1.0,0.1,300,0,0.0,True,True,income,100,continue_after_avalanche,period_end,income,income__c0p12__pareto__biased__random,1,20,c,0.12,
2026220021,True,300,4334,61,1015,13,120,4334,1015,1604,10,10,431,164,0.05,False,3999,3999,1604,0.3207739434858716,0.7034246061515379,0,112,200,20.0,pareto,biased,random,0.02,0.2,0.12,5.0,1.0,0.1,300,0,0.0,True,True,income,100,continue_after_avalanche,period_end,income,income__c0p12__pareto__biased__random,1,21,c,0.12,
2026220022,True,300,4343,35,647,14,120,4343,647,1696,14,14,467,180,0.07,False,4005,4005,1696,0.31985393258426975,0.7261735330836456,0,117,200,20.0,pareto,biased,random,0.02,0.2,0.12,5.0,1.0,0.1,300,0,0.0,True,True,income,100,continue_after_avalanche,period_end,income,income__c0p12__pareto__biased__random,1,22,c,0.12,
2026220023,True,300,4356,42,744,15,120,4356,744,1666,9,9,537,189,0.045,False,3995,3995,1666,0.3086295369211516,0.7408097622027536,0,116,200,20.0,pareto,biased,random,0.02,0.2,0.12,5.0,1.0,0.1,300,0,0.0,True,True,income,100,continue_after_avalanche,period_end,income,income__c0p12__pareto__biased__random,1,23,c,0.12,
2026220024,True,300,4364,38,701,14,120,4364,701,1895,8,8,334,154,0.04,False,4000,4000,1895,0.2820125,0.6925000000000001,0,116,200,20.0,pareto,biased,random,0.02,0.2,0.12,5.0,1.0,0.1,300,0,0.0,True,True,income,100,continue_after_avalanche,period_end,income,income__c0p12__pareto__biased__random,1,24,c,0.12,
2026220025,True,300,4404,59,1000,13,120,4404,1000,1438,10,10,535,190,0.05,False,4003,4003,1438,0.32285910567074705,0.7713127654259306,0,110,200,20.0,pareto,biased,random,0.02,0.2,0.12,5.0,1.0,0.1,300,0,0.0,True,True,income,100,continue_after_avalanche,period_end,income,income__c0p12__pareto__biased__random,1,25,c,0.12,
2026220026,True,300,4368,66,1076,14,120,4368,1076,2214,6,6,304,154,0.03,False,3999,3999,2214,0.25134658664666176,0.6233395848962242,0,112,200,20.0,pareto,biased,random,0.02,0.2,0.12,5.0,1.0,0.1,300,0,0.0,True,True,income,100,continue_after_avalanche,period_end,income,income__c0p12__pareto__biased__random,1,26,c,0.12,
2026220027,True,300,4373,54,924,15,120,4373,924,2153,7,7,326,150,0.035,False,4012,4012,2153,0.2617123629112663,0.6243419740777667,0,125,200,20.0,pareto,biased,random,0.02,0.2,0.12,5.0,1.0,0.1,300,0,0.0,True,True,income,100,continue_after_avalanche,period_end,income,income__c0p12__pareto__biased__random,1,27,c,0.12,
2026220028,True,300,4375,38,692,15,120,4375,692,1814,7,7,339,148,0.035,False,4001,4001,1814,0.26473756560859796,0.678256685828543,0,118,200,20.0,pareto,biased,random,0.02,0.2,0.12,5.0,1.0,0.1,300,0,0.0,True,True,income,100,continue_after_avalanche,period_end,income,income__c0p12__pareto__biased__random,1,28,c,0.12,
2026220029,True,300,4360,24,489,13,120,4360,489,1292,12,12,576,191,0.06,False,4001,4001,1292,0.36199575106223447,0.7758422894276431,0,119,200,20.0,pareto,biased,random,0.02,0.2,0.12,5.0,1.0,0.1,300,0,0.0,True,True,income,100,continue_after_avalanche,period_end,income,income__c0p12__pareto__biased__random,1,29,c,0.12,
2026220030,True,300,4356,41,730,14,120,4356,730,1468,9,9,548,201,0.045,False,4008,4008,1468,0.37597055888223574,0.7971382235528943,0,118,200,20.0,pareto,biased,random,0.02,0.2,0.12,5.0,1.0,0.1,300,0,0.0,True,True,income,100,continue_after_avalanche,period_end,income,income__c0p12__pareto__biased__random,1,30,c,0.12,
2026220031,True,300,4353,20,433,15,120,4353,433,1741,9,9,435,167,0.045,False,3997,3997,1741,0.3455303977983488,0.781167125344008,0,117,200,20.0,pareto,biased,random,0.02,0.2,0.12,5.0,1.0,0.1,300,0,0.0,True,True,income,100,continue_after_avalanche,period_end,income,income__c0p12__pareto__biased__random,1,31,c,0.12,
2026220032,True,300,4359,30,572,14,120,4359,572,1367,11,11,573,201,0.055,False,4007,4007,1367,0.36204017968555036,0.7964349887696531,0,108,200,20.0,pareto,biased,random,0.02,0.2,0.12,5.0,1.0,0.1,300,0,0.0,True,True,income,100,continue_after_avalanche,period_end,income,income__c0p12__pareto__biased__random,1,32,c,0.12,
2026220033,True,300,4350,35,653,14,120,4350,653,1186,10,10,631,200,0.05,False,4001,4001,1186,0.4080992251937017,0.8404011497125721,0,113,200,20.0,pareto,biased,random,0.02,0.2,0.12,5.0,1.0,0.1,300,0,0.0,True,True,income,100,continue_after_avalanche,period_end,income,income__c0p12__pareto__biased__random,1,33,c,0.12,
2026220034,True,300,4386,51,867,14,120,4386,867,1996,8,8,334,153,0.04,False,4001,4001,1996,0.23944138965258688,0.6523306673331668,0,123,200,20.0,pareto,biased,random,0.02,0.2,0.12,5.0,1.0,0.1,300,0,0.0,True,True,income,100,continue_after_avalanche,period_end,income,income__c0p12__pareto__biased__random,1,34,c,0.12,
2026220035,True,300,4349,42,750,13,120,4349,750,1865,8,8,445,175,0.04,False,4003,4003,1865,0.2794716462653011,0.6514376717461905,0,118,200,20.0,pareto,biased,random,0.02,0.2,0.12,5.0,1.0,0.1,300,0,0.0,True,True,income,100,continue_after_avalanche,period_end,income,income__c0p12__pareto__biased__random,1,35,c,0.12,
2026220036,True,300,4362,52,882,14,120,4362,882,1852,8,8,361,160,0.04,False,3994,3994,1852,0.28249874812218345,0.6787456184276415,0,121,200,20.0,pareto,biased,random,0.02,0.2,0.12,5.0,1.0,0.1,300,0,0.0,True,True,income,100,continue_after_avalanche,period_end,income,income__c0p12__pareto__biased__random,1,36,c,0.12,
2026220037,True,300,4369,33,628,14,120,4369,628,958,11,11,724,206,0.055,False,4006,4006,958,0.3916949575636546,0.8582800798801797,0,116,200,20.0,pareto,biased,random,0.02,0.2,0.12,5.0,1.0,0.1,300,0,0.0,True,True,income,100,continue_after_avalanche,period_end,income,income__c0p12__pareto__biased__random,1,37,c,0.12,
2026220038,True,300,4356,31,598,14,120,4356,598,1246,9,9,621,198,0.045,False,4003,4003,1246,0.3820172370721959,0.8068361229078191,0,125,200,20.0,pareto,biased,random,0.02,0.2,0.12,5.0,1.0,0.1,300,0,0.0,True,True,income,100,continue_after_avalanche,period_end,income,income__c0p12__pareto__biased__random,1,38,c,0.12,
2026220039,True,300,4389,51,870,14,120,4389,870,1615,11,11,447,172,0.055,False,3999,3999,1615,0.27789072268067017,0.6722343085771445,0,110,200,20.0,pareto,biased,random,0.02,0.2,0.12,5.0,1.0,0.1,300,0,0.0,True,True,income,100,continue_after_avalanche,period_end,income,income__c0p12__pareto__biased__random,1,39,c,0.12,
2026220040,True,300,4385,32,627,14,120,4385,627,1091,12,12,734,218,0.06,False,4013,4013,1091,0.4055756292050836,0.8309357089459259,0,113,200,20.0,pareto,biased,random,0.02,0.2,0.12,5.0,1.0,0.1,300,0,0.0,True,True,income,100,continue_after_avalanche,period_end,income,income__c0p12__pareto__biased__random,1,40,c,0.12,
2026220041,True,300,4360,40,712,14,120,4360,712,1799,8,8,435,175,0.04,False,4006,4006,1799,0.3094757863205193,0.7337443834248629,0,116,200,20.0,pareto,biased,random,0.02,0.2,0.12,5.0,1.0,0.1,300,0,0.0,True,True,income,100,continue_after_avalanche,period_end,income,income__c0p12__pareto__biased__random,1,41,c,0.12,
2026220042,True,300,4384,30,585,13,120,4384,585,1126,10,10,726,215,0.05,False,4006,4006,1126,0.4131727408886672,0.8489765351972043,0,114,200,20.0,pareto,biased,random,0.02,0.2,0.12,5.0,1.0,0.1,300,0,0.0,True,True,income,100,continue_after_avalanche,period_end,income,income__c0p12__pareto__biased__random,1,42,c,0.12,
2026220043,True,300,4398,48,845,15,120,4398,845,1664,8,8,436,176,0.04,False,4002,4002,1664,0.3025437281359322,0.732273863068466,0,118,200,20.0,pareto,biased,random,0.02,0.2,0.12,5.0,1.0,0.1,300,0,0.0,True,True,income,100,continue_after_avalanche,period_end,income,income__c0p12__pareto__biased__random,1,43,c,0.12,
2026220044,True,300,4371,35,649,14,120,4371,649,1647,9,9,430,165,0.045,False,4001,4001,1647,0.31351537115721073,0.7312384403899026,0,119,200,20.0,pareto,biased,random,0.02,0.2,0.12,5.0,1.0,0.1,300,0,0.0,True,True,income,100,continue_after_avalanche,period_end,income,income__c0p12__pareto__biased__random,1,44,c,0.12,
2026220045,True,300,4334,46,807,14,120,4334,807,2028,7,7,318,153,0.035,False,3998,3998,2028,0.2598924462231116,0.6472561280640321,0,117,200,20.0,pareto,biased,random,0.02,0.2,0.12,5.0,1.0,0.1,300,0,0.0,True,True,income,100,continue_after_avalanche,period_end,income,income__c0p12__pareto__biased__random,1,45,c,0.12,
2026220046,True,300,4334,68,1109,14,120,4334,1109,1766,9,9,377,151,0.045,False,4002,4002,1766,0.3364692653673165,0.6953448275862071,0,115,200,20.0,pareto,biased,random,0.02,0.2,0.12,5.0,1.0,0.1,300,0,0.0,True,True,income,100,continue_after_avalanche,period_end,income,income__c0p12__pareto__biased__random,1,46,c,0.12,
2026220047,True,300,4366,49,845,14,120,4366,845,1735,9,9,461,181,0.045,False,4001,4001,1735,0.3101387153211699,0.731715821044739,0,118,200,20.0,pareto,biased,random,0.02,0.2,0.12,5.0,1.0,0.1,300,0,0.0,True,True,income,100,continue_after_avalanche,period_end,income,income__c0p12__pareto__biased__random,1,47,c,0.12,
2026220048,True,300,4381,36,671,14,120,4381,671,1786,12,12,423,172,0.06,False,3999,3999,1786,0.32393723430857735,0.7392935733933483,0,115,200,20.0,pareto,biased,random,0.02,0.2,0.12,5.0,1.0,0.1,300,0,0.0,True,True,income,100,continue_after_avalanche,period_end,income,income__c0p12__pareto__biased__random,1,48,c,0.12,
2026220049,True,300,4393,26,523,14,120,4393,523,1726,9,9,432,184,0.045,False,4002,4002,1726,0.3331509245377313,0.7356521739130435,0,118,200,20.0,pareto,biased,random,0.02,0.2,0.12,5.0,1.0,0.1,300,0,0.0,True,True,income,100,continue_after_avalanche,period_end,income,income__c0p12__pareto__biased__random,1,49,c,0.12,
2026220050,True,300,4374,31,599,14,120,4374,599,1623,8,8,494,185,0.04,False,3997,3997,1623,0.32788716537403073,0.7655153865399051,0,113,200,20.0,pareto,biased,random,0.02,0.2,0.12,5.0,1.0,0.1,300,0,0.0,True,True,income,100,continue_after_avalanche,period_end,income,income__c0p12__pareto__biased__random,1,50,c,0.12,
2026220051,True,300,4371,42,745,13,120,4371,745,2159,6,6,331,174,0.03,False,4000,4000,2159,0.2968400000000002,0.6541650000000001,0,125,200,20.0,pareto,biased,random,0.02,0.2,0.12,5.0,1.0,0.1,300,0,0.0,True,True,income,100,continue_after_avalanche,period_end,income,income__c0p12__pareto__biased__random,1,51,c,0.12,
2026220052,True,300,4380,53,904,14,120,4380,904,1848,7,7,333,153,0.035,False,4002,4002,1848,0.2533508245877063,0.6623738130934533,0,115,200,20.0,pareto,biased,random,0.02,0.2,0.12,5.0,1.0,0.1,300,0,0.0,True,True,income,100,continue_after_avalanche,period_end,income,income__c0p12__pareto__biased__random,1,52,c,0.12,
2026220053,True,300,4341,64,1052,13,120,4341,1052,1981,7,7,342,150,0.035,False,4003,4003,1981,0.299239320509618,0.6957119660254809,0,112,200,20.0,pareto,biased,random,0.02,0.2,0.12,5.0,1.0,0.1,300,0,0.0,True,True,income,100,continue_after_avalanche,period_end,income,income__c0p12__pareto__biased__random,1,53,c,0.12,
2026220054,True,300,4333,26,523,13,120,4333,523,1855,11,11,339,157,0.055,False,4001,4001,1855,0.26401774556360924,0.6879167708072982,0,115,200,20.0,pareto,biased,random,0.02,0.2,0.12,5.0,1.0,0.1,300,0,0.0,True,True,income,100,continue_after_avalanche,period_end,income,income__c0p12__pareto__biased__random,1,54,c,0.12,
2026220055,True,300,4333,54,911,13,120,4333,911,1978,8,8,350,159,0.04,False,4001,4001,1978,0.3106960759810049,0.6898037990502375,0,119,200,20.0,pareto,biased,random,0.02,0.2,0.12,5.0,1.0,0.1,300,0,0.0,True,True,income,100,continue_after_avalanche,period_end,income,income__c0p12__pareto__biased__random,1,55,c,0.12,
2026220056,True,300,4338,31,588,13,120,4338,588,2041,7,7,376,172,0.035,False,4002,4002,2041,0.2947126436781611,0.704320339830085,0,116,200,20.0,pareto,biased,random,0.02,0.2,0.12,5.0,1.0,0.1,300,0,0.0,True,True,income,100,continue_after_avalanche,period_end,income,income__c0p12__pareto__biased__random,1,56,c,0.12,
2026220057,True,300,4373,45,800,14,120,4373,800,1807,9,9,384,159,0.045,False,3996,3996,1807,0.29082582582582583,0.705995995995996,0,115,200,20.0,pareto,biased,random,0.02,0.2,0.12,5.0,1.0,0.1,300,0,0.0,True,True,income,100,continue_after_avalanche,period_end,income,income__c0p12__pareto__biased__random,1,57,c,0.12,
2026220058,True,300,4325,15,369,14,120,4325,369,188,15,15,1501,258,0.075,False,3994,3994,188,0.5738107160741113,0.9786554832248373,0,116,200,20.0,pareto,biased,random,0.02,0.2,0.12,5.0,1.0,0.1,300,0,0.0,True,True,income,100,continue_after_avalanche,period_end,income,income__c0p12__pareto__biased__random,1,58,c,0.12,
2026220059,True,300,4383,43,771,14,120,4383,771,1676,7,7,439,183,0.035,False,3997,3997,1676,0.31576807605704293,0.6982624468351264,0,119,200,20.0,pareto,biased,random,0.02,0.2,0.12,5.0,1.0,0.1,300,0,0.0,True,True,income,100,continue_after_avalanche,period_end,income,income__c0p12__pareto__biased__random,1,59,c,0.12,
2026320000,True,300,4935,1,140,15,140,4935,140,855,18,18,1382,279,0.09,False,3772,3772,855,0.5021527041357372,0.8541675503711559,0,111,200,20.0,lognormal,biased,random,0.02,0.2,0.14,5.0,1.0,0.1,300,0,0.0,True,True,income,100,continue_after_avalanche,period_end,income,income__c0p14__lognormal__biased__random,2,0,c,0.14,
2026320001,True,300,5272,1,140,17,140,5272,140,600,16,16,1726,287,0.08,False,4028,4028,600,0.5176588877855015,0.8810774577954321,0,123,200,20.0,lognormal,biased,random,0.02,0.2,0.14,5.0,1.0,0.1,300,0,0.0,True,True,income,100,continue_after_avalanche,period_end,income,income__c0p14__lognormal__biased__random,2,1,c,0.14,
2026320002,True,300,6340,1,140,20,140,6340,140,972,18,18,2107,293,0.09,False,4930,4930,972,0.5651156186612578,0.9047971602434077,0,143,200,20.0,lognormal,biased,random,0.02,0.2,0.14,5.0,1.0,0.1,300,0,0.0,True,True,income,100,continue_after_avalanche,period_end,income,income__c0p14__lognormal__biased__random,2,2,c,0.14,
2026320003,True,300,5456,1,140,17,140,5456,140,894,18,18,1793,295,0.09,False,4159,4159,894,0.5222926184178891,0.8574332772301034,0,120,200,20.0,lognormal,biased,random,0.02,0.2,0.14,5.0,1.0,0.1,300,0,0.0,True,True,income,100,continue_after_avalanche,period_end,income,income__c0p14__lognormal__biased__random,2,3,c,0.14,
2026320004,True,300,5034,1,140,15,140,5034,140,1051,14,14,1534,285,0.07,False,3863,3863,1051,0.5095405125550092,0.8370942272844941,0,119,200,20.0,lognormal,biased,random,0.02,0.2,0.14,5.0,1.0,0.1,300,0,0.0,True,True,income,100,continue_after_avalanche,period_end,income,income__c0p14__lognormal__biased__random,2,4,c,0.14,
2026320005,True,300,4781,1,140,15,140,4781,140,555,17,17,1558,289,0.085,False,3648,3648,555,0.5300822368421054,0.8822286184210528,0,112,200,20.0,lognormal,biased,random,0.02,0.2,0.14,5.0,1.0,0.1,300,0,0.0,True,True,income,100,continue_after_avalanche,period_end,income,income__c0p14__lognormal__biased__random,2,5,c,0.14,
2026320006,True,300,5387,4,253,17,140,5387,253,804,18,18,1768,286,0.09,False,4125,4125,804,0.49143878787878803,0.8424448484848486,0,124,200,20.0,lognormal,biased,random,0.02,0.2,0.14,5.0,1.0,0.1,300,0,0.0,True,True,income,100,continue_after_avalanche,period_end,income,income__c0p14__lognormal__biased__random,2,6,c,0.14,
2026320007,True,300,5806,1,140,18,140,5806,140,839,14,14,1806,281,0.07,False,4478,4478,839,0.5229365788298348,0.892228673514962,0,132,200,20.0,lognormal,biased,random,0.02,0.2,0.14,5.0,1.0,0.1,300,0,0.0,True,True,income,100,continue_after_avalanche,period_end,income,income__c0p14__lognormal__biased__random,2,7,c,0.14,
2026320008,True,300,5766,2,201,19,140,5766,201,874,20,20,1765,290,0.1,True,4454,4454,874,0.5156645711719803,0.8727750336775932,0,136,200,20.0,lognormal,biased,random,0.02,0.2,0.14,5.0,1.0,0.1,300,0,0.0,True,True,income,100,continue_after_avalanche,period_end,income,income__c0p14__lognormal__biased__random,2,8,c,0.14,
2026320009,True,300,4399,1,140,14,140,4399,140,879,12,12,1183,282,0.06,False,3379,3379,879,0.499377034625629,0.8269443622373485,0,99,200,20.0,lognormal,biased,random,0.02,0.2,0.14,5.0,1.0,0.1,300,0,0.0,True,True,income,100,continue_after_avalanche,period_end,income,income__c0p14__lognormal__biased__random,2,9,c,0.14,
2026320010,True,300,5275,1,140,17,140,5275,140,1105,14,14,1459,288,0.07,False,4030,4030,1105,0.5155905707196031,0.8486253101736974,0,118,200,20.0,lognormal,biased,random,0.02,0.2,0.14,5.0,1.0,0.1,300,0,0.0,True,True,income,100,continue_after_avalanche,period_end,income,income__c0p14__lognormal__biased__random,2,10,c,0.14,
2026320011,True,300,5951,1,140,19,140,5951,140,981,16,16,1893,289,0.08,False,4616,4616,981,0.5092352686308492,0.8452253032928945,0,134,200,20.0,lognormal,biased,random,0.02,0.2,0.14,5.0,1.0,0.1,300,0,0.0,True,True,income,100,continue_after_avalanche,period_end,income,income__c0p14__lognormal__biased__random,2,11,c,0.14,
2026320012,True,300,5377,2,199,17,140,5377,199,1180,14,14,1621,295,0.07,False,4106,4106,1180,0.5096103263516805,0.839249878226985,0,130,200,20.0,lognormal,biased,random,0.02,0.2,0.14,5.0,1.0,0.1,300,0,0.0,True,True,income,100,continue_after_avalanche,period_end,income,income__c0p14__lognormal__biased__random,2,12,c,0.14,
2026320013,True,300,5222,1,140,15,140,5222,140,817,17,17,1489,278,0.085,False,3991,3991,817,0.4776685041343023,0.8290315710348284,0,108,200,20.0,lognormal,biased,random,0.02,0.2,0.14,5.0,1.0,0.1,300,0,0.0,True,True,income,100,continue_after_avalanche,period_end,income,income__c0p14__lognormal__biased__random,2,13,c,0.14,
2026320014,True,300,4668,1,140,15,140,4668,140,755,16,16,1535,292,0.08,False,3551,3551,755,0.5268867924528302,0.8604097437341596,0,109,200,20.0,lognormal,biased,random,0.02,0.2,0.14,5.0,1.0,0.1,300,0,0.0,True,True,income,100,continue_after_avalanche,period_end,income,income__c0p14__lognormal__biased__random,2,14,c,0.14,
2026320015,True,300,5220,1,140,17,140,5220,140,1017,13,13,1429,286,0.065,False,4012,4012,1017,0.4864282153539383,0.818813559322034,0,111,200,20.0,lognormal,biased,random,0.02,0.2,0.14,5.0,1.0,0.1,300,0,0.0,True,True,income,100,continue_after_avalanche,period_end,income,income__c0p14__lognormal__biased__random,2,15,c,0.14,
2026320016,True,300,4890,1,140,17,140,4890,140,1151,11,11,1238,282,0.055,False,3731,3731,1151,0.47813856874832505,0.8157317073170733,0,117,200,20.0,lognormal,biased,random,0.02,0.2,0.14,5.0,1.0,0.1,300,0,0.0,True,True,income,100,continue_after_avalanche,period_end,income,income__c0p14__lognormal__biased__random,2,16,c,0.14,
2026320017,True,300,5247,1,140,16,140,5247,140,903,16,16,1588,289,0.08,False,4021,4021,903,0.5215530962447152,0.8704464063665756,0,116,200,20.0,lognormal,biased,random,0.02,0.2,0.14,5.0,1.0,0.1,300,0,0.0,True,True,income,100,continue_after_avalanche,period_end,income,income__c0p14__lognormal__biased__random,2,17,c,0.14,
2026320018,True,300,5518,1,140,17,140,5518,140,845,16,16,1751,288,0.08,False,4249,4249,845,0.5334325723699695,0.890839020946105,0,128,200,20.0,lognormal,biased,random,0.02,0.2,0.14,5.0,1.0,0.1,300,0,0.0,True,True,income,100,continue_after_avalanche,period_end,income,income__c0p14__lognormal__biased__random,2,18,c,0.14,
2026320019,True,300,6804,1,140,22,140,6804,140,862,19,19,2534,295,0.095,False,5289,5289,862,0.5779192664019666,0.8966241255435812,0,157,200,20.0,lognormal,biased,random,0.02,0.2,0.14,5.0,1.0,0.1,300,0,0.0,True,True,income,100,continue_after_avalanche,period_end,income,income__c0p14__lognormal__biased__random,2,19,c,0.14,
2026320020,True,300,4978,1,140,16,140,4978,140,723,15,15,1671,291,0.075,False,3815,3815,723,0.5473931847968547,0.8837077326343383,0,113,200,20.0,lognormal,biased,random,0.02,0.2,0.14,5.0,1.0,0.1,300,0,0.0,True,True,income,100,continue_after_avalanche,period_end,income,income__c0p14__lognormal__biased__random,2,20,c,0.14,
2026320021,True,300,5316,1,140,16,140,5316,140,897,17,17,1581,288,0.085,False,4068,4068,897,0.5082079646017701,0.8714823008849559,0,122,200,20.0,lognormal,biased,random,0.02,0.2,0.14,5.0,1.0,0.1,300,0,0.0,True,True,income,100,continue_after_avalanche,period_end,income,income__c0p14__lognormal__biased__random,2,21,c,0.14,
2026320022,True,300,5327,1,140,17,140,5327,140,752,17,17,1673,287,0.085,False,4080,4080,752,0.5363284313725492,0.8907843137254903,0,121,200,20.0,lognormal,biased,random,0.02,0.2,0.14,5.0,1.0,0.1,300,0,0.0,True,True,income,100,continue_after_avalanche,period_end,income,income__c0p14__lognormal__biased__random,2,22,c,0.14,
2026320023,True,300,5210,1,140,16,140,5210,140,727,16,16,1415,279,0.08,False,3999,3999,727,0.49875343835958996,0.8680482620655166,0,118,200,20.0,lognormal,biased,random,0.02,0.2,0.14,5.0,1.0,0.1,300,0,0.0,True,True,income,100,continue_after_avalanche,period_end,income,income__c0p14__lognormal__biased__random,2,23,c,0.14,
2026320024,True,300,6669,1,140,21,140,6669,140,769,24,24,2403,292,0.12,True,5203,5203,769,0.5572775321929657,0.8852075725542956,0,150,200,20.0,lognormal,biased,random,0.02,0.2,0.14,5.0,1.0,0.1,300,0,0.0,True,True,income,100,continue_after_avalanche,period_end,income,income__c0p14__lognormal__biased__random,2,24,c,0.14,
2026320025,True,300,5550,1,140,18,140,5550,140,821,17,17,1875,282,0.085,False,4272,4272,821,0.539864232209738,0.8815683520599251,0,128,200,20.0,lognormal,biased,random,0.02,0.2,0.14,5.0,1.0,0.1,300,0,0.0,True,True,income,100,continue_after_avalanche,period_end,income,income__c0p14__lognormal__biased__random,2,25,c,0.14,
2026320026,True,300,5594,1,140,18,140,5594,140,509,17,17,1960,289,0.085,False,4335,4335,509,0.5651822376009228,0.909011534025375,0,129,200,20.0,lognormal,biased,random,0.02,0.2,0.14,5.0,1.0,0.1,300,0,0.0,True,True,income,100,continue_after_avalanche,period_end,income,income__c0p14__lognormal__biased__random,2,26,c,0.14,
2026320027,True,300,5162,1,140,17,140,5162,140,774,16,16,1524,279,0.08,False,3955,3955,774,0.5050733249051835,0.8579506953223768,0,123,200,20.0,lognormal,biased,random,0.02,0.2,0.14,5.0,1.0,0.1,300,0,0.0,True,True,income,100,continue_after_avalanche,period_end,income,income__c0p14__lognormal__biased__random,2,27,c,0.14,
2026320028,True,300,5067,2,198,16,140,5067,198,1086,13,13,1172,273,0.065,False,3880,3880,1086,0.46336855670103105,0.8062190721649485,0,114,200,20.0,lognormal,biased,random,0.02,0.2,0.14,5.0,1.0,0.1,300,0,0.0,True,True,income,100,continue_after_avalanche,period_end,income,income__c0p14__lognormal__biased__random,2,28,c,0.14,
2026320029,True,300,5219,1,140,18,140,5219,140,831,20,20,1641,287,0.1,True,3970,3970,831,0.5170428211586904,0.8621536523929472,0,125,200,20.0,lognormal,biased,random,0.02,0.2,0.14,5.0,1.0,0.1,300,0,0.0,True,True,income,100,continue_after_avalanche,period_end,income,income__c0p14__lognormal__biased__random,2,29,c,0.14,
2026320030,True,300,5099,1,140,16,140,5099,140,1081,13,13,1505,292,0.065,False,3898,3898,1081,0.5023217034376604,0.8500256541816318,0,117,200,20.0,lognormal,biased,random,0.02,0.2,0.14,5.0,1.0,0.1,300,0,0.0,True,True,income,100,continue_after_avalanche,period_end,income,income__c0p14__lognormal__biased__random,2,30,c,0.14,
2026320031,True,300,4908,1,140,15,140,4908,140,734,15,15,1560,285,0.075,False,3768,3768,734,0.5201194267515925,0.8674389596602974,0,109,200,20.0,lognormal,biased,random,0.02,0.2,0.14,5.0,1.0,0.1,300,0,0.0,True,True,income,100,continue_after_avalanche,period_end,income,income__c0p14__lognormal__biased__random,2,31,c,0.14,
2026320032,True,300,4664,1,140,14,140,4664,140,1006,11,11,1408,282,0.055,False,3574,3574,1006,0.46831841074426417,0.8141689983212088,0,107,200,20.0,lognormal,biased,random,0.02,0.2,0.14,5.0,1.0,0.1,300,0,0.0,True,True,income,100,continue_after_avalanche,period_end,income,income__c0p14__lognormal__biased__random,2,32,c,0.14,
2026320033,True,300,5468,1,140,17,140,5468,140,968,15,15,1685,291,0.075,False,4208,4208,968,0.5212832699619774,0.8542347908745249,0,121,200,20.0,lognormal,biased,random,0.02,0.2,0.14,5.0,1.0,0.1,300,0,0.0,True,True,income,100,continue_after_avalanche,period_end,income,income__c0p14__lognormal__biased__random,2,33,c,0.14,
2026320034,True,300,5550,1,140,17,140,5550,140,908,15,15,1746,289,0.075,False,4286,4286,908,0.5094400373308448,0.840870275314979,0,126,200,20.0,lognormal,biased,random,0.02,0.2,0.14,5.0,1.0,0.1,300,0,0.0,True,True,income,100,continue_after_avalanche,period_end,income,income__c0p14__lognormal__biased__random,2,34,c,0.14,
2026320035,True,300,4392,1,140,14,140,4392,140,950,11,11,1064,275,0.055,False,3353,3353,950,0.4797121980316137,0.8385192365046228,0,103,200,20.0,lognormal,biased,random,0.02,0.2,0.14,5.0,1.0,0.1,300,0,0.0,True,True,income,100,continue_after_avalanche,period_end,income,income__c0p14__lognormal__biased__random,2,35,c,0.14,
2026320036,True,300,5334,1,140,17,140,5334,140,434,18,18,2197,294,0.09,False,4116,4116,434,0.5867711370262392,0.9265913508260448,0,115,200,20.0,lognormal,biased,random,0.02,0.2,0.14,5.0,1.0,0.1,300,0,0.0,True,True,income,100,continue_after_avalanche,period_end,income,income__c0p14__lognormal__biased__random,2,36,c,0.14,
2026320037,True,300,4754,1,140,14,140,4754,140,1085,12,12,1276,285,0.06,False,3636,3636,1085,0.47486248624862504,0.806388888888889,0,102,200,20.0,lognormal,biased,random,0.02,0.2,0.14,5.0,1.0,0.1,300,0,0.0,True,True,income,100,continue_after_avalanche,period_end,income,income__c0p14__lognormal__biased__random,2,37,c,0.14,
2026320038,True,300,5382,1,140,17,140,5382,140,683,16,16,1826,290,0.08,False,4110,4110,683,0.5260729927007299,0.8676545012165451,0,119,200,20.0,lognormal,biased,random,0.02,0.2,0.14,5.0,1.0,0.1,300,0,0.0,True,True,income,100,continue_after_avalanche,period_end,income,income__c0p14__lognormal__biased__random,2,38,c,0.14,
2026320039,True,300,5428,1,140,17,140,5428,140,487,19,19,2007,298,0.095,False,4166,4166,487,0.5854176668266924,0.9386317810849738,0,122,200,20.0,lognormal,biased,random,0.02,0.2,0.14,5.0,1.0,0.1,300,0,0.0,True,True,income,100,continue_after_avalanche,period_end,income,income__c0p14__lognormal__biased__random,2,39,c,0.14,
2026320040,True,300,5313,1,140,17,140,5313,140,584,18,18,1945,295,0.09,False,4090,4090,584,0.5580929095354523,0.8902982885085575,0,125,200,20.0,lognormal,biased,random,0.02,0.2,0.14,5.0,1.0,0.1,300,0,0.0,True,True,income,100,continue_after_avalanche,period_end,income,income__c0p14__lognormal__biased__random,2,40,c,0.14,
2026320041,True,300,4692,1,140,14,140,4692,140,688,15,15,1454,284,0.075,False,3575,3575,688,0.5253244755244757,0.8878475524475526,0,107,200,20.0,lognormal,biased,random,0.02,0.2,0.14,5.0,1.0,0.1,300,0,0.0,True,True,income,100,continue_after_avalanche,period_end,income,income__c0p14__lognormal__biased__random,2,41,c,0.14,
2026320042,True,300,5034,1,140,16,140,5034,140,1304,14,14,1386,287,0.07,False,3874,3874,1304,0.4904904491481674,0.8030691791430047,0,122,200,20.0,lognormal,biased,random,0.02,0.2,0.14,5.0,1.0,0.1,300,0,0.0,True,True,income,100,continue_after_avalanche,period_end,income,income__c0p14__lognormal__biased__random,2,42,c,0.14,
2026320043,True,300,4964,1,140,16,140,4964,140,844,14,14,1476,291,0.07,False,3790,3790,844,0.5258944591029024,0.8740738786279685,0,112,200,20.0,lognormal,biased,random,0.02,0.2,0.14,5.0,1.0,0.1,300,0,0.0,True,True,income,100,continue_after_avalanche,period_end,income,income__c0p14__lognormal__biased__random,2,43,c,0.14,
2026320044,True,300,4558,1,140,14,140,4558,140,1202,17,17,1117,289,0.085,False,3474,3474,1202,0.4391220495106507,0.7912924582613703,0,105,200,20.0,lognormal,biased,random,0.02,0.2,0.14,5.0,1.0,0.1,300,0,0.0,True,True,income,100,continue_after_avalanche,period_end,income,income__c0p14__lognormal__biased__random,2,44,c,0.14,
2026320045,True,300,5160,2,198,17,140,5160,198,905,14,14,1634,282,0.07,False,3920,3920,905,0.5145280612244898,0.8770433673469389,0,118,200,20.0,lognormal,biased,random,0.02,0.2,0.14,5.0,1.0,0.1,300,0,0.0,True,True,income,100,continue_after_avalanche,period_end,income,income__c0p14__lognormal__biased__random,2,45,c,0.14,
2026320046,True,300,5011,1,140,16,140,5011,140,925,14,14,1461,289,0.07,False,3830,3830,925,0.5095483028720629,0.8336631853785901,0,117,200,20.0,lognormal,biased,random,0.02,0.2,0.14,5.0,1.0,0.1,300,0,0.0,True,True,income,100,continue_after_avalanche,period_end,income,income__c0p14__lognormal__biased__random,2,46,c,0.14,
2026320047,True,300,4457,1,140,15,140,4457,140,912,14,14,1244,279,0.07,False,3379,3379,912,0.4694184670020718,0.8071574430304824,0,96,200,20.0,lognormal,biased,random,0.02,0.2,0.14,5.0,1.0,0.1,300,0,0.0,True,True,income,100,continue_after_avalanche,period_end,income,income__c0p14__lognormal__biased__random,2,47,c,0.14,
2026320048,True,300,5084,1,140,16,140,5084,140,933,14,14,1539,283,0.07,False,3903,3903,933,0.513936715347169,0.8624019984627211,0,122,200,20.0,lognormal,biased,random,0.02,0.2,0.14,5.0,1.0,0.1,300,0,0.0,True,True,income,100,continue_after_avalanche,period_end,income,income__c0p14__lognormal__biased__random,2,48,c,0.14,
2026320049,True,300,6656,1,140,21,140,6656,140,501,21,21,2892,297,0.105,True,5186,5186,501,0.6164770536058621,0.9415194755109912,0,149,200,20.0,lognormal,biased,random,0.02,0.2,0.14,5.0,1.0,0.1,300,0,0.0,True,True,income,100,continue_after_avalanche,period_end,income,income__c0p14__lognormal__biased__random,2,49,c,0.14,
2026320050,True,300,5296,1,140,17,140,5296,140,706,17,17,1769,292,0.085,False,4076,4076,706,0.5206329735034347,0.8724484789008833,0,123,200,20.0,lognormal,biased,random,0.02,0.2,0.14,5.0,1.0,0.1,300,0,0.0,True,True,income,100,continue_after_avalanche,period_end,income,income__c0p14__lognormal__biased__random,2,50,c,0.14,
2026320051,True,300,4813,1,140,15,140,4813,140,1007,13,13,1326,290,0.065,False,3693,3693,1007,0.4917533170863797,0.8393893853235852,0,109,200,20.0,lognormal,biased,random,0.02,0.2,0.14,5.0,1.0,0.1,300,0,0.0,True,True,income,100,continue_after_avalanche,period_end,income,income__c0p14__lognormal__biased__random,2,51,c,0.14,
2026320052,True,300,5287,1,140,16,140,5287,140,821,13,13,1624,286,0.065,False,4052,4052,821,0.5021076011846004,0.8445557749259627,0,115,200,20.0,lognormal,biased,random,0.02,0.2,0.14,5.0,1.0,0.1,300,0,0.0,True,True,income,100,continue_after_avalanche,period_end,income,income__c0p14__lognormal__biased__random,2,52,c,0.14,
2026320053,True,300,5197,1,140,17,140,5197,140,1034,15,15,1578,293,0.075,False,3979,3979,1034,0.5109763759738628,0.8130824327720534,0,122,200,20.0,lognormal,biased,random,0.02,0.2,0.14,5.0,1.0,0.1,300,0,0.0,True,True,income,100,continue_after_avalanche,period_end,income,income__c0p14__lognormal__biased__random,2,53,c,0.14,
2026320054,True,300,5785,1,140,19,140,5785,140,998,16,16,1915,293,0.08,False,4492,4492,998,0.5552582368655388,0.8616674087266252,0,134,200,20.0,lognormal,biased,random,0.02,0.2,0.14,5.0,1.0,0.1,300,0,0.0,True,True,income,100,continue_after_avalanche,period_end,income,income__c0p14__lognormal__biased__random,2,54,c,0.14,
2026320055,True,300,5402,1,140,17,140,5402,140,830,16,16,1828,289,0.08,False,4146,4146,830,0.5229281234925229,0.8543029425952726,0,123,200,20.0,lognormal,biased,random,0.02,0.2,0.14,5.0,1.0,0.1,300,0,0.0,True,True,income,100,continue_after_avalanche,period_end,income,income__c0p14__lognormal__biased__random,2,55,c,0.14,
2026320056,True,300,5103,1,140,16,140,5103,140,942,19,19,1526,289,0.095,False,3913,3913,942,0.5470061334014824,0.8460094556606186,0,110,200,20.0,lognormal,biased,random,0.02,0.2,0.14,5.0,1.0,0.1,300,0,0.0,True,True,income,100,continue_after_avalanche,period_end,income,income__c0p14__lognormal__biased__random,2,56,c,0.14,
2026320057,True,300,4729,1,140,15,140,4729,140,950,13,13,1253,277,0.065,False,3609,3609,950,0.5060584649487394,0.8485162094763092,0,105,200,20.0,lognormal,biased,random,0.02,0.2,0.14,5.0,1.0,0.1,300,0,0.0,True,True,income,100,continue_after_avalanche,period_end,income,income__c0p14__lognormal__biased__random,2,57,c,0.14,
2026320058,True,300,4499,1,140,14,140,4499,140,725,16,16,1329,287,0.08,False,3405,3405,725,0.49293245227606475,0.844057268722467,0,97,200,20.0,lognormal,biased,random,0.02,0.2,0.14,5.0,1.0,0.1,300,0,0.0,True,True,income,100,continue_after_avalanche,period_end,income,income__c0p14__lognormal__biased__random,2,58,c,0.14,
2026320059,True,300,4585,1,140,15,140,4585,140,851,12,12,1343,284,0.06,False,3513,3513,851,0.49664531739254203,0.844635639054939,0,106,200,20.0,lognormal,biased,random,0.02,0.2,0.14,5.0,1.0,0.1,300,0,0.0,True,True,income,100,continue_after_avalanche,period_end,income,income__c0p14__lognormal__biased__random,2,59,c,0.14,
2026420000,True,300,5246,39,853,17,140,5246,853,1418,15,15,788,215,0.075,False,3994,3994,1418,0.3575713570355534,0.8480270405608414,0,120,200,20.0,pareto,biased,random,0.02,0.2,0.14,5.0,1.0,0.1,300,0,0.0,True,True,income,100,continue_after_avalanche,period_end,income,income__c0p14__pareto__biased__random,3,0,c,0.14,
2026420001,True,300,5222,48,988,17,140,5222,988,1321,13,13,735,198,0.065,False,3997,3997,1321,0.3154853640230173,0.8011471103327497,0,117,200,20.0,pareto,biased,random,0.02,0.2,0.14,5.0,1.0,0.1,300,0,0.0,True,True,income,100,continue_after_avalanche,period_end,income,income__c0p14__pareto__biased__random,3,1,c,0.14,
2026420002,True,300,5253,39,854,16,140,5253,854,1293,17,17,906,211,0.085,False,4001,4001,1293,0.32791427143214213,0.8072419395151214,0,116,200,20.0,pareto,biased,random,0.02,0.2,0.14,5.0,1.0,0.1,300,0,0.0,True,True,income,100,continue_after_avalanche,period_end,income,income__c0p14__pareto__biased__random,3,2,c,0.14,
2026420003,True,300,5264,54,1116,17,140,5264,1116,1528,13,13,612,196,0.065,False,4001,4001,1528,0.2729555111222195,0.7599562609347663,0,119,200,20.0,pareto,biased,random,0.02,0.2,0.14,5.0,1.0,0.1,300,0,0.0,True,True,income,100,continue_after_avalanche,period_end,income,income__c0p14__pareto__biased__random,3,3,c,0.14,
2026420004,True,300,5205,36,789,16,140,5205,789,704,13,13,1228,237,0.065,False,3997,3997,704,0.44130222667000263,0.9129284463347511,0,119,200,20.0,pareto,biased,random,0.02,0.2,0.14,5.0,1.0,0.1,300,0,0.0,True,True,income,100,continue_after_avalanche,period_end,income,income__c0p14__pareto__biased__random,3,4,c,0.14,
2026420005,True,300,5266,34,776,17,140,5266,776,1419,13,13,766,210,0.065,False,4001,4001,1419,0.3278642839290178,0.8103561609597603,0,124,200,20.0,pareto,biased,random,0.02,0.2,0.14,5.0,1.0,0.1,300,0,0.0,True,True,income,100,continue_after_avalanche,period_end,income,income__c0p14__pareto__biased__random,3,5,c,0.14,
2026420006,True,300,5235,56,1123,16,140,5235,1123,2229,9,9,484,179,0.045,False,4005,4005,2229,0.24856554307116108,0.6700611735330837,0,122,200,20.0,pareto,biased,random,0.02,0.2,0.14,5.0,1.0,0.1,300,0,0.0,True,True,income,100,continue_after_avalanche,period_end,income,income__c0p14__pareto__biased__random,3,6,c,0.14,
2026420007,True,300,5229,60,1200,17,140,5229,1200,2094,8,8,579,191,0.04,False,3994,3994,2094,0.24494992488733103,0.6928843264897346,0,117,200,20.0,pareto,biased,random,0.02,0.2,0.14,5.0,1.0,0.1,300,0,0.0,True,True,income,100,continue_after_avalanche,period_end,income,income__c0p14__pareto__biased__random,3,7,c,0.14,
2026420008,True,300,5241,29,685,18,140,5241,685,1616,10,10,710,211,0.05,False,4000,4000,1616,0.3115025,0.7634000000000001,0,122,200,20.0,pareto,biased,random,0.02,0.2,0.14,5.0,1.0,0.1,300,0,0.0,True,True,income,100,continue_after_avalanche,period_end,income,income__c0p14__pareto__biased__random,3,8,c,0.14,
2026420009,True,300,5199,44,914,17,140,5199,914,1492,11,11,716,201,0.055,False,3992,3992,1492,0.3263927855711424,0.7971718436873749,0,126,200,20.0,pareto,biased,random,0.02,0.2,0.14,5.0,1.0,0.1,300,0,0.0,True,True,income,100,continue_after_avalanche,period_end,income,income__c0p14__pareto__biased__random,3,9,c,0.14,
2026420010,True,300,5232,18,490,17,140,5232,490,942,15,15,1207,243,0.075,False,4001,4001,942,0.4190264933766559,0.9240052486878281,0,116,200,20.0,pareto,biased,random,0.02,0.2,0.14,5.0,1.0,0.1,300,0,0.0,True,True,income,100,continue_after_avalanche,period_end,income,income__c0p14__pareto__biased__random,3,10,c,0.14,
2026420011,True,300,5211,50,1036,18,140,5211,1036,2239,9,9,411,168,0.045,False,4005,4005,2239,0.25339200998751576,0.6667578027465668,0,124,200,20.0,pareto,biased,random,0.02,0.2,0.14,5.0,1.0,0.1,300,0,0.0,True,True,income,100,continue_after_avalanche,period_end,income,income__c0p14__pareto__biased__random,3,11,c,0.14,
2026420012,True,300,5285,57,1160,16,140,5285,1160,1812,10,10,679,195,0.05,False,4002,4002,1812,0.2886506746626687,0.7338755622188906,0,111,200,20.0,pareto,biased,random,0.02,0.2,0.14,5.0,1.0,0.1,300,0,0.0,True,True,income,100,continue_after_avalanche,period_end,income,income__c0p14__pareto__biased__random,3,12,c,0.14,
2026420013,True,300,5245,57,1147,18,140,5245,1147,1405,12,12,683,200,0.06,False,4000,4000,1405,0.305045,0.7756850000000002,0,129,200,20.0,pareto,biased,random,0.02,0.2,0.14,5.0,1.0,0.1,300,0,0.0,True,True,income,100,continue_after_avalanche,period_end,income,income__c0p14__pareto__biased__random,3,13,c,0.14,
2026420014,True,300,5258,57,1156,16,140,5258,1156,1415,14,14,706,196,0.07,False,4003,4003,1415,0.3124094429178117,0.7868586060454661,0,111,200,20.0,pareto,biased,random,0.02,0.2,0.14,5.0,1.0,0.1,300,0,0.0,True,True,income,100,continue_after_avalanche,period_end,income,income__c0p14__pareto__biased__random,3,14,c,0.14,
2026420015,True,300,5259,36,800,18,140,5259,800,868,15,15,1025,219,0.075,False,3998,3998,868,0.35619559779889953,0.8792071035517759,0,124,200,20.0,pareto,biased,random,0.02,0.2,0.14,5.0,1.0,0.1,300,0,0.0,True,True,income,100,continue_after_avalanche,period_end,income,income__c0p14__pareto__biased__random,3,15,c,0.14,
2026420016,True,300,5266,39,855,17,140,5266,855,1741,13,13,593,189,0.065,False,4000,4000,1741,0.2674725,0.7325175000000002,0,118,200,20.0,pareto,biased,random,0.02,0.2,0.14,5.0,1.0,0.1,300,0,0.0,True,True,income,100,continue_after_avalanche,period_end,income,income__c0p14__pareto__biased__random,3,16,c,0.14,
2026420017,True,300,5230,38,835,17,140,5230,835,1274,13,13,798,210,0.065,False,3996,3996,1274,0.32088588588588607,0.8109034034034035,0,113,200,20.0,pareto,biased,random,0.02,0.2,0.14,5.0,1.0,0.1,300,0,0.0,True,True,income,100,continue_after_avalanche,period_end,income,income__c0p14__pareto__biased__random,3,17,c,0.14,
2026420018,True,300,5246,52,1076,17,140,5246,1076,1685,12,12,591,190,0.06,False,4000,4000,1685,0.26905500000000004,0.7589250000000001,0,123,200,20.0,pareto,biased,random,0.02,0.2,0.14,5.0,1.0,0.1,300,0,0.0,True,True,income,100,continue_after_avalanche,period_end,income,income__c0p14__pareto__biased__random,3,18,c,0.14,
2026420019,True,300,5286,45,945,18,140,5286,945,1704,10,10,777,209,0.05,False,3999,3999,1704,0.28411227806951755,0.7504813703425857,0,119,200,20.0,pareto,biased,random,0.02,0.2,0.14,5.0,1.0,0.1,300,0,0.0,True,True,income,100,continue_after_avalanche,period_end,income,income__c0p14__pareto__biased__random,3,19,c,0.14,
2026420020,True,300,5286,23,591,16,140,5286,591,1719,11,11,637,212,0.055,False,4003,4003,1719,0.2898688483637273,0.7488296277791657,0,116,200,20.0,pareto,biased,random,0.02,0.2,0.14,5.0,1.0,0.1,300,0,0.0,True,True,income,100,continue_after_avalanche,period_end,income,income__c0p14__pareto__biased__random,3,20,c,0.14,
2026420021,True,300,5252,28,654,16,140,5252,654,1620,13,13,623,189,0.065,False,4004,4004,1620,0.2682967032967034,0.7473026973026975,0,118,200,20.0,pareto,biased,random,0.02,0.2,0.14,5.0,1.0,0.1,300,0,0.0,True,True,income,100,continue_after_avalanche,period_end,income,income__c0p14__pareto__biased__random,3,21,c,0.14,
2026420022,True,300,5268,46,968,17,140,5268,968,1615,11,11,664,201,0.055,False,3993,3993,1615,0.28317180065113967,0.7691272226396195,0,114,200,20.0,pareto,biased,random,0.02,0.2,0.14,5.0,1.0,0.1,300,0,0.0,True,True,income,100,continue_after_avalanche,period_end,income,income__c0p14__pareto__biased__random,3,22,c,0.14,
2026420023,True,300,5245,17,482,17,140,5245,482,1725,10,10,727,208,0.05,False,4001,4001,1725,0.30361784553861537,0.7519982504373908,0,126,200,20.0,pareto,biased,random,0.02,0.2,0.14,5.0,1.0,0.1,300,0,0.0,True,True,income,100,continue_after_avalanche,period_end,income,income__c0p14__pareto__biased__random,3,23,c,0.14,
2026420024,True,300,5232,48,1003,16,140,5232,1003,1076,13,13,946,220,0.065,False,4004,4004,1076,0.3366283716283718,0.8436613386613387,0,118,200,20.0,pareto,biased,random,0.02,0.2,0.14,5.0,1.0,0.1,300,0,0.0,True,True,income,100,continue_after_avalanche,period_end,income,income__c0p14__pareto__biased__random,3,24,c,0.14,
2026420025,True,300,5208,45,929,16,140,5208,929,1958,11,11,533,186,0.055,False,4003,4003,1958,0.2801461403947041,0.7366187859105673,0,110,200,20.0,pareto,biased,random,0.02,0.2,0.14,5.0,1.0,0.1,300,0,0.0,True,True,income,100,continue_after_avalanche,period_end,income,income__c0p14__pareto__biased__random,3,25,c,0.14,
2026420026,True,300,5252,41,874,17,140,5252,874,1199,16,16,841,222,0.08,False,3998,3998,1199,0.35273386693346676,0.8463881940970486,0,118,200,20.0,pareto,biased,random,0.02,0.2,0.14,5.0,1.0,0.1,300,0,0.0,True,True,income,100,continue_after_avalanche,period_end,income,income__c0p14__pareto__biased__random,3,26,c,0.14,
2026420027,True,300,5258,29,687,16,140,5258,687,1728,10,10,568,192,0.05,False,4001,4001,1728,0.28116345913521634,0.7489540114971258,0,121,200,20.0,pareto,biased,random,0.02,0.2,0.14,5.0,1.0,0.1,300,0,0.0,True,True,income,100,continue_after_avalanche,period_end,income,income__c0p14__pareto__biased__random,3,27,c,0.14,
2026420028,True,300,5210,29,675,17,140,5210,675,1152,12,12,987,234,0.06,False,3997,3997,1152,0.3695909432074056,0.8323680260195148,0,126,200,20.0,pareto,biased,random,0.02,0.2,0.14,5.0,1.0,0.1,300,0,0.0,True,True,income,100,continue_after_avalanche,period_end,income,income__c0p14__pareto__biased__random,3,28,c,0.14,
2026420029,True,300,5251,37,811,16,140,5251,811,1728,10,10,642,200,0.05,False,4007,4007,1728,0.29263663588719746,0.7678525081108063,0,123,200,20.0,pareto,biased,random,0.02,0.2,0.14,5.0,1.0,0.1,300,0,0.0,True,True,income,100,continue_after_avalanche,period_end,income,income__c0p14__pareto__biased__random,3,29,c,0.14,
2026420030,True,300,5270,37,821,17,140,5270,821,1591,13,13,806,226,0.065,False,4000,4000,1591,0.3431075000000001,0.7980150000000001,0,115,200,20.0,pareto,biased,random,0.02,0.2,0.14,5.0,1.0,0.1,300,0,0.0,True,True,income,100,continue_after_avalanche,period_end,income,income__c0p14__pareto__biased__random,3,30,c,0.14,
2026420031,True,300,5241,50,1033,17,140,5241,1033,1749,12,12,626,194,0.06,False,3998,3998,1749,0.2856178089044523,0.7051150575287646,0,120,200,20.0,pareto,biased,random,0.02,0.2,0.14,5.0,1.0,0.1,300,0,0.0,True,True,income,100,continue_after_avalanche,period_end,income,income__c0p14__pareto__biased__random,3,31,c,0.14,
2026420032,True,300,5251,51,1062,16,140,5251,1062,1859,12,12,647,204,0.06,False,3991,3991,1859,0.27556376847907793,0.7203570533700827,0,121,200,20.0,pareto,biased,random,0.02,0.2,0.14,5.0,1.0,0.1,300,0,0.0,True,True,income,100,continue_after_avalanche,period_end,income,income__c0p14__pareto__biased__random,3,32,c,0.14,
2026420033,True,300,5250,35,786,17,140,5250,786,1280,12,12,758,207,0.06,False,3998,3998,1280,0.3261605802901453,0.8151375687843923,0,110,200,20.0,pareto,biased,random,0.02,0.2,0.14,5.0,1.0,0.1,300,0,0.0,True,True,income,100,continue_after_avalanche,period_end,income,income__c0p14__pareto__biased__random,3,33,c,0.14,
2026420034,True,300,5227,43,906,16,140,5227,906,1854,10,10,594,202,0.05,False,4002,4002,1854,0.25902298850574734,0.7219465267366318,0,122,200,20.0,pareto,biased,random,0.02,0.2,0.14,5.0,1.0,0.1,300,0,0.0,True,True,income,100,continue_after_avalanche,period_end,income,income__c0p14__pareto__biased__random,3,34,c,0.14,
2026420035,True,300,4773,1,140,15,140,4773,140,5,23,23,4148,300,0.115,True,3999,3999,5,0.8610615153788448,0.9949749937484371,0,107,200,20.0,pareto,biased,random,0.02,0.2,0.14,5.0,1.0,0.1,300,0,0.0,True,True,income,100,continue_after_avalanche,period_end,income,income__c0p14__pareto__biased__random,3,35,c,0.14,
2026420036,True,300,5235,35,774,17,140,5235,774,1191,12,12,903,226,0.06,False,4004,4004,1191,0.36229520479520483,0.8382017982017984,0,121,200,20.0,pareto,biased,random,0.02,0.2,0.14,5.0,1.0,0.1,300,0,0.0,True,True,income,100,continue_after_avalanche,period_end,income,income__c0p14__pareto__biased__random,3,36,c,0.14,
2026420037,True,300,5218,27,651,16,140,5218,651,760,14,14,1170,231,0.07,False,4001,4001,760,0.42846163459135234,0.914015246188453,0,117,200,20.0,pareto,biased,random,0.02,0.2,0.14,5.0,1.0,0.1,300,0,0.0,True,True,income,100,continue_after_avalanche,period_end,income,income__c0p14__pareto__biased__random,3,37,c,0.14,
2026420038,True,300,5238,30,688,16,140,5238,688,1543,11,11,737,212,0.055,False,3999,3999,1543,0.32727056764191054,0.793329582395599,0,117,200,20.0,pareto,biased,random,0.02,0.2,0.14,5.0,1.0,0.1,300,0,0.0,True,True,income,100,continue_after_avalanche,period_end,income,income__c0p14__pareto__biased__random,3,38,c,0.14,
2026420039,True,300,5242,38,836,17,140,5242,836,1277,12,12,839,218,0.06,False,4002,4002,1277,0.3674712643678162,0.8386181909045478,0,117,200,20.0,pareto,biased,random,0.02,0.2,0.14,5.0,1.0,0.1,300,0,0.0,True,True,income,100,continue_after_avalanche,period_end,income,income__c0p14__pareto__biased__random,3,39,c,0.14,
2026420040,True,300,5265,47,979,16,140,5265,979,1337,18,18,733,204,0.09,False,4008,4008,1337,0.3192839321357286,0.8029765469061878,0,114,200,20.0,pareto,biased,random,0.02,0.2,0.14,5.0,1.0,0.1,300,0,0.0,True,True,income,100,continue_after_avalanche,period_end,income,income__c0p14__pareto__biased__random,3,40,c,0.14,
2026420041,True,300,5260,39,860,17,140,5260,860,1471,10,10,736,201,0.05,False,4011,4011,1471,0.3003004238344553,0.7842620294190976,0,116,200,20.0,pareto,biased,random,0.02,0.2,0.14,5.0,1.0,0.1,300,0,0.0,True,True,income,100,continue_after_avalanche,period_end,income,income__c0p14__pareto__biased__random,3,41,c,0.14,
2026420042,True,300,5229,33,746,17,140,5229,746,1358,12,12,805,213,0.06,False,4007,4007,1358,0.367238582480659,0.8032181182929874,0,128,200,20.0,pareto,biased,random,0.02,0.2,0.14,5.0,1.0,0.1,300,0,0.0,True,True,income,100,continue_after_avalanche,period_end,income,income__c0p14__pareto__biased__random,3,42,c,0.14,
2026420043,True,300,5256,43,909,19,140,5256,909,1874,9,9,616,206,0.045,False,4007,4007,1874,0.28231220364362386,0.7346006987771401,0,115,200,20.0,pareto,biased,random,0.02,0.2,0.14,5.0,1.0,0.1,300,0,0.0,True,True,income,100,continue_after_avalanche,period_end,income,income__c0p14__pareto__biased__random,3,43,c,0.14,
2026420044,True,300,5244,37,821,17,140,5244,821,1873,16,16,717,205,0.08,False,4003,4003,1873,0.2652523107669249,0.7318798401199103,0,125,200,20.0,pareto,biased,random,0.02,0.2,0.14,5.0,1.0,0.1,300,0,0.0,True,True,income,100,continue_after_avalanche,period_end,income,income__c0p14__pareto__biased__random,3,44,c,0.14,
2026420045,True,300,5159,14,425,16,140,5159,425,70,23,23,2147,266,0.115,True,4011,4011,70,0.5630179506357518,0.9886674146098231,0,119,200,20.0,pareto,biased,random,0.02,0.2,0.14,5.0,1.0,0.1,300,0,0.0,True,True,income,100,continue_after_avalanche,period_end,income,income__c0p14__pareto__biased__random,3,45,c,0.14,
2026420046,True,300,5252,46,976,17,140,5252,976,1480,14,14,750,207,0.07,False,3996,3996,1480,0.3421696696696699,0.8002977977977979,0,130,200,20.0,pareto,biased,random,0.02,0.2,0.14,5.0,1.0,0.1,300,0,0.0,True,True,income,100,continue_after_avalanche,period_end,income,income__c0p14__pareto__biased__random,3,46,c,0.14,
2026420047,True,300,5261,38,838,18,140,5261,838,1481,13,13,682,214,0.065,False,4000,4000,1481,0.3523400000000001,0.8065450000000001,0,115,200,20.0,pareto,biased,random,0.02,0.2,0.14,5.0,1.0,0.1,300,0,0.0,True,True,income,100,continue_after_avalanche,period_end,income,income__c0p14__pareto__biased__random,3,47,c,0.14,
2026420048,True,300,5242,64,1285,17,140,5242,1285,1809,9,9,593,194,0.045,False,3997,3997,1809,0.25271078308731565,0.6905466599949963,0,122,200,20.0,pareto,biased,random,0.02,0.2,0.14,5.0,1.0,0.1,300,0,0.0,True,True,income,100,continue_after_avalanche,period_end,income,income__c0p14__pareto__biased__random,3,48,c,0.14,
2026420049,True,300,4886,1,140,15,140,4886,140,5,24,24,3783,296,0.12,True,3997,3997,5,0.7892181636227171,0.9949274455841883,0,105,200,20.0,pareto,biased,random,0.02,0.2,0.14,5.0,1.0,0.1,300,0,0.0,True,True,income,100,continue_after_avalanche,period_end,income,income__c0p14__pareto__biased__random,3,49,c,0.14,
2026420050,True,300,5266,27,644,16,140,5266,644,951,14,14,1030,227,0.07,False,4004,4004,951,0.37547202797202806,0.8812912087912088,0,122,200,20.0,pareto,biased,random,0.02,0.2,0.14,5.0,1.0,0.1,300,0,0.0,True,True,income,100,continue_after_avalanche,period_end,income,income__c0p14__pareto__biased__random,3,50,c,0.14,
2026420051,True,300,5224,44,933,17,140,5224,933,1526,11,11,755,208,0.055,False,4004,4004,1526,0.35004495504495514,0.8307367632367633,0,126,200,20.0,pareto,biased,random,0.02,0.2,0.14,5.0,1.0,0.1,300,0,0.0,True,True,income,100,continue_after_avalanche,period_end,income,income__c0p14__pareto__biased__random,3,51,c,0.14,
2026420052,True,300,5261,29,682,17,140,5261,682,954,13,13,942,224,0.065,False,4007,4007,954,0.3647254804092839,0.854046668330422,0,118,200,20.0,pareto,biased,random,0.02,0.2,0.14,5.0,1.0,0.1,300,0,0.0,True,True,income,100,continue_after_avalanche,period_end,income,income__c0p14__pareto__biased__random,3,52,c,0.14,
2026420053,True,300,5221,44,932,16,140,5221,932,2330,8,8,531,202,0.04,False,3997,3997,2330,0.30036652489367044,0.7086102076557419,0,117,200,20.0,pareto,biased,random,0.02,0.2,0.14,5.0,1.0,0.1,300,0,0.0,True,True,income,100,continue_after_avalanche,period_end,income,income__c0p14__pareto__biased__random,3,53,c,0.14,
2026420054,True,300,5280,51,1057,17,140,5280,1057,1429,13,13,643,197,0.065,False,3997,3997,1429,0.2751776332249187,0.7626832624468352,0,115,200,20.0,pareto,biased,random,0.02,0.2,0.14,5.0,1.0,0.1,300,0,0.0,True,True,income,100,continue_after_avalanche,period_end,income,income__c0p14__pareto__biased__random,3,54,c,0.14,
2026420055,True,300,5239,51,1047,17,140,5239,1047,2206,8,8,465,184,0.04,False,3996,3996,2206,0.2547622622622623,0.6973098098098098,0,124,200,20.0,pareto,biased,random,0.02,0.2,0.14,5.0,1.0,0.1,300,0,0.0,True,True,income,100,continue_after_avalanche,period_end,income,income__c0p14__pareto__biased__random,3,55,c,0.14,
2026420056,True,300,5274,28,659,17,140,5274,659,1712,9,9,654,196,0.045,False,3999,3999,1712,0.26727806951737954,0.7452575643910979,0,119,200,20.0,pareto,biased,random,0.02,0.2,0.14,5.0,1.0,0.1,300,0,0.0,True,True,income,100,continue_after_avalanche,period_end,income,income__c0p14__pareto__biased__random,3,56,c,0.14,
2026420057,True,300,5270,39,846,18,140,5270,846,1387,13,13,699,190,0.065,False,4005,4005,1387,0.30033832709113617,0.8191573033707866,0,122,200,20.0,pareto,biased,random,0.02,0.2,0.14,5.0,1.0,0.1,300,0,0.0,True,True,income,100,continue_after_avalanche,period_end,income,income__c0p14__pareto__biased__random,3,57,c,0.14,
2026420058,True,300,5248,33,745,17,140,5248,745,1085,13,13,820,215,0.065,False,3999,3999,1085,0.36374968742185554,0.8408064516129032,0,118,200,20.0,pareto,biased,random,0.02,0.2,0.14,5.0,1.0,0.1,300,0,0.0,True,True,income,100,continue_after_avalanche,period_end,income,income__c0p14__pareto__biased__random,3,58,c,0.14,
2026420059,True,300,5222,30,696,18,140,5222,696,1715,11,11,707,214,0.055,False,4003,4003,1715,0.31862977766674994,0.770680739445416,0,123,200,20.0,pareto,biased,random,0.02,0.2,0.14,5.0,1.0,0.1,300,0,0.0,True,True,income,100,continue_after_avalanche,period_end,income,income__c0p14__pareto__biased__random,3,59,c,0.14,
2026520000,True,300,5933,1,160,18,160,5933,160,973,17,17,2012,290,0.085,False,3879,3879,973,0.4859435421500389,0.8638244392884764,0,117,200,20.0,lognormal,biased,random,0.02,0.2,0.16,5.0,1.0,0.1,300,0,0.0,True,True,income,100,continue_after_avalanche,period_end,income,income__c0p16__lognormal__biased__random,4,0,c,0.16,
2026520001,True,300,6110,1,160,20,160,6110,160,482,18,18,2340,297,0.09,False,3995,3995,482,0.5438685857321652,0.916546933667084,0,122,200,20.0,lognormal,biased,random,0.02,0.2,0.16,5.0,1.0,0.1,300,0,0.0,True,True,income,100,continue_after_avalanche,period_end,income,income__c0p16__lognormal__biased__random,4,1,c,0.16,
2026520002,True,300,6651,2,232,22,160,6651,232,966,17,17,2187,290,0.085,False,4375,4375,966,0.5030617142857143,0.887265142857143,0,131,200,20.0,lognormal,biased,random,0.02,0.2,0.16,5.0,1.0,0.1,300,0,0.0,True,True,income,100,continue_after_avalanche,period_end,income,income__c0p16__lognormal__biased__random,4,2,c,0.16,
2026520003,True,300,6580,1,160,21,160,6580,160,539,29,29,2552,298,0.145,True,4362,4362,539,0.5562700596056855,0.9358321870701514,0,132,200,20.0,lognormal,biased,random,0.02,0.2,0.16,5.0,1.0,0.1,300,0,0.0,True,True,income,100,continue_after_avalanche,period_end,income,income__c0p16__lognormal__biased__random,4,3,c,0.16,
2026520004,True,300,5780,1,160,19,160,5780,160,779,17,17,1937,293,0.085,False,3778,3778,779,0.5111143462149286,0.8675939650608788,0,114,200,20.0,lognormal,biased,random,0.02,0.2,0.16,5.0,1.0,0.1,300,0,0.0,True,True,income,100,continue_after_avalanche,period_end,income,income__c0p16__lognormal__biased__random,4,4,c,0.16,
2026520005,True,300,6117,1,160,20,160,6117,160,694,18,18,2158,293,0.09,False,3995,3995,694,0.5162340425531915,0.9166871088861077,0,127,200,20.0,lognormal,biased,random,0.02,0.2,0.16,5.0,1.0,0.1,300,0,0.0,True,True,income,100,continue_after_avalanche,period_end,income,income__c0p16__lognormal__biased__random,4,5,c,0.16,
2026520006,True,300,6486,1,160,20,160,6486,160,475,21,21,2518,289,0.105,True,4281,4281,475,0.5403141789301567,0.943278439616912,0,128,200,20.0,lognormal,biased,random,0.02,0.2,0.16,5.0,1.0,0.1,300,0,0.0,True,True,income,100,continue_after_avalanche,period_end,income,income__c0p16__lognormal__biased__random,4,6,c,0.16,
2026520007,True,300,6270,1,160,20,160,6270,160,545,20,20,2357,291,0.1,True,4109,4109,545,0.5190423460696034,0.9258590898028718,0,123,200,20.0,lognormal,biased,random,0.02,0.2,0.16,5.0,1.0,0.1,300,0,0.0,True,True,income,100,continue_after_avalanche,period_end,income,income__c0p16__lognormal__biased__random,4,7,c,0.16,
2026520008,True,300,5886,1,160,19,160,5886,160,618,22,22,2094,292,0.11,True,3846,3846,618,0.5325923036921478,0.9158658346333854,0,113,200,20.0,lognormal,biased,random,0.02,0.2,0.16,5.0,1.0,0.1,300,0,0.0,True,True,income,100,continue_after_avalanche,period_end,income,income__c0p16__lognormal__biased__random,4,8,c,0.16,
2026520009,True,300,7055,1,160,23,160,7055,160,614,21,21,2666,291,0.105,True,4660,4660,614,0.5248948497854078,0.9030836909871245,0,144,200,20.0,lognormal,biased,random,0.02,0.2,0.16,5.0,1.0,0.1,300,0,0.0,True,True,income,100,continue_after_avalanche,period_end,income,income__c0p16__lognormal__biased__random,4,9,c,0.16,
2026520010,True,300,6251,1,160,20,160,6251,160,862,16,16,2077,294,0.08,False,4098,4098,862,0.49847974621766733,0.8802903855539288,0,126,200,20.0,lognormal,biased,random,0.02,0.2,0.16,5.0,1.0,0.1,300,0,0.0,True,True,income,100,continue_after_avalanche,period_end,income,income__c0p16__lognormal__biased__random,4,10,c,0.16,
2026520011,True,300,5691,1,160,17,160,5691,160,790,15,15,1847,290,0.075,False,3728,3728,790,0.49150751072961385,0.8863251072961373,0,112,200,20.0,lognormal,biased,random,0.02,0.2,0.16,5.0,1.0,0.1,300,0,0.0,True,True,income,100,continue_after_avalanche,period_end,income,income__c0p16__lognormal__biased__random,4,11,c,0.16,
2026520012,True,300,5943,1,160,19,160,5943,160,696,18,18,2071,290,0.09,False,3892,3892,696,0.49324511819116146,0.8843910585817061,0,116,200,20.0,lognormal,biased,random,0.02,0.2,0.16,5.0,1.0,0.1,300,0,0.0,True,True,income,100,continue_after_avalanche,period_end,income,income__c0p16__lognormal__biased__random,4,12,c,0.16,
2026520013,True,300,6017,1,160,18,160,6017,160,555,20,20,2130,291,0.1,True,3923,3923,555,0.5090402752995158,0.9030091766505226,0,116,200,20.0,lognormal,biased,random,0.02,0.2,0.16,5.0,1.0,0.1,300,0,0.0,True,True,income,100,continue_after_avalanche,period_end,income,income__c0p16__lognormal__biased__random,4,13,c,0.16,
2026520014,True,300,6031,1,160,19,160,6031,160,983,16,16,1909,292,0.08,False,3924,3924,983,0.5026860346585118,0.8774719673802243,0,117,200,20.0,lognormal,biased,random,0.02,0.2,0.16,5.0,1.0,0.1,300,0,0.0,True,True,income,100,continue_after_avalanche,period_end,income,income__c0p16__lognormal__biased__random,4,14,c,0.16,
2026520015,True,300,6262,1,160,20,160,6262,160,627,18,18,2436,298,0.09,False,4115,4115,627,0.5453961117861483,0.9083365735115432,0,123,200,20.0,lognormal,biased,random,0.02,0.2,0.16,5.0,1.0,0.1,300,0,0.0,True,True,income,100,continue_after_avalanche,period_end,income,income__c0p16__lognormal__biased__random,4,15,c,0.16,
2026520016,True,300,5416,1,160,17,160,5416,160,708,15,15,1713,289,0.075,False,3547,3547,708,0.4938356357485201,0.8789216239075277,0,110,200,20.0,lognormal,biased,random,0.02,0.2,0.16,5.0,1.0,0.1,300,0,0.0,True,True,income,100,continue_after_avalanche,period_end,income,income__c0p16__lognormal__biased__random,4,16,c,0.16,
2026520017,True,300,6873,1,160,22,160,6873,160,890,19,19,2566,297,0.095,False,4499,4499,890,0.5174005334518783,0.8769093131807069,0,136,200,20.0,lognormal,biased,random,0.02,0.2,0.16,5.0,1.0,0.1,300,0,0.0,True,True,income,100,continue_after_avalanche,period_end,income,income__c0p16__lognormal__biased__random,4,17,c,0.16,
2026520018,True,300,6150,1,160,20,160,6150,160,745,17,17,2216,291,0.085,False,4001,4001,745,0.505117470632342,0.8910159960009998,0,125,200,20.0,lognormal,biased,random,0.02,0.2,0.16,5.0,1.0,0.1,300,0,0.0,True,True,income,100,continue_after_avalanche,period_end,income,income__c0p16__lognormal__biased__random,4,18,c,0.16,
2026520019,True,300,6371,1,160,21,160,6371,160,396,21,21,2657,295,0.105,True,4194,4194,396,0.5677134000953745,0.9313686218407249,0,131,200,20.0,lognormal,biased,random,0.02,0.2,0.16,5.0,1.0,0.1,300,0,0.0,True,True,income,100,continue_after_avalanche,period_end,income,income__c0p16__lognormal__biased__random,4,19,c,0.16,
2026520020,True,300,6561,1,160,21,160,6561,160,1002,18,18,1959,285,0.09,False,4329,4329,1002,0.4861018711018712,0.8755728805728806,0,133,200,20.0,lognormal,biased,random,0.02,0.2,0.16,5.0,1.0,0.1,300,0,0.0,True,True,income,100,continue_after_avalanche,period_end,income,income__c0p16__lognormal__biased__random,4,20,c,0.16,
2026520021,True,300,5522,1,160,18,160,5522,160,993,15,15,1719,292,0.075,False,3617,3617,993,0.5154257672103955,0.8404962676251038,0,109,200,20.0,lognormal,biased,random,0.02,0.2,0.16,5.0,1.0,0.1,300,0,0.0,True,True,income,100,continue_after_avalanche,period_end,income,income__c0p16__lognormal__biased__random,4,21,c,0.16,
2026520022,True,300,6049,1,160,19,160,6049,160,724,18,18,2239,295,0.09,False,3940,3940,724,0.505015228426396,0.8753350253807108,0,121,200,20.0,lognormal,biased,random,0.02,0.2,0.16,5.0,1.0,0.1,300,0,0.0,True,True,income,100,continue_after_avalanche,period_end,income,income__c0p16__lognormal__biased__random,4,22,c,0.16,
2026520023,True,300,6087,1,160,19,160,6087,160,860,17,17,2097,292,0.085,False,3972,3972,860,0.4961329305135953,0.8849068479355489,0,117,200,20.0,lognormal,biased,random,0.02,0.2,0.16,5.0,1.0,0.1,300,0,0.0,True,True,income,100,continue_after_avalanche,period_end,income,income__c0p16__lognormal__biased__random,4,23,c,0.16,
2026520024,True,300,6075,1,160,20,160,6075,160,666,20,20,2241,292,0.1,True,3977,3977,666,0.5335089263263768,0.8877332159919538,0,129,200,20.0,lognormal,biased,random,0.02,0.2,0.16,5.0,1.0,0.1,300,0,0.0,True,True,income,100,continue_after_avalanche,period_end,income,income__c0p16__lognormal__biased__random,4,24,c,0.16,
2026520025,True,300,6486,1,160,21,160,6486,160,812,19,19,2369,293,0.095,False,4269,4269,812,0.524770438041696,0.885955727336613,0,130,200,20.0,lognormal,biased,random,0.02,0.2,0.16,5.0,1.0,0.1,300,0,0.0,True,True,income,100,continue_after_avalanche,period_end,income,income__c0p16__lognormal__biased__random,4,25,c,0.16,
2026520026,True,300,6628,1,160,20,160,6628,160,512,22,22,2699,295,0.11,True,4359,4359,512,0.5573422803395276,0.9435799495297088,0,127,200,20.0,lognormal,biased,random,0.02,0.2,0.16,5.0,1.0,0.1,300,0,0.0,True,True,income,100,continue_after_avalanche,period_end,income,income__c0p16__lognormal__biased__random,4,26,c,0.16,
2026520027,True,300,6408,1,160,20,160,6408,160,467,22,22,2455,291,0.11,True,4212,4212,467,0.5531125356125357,0.929292497625831,0,126,200,20.0,lognormal,biased,random,0.02,0.2,0.16,5.0,1.0,0.1,300,0,0.0,True,True,income,100,continue_after_avalanche,period_end,income,income__c0p16__lognormal__biased__random,4,27,c,0.16,
2026520028,True,300,5838,1,160,18,160,5838,160,557,20,20,2047,294,0.1,True,3803,3803,557,0.5067906915592955,0.877098343413095,0,116,200,20.0,lognormal,biased,random,0.02,0.2,0.16,5.0,1.0,0.1,300,0,0.0,True,True,income,100,continue_after_avalanche,period_end,income,income__c0p16__lognormal__biased__random,4,28,c,0.16,
2026520029,True,300,7462,1,160,24,160,7462,160,496,23,23,3288,297,0.115,True,4961,4961,496,0.596187260632937,0.9496240677282808,0,152,200,20.0,lognormal,biased,random,0.02,0.2,0.16,5.0,1.0,0.1,300,0,0.0,True,True,income,100,continue_after_avalanche,period_end,income,income__c0p16__lognormal__biased__random,4,29,c,0.16,
2026520030,True,300,6281,1,160,19,160,6281,160,1002,18,18,2125,293,0.09,False,4118,4118,1002,0.49707625060709093,0.8590942204953862,0,121,200,20.0,lognormal,biased,random,0.02,0.2,0.16,5.0,1.0,0.1,300,0,0.0,True,True,income,100,continue_after_avalanche,period_end,income,income__c0p16__lognormal__biased__random,4,30,c,0.16,
2026520031,True,300,5668,1,160,18,160,5668,160,540,19,19,1984,293,0.095,False,3693,3693,540,0.5069360953154618,0.9119374492282699,0,117,200,20.0,lognormal,biased,random,0.02,0.2,0.16,5.0,1.0,0.1,300,0,0.0,True,True,income,100,continue_after_avalanche,period_end,income,income__c0p16__lognormal__biased__random,4,31,c,0.16,
2026520032,True,300,6571,1,160,21,160,6571,160,466,20,20,2601,290,0.1,True,4326,4326,466,0.5608853444290338,0.9475566343042072,0,125,200,20.0,lognormal,biased,random,0.02,0.2,0.16,5.0,1.0,0.1,300,0,0.0,True,True,income,100,continue_after_avalanche,period_end,income,income__c0p16__lognormal__biased__random,4,32,c,0.16,
2026520033,True,300,5844,1,160,18,160,5844,160,945,19,19,2044,296,0.095,False,3820,3820,945,0.5073324607329843,0.8527853403141363,0,120,200,20.0,lognormal,biased,random,0.02,0.2,0.16,5.0,1.0,0.1,300,0,0.0,True,True,income,100,continue_after_avalanche,period_end,income,income__c0p16__lognormal__biased__random,4,33,c,0.16,
2026520034,True,300,6403,1,160,21,160,6403,160,526,22,22,2450,298,0.11,True,4218,4218,526,0.5594973921289712,0.9325201517306783,0,129,200,20.0,lognormal,biased,random,0.02,0.2,0.16,5.0,1.0,0.1,300,0,0.0,True,True,income,100,continue_after_avalanche,period_end,income,income__c0p16__lognormal__biased__random,4,34,c,0.16,
2026520035,True,300,5913,1,160,20,160,5913,160,920,15,15,1978,288,0.075,False,3867,3867,920,0.5226286527023534,0.8896728730281873,0,119,200,20.0,lognormal,biased,random,0.02,0.2,0.16,5.0,1.0,0.1,300,0,0.0,True,True,income,100,continue_after_avalanche,period_end,income,income__c0p16__lognormal__biased__random,4,35,c,0.16,
2026520036,True,300,6036,1,160,19,160,6036,160,698,19,19,2351,289,0.095,False,3933,3933,698,0.5308148995677602,0.9081960335621664,0,119,200,20.0,lognormal,biased,random,0.02,0.2,0.16,5.0,1.0,0.1,300,0,0.0,True,True,income,100,continue_after_avalanche,period_end,income,income__c0p16__lognormal__biased__random,4,36,c,0.16,
2026520037,True,300,6291,1,160,19,160,6291,160,648,23,23,2327,295,0.115,True,4137,4137,648,0.5396603819192654,0.9104508097655306,0,119,200,20.0,lognormal,biased,random,0.02,0.2,0.16,5.0,1.0,0.1,300,0,0.0,True,True,income,100,continue_after_avalanche,period_end,income,income__c0p16__lognormal__biased__random,4,37,c,0.16,
2026520038,True,300,7903,1,160,25,160,7903,160,113,28,28,4035,299,0.14,True,5337,5337,113,0.6479679595278247,0.9922044219599027,0,152,200,20.0,lognormal,biased,random,0.02,0.2,0.16,5.0,1.0,0.1,300,0,0.0,True,True,income,100,continue_after_avalanche,period_end,income,income__c0p16__lognormal__biased__random,4,38,c,0.16,
2026520039,True,300,5680,1,160,18,160,5680,160,867,17,17,1625,282,0.085,False,3697,3697,867,0.4756735190695158,0.8572071950229918,0,112,200,20.0,lognormal,biased,random,0.02,0.2,0.16,5.0,1.0,0.1,300,0,0.0,True,True,income,100,continue_after_avalanche,period_end,income,income__c0p16__lognormal__biased__random,4,39,c,0.16,
2026520040,True,300,6087,1,160,19,160,6087,160,633,17,17,2201,290,0.085,False,3989,3989,633,0.5049373276510405,0.9020619202807723,0,121,200,20.0,lognormal,biased,random,0.02,0.2,0.16,5.0,1.0,0.1,300,0,0.0,True,True,income,100,continue_after_avalanche,period_end,income,income__c0p16__lognormal__biased__random,4,40,c,0.16,
2026520041,True,300,5575,1,160,17,160,5575,160,899,15,15,1657,284,0.075,False,3619,3619,899,0.46319287095882844,0.8551547388781433,0,110,200,20.0,lognormal,biased,random,0.02,0.2,0.16,5.0,1.0,0.1,300,0,0.0,True,True,income,100,continue_after_avalanche,period_end,income,income__c0p16__lognormal__biased__random,4,41,c,0.16,
2026520042,True,300,5434,1,160,17,160,5434,160,856,15,15,1626,283,0.075,False,3532,3532,856,0.4756342015855042,0.8389580973952435,0,107,200,20.0,lognormal,biased,random,0.02,0.2,0.16,5.0,1.0,0.1,300,0,0.0,True,True,income,100,continue_after_avalanche,period_end,income,income__c0p16__lognormal__biased__random,4,42,c,0.16,
2026520043,True,300,6048,1,160,19,160,6048,160,636,16,16,2187,294,0.08,False,3949,3949,636,0.5269473284375792,0.9187553811091416,0,119,200,20.0,lognormal,biased,random,0.02,0.2,0.16,5.0,1.0,0.1,300,0,0.0,True,True,income,100,continue_after_avalanche,period_end,income,income__c0p16__lognormal__biased__random,4,43,c,0.16,
2026520044,True,300,5910,1,160,19,160,5910,160,821,18,18,2189,293,0.09,False,3866,3866,821,0.5246714950853597,0.8857423693740301,0,117,200,20.0,lognormal,biased,random,0.02,0.2,0.16,5.0,1.0,0.1,300,0,0.0,True,True,income,100,continue_after_avalanche,period_end,income,income__c0p16__lognormal__biased__random,4,44,c,0.16,
2026520045,True,300,5565,1,160,17,160,5565,160,608,21,21,1884,294,0.105,True,3612,3612,608,0.4980897009966778,0.8905454042081951,0,111,200,20.0,lognormal,biased,random,0.02,0.2,0.16,5.0,1.0,0.1,300,0,0.0,True,True,income,100,continue_after_avalanche,period_end,income,income__c0p16__lognormal__biased__random,4,45,c,0.16,
2026520046,True,300,6445,1,160,21,160,6445,160,1072,18,18,2135,292,0.09,False,4230,4230,1072,0.4846170212765959,0.859130023640662,0,132,200,20.0,lognormal,biased,random,0.02,0.2,0.16,5.0,1.0,0.1,300,0,0.0,True,True,income,100,continue_after_avalanche,period_end,income,income__c0p16__lognormal__biased__random,4,46,c,0.16,
2026520047,True,300,6409,2,232,20,160,6409,232,713,25,25,2471,294,0.125,True,4217,4217,713,0.5276274602798199,0.8996407398624615,0,126,200,20.0,lognormal,biased,random,0.02,0.2,0.16,5.0,1.0,0.1,300,0,0.0,True,True,income,100,continue_after_avalanche,period_end,income,income__c0p16__lognormal__biased__random,4,47,c,0.16,
2026520048,True,300,6091,1,160,20,160,6091,160,803,17,17,1900,286,0.085,False,4003,4003,803,0.4957944041968525,0.879176867349488,0,123,200,20.0,lognormal,biased,random,0.02,0.2,0.16,5.0,1.0,0.1,300,0,0.0,True,True,income,100,continue_after_avalanche,period_end,income,income__c0p16__lognormal__biased__random,4,48,c,0.16,
2026520049,True,300,5938,1,160,19,160,5938,160,727,17,17,2266,294,0.085,False,3898,3898,727,0.5408286300667009,0.8877398665982557,0,116,200,20.0,lognormal,biased,random,0.02,0.2,0.16,5.0,1.0,0.1,300,0,0.0,True,True,income,100,continue_after_avalanche,period_end,income,income__c0p16__lognormal__biased__random,4,49,c,0.16,
2026520050,True,300,6357,1,160,20,160,6357,160,607,20,20,2408,295,0.1,True,4188,4188,607,0.5661556829035339,0.928013371537727,0,125,200,20.0,lognormal,biased,random,0.02,0.2,0.16,5.0,1.0,0.1,300,0,0.0,True,True,income,100,continue_after_avalanche,period_end,income,income__c0p16__lognormal__biased__random,4,50,c,0.16,
2026520051,True,300,6159,1,160,20,160,6159,160,936,17,17,2063,289,0.085,False,4015,4015,936,0.478658779576588,0.8637646326276465,0,116,200,20.0,lognormal,biased,random,0.02,0.2,0.16,5.0,1.0,0.1,300,0,0.0,True,True,income,100,continue_after_avalanche,period_end,income,income__c0p16__lognormal__biased__random,4,51,c,0.16,
2026520052,True,300,6997,1,160,22,160,6997,160,946,21,21,2454,290,0.105,True,4609,4609,946,0.5156118463875028,0.9086038186157519,0,136,200,20.0,lognormal,biased,random,0.02,0.2,0.16,5.0,1.0,0.1,300,0,0.0,True,True,income,100,continue_after_avalanche,period_end,income,income__c0p16__lognormal__biased__random,4,52,c,0.16,
2026520053,True,300,6004,1,160,19,160,6004,160,491,19,19,2402,293,0.095,False,3925,3925,491,0.5287171974522293,0.9125566878980893,0,115,200,20.0,lognormal,biased,random,0.02,0.2,0.16,5.0,1.0,0.1,300,0,0.0,True,True,income,100,continue_after_avalanche,period_end,income,income__c0p16__lognormal__biased__random,4,53,c,0.16,
2026520054,True,300,5630,1,160,18,160,5630,160,700,17,17,1944,295,0.085,False,3672,3672,700,0.4925462962962963,0.8758632897603487,0,118,200,20.0,lognormal,biased,random,0.02,0.2,0.16,5.0,1.0,0.1,300,0,0.0,True,True,income,100,continue_after_avalanche,period_end,income,income__c0p16__lognormal__biased__random,4,54,c,0.16,
2026520055,True,300,5366,1,160,18,160,5366,160,703,20,20,1739,281,0.1,True,3508,3508,703,0.47844640820980633,0.8602366020524517,0,113,200,20.0,lognormal,biased,random,0.02,0.2,0.16,5.0,1.0,0.1,300,0,0.0,True,True,income,100,continue_after_avalanche,period_end,income,income__c0p16__lognormal__biased__random,4,55,c,0.16,
2026520056,True,300,6163,1,160,20,160,6163,160,797,21,21,2002,294,0.105,True,4043,4043,797,0.5031226811773437,0.8753586445708634,0,120,200,20.0,lognormal,biased,random,0.02,0.2,0.16,5.0,1.0,0.1,300,0,0.0,True,True,income,100,continue_after_avalanche,period_end,income,income__c0p16__lognormal__biased__random,4,56,c,0.16,
2026520057,True,300,5571,1,160,18,160,5571,160,824,18,18,1772,290,0.09,False,3613,3613,824,0.46338084694159987,0.8540174370329368,0,111,200,20.0,lognormal,biased,random,0.02,0.2,0.16,5.0,1.0,0.1,300,0,0.0,True,True,income,100,continue_after_avalanche,period_end,income,income__c0p16__lognormal__biased__random,4,57,c,0.16,
2026520058,True,300,5868,1,160,17,160,5868,160,730,23,23,2132,296,0.115,True,3811,3811,730,0.5101771188664395,0.875299134085542,0,114,200,20.0,lognormal,biased,random,0.02,0.2,0.16,5.0,1.0,0.1,300,0,0.0,True,True,income,100,continue_after_avalanche,period_end,income,income__c0p16__lognormal__biased__random,4,58,c,0.16,
2026520059,True,300,5821,1,160,19,160,5821,160,846,17,17,2121,298,0.085,False,3813,3813,846,0.5155874639391556,0.8627786519800682,0,116,200,20.0,lognormal,biased,random,0.02,0.2,0.16,5.0,1.0,0.1,300,0,0.0,True,True,income,100,continue_after_avalanche,period_end,income,income__c0p16__lognormal__biased__random,4,59,c,0.16,
2026620000,True,300,6122,21,630,20,160,6122,630,399,19,19,1985,266,0.095,False,4003,4003,399,0.4320871846115415,0.9634761428928305,0,117,200,20.0,pareto,biased,random,0.02,0.2,0.16,5.0,1.0,0.1,300,0,0.0,True,True,income,100,continue_after_avalanche,period_end,income,income__c0p16__pareto__biased__random,5,0,c,0.16,
2026620001,True,300,6157,36,921,19,160,6157,921,1183,16,16,1143,221,0.08,False,4002,4002,1183,0.29635932033983026,0.8198125937031486,0,123,200,20.0,pareto,biased,random,0.02,0.2,0.16,5.0,1.0,0.1,300,0,0.0,True,True,income,100,continue_after_avalanche,period_end,income,income__c0p16__pareto__biased__random,5,1,c,0.16,
2026620002,True,300,6096,13,476,19,160,6096,476,196,22,22,2370,265,0.11,True,4005,4005,196,0.4927877652933834,0.9738938826466916,0,122,200,20.0,pareto,biased,random,0.02,0.2,0.16,5.0,1.0,0.1,300,0,0.0,True,True,income,100,continue_after_avalanche,period_end,income,income__c0p16__pareto__biased__random,5,2,c,0.16,
2026620003,True,300,6116,16,540,19,160,6116,540,375,19,19,1713,243,0.095,False,4010,4010,375,0.429785536159601,0.9552493765586036,0,120,200,20.0,pareto,biased,random,0.02,0.2,0.16,5.0,1.0,0.1,300,0,0.0,True,True,income,100,continue_after_avalanche,period_end,income,income__c0p16__pareto__biased__random,5,3,c,0.16,
2026620004,True,300,6158,31,834,20,160,6158,834,1471,17,17,968,218,0.085,False,4001,4001,1471,0.28528992751812066,0.7848275431142215,0,124,200,20.0,pareto,biased,random,0.02,0.2,0.16,5.0,1.0,0.1,300,0,0.0,True,True,income,100,continue_after_avalanche,period_end,income,income__c0p16__pareto__biased__random,5,4,c,0.16,
2026620005,True,300,6194,16,541,19,160,6194,541,1637,15,15,1003,216,0.075,False,3996,3996,1637,0.28372622622622634,0.819436936936937,0,118,200,20.0,pareto,biased,random,0.02,0.2,0.16,5.0,1.0,0.1,300,0,0.0,True,True,income,100,continue_after_avalanche,period_end,income,income__c0p16__pareto__biased__random,5,5,c,0.16,
2026620006,True,300,6155,25,716,20,160,6155,716,885,17,17,1313,235,0.085,False,4002,4002,885,0.35953523238380813,0.8788480759620192,0,122,200,20.0,pareto,biased,random,0.02,0.2,0.16,5.0,1.0,0.1,300,0,0.0,True,True,income,100,continue_after_avalanche,period_end,income,income__c0p16__pareto__biased__random,5,6,c,0.16,
2026620007,True,300,6148,21,639,20,160,6148,639,1015,16,16,1092,228,0.08,False,4006,4006,1015,0.3069021467798303,0.8699700449326011,0,118,200,20.0,pareto,biased,random,0.02,0.2,0.16,5.0,1.0,0.1,300,0,0.0,True,True,income,100,continue_after_avalanche,period_end,income,income__c0p16__pareto__biased__random,5,7,c,0.16,
2026620008,True,300,6101,18,572,19,160,6101,572,476,21,21,1706,249,0.105,True,4003,4003,476,0.4086197851611293,0.9403634773919562,0,119,200,20.0,pareto,biased,random,0.02,0.2,0.16,5.0,1.0,0.1,300,0,0.0,True,True,income,100,continue_after_avalanche,period_end,income,income__c0p16__pareto__biased__random,5,8,c,0.16,
2026620009,True,300,6124,47,1168,20,160,6124,1168,1827,11,11,763,194,0.055,False,3998,3998,1827,0.2800575287643823,0.7842346173086545,0,130,200,20.0,pareto,biased,random,0.02,0.2,0.16,5.0,1.0,0.1,300,0,0.0,True,True,income,100,continue_after_avalanche,period_end,income,income__c0p16__pareto__biased__random,5,9,c,0.16,
2026620010,True,300,6140,46,1141,20,160,6140,1141,1328,17,17,1022,214,0.085,False,3993,3993,1328,0.28205234159779624,0.8268707738542451,0,118,200,20.0,pareto,biased,random,0.02,0.2,0.16,5.0,1.0,0.1,300,0,0.0,True,True,income,100,continue_after_avalanche,period_end,income,income__c0p16__pareto__biased__random,5,10,c,0.16,
2026620011,True,300,6139,30,817,19,160,6139,817,1107,16,16,1264,232,0.08,False,3996,3996,1107,0.34858858858858865,0.849844844844845,0,121,200,20.0,pareto,biased,random,0.02,0.2,0.16,5.0,1.0,0.1,300,0,0.0,True,True,income,100,continue_after_avalanche,period_end,income,income__c0p16__pareto__biased__random,5,11,c,0.16,
2026620012,True,300,5671,1,160,17,160,5671,160,1,24,24,4098,299,0.12,True,4004,4004,1,0.737832167832168,0.994985014985015,0,108,200,20.0,pareto,biased,random,0.02,0.2,0.16,5.0,1.0,0.1,300,0,0.0,True,True,income,100,continue_after_avalanche,period_end,income,income__c0p16__pareto__biased__random,5,12,c,0.16,
2026620013,True,300,6105,31,834,20,160,6105,834,1220,14,14,1102,224,0.07,False,4002,4002,1220,0.3266791604197903,0.840192403798101,0,126,200,20.0,pareto,biased,random,0.02,0.2,0.16,5.0,1.0,0.1,300,0,0.0,True,True,income,100,continue_after_avalanche,period_end,income,income__c0p16__pareto__biased__random,5,13,c,0.16,
2026620014,True,300,6134,36,935,19,160,6134,935,1162,15,15,1399,235,0.075,False,3993,3993,1162,0.352222639619334,0.8565226646631607,0,119,200,20.0,pareto,biased,random,0.02,0.2,0.16,5.0,1.0,0.1,300,0,0.0,True,True,income,100,continue_after_avalanche,period_end,income,income__c0p16__pareto__biased__random,5,14,c,0.16,
2026620015,True,300,6147,35,917,19,160,6147,917,1102,15,15,1084,222,0.075,False,4004,4004,1102,0.2994905094905096,0.8443356643356645,0,120,200,20.0,pareto,biased,random,0.02,0.2,0.16,5.0,1.0,0.1,300,0,0.0,True,True,income,100,continue_after_avalanche,period_end,income,income__c0p16__pareto__biased__random,5,15,c,0.16,
2026620016,True,300,6172,26,747,20,160,6172,747,1450,14,14,996,221,0.07,False,4000,4000,1450,0.27492000000000005,0.8099800000000001,0,124,200,20.0,pareto,biased,random,0.02,0.2,0.16,5.0,1.0,0.1,300,0,0.0,True,True,income,100,continue_after_avalanche,period_end,income,income__c0p16__pareto__biased__random,5,16,c,0.16,
2026620017,True,300,6178,43,1103,19,160,6178,1103,1240,15,15,1110,229,0.075,False,3999,3999,1240,0.28005126281570414,0.8367654413603403,0,120,200,20.0,pareto,biased,random,0.02,0.2,0.16,5.0,1.0,0.1,300,0,0.0,True,True,income,100,continue_after_avalanche,period_end,income,income__c0p16__pareto__biased__random,5,17,c,0.16,
2026620018,True,300,6153,34,892,19,160,6153,892,1428,13,13,954,216,0.065,False,4004,4004,1428,0.2974900099900102,0.8060764235764237,0,129,200,20.0,pareto,biased,random,0.02,0.2,0.16,5.0,1.0,0.1,300,0,0.0,True,True,income,100,continue_after_avalanche,period_end,income,income__c0p16__pareto__biased__random,5,18,c,0.16,
2026620019,True,300,6135,42,1048,19,160,6135,1048,1515,14,14,840,200,0.07,False,3995,3995,1515,0.2877959949937423,0.8033704630788487,0,128,200,20.0,pareto,biased,random,0.02,0.2,0.16,5.0,1.0,0.1,300,0,0.0,True,True,income,100,continue_after_avalanche,period_end,income,income__c0p16__pareto__biased__random,5,19,c,0.16,
2026620020,True,300,6099,57,1349,21,160,6099,1349,2142,10,10,817,212,0.05,False,3992,3992,2142,0.26414078156312626,0.7368286573146294,0,118,200,20.0,pareto,biased,random,0.02,0.2,0.16,5.0,1.0,0.1,300,0,0.0,True,True,income,100,continue_after_avalanche,period_end,income,income__c0p16__pareto__biased__random,5,20,c,0.16,
2026620021,True,300,6158,55,1321,20,160,6158,1321,1887,15,15,841,216,0.075,False,3998,3998,1887,0.2609179589794899,0.7848274137068536,0,121,200,20.0,pareto,biased,random,0.02,0.2,0.16,5.0,1.0,0.1,300,0,0.0,True,True,income,100,continue_after_avalanche,period_end,income,income__c0p16__pareto__biased__random,5,21,c,0.16,
2026620022,True,300,6136,32,857,19,160,6136,857,620,17,17,1738,245,0.085,False,3995,3995,620,0.4013529411764707,0.9320287859824783,0,122,200,20.0,pareto,biased,random,0.02,0.2,0.16,5.0,1.0,0.1,300,0,0.0,True,True,income,100,continue_after_avalanche,period_end,income,income__c0p16__pareto__biased__random,5,22,c,0.16,
2026620023,True,300,6183,26,755,19,160,6183,755,1443,16,16,1116,222,0.08,False,4001,4001,1443,0.2985616095976007,0.8420757310672333,0,122,200,20.0,pareto,biased,random,0.02,0.2,0.16,5.0,1.0,0.1,300,0,0.0,True,True,income,100,continue_after_avalanche,period_end,income,income__c0p16__pareto__biased__random,5,23,c,0.16,
2026620024,True,300,6150,38,980,19,160,6150,980,1220,15,15,1244,234,0.075,False,3997,3997,1220,0.32693895421566177,0.8355904428321241,0,117,200,20.0,pareto,biased,random,0.02,0.2,0.16,5.0,1.0,0.1,300,0,0.0,True,True,income,100,continue_after_avalanche,period_end,income,income__c0p16__pareto__biased__random,5,24,c,0.16,
2026620025,True,300,6145,31,830,20,160,6145,830,975,18,18,1150,224,0.09,False,3997,3997,975,0.3333062296722542,0.8754153114836127,0,121,200,20.0,pareto,biased,random,0.02,0.2,0.16,5.0,1.0,0.1,300,0,0.0,True,True,income,100,continue_after_avalanche,period_end,income,income__c0p16__pareto__biased__random,5,25,c,0.16,
2026620026,True,300,6181,45,1120,19,160,6181,1120,1123,14,14,1261,228,0.07,False,4007,4007,1123,0.33337035188420283,0.8591851759421014,0,126,200,20.0,pareto,biased,random,0.02,0.2,0.16,5.0,1.0,0.1,300,0,0.0,True,True,income,100,continue_after_avalanche,period_end,income,income__c0p16__pareto__biased__random,5,26,c,0.16,
2026620027,True,300,6135,36,932,19,160,6135,932,1100,14,14,1211,227,0.07,False,3991,3991,1100,0.30423828614382376,0.845253069406164,0,114,200,20.0,pareto,biased,random,0.02,0.2,0.16,5.0,1.0,0.1,300,0,0.0,True,True,income,100,continue_after_avalanche,period_end,income,income__c0p16__pareto__biased__random,5,27,c,0.16,
2026620028,True,300,6126,25,713,19,160,6126,713,934,14,14,1141,214,0.07,False,4004,4004,934,0.33066183816183825,0.8955494505494506,0,119,200,20.0,pareto,biased,random,0.02,0.2,0.16,5.0,1.0,0.1,300,0,0.0,True,True,income,100,continue_after_avalanche,period_end,income,income__c0p16__pareto__biased__random,5,28,c,0.16,
2026620029,True,300,6155,33,887,19,160,6155,887,1189,19,19,1257,235,0.095,False,3999,3999,1189,0.323424606151538,0.8433295823955991,0,122,200,20.0,pareto,biased,random,0.02,0.2,0.16,5.0,1.0,0.1,300,0,0.0,True,True,income,100,continue_after_avalanche,period_end,income,income__c0p16__pareto__biased__random,5,29,c,0.16,
2026620030,True,300,6125,37,949,20,160,6125,949,918,15,15,1270,229,0.075,False,4003,4003,918,0.3886322757931553,0.8904259305520861,0,122,200,20.0,pareto,biased,random,0.02,0.2,0.16,5.0,1.0,0.1,300,0,0.0,True,True,income,100,continue_after_avalanche,period_end,income,income__c0p16__pareto__biased__random,5,30,c,0.16,
2026620031,True,300,6157,24,700,18,160,6157,700,912,15,15,1296,235,0.075,False,4004,4004,912,0.34621878121878136,0.8874125874125876,0,118,200,20.0,pareto,biased,random,0.02,0.2,0.16,5.0,1.0,0.1,300,0,0.0,True,True,income,100,continue_after_avalanche,period_end,income,income__c0p16__pareto__biased__random,5,31,c,0.16,
2026620032,True,300,6126,12,453,19,160,6126,453,1561,16,16,893,220,0.08,False,3996,3996,1561,0.27113863863863874,0.7961536536536538,0,114,200,20.0,pareto,biased,random,0.02,0.2,0.16,5.0,1.0,0.1,300,0,0.0,True,True,income,100,continue_after_avalanche,period_end,income,income__c0p16__pareto__biased__random,5,32,c,0.16,
2026620033,True,300,6145,23,662,20,160,6145,662,1128,17,17,1115,226,0.085,False,3995,3995,1128,0.34382352941176486,0.8610275344180227,0,122,200,20.0,pareto,biased,random,0.02,0.2,0.16,5.0,1.0,0.1,300,0,0.0,True,True,income,100,continue_after_avalanche,period_end,income,income__c0p16__pareto__biased__random,5,33,c,0.16,
2026620034,True,300,6142,30,831,19,160,6142,831,1011,15,15,1180,223,0.075,False,4007,4007,1011,0.32559396056900436,0.8461355128525083,0,121,200,20.0,pareto,biased,random,0.02,0.2,0.16,5.0,1.0,0.1,300,0,0.0,True,True,income,100,continue_after_avalanche,period_end,income,income__c0p16__pareto__biased__random,5,34,c,0.16,
2026620035,True,300,6134,44,1107,19,160,6134,1107,1638,13,13,892,214,0.065,False,3997,3997,1638,0.28180510382787105,0.7861508631473606,0,121,200,20.0,pareto,biased,random,0.02,0.2,0.16,5.0,1.0,0.1,300,0,0.0,True,True,income,100,continue_after_avalanche,period_end,income,income__c0p16__pareto__biased__random,5,35,c,0.16,
2026620036,True,300,6185,21,638,21,160,6185,638,2051,12,12,711,214,0.06,False,3999,3999,2051,0.2567554388597151,0.7316141535383847,0,123,200,20.0,pareto,biased,random,0.02,0.2,0.16,5.0,1.0,0.1,300,0,0.0,True,True,income,100,continue_after_avalanche,period_end,income,income__c0p16__pareto__biased__random,5,36,c,0.16,
2026620037,True,300,6123,28,772,20,160,6123,772,1238,15,15,1407,238,0.075,False,4001,4001,1238,0.3427980504873782,0.8512059485128718,0,128,200,20.0,pareto,biased,random,0.02,0.2,0.16,5.0,1.0,0.1,300,0,0.0,True,True,income,100,continue_after_avalanche,period_end,income,income__c0p16__pareto__biased__random,5,37,c,0.16,
2026620038,True,300,6160,21,636,20,160,6160,636,1221,16,16,1167,225,0.08,False,4002,4002,1221,0.3056921539230386,0.8395452273863069,0,128,200,20.0,pareto,biased,random,0.02,0.2,0.16,5.0,1.0,0.1,300,0,0.0,True,True,income,100,continue_after_avalanche,period_end,income,income__c0p16__pareto__biased__random,5,38,c,0.16,
2026620039,True,300,6158,30,830,19,160,6158,830,1320,16,16,1089,238,0.08,False,3999,3999,1320,0.2985383845961491,0.8123993498374595,0,119,200,20.0,pareto,biased,random,0.02,0.2,0.16,5.0,1.0,0.1,300,0,0.0,True,True,income,100,continue_after_avalanche,period_end,income,income__c0p16__pareto__biased__random,5,39,c,0.16,
2026620040,True,300,6174,44,1109,20,160,6174,1109,1426,13,13,962,214,0.065,False,3998,3998,1426,0.27538019009504766,0.7942396198099051,0,115,200,20.0,pareto,biased,random,0.02,0.2,0.16,5.0,1.0,0.1,300,0,0.0,True,True,income,100,continue_after_avalanche,period_end,income,income__c0p16__pareto__biased__random,5,40,c,0.16,
2026620041,True,300,6114,12,463,19,160,6114,463,557,19,19,1735,245,0.095,False,4006,4006,557,0.43850474288567165,0.9426585122316526,0,120,200,20.0,pareto,biased,random,0.02,0.2,0.16,5.0,1.0,0.1,300,0,0.0,True,True,income,100,continue_after_avalanche,period_end,income,income__c0p16__pareto__biased__random,5,41,c,0.16,
2026620042,True,300,6147,28,778,20,160,6147,778,1610,13,13,908,232,0.065,False,4001,4001,1610,0.2769670082479381,0.8148850287428144,0,118,200,20.0,pareto,biased,random,0.02,0.2,0.16,5.0,1.0,0.1,300,0,0.0,True,True,income,100,continue_after_avalanche,period_end,income,income__c0p16__pareto__biased__random,5,42,c,0.16,
2026620043,True,300,6143,41,1025,20,160,6143,1025,1781,15,15,830,212,0.075,False,4002,4002,1781,0.2884957521239382,0.7818790604697652,0,119,200,20.0,pareto,biased,random,0.02,0.2,0.16,5.0,1.0,0.1,300,0,0.0,True,True,income,100,continue_after_avalanche,period_end,income,income__c0p16__pareto__biased__random,5,43,c,0.16,
2026620044,True,300,6194,26,752,19,160,6194,752,1607,11,11,1046,221,0.055,False,4002,4002,1607,0.28089955022488766,0.7917141429285359,0,119,200,20.0,pareto,biased,random,0.02,0.2,0.16,5.0,1.0,0.1,300,0,0.0,True,True,income,100,continue_after_avalanche,period_end,income,income__c0p16__pareto__biased__random,5,44,c,0.16,
2026620045,True,300,6133,26,723,19,160,6133,723,822,16,16,1451,243,0.08,False,4004,4004,822,0.38073426573426583,0.90241008991009,0,123,200,20.0,pareto,biased,random,0.02,0.2,0.16,5.0,1.0,0.1,300,0,0.0,True,True,income,100,continue_after_avalanche,period_end,income,income__c0p16__pareto__biased__random,5,45,c,0.16,
2026620046,True,300,6150,41,1034,20,160,6150,1034,1934,10,10,782,205,0.05,False,3999,3999,1934,0.2526444111027757,0.7575456364091024,0,118,200,20.0,pareto,biased,random,0.02,0.2,0.16,5.0,1.0,0.1,300,0,0.0,True,True,income,100,continue_after_avalanche,period_end,income,income__c0p16__pareto__biased__random,5,46,c,0.16,
2026620047,True,300,6144,45,1112,20,160,6144,1112,1697,13,13,839,212,0.065,False,3998,3998,1697,0.2562081040520261,0.7890395197598801,0,127,200,20.0,pareto,biased,random,0.02,0.2,0.16,5.0,1.0,0.1,300,0,0.0,True,True,income,100,continue_after_avalanche,period_end,income,income__c0p16__pareto__biased__random,5,47,c,0.16,
2026620048,True,300,6146,25,724,20,160,6146,724,868,17,17,1553,244,0.085,False,3996,3996,868,0.3740840840840842,0.9141066066066068,0,124,200,20.0,pareto,biased,random,0.02,0.2,0.16,5.0,1.0,0.1,300,0,0.0,True,True,income,100,continue_after_avalanche,period_end,income,income__c0p16__pareto__biased__random,5,48,c,0.16,
2026620049,True,300,6123,43,1067,19,160,6123,1067,797,16,16,1253,216,0.08,False,3994,3994,797,0.34758137205808715,0.9082023034551829,0,125,200,20.0,pareto,biased,random,0.02,0.2,0.16,5.0,1.0,0.1,300,0,0.0,True,True,income,100,continue_after_avalanche,period_end,income,income__c0p16__pareto__biased__random,5,49,c,0.16,
2026620050,True,300,6174,43,1086,20,160,6174,1086,900,16,16,1269,236,0.08,False,4000,4000,900,0.328125,0.8791150000000001,0,122,200,20.0,pareto,biased,random,0.02,0.2,0.16,5.0,1.0,0.1,300,0,0.0,True,True,income,100,continue_after_avalanche,period_end,income,income__c0p16__pareto__biased__random,5,50,c,0.16,
2026620051,True,300,6149,32,855,20,160,6149,855,1146,14,14,977,232,0.07,False,4000,4000,1146,0.33516500000000016,0.8480125000000001,0,128,200,20.0,pareto,biased,random,0.02,0.2,0.16,5.0,1.0,0.1,300,0,0.0,True,True,income,100,continue_after_avalanche,period_end,income,income__c0p16__pareto__biased__random,5,51,c,0.16,
2026620052,True,300,6161,37,969,20,160,6161,969,1620,16,16,935,205,0.08,False,4003,4003,1620,0.28158006495128673,0.776628778416188,0,128,200,20.0,pareto,biased,random,0.02,0.2,0.16,5.0,1.0,0.1,300,0,0.0,True,True,income,100,continue_after_avalanche,period_end,income,income__c0p16__pareto__biased__random,5,52,c,0.16,
2026620053,True,300,6155,45,1101,20,160,6155,1101,1699,15,15,776,208,0.075,False,3999,3999,1699,0.2507264316079021,0.7601062765691424,0,132,200,20.0,pareto,biased,random,0.02,0.2,0.16,5.0,1.0,0.1,300,0,0.0,True,True,income,100,continue_after_avalanche,period_end,income,income__c0p16__pareto__biased__random,5,53,c,0.16,
2026620054,True,300,6156,15,517,19,160,6156,517,792,16,16,1424,231,0.08,False,4004,4004,792,0.36279470529470537,0.8981668331668333,0,122,200,20.0,pareto,biased,random,0.02,0.2,0.16,5.0,1.0,0.1,300,0,0.0,True,True,income,100,continue_after_avalanche,period_end,income,income__c0p16__pareto__biased__random,5,54,c,0.16,
2026620055,True,300,6142,41,1027,19,160,6142,1027,1235,19,19,1126,211,0.095,False,3998,3998,1235,0.32346173086543284,0.8729614807403703,0,120,200,20.0,pareto,biased,random,0.02,0.2,0.16,5.0,1.0,0.1,300,0,0.0,True,True,income,100,continue_after_avalanche,period_end,income,income__c0p16__pareto__biased__random,5,55,c,0.16,
2026620056,True,300,6160,24,707,18,160,6160,707,718,20,20,1462,238,0.1,True,4006,4006,718,0.35136545182226664,0.9109985022466303,0,120,200,20.0,pareto,biased,random,0.02,0.2,0.16,5.0,1.0,0.1,300,0,0.0,True,True,income,100,continue_after_avalanche,period_end,income,income__c0p16__pareto__biased__random,5,56,c,0.16,
2026620057,True,300,6128,26,726,20,160,6128,726,976,18,18,1295,230,0.09,False,4001,4001,976,0.32240814796300943,0.8760397400649838,0,124,200,20.0,pareto,biased,random,0.02,0.2,0.16,5.0,1.0,0.1,300,0,0.0,True,True,income,100,continue_after_avalanche,period_end,income,income__c0p16__pareto__biased__random,5,57,c,0.16,
2026620058,True,300,6109,26,724,20,160,6109,724,864,18,18,1507,238,0.09,False,4000,4000,864,0.3701175000000001,0.9109775,0,119,200,20.0,pareto,biased,random,0.02,0.2,0.16,5.0,1.0,0.1,300,0,0.0,True,True,income,100,continue_after_avalanche,period_end,income,income__c0p16__pareto__biased__random,5,58,c,0.16,
2026620059,True,300,6182,24,703,20,160,6182,703,1118,14,14,1130,232,0.07,False,4000,4000,1118,0.3298000000000001,0.8547600000000002,0,125,200,20.0,pareto,biased,random,0.02,0.2,0.16,5.0,1.0,0.1,300,0,0.0,True,True,income,100,continue_after_avalanche,period_end,income,income__c0p16__pareto__biased__random,5,59,c,0.16,
2026720000,True,300,8125,1,180,26,180,8125,180,408,25,25,3693,299,0.125,True,4668,4668,408,0.5756126820908314,0.9495501285347046,0,142,200,20.0,lognormal,biased,random,0.02,0.2,0.18,5.0,1.0,0.1,300,0,0.0,True,True,income,100,continue_after_avalanche,period_end,income,income__c0p18__lognormal__biased__random,6,0,c,0.18,
2026720001,True,300,7015,1,180,21,180,7015,180,631,21,21,2842,296,0.105,True,3989,3989,631,0.5136487841564303,0.9038393080972675,0,116,200,20.0,lognormal,biased,random,0.02,0.2,0.18,5.0,1.0,0.1,300,0,0.0,True,True,income,100,continue_after_avalanche,period_end,income,income__c0p18__lognormal__biased__random,6,1,c,0.18,
2026720002,True,300,7257,1,180,23,180,7257,180,330,24,24,2977,296,0.12,True,4167,4167,330,0.5355231581473483,0.9337808975281978,0,128,200,20.0,lognormal,biased,random,0.02,0.2,0.18,5.0,1.0,0.1,300,0,0.0,True,True,income,100,continue_after_avalanche,period_end,income,income__c0p18__lognormal__biased__random,6,2,c,0.18,
2026720003,True,300,6462,1,180,19,180,6462,180,551,21,21,2438,294,0.105,True,3628,3628,551,0.4799917309812569,0.8891179713340684,0,111,200,20.0,lognormal,biased,random,0.02,0.2,0.18,5.0,1.0,0.1,300,0,0.0,True,True,income,100,continue_after_avalanche,period_end,income,income__c0p18__lognormal__biased__random,6,3,c,0.18,
2026720004,True,300,6363,1,180,20,180,6363,180,801,16,16,2229,297,0.08,False,3551,3551,801,0.49126865671641795,0.8903590537876656,0,110,200,20.0,lognormal,biased,random,0.02,0.2,0.18,5.0,1.0,0.1,300,0,0.0,True,True,income,100,continue_after_avalanche,period_end,income,income__c0p18__lognormal__biased__random,6,4,c,0.18,
2026720005,True,300,6324,1,180,21,180,6324,180,834,17,17,2175,297,0.085,False,3550,3550,834,0.4668450704225353,0.8800957746478875,0,115,200,20.0,lognormal,biased,random,0.02,0.2,0.18,5.0,1.0,0.1,300,0,0.0,True,True,income,100,continue_after_avalanche,period_end,income,income__c0p18__lognormal__biased__random,6,5,c,0.18,
2026720006,True,300,6904,1,180,22,180,6904,180,574,22,22,2743,296,0.11,True,3939,3939,574,0.5310015232292462,0.9253808073115004,0,117,200,20.0,lognormal,biased,random,0.02,0.2,0.18,5.0,1.0,0.1,300,0,0.0,True,True,income,100,continue_after_avalanche,period_end,income,income__c0p18__lognormal__biased__random,6,6,c,0.18,
2026720007,True,300,6531,1,180,21,180,6531,180,347,21,21,2999,298,0.105,True,3686,3686,347,0.547455236028215,0.955246880086815,0,117,200,20.0,lognormal,biased,random,0.02,0.2,0.18,5.0,1.0,0.1,300,0,0.0,True,True,income,100,continue_after_avalanche,period_end,income,income__c0p18__lognormal__biased__random,6,7,c,0.18,
2026720008,True,300,6674,1,180,20,180,6674,180,806,19,19,2435,297,0.095,False,3741,3741,806,0.4661921946003744,0.8762964448008554,0,115,200,20.0,lognormal,biased,random,0.02,0.2,0.18,5.0,1.0,0.1,300,0,0.0,True,True,income,100,continue_after_avalanche,period_end,income,income__c0p18__lognormal__biased__random,6,8,c,0.18,
2026720009,True,300,7216,1,180,22,180,7216,180,632,20,20,2983,298,0.1,True,4100,4100,632,0.5074878048780489,0.9200707317073171,0,128,200,20.0,lognormal,biased,random,0.02,0.2,0.18,5.0,1.0,0.1,300,0,0.0,True,True,income,100,continue_after_avalanche,period_end,income,income__c0p18__lognormal__biased__random,6,9,c,0.18,
2026720010,True,300,7491,1,180,23,180,7491,180,447,24,24,3333,298,0.12,True,4297,4297,447,0.5636292762392368,0.9525727251570864,0,124,200,20.0,lognormal,biased,random,0.02,0.2,0.18,5.0,1.0,0.1,300,0,0.0,True,True,income,100,continue_after_avalanche,period_end,income,income__c0p18__lognormal__biased__random,6,10,c,0.18,
2026720011,True,300,6788,1,180,22,180,6788,180,776,21,21,2541,291,0.105,True,3863,3863,776,0.4855073776857366,0.8878656484597465,0,125,200,20.0,lognormal,biased,random,0.02,0.2,0.18,5.0,1.0,0.1,300,0,0.0,True,True,income,100,continue_after_avalanche,period_end,income,income__c0p18__lognormal__biased__random,6,11,c,0.18,
2026720012,True,300,7714,1,180,24,180,7714,180,527,24,24,3183,293,0.12,True,4404,4404,527,0.5133923705722072,0.9332220708446868,0,137,200,20.0,lognormal,biased,random,0.02,0.2,0.18,5.0,1.0,0.1,300,0,0.0,True,True,income,100,continue_after_avalanche,period_end,income,income__c0p18__lognormal__biased__random,6,12,c,0.18,
2026720013,True,300,6412,1,180,21,180,6412,180,599,22,22,2370,299,0.11,True,3632,3632,599,0.5025440528634362,0.9108232378854626,0,118,200,20.0,lognormal,biased,random,0.02,0.2,0.18,5.0,1.0,0.1,300,0,0.0,True,True,income,100,continue_after_avalanche,period_end,income,income__c0p18__lognormal__biased__random,6,13,c,0.18,
2026720014,True,300,8679,1,180,27,180,8679,180,37,28,28,4353,299,0.14,True,5077,5077,37,0.5905071892850109,0.993711837699429,0,143,200,20.0,lognormal,biased,random,0.02,0.2,0.18,5.0,1.0,0.1,300,0,0.0,True,True,income,100,continue_after_avalanche,period_end,income,income__c0p18__lognormal__biased__random,6,14,c,0.18,
2026720015,True,300,6037,1,180,20,180,6037,180,797,18,18,2163,294,0.09,False,3400,3400,797,0.48807058823529426,0.8616970588235295,0,114,200,20.0,lognormal,biased,random,0.02,0.2,0.18,5.0,1.0,0.1,300,0,0.0,True,True,income,100,continue_after_avalanche,period_end,income,income__c0p18__lognormal__biased__random,6,15,c,0.18,
2026720016,True,300,7130,1,180,23,180,7130,180,592,21,21,3039,300,0.105,True,4078,4078,592,0.5578200098087298,0.9113536047081905,0,123,200,20.0,lognormal,biased,random,0.02,0.2,0.18,5.0,1.0,0.1,300,0,0.0,True,True,income,100,continue_after_avalanche,period_end,income,income__c0p18__lognormal__biased__random,6,16,c,0.18,
2026720017,True,300,6488,1,180,20,180,6488,180,622,20,20,2746,296,0.1,True,3657,3657,622,0.5248167897183484,0.898625922887613,0,114,200,20.0,lognormal,biased,random,0.02,0.2,0.18,5.0,1.0,0.1,300,0,0.0,True,True,income,100,continue_after_avalanche,period_end,income,income__c0p18__lognormal__biased__random,6,17,c,0.18,
2026720018,True,300,6865,1,180,22,180,6865,180,607,22,22,2828,298,0.11,True,3907,3907,607,0.5139378039416433,0.8955246992577426,0,126,200,20.0,lognormal,biased,random,0.02,0.2,0.18,5.0,1.0,0.1,300,0,0.0,True,True,income,100,continue_after_avalanche,period_end,income,income__c0p18__lognormal__biased__random,6,18,c,0.18,
2026720019,True,300,6590,1,180,20,180,6590,180,727,20,20,2390,296,0.1,True,3719,3719,727,0.49554046786770645,0.878353051895671,0,112,200,20.0,lognormal,biased,random,0.02,0.2,0.18,5.0,1.0,0.1,300,0,0.0,True,True,income,100,continue_after_avalanche,period_end,income,income__c0p18__lognormal__biased__random,6,19,c,0.18,
2026720020,True,300,6653,1,180,22,180,6653,180,460,20,20,2841,299,0.1,True,3760,3760,460,0.5313218085106384,0.9245159574468087,0,113,200,20.0,lognormal,biased,random,0.02,0.2,0.18,5.0,1.0,0.1,300,0,0.0,True,True,income,100,continue_after_avalanche,period_end,income,income__c0p18__lognormal__biased__random,6,20,c,0.18,
2026720021,True,300,6658,1,180,21,180,6658,180,749,20,20,2535,298,0.1,True,3768,3768,749,0.5154538216560511,0.9201300424628451,0,117,200,20.0,lognormal,biased,random,0.02,0.2,0.18,5.0,1.0,0.1,300,0,0.0,True,True,income,100,continue_after_avalanche,period_end,income,income__c0p18__lognormal__biased__random,6,21,c,0.18,
2026720022,True,300,7043,1,180,23,180,7043,180,415,22,22,3091,295,0.11,True,4014,4014,415,0.5287917289486797,0.9196063776781267,0,125,200,20.0,lognormal,biased,random,0.02,0.2,0.18,5.0,1.0,0.1,300,0,0.0,True,True,income,100,continue_after_avalanche,period_end,income,income__c0p18__lognormal__biased__random,6,22,c,0.18,
2026720023,True,300,6569,1,180,21,180,6569,180,577,19,19,2627,298,0.095,False,3704,3704,577,0.5227375809935206,0.9096787257019439,0,112,200,20.0,lognormal,biased,random,0.02,0.2,0.18,5.0,1.0,0.1,300,0,0.0,True,True,income,100,continue_after_avalanche,period_end,income,income__c0p18__lognormal__biased__random,6,23,c,0.18,
2026720024,True,300,6905,1,180,22,180,6905,180,520,20,20,2836,299,0.1,True,3929,3929,520,0.5225846271315857,0.9315334690761008,0,121,200,20.0,lognormal,biased,random,0.02,0.2,0.18,5.0,1.0,0.1,300,0,0.0,True,True,income,100,continue_after_avalanche,period_end,income,income__c0p18__lognormal__biased__random,6,24,c,0.18,
2026720025,True,300,7218,1,180,23,180,7218,180,356,22,22,3392,298,0.11,True,4124,4124,356,0.5541440349175559,0.9581619786614939,0,128,200,20.0,lognormal,biased,random,0.02,0.2,0.18,5.0,1.0,0.1,300,0,0.0,True,True,income,100,continue_after_avalanche,period_end,income,income__c0p18__lognormal__biased__random,6,25,c,0.18,
2026720026,True,300,6603,1,180,20,180,6603,180,635,22,22,2634,298,0.11,True,3724,3724,635,0.5107894736842107,0.9013023630504835,0,117,200,20.0,lognormal,biased,random,0.02,0.2,0.18,5.0,1.0,0.1,300,0,0.0,True,True,income,100,continue_after_avalanche,period_end,income,income__c0p18__lognormal__biased__random,6,26,c,0.18,
2026720027,True,300,6566,1,180,21,180,6566,180,678,21,21,2743,297,0.105,True,3714,3714,678,0.537431340872375,0.9213570274636511,0,116,200,20.0,lognormal,biased,random,0.02,0.2,0.18,5.0,1.0,0.1,300,0,0.0,True,True,income,100,continue_after_avalanche,period_end,income,income__c0p18__lognormal__biased__random,6,27,c,0.18,
2026720028,True,300,8441,1,180,26,180,8441,180,207,29,29,3969,300,0.145,True,4913,4913,207,0.5786352534093222,0.9760848768573174,0,142,200,20.0,lognormal,biased,random,0.02,0.2,0.18,5.0,1.0,0.1,300,0,0.0,True,True,income,100,continue_after_avalanche,period_end,income,income__c0p18__lognormal__biased__random,6,28,c,0.18,
2026720029,True,300,6671,1,180,22,180,6671,180,342,22,22,2829,296,0.11,True,3806,3806,342,0.546045717288492,0.938231739358907,0,120,200,20.0,lognormal,biased,random,0.02,0.2,0.18,5.0,1.0,0.1,300,0,0.0,True,True,income,100,continue_after_avalanche,period_end,income,income__c0p18__lognormal__biased__random,6,29,c,0.18,
2026720030,True,300,6937,1,180,21,180,6937,180,793,18,18,2539,297,0.09,False,3917,3917,793,0.4964066887924432,0.8890285933112076,0,115,200,20.0,lognormal,biased,random,0.02,0.2,0.18,5.0,1.0,0.1,300,0,0.0,True,True,income,100,continue_after_avalanche,period_end,income,income__c0p18__lognormal__biased__random,6,30,c,0.18,
2026720031,True,300,6012,1,180,19,180,6012,180,893,18,18,2108,296,0.09,False,3373,3373,893,0.4784983694040914,0.8734375926474949,0,105,200,20.0,lognormal,biased,random,0.02,0.2,0.18,5.0,1.0,0.1,300,0,0.0,True,True,income,100,continue_after_avalanche,period_end,income,income__c0p18__lognormal__biased__random,6,31,c,0.18,
2026720032,True,300,7445,1,180,23,180,7445,180,1128,22,22,2512,297,0.11,True,4257,4257,1128,0.4833039699318771,0.8893175945501528,0,124,200,20.0,lognormal,biased,random,0.02,0.2,0.18,5.0,1.0,0.1,300,0,0.0,True,True,income,100,continue_after_avalanche,period_end,income,income__c0p18__lognormal__biased__random,6,32,c,0.18,
2026720033,True,300,7008,1,180,22,180,7008,180,646,22,22,2630,287,0.11,True,3983,3983,646,0.47957444137584737,0.9083492342455437,0,120,200,20.0,lognormal,biased,random,0.02,0.2,0.18,5.0,1.0,0.1,300,0,0.0,True,True,income,100,continue_after_avalanche,period_end,income,income__c0p18__lognormal__biased__random,6,33,c,0.18,
2026720034,True,300,7688,1,180,24,180,7688,180,812,20,20,2799,295,0.1,True,4406,4406,812,0.49788924194280537,0.9054811620517478,0,137,200,20.0,lognormal,biased,random,0.02,0.2,0.18,5.0,1.0,0.1,300,0,0.0,True,True,income,100,continue_after_avalanche,period_end,income,income__c0p18__lognormal__biased__random,6,34,c,0.18,
2026720035,True,300,5834,1,180,19,180,5834,180,725,18,18,2002,295,0.09,False,3264,3264,725,0.46963235294117656,0.8794761029411766,0,105,200,20.0,lognormal,biased,random,0.02,0.2,0.18,5.0,1.0,0.1,300,0,0.0,True,True,income,100,continue_after_avalanche,period_end,income,income__c0p18__lognormal__biased__random,6,35,c,0.18,
2026720036,True,300,7854,1,180,25,180,7854,180,517,23,23,3678,299,0.115,True,4506,4506,517,0.55945184198846,0.93231247225921,0,137,200,20.0,lognormal,biased,random,0.02,0.2,0.18,5.0,1.0,0.1,300,0,0.0,True,True,income,100,continue_after_avalanche,period_end,income,income__c0p18__lognormal__biased__random,6,36,c,0.18,
2026720037,True,300,6435,1,180,21,180,6435,180,378,20,20,2857,298,0.1,True,3634,3634,378,0.5255998899284535,0.9298789212988443,0,111,200,20.0,lognormal,biased,random,0.02,0.2,0.18,5.0,1.0,0.1,300,0,0.0,True,True,income,100,continue_after_avalanche,period_end,income,income__c0p18__lognormal__biased__random,6,37,c,0.18,
2026720038,True,300,6942,1,180,22,180,6942,180,794,25,25,2651,297,0.125,True,3944,3944,794,0.5336384381338743,0.900370182555781,0,118,200,20.0,lognormal,biased,random,0.02,0.2,0.18,5.0,1.0,0.1,300,0,0.0,True,True,income,100,continue_after_avalanche,period_end,income,income__c0p18__lognormal__biased__random,6,38,c,0.18,
2026720039,True,300,8257,1,180,26,180,8257,180,185,26,26,3976,298,0.13,True,4759,4759,185,0.5774395881487708,0.9654853960916161,0,142,200,20.0,lognormal,biased,random,0.02,0.2,0.18,5.0,1.0,0.1,300,0,0.0,True,True,income,100,continue_after_avalanche,period_end,income,income__c0p18__lognormal__biased__random,6,39,c,0.18,
2026720040,True,300,6740,1,180,21,180,6740,180,775,20,20,2573,297,0.1,True,3809,3809,775,0.5054515620897875,0.8925925439747966,0,114,200,20.0,lognormal,biased,random,0.02,0.2,0.18,5.0,1.0,0.1,300,0,0.0,True,True,income,100,continue_after_avalanche,period_end,income,income__c0p18__lognormal__biased__random,6,40,c,0.18,
2026720041,True,300,7720,1,180,24,180,7720,180,329,25,25,3535,294,0.125,True,4433,4433,329,0.5371024137153171,0.9343119783442364,0,135,200,20.0,lognormal,biased,random,0.02,0.2,0.18,5.0,1.0,0.1,300,0,0.0,True,True,income,100,continue_after_avalanche,period_end,income,income__c0p18__lognormal__biased__random,6,41,c,0.18,
2026720042,True,300,6604,1,180,21,180,6604,180,607,19,19,2354,293,0.095,False,3708,3708,607,0.48108953613808003,0.9020172599784251,0,112,200,20.0,lognormal,biased,random,0.02,0.2,0.18,5.0,1.0,0.1,300,0,0.0,True,True,income,100,continue_after_avalanche,period_end,income,income__c0p18__lognormal__biased__random,6,42,c,0.18,
2026720043,True,300,6622,1,180,20,180,6622,180,651,22,22,2566,294,0.11,True,3727,3727,651,0.49084384223235866,0.8982170646632681,0,108,200,20.0,lognormal,biased,random,0.02,0.2,0.18,5.0,1.0,0.1,300,0,0.0,True,True,income,100,continue_after_avalanche,period_end,income,income__c0p18__lognormal__biased__random,6,43,c,0.18,
2026720044,True,300,7836,1,180,24,180,7836,180,610,24,24,3253,297,0.12,True,4446,4446,610,0.5159491677912731,0.9225393612235719,0,133,200,20.0,lognormal,biased,random,0.02,0.2,0.18,5.0,1.0,0.1,300,0,0.0,True,True,income,100,continue_after_avalanche,period_end,income,income__c0p18__lognormal__biased__random,6,44,c,0.18,
2026720045,True,300,7212,1,180,24,180,7212,180,651,23,23,3133,300,0.115,True,4139,4139,651,0.5656764919062576,0.9132556172988646,0,127,200,20.0,lognormal,biased,random,0.02,0.2,0.18,5.0,1.0,0.1,300,0,0.0,True,True,income,100,continue_after_avalanche,period_end,income,income__c0p18__lognormal__biased__random,6,45,c,0.18,
2026720046,True,300,6485,1,180,21,180,6485,180,604,19,19,2639,294,0.095,False,3658,3658,604,0.5166347731000547,0.9065035538545654,0,117,200,20.0,lognormal,biased,random,0.02,0.2,0.18,5.0,1.0,0.1,300,0,0.0,True,True,income,100,continue_after_avalanche,period_end,income,income__c0p18__lognormal__biased__random,6,46,c,0.18,
2026720047,True,300,6751,1,180,21,180,6751,180,576,27,27,2648,296,0.135,True,3858,3858,576,0.5226308968377398,0.9311456713322965,0,119,200,20.0,lognormal,biased,random,0.02,0.2,0.18,5.0,1.0,0.1,300,0,0.0,True,True,income,100,continue_after_avalanche,period_end,income,income__c0p18__lognormal__biased__random,6,47,c,0.18,
2026720048,True,300,5660,1,180,17,180,5660,180,853,16,16,1894,291,0.08,False,3139,3139,853,0.4433689072953171,0.8663953488372094,0,93,200,20.0,lognormal,biased,random,0.02,0.2,0.18,5.0,1.0,0.1,300,0,0.0,True,True,income,100,continue_after_avalanche,period_end,income,income__c0p18__lognormal__biased__random,6,48,c,0.18,
2026720049,True,300,6330,1,180,19,180,6330,180,737,18,18,2172,287,0.09,False,3571,3571,737,0.457343881265752,0.8961257350882106,0,111,200,20.0,lognormal,biased,random,0.02,0.2,0.18,5.0,1.0,0.1,300,0,0.0,True,True,income,100,continue_after_avalanche,period_end,income,income__c0p18__lognormal__biased__random,6,49,c,0.18,
2026720050,True,300,6407,1,180,20,180,6407,180,715,18,18,2348,293,0.09,False,3601,3601,715,0.47716884198833664,0.9082824215495697,0,112,200,20.0,lognormal,biased,random,0.02,0.2,0.18,5.0,1.0,0.1,300,0,0.0,True,True,income,100,continue_after_avalanche,period_end,income,income__c0p18__lognormal__biased__random,6,50,c,0.18,
2026720051,True,300,7401,1,180,24,180,7401,180,781,25,25,3127,296,0.125,True,4220,4220,781,0.5167393364928912,0.894898104265403,0,136,200,20.0,lognormal,biased,random,0.02,0.2,0.18,5.0,1.0,0.1,300,0,0.0,True,True,income,100,continue_after_avalanche,period_end,income,income__c0p18__lognormal__biased__random,6,51,c,0.18,
2026720052,True,300,6899,1,180,22,180,6899,180,703,20,20,2671,295,0.1,True,3903,3903,703,0.5020842941327186,0.9068857289264669,0,121,200,20.0,lognormal,biased,random,0.02,0.2,0.18,5.0,1.0,0.1,300,0,0.0,True,True,income,100,continue_after_avalanche,period_end,income,income__c0p18__lognormal__biased__random,6,52,c,0.18,
2026720053,True,300,6988,1,180,21,180,6988,180,698,20,20,2742,296,0.1,True,4001,4001,698,0.5141527118220446,0.9114458885278682,0,122,200,20.0,lognormal,biased,random,0.02,0.2,0.18,5.0,1.0,0.1,300,0,0.0,True,True,income,100,continue_after_avalanche,period_end,income,income__c0p18__lognormal__biased__random,6,53,c,0.18,
2026720054,True,300,7713,1,180,23,180,7713,180,421,26,26,3307,295,0.13,True,4428,4428,421,0.5280939476061428,0.9464114724480579,0,134,200,20.0,lognormal,biased,random,0.02,0.2,0.18,5.0,1.0,0.1,300,0,0.0,True,True,income,100,continue_after_avalanche,period_end,income,income__c0p18__lognormal__biased__random,6,54,c,0.18,
2026720055,True,300,7107,1,180,23,180,7107,180,474,21,21,3204,298,0.105,True,4035,4035,474,0.5315278810408923,0.9322589838909543,0,130,200,20.0,lognormal,biased,random,0.02,0.2,0.18,5.0,1.0,0.1,300,0,0.0,True,True,income,100,continue_after_avalanche,period_end,income,income__c0p18__lognormal__biased__random,6,55,c,0.18,
2026720056,True,300,6639,1,180,21,180,6639,180,860,19,19,2366,292,0.095,False,3749,3749,860,0.4724899973326222,0.8655574819951988,0,115,200,20.0,lognormal,biased,random,0.02,0.2,0.18,5.0,1.0,0.1,300,0,0.0,True,True,income,100,continue_after_avalanche,period_end,income,income__c0p18__lognormal__biased__random,6,56,c,0.18,
2026720057,True,300,6742,1,180,21,180,6742,180,721,19,19,2579,296,0.095,False,3795,3795,721,0.4854163372859026,0.9003728590250331,0,116,200,20.0,lognormal,biased,random,0.02,0.2,0.18,5.0,1.0,0.1,300,0,0.0,True,True,income,100,continue_after_avalanche,period_end,income,income__c0p18__lognormal__biased__random,6,57,c,0.18,
2026720058,True,300,6186,1,180,19,180,6186,180,416,19,19,2385,297,0.095,False,3489,3489,416,0.5002335912869018,0.929580108913729,0,108,200,20.0,lognormal,biased,random,0.02,0.2,0.18,5.0,1.0,0.1,300,0,0.0,True,True,income,100,continue_after_avalanche,period_end,income,income__c0p18__lognormal__biased__random,6,58,c,0.18,
2026720059,True,300,6785,1,180,21,180,6785,180,378,20,20,2879,294,0.1,True,3852,3852,378,0.5177310488058153,0.9208956386292837,0,117,200,20.0,lognormal,biased,random,0.02,0.2,0.18,5.0,1.0,0.1,300,0,0.0,True,True,income,100,continue_after_avalanche,period_end,income,income__c0p18__lognormal__biased__random,6,59,c,0.18,
2026820000,True,300,7102,31,974,22,180,7102,974,1039,22,22,1663,230,0.11,True,4004,4004,1039,0.3242232767232769,0.88745004995005,0,123,200,20.0,pareto,biased,random,0.02,0.2,0.18,5.0,1.0,0.1,300,0,0.0,True,True,income,100,continue_after_avalanche,period_end,income,income__c0p18__pareto__biased__random,7,0,c,0.18,
2026820001,True,300,7076,23,774,23,180,7076,774,590,22,22,2059,245,0.11,True,4001,4001,590,0.35273056735816066,0.9138877780554862,0,126,200,20.0,pareto,biased,random,0.02,0.2,0.18,5.0,1.0,0.1,300,0,0.0,True,True,income,100,continue_after_avalanche,period_end,income,income__c0p18__pareto__biased__random,7,1,c,0.18,
2026820002,True,300,7101,23,787,21,180,7101,787,643,23,23,1828,243,0.115,True,3997,3997,643,0.34153239929947476,0.9149799849887417,0,117,200,20.0,pareto,biased,random,0.02,0.2,0.18,5.0,1.0,0.1,300,0,0.0,True,True,income,100,continue_after_avalanche,period_end,income,income__c0p18__pareto__biased__random,7,2,c,0.18,
2026820003,True,300,7087,26,848,23,180,7087,848,1039,20,20,1600,243,0.1,True,4003,4003,1039,0.3161391456407696,0.8799587809143143,0,126,200,20.0,pareto,biased,random,0.02,0.2,0.18,5.0,1.0,0.1,300,0,0.0,True,True,income,100,continue_after_avalanche,period_end,income,income__c0p18__pareto__biased__random,7,3,c,0.18,
2026820004,True,300,6985,30,943,21,180,6985,943,143,26,26,2580,253,0.13,True,3993,3993,143,0.4178024042073629,0.9744966190833961,0,117,200,20.0,pareto,biased,random,0.02,0.2,0.18,5.0,1.0,0.1,300,0,0.0,True,True,income,100,continue_after_avalanche,period_end,income,income__c0p18__pareto__biased__random,7,4,c,0.18,
2026820005,True,300,6981,25,815,22,180,6981,815,101,25,25,2583,253,0.125,True,3997,3997,101,0.4547823367525645,0.986113335001251,0,122,200,20.0,pareto,biased,random,0.02,0.2,0.18,5.0,1.0,0.1,300,0,0.0,True,True,income,100,continue_after_avalanche,period_end,income,income__c0p18__pareto__biased__random,7,5,c,0.18,
2026820006,True,300,7089,19,709,23,180,7089,709,816,18,18,1808,247,0.09,False,4002,4002,816,0.3507146426786607,0.9149325337331335,0,125,200,20.0,pareto,biased,random,0.02,0.2,0.18,5.0,1.0,0.1,300,0,0.0,True,True,income,100,continue_after_avalanche,period_end,income,income__c0p18__pareto__biased__random,7,6,c,0.18,
2026820007,True,300,7120,44,1292,23,180,7120,1292,1076,16,16,1593,238,0.08,False,4006,4006,1076,0.3188716924613082,0.8823889166250625,0,123,200,20.0,pareto,biased,random,0.02,0.2,0.18,5.0,1.0,0.1,300,0,0.0,True,True,income,100,continue_after_avalanche,period_end,income,income__c0p18__pareto__biased__random,7,7,c,0.18,
2026820008,True,300,7101,25,831,22,180,7101,831,784,20,20,1828,242,0.1,True,4009,4009,784,0.32894861561486666,0.8781953105512599,0,128,200,20.0,pareto,biased,random,0.02,0.2,0.18,5.0,1.0,0.1,300,0,0.0,True,True,income,100,continue_after_avalanche,period_end,income,income__c0p18__pareto__biased__random,7,8,c,0.18,
2026820009,True,300,7125,24,805,23,180,7125,805,1575,14,14,1254,230,0.07,False,4005,4005,1575,0.2894619225967541,0.8246404494382022,0,126,200,20.0,pareto,biased,random,0.02,0.2,0.18,5.0,1.0,0.1,300,0,0.0,True,True,income,100,continue_after_avalanche,period_end,income,income__c0p18__pareto__biased__random,7,9,c,0.18,
2026820010,True,300,7018,15,607,21,180,7018,607,183,24,24,2618,259,0.12,True,3998,3998,183,0.43759379689844935,0.9705402701350676,0,122,200,20.0,pareto,biased,random,0.02,0.2,0.18,5.0,1.0,0.1,300,0,0.0,True,True,income,100,continue_after_avalanche,period_end,income,income__c0p18__pareto__biased__random,7,10,c,0.18,
2026820011,True,300,7100,43,1244,23,180,7100,1244,1142,17,17,1384,231,0.085,False,3997,3997,1142,0.27893795346509886,0.8467663247435577,0,120,200,20.0,pareto,biased,random,0.02,0.2,0.18,5.0,1.0,0.1,300,0,0.0,True,True,income,100,continue_after_avalanche,period_end,income,income__c0p18__pareto__biased__random,7,11,c,0.18,
2026820012,True,300,7058,28,888,22,180,7058,888,618,20,20,1755,251,0.1,True,4000,4000,618,0.3146475000000002,0.9198175000000002,0,126,200,20.0,pareto,biased,random,0.02,0.2,0.18,5.0,1.0,0.1,300,0,0.0,True,True,income,100,continue_after_avalanche,period_end,income,income__c0p18__pareto__biased__random,7,12,c,0.18,
2026820013,True,300,7066,26,855,22,180,7066,855,797,19,19,1756,241,0.095,False,4000,4000,797,0.3073475000000001,0.8922275000000002,0,124,200,20.0,pareto,biased,random,0.02,0.2,0.18,5.0,1.0,0.1,300,0,0.0,True,True,income,100,continue_after_avalanche,period_end,income,income__c0p18__pareto__biased__random,7,13,c,0.18,
2026820014,True,300,7118,32,985,23,180,7118,985,1492,17,17,1297,233,0.085,False,4001,4001,1492,0.2779817545613599,0.8225206198450388,0,123,200,20.0,pareto,biased,random,0.02,0.2,0.18,5.0,1.0,0.1,300,0,0.0,True,True,income,100,continue_after_avalanche,period_end,income,income__c0p18__pareto__biased__random,7,14,c,0.18,
2026820015,True,300,7113,45,1310,22,180,7113,1310,1264,18,18,1422,233,0.09,False,3998,3998,1264,0.28240620310155085,0.8500400200100051,0,122,200,20.0,pareto,biased,random,0.02,0.2,0.18,5.0,1.0,0.1,300,0,0.0,True,True,income,100,continue_after_avalanche,period_end,income,income__c0p18__pareto__biased__random,7,15,c,0.18,
2026820016,True,300,7083,22,753,21,180,7083,753,1613,15,15,1216,227,0.075,False,4003,4003,1613,0.2735635773170124,0.8109805146140396,0,128,200,20.0,pareto,biased,random,0.02,0.2,0.18,5.0,1.0,0.1,300,0,0.0,True,True,income,100,continue_after_avalanche,period_end,income,income__c0p18__pareto__biased__random,7,16,c,0.18,
2026820017,True,300,7026,22,759,23,180,7026,759,530,21,21,2129,249,0.105,True,4003,4003,530,0.37449288033974537,0.9282625530851862,0,122,200,20.0,pareto,biased,random,0.02,0.2,0.18,5.0,1.0,0.1,300,0,0.0,True,True,income,100,continue_after_avalanche,period_end,income,income__c0p18__pareto__biased__random,7,17,c,0.18,
2026820018,True,300,7050,12,532,23,180,7050,532,610,22,22,1688,233,0.11,True,3997,3997,610,0.324106830122592,0.9241093319989993,0,132,200,20.0,pareto,biased,random,0.02,0.2,0.18,5.0,1.0,0.1,300,0,0.0,True,True,income,100,continue_after_avalanche,period_end,income,income__c0p18__pareto__biased__random,7,18,c,0.18,
2026820019,True,300,6997,28,895,21,180,6997,895,174,23,23,2576,259,0.115,True,4002,4002,174,0.41544227886056984,0.9728435782108946,0,117,200,20.0,pareto,biased,random,0.02,0.2,0.18,5.0,1.0,0.1,300,0,0.0,True,True,income,100,continue_after_avalanche,period_end,income,income__c0p18__pareto__biased__random,7,19,c,0.18,
2026820020,True,300,7127,30,957,22,180,7127,957,1068,20,20,1357,218,0.1,True,3998,3998,1068,0.2609154577288646,0.8193321660830417,0,123,200,20.0,pareto,biased,random,0.02,0.2,0.18,5.0,1.0,0.1,300,0,0.0,True,True,income,100,continue_after_avalanche,period_end,income,income__c0p18__pareto__biased__random,7,20,c,0.18,
2026820021,True,300,7102,21,735,22,180,7102,735,911,18,18,1781,251,0.09,False,4009,4009,911,0.33606011474183095,0.893912446994263,0,124,200,20.0,pareto,biased,random,0.02,0.2,0.18,5.0,1.0,0.1,300,0,0.0,True,True,income,100,continue_after_avalanche,period_end,income,income__c0p18__pareto__biased__random,7,21,c,0.18,
2026820022,True,300,7066,21,739,22,180,7066,739,484,25,25,1751,243,0.125,True,4001,4001,484,0.3504411397150713,0.9290939765058737,0,127,200,20.0,pareto,biased,random,0.02,0.2,0.18,5.0,1.0,0.1,300,0,0.0,True,True,income,100,continue_after_avalanche,period_end,income,income__c0p18__pareto__biased__random,7,22,c,0.18,
2026820023,True,300,7062,34,1051,22,180,7062,1051,1456,17,17,1433,244,0.085,False,4002,4002,1456,0.318433283358321,0.8329835082458772,0,124,200,20.0,pareto,biased,random,0.02,0.2,0.18,5.0,1.0,0.1,300,0,0.0,True,True,income,100,continue_after_avalanche,period_end,income,income__c0p18__pareto__biased__random,7,23,c,0.18,
2026820024,True,300,7039,25,843,23,180,7039,843,687,22,22,1868,248,0.11,True,4000,4000,687,0.3433875000000002,0.9220875000000002,0,124,200,20.0,pareto,biased,random,0.02,0.2,0.18,5.0,1.0,0.1,300,0,0.0,True,True,income,100,continue_after_avalanche,period_end,income,income__c0p18__pareto__biased__random,7,24,c,0.18,
2026820025,True,300,7127,37,1100,23,180,7127,1100,1092,18,18,1511,222,0.09,False,4002,4002,1092,0.29878810594702654,0.852801099450275,0,126,200,20.0,pareto,biased,random,0.02,0.2,0.18,5.0,1.0,0.1,300,0,0.0,True,True,income,100,continue_after_avalanche,period_end,income,income__c0p18__pareto__biased__random,7,25,c,0.18,
2026820026,True,300,7095,26,851,22,180,7095,851,840,20,20,1670,238,0.1,True,4002,4002,840,0.31396551724137933,0.8949725137431286,0,124,200,20.0,pareto,biased,random,0.02,0.2,0.18,5.0,1.0,0.1,300,0,0.0,True,True,income,100,continue_after_avalanche,period_end,income,income__c0p18__pareto__biased__random,7,26,c,0.18,
2026820027,True,300,7089,24,817,23,180,7089,817,943,17,17,1591,249,0.085,False,4001,4001,943,0.32743689077730576,0.8924681329667583,0,131,200,20.0,pareto,biased,random,0.02,0.2,0.18,5.0,1.0,0.1,300,0,0.0,True,True,income,100,continue_after_avalanche,period_end,income,income__c0p18__pareto__biased__random,7,27,c,0.18,
2026820028,True,300,7081,36,1097,23,180,7081,1097,770,22,22,1890,246,0.11,True,3997,3997,770,0.34245058794095584,0.9136765073805355,0,121,200,20.0,pareto,biased,random,0.02,0.2,0.18,5.0,1.0,0.1,300,0,0.0,True,True,income,100,continue_after_avalanche,period_end,income,income__c0p18__pareto__biased__random,7,28,c,0.18,
2026820029,True,300,7051,18,675,21,180,7051,675,538,20,20,2089,266,0.1,True,4009,4009,538,0.3646008979795461,0.9311087553005739,0,120,200,20.0,pareto,biased,random,0.02,0.2,0.18,5.0,1.0,0.1,300,0,0.0,True,True,income,100,continue_after_avalanche,period_end,income,income__c0p18__pareto__biased__random,7,29,c,0.18,
2026820030,True,300,7102,41,1224,22,180,7102,1224,1095,17,17,1344,229,0.085,False,4001,4001,1095,0.2792689327668083,0.8340427393151713,0,122,200,20.0,pareto,biased,random,0.02,0.2,0.18,5.0,1.0,0.1,300,0,0.0,True,True,income,100,continue_after_avalanche,period_end,income,income__c0p18__pareto__biased__random,7,30,c,0.18,
2026820031,True,300,7081,23,784,23,180,7081,784,648,22,22,1937,242,0.11,True,4000,4000,648,0.35236750000000017,0.9314575,0,122,200,20.0,pareto,biased,random,0.02,0.2,0.18,5.0,1.0,0.1,300,0,0.0,True,True,income,100,continue_after_avalanche,period_end,income,income__c0p18__pareto__biased__random,7,31,c,0.18,
2026820032,True,300,7062,40,1174,23,180,7062,1174,1215,16,16,1238,216,0.08,False,3996,3996,1215,0.2755780780780781,0.8413738738738741,0,126,200,20.0,pareto,biased,random,0.02,0.2,0.18,5.0,1.0,0.1,300,0,0.0,True,True,income,100,continue_after_avalanche,period_end,income,income__c0p18__pareto__biased__random,7,32,c,0.18,
2026820033,True,300,7082,23,799,22,180,7082,799,1220,23,23,1646,256,0.115,True,3997,3997,1220,0.32055166374781097,0.8645296472354267,0,126,200,20.0,pareto,biased,random,0.02,0.2,0.18,5.0,1.0,0.1,300,0,0.0,True,True,income,100,continue_after_avalanche,period_end,income,income__c0p18__pareto__biased__random,7,33,c,0.18,
2026820034,True,300,7116,47,1343,22,180,7116,1343,871,20,20,1459,236,0.1,True,3999,3999,871,0.3125268817204303,0.8755901475368844,0,121,200,20.0,pareto,biased,random,0.02,0.2,0.18,5.0,1.0,0.1,300,0,0.0,True,True,income,100,continue_after_avalanche,period_end,income,income__c0p18__pareto__biased__random,7,34,c,0.18,
2026820035,True,300,7063,22,758,22,180,7063,758,803,22,22,1745,244,0.11,True,3998,3998,803,0.33809904952476244,0.9000850425212608,0,124,200,20.0,pareto,biased,random,0.02,0.2,0.18,5.0,1.0,0.1,300,0,0.0,True,True,income,100,continue_after_avalanche,period_end,income,income__c0p18__pareto__biased__random,7,35,c,0.18,
2026820036,True,300,7134,23,788,23,180,7134,788,1572,14,14,1256,232,0.07,False,3998,3998,1572,0.27058529264632325,0.816990995497749,0,128,200,20.0,pareto,biased,random,0.02,0.2,0.18,5.0,1.0,0.1,300,0,0.0,True,True,income,100,continue_after_avalanche,period_end,income,income__c0p18__pareto__biased__random,7,36,c,0.18,
2026820037,True,300,7105,28,910,23,180,7105,910,839,19,19,1724,241,0.095,False,3994,3994,839,0.31089634451677517,0.8778893340010017,0,126,200,20.0,pareto,biased,random,0.02,0.2,0.18,5.0,1.0,0.1,300,0,0.0,True,True,income,100,continue_after_avalanche,period_end,income,income__c0p18__pareto__biased__random,7,37,c,0.18,
2026820038,True,300,7090,26,873,21,180,7090,873,1371,15,15,1341,226,0.075,False,3994,3994,1371,0.2694416624937408,0.8204857285928895,0,125,200,20.0,pareto,biased,random,0.02,0.2,0.18,5.0,1.0,0.1,300,0,0.0,True,True,income,100,continue_after_avalanche,period_end,income,income__c0p18__pareto__biased__random,7,38,c,0.18,
2026820039,True,300,7087,30,963,23,180,7087,963,855,21,21,1794,242,0.105,True,4006,4006,855,0.347685971043435,0.9037818272591114,0,128,200,20.0,pareto,biased,random,0.02,0.2,0.18,5.0,1.0,0.1,300,0,0.0,True,True,income,100,continue_after_avalanche,period_end,income,income__c0p18__pareto__biased__random,7,39,c,0.18,
2026820040,True,300,7075,16,628,23,180,7075,628,975,17,17,1634,233,0.085,False,3994,3994,975,0.3366925388082125,0.9069028542814221,0,125,200,20.0,pareto,biased,random,0.02,0.2,0.18,5.0,1.0,0.1,300,0,0.0,True,True,income,100,continue_after_avalanche,period_end,income,income__c0p18__pareto__biased__random,7,40,c,0.18,
2026820041,True,300,7117,24,809,23,180,7117,809,1004,19,19,1779,237,0.095,False,4000,4000,1004,0.31801500000000016,0.9010100000000001,0,124,200,20.0,pareto,biased,random,0.02,0.2,0.18,5.0,1.0,0.1,300,0,0.0,True,True,income,100,continue_after_avalanche,period_end,income,income__c0p18__pareto__biased__random,7,41,c,0.18,
2026820042,True,300,7049,23,785,23,180,7049,785,1342,15,15,1349,234,0.075,False,3996,3996,1342,0.28659159159159175,0.8521821821821822,0,126,200,20.0,pareto,biased,random,0.02,0.2,0.18,5.0,1.0,0.1,300,0,0.0,True,True,income,100,continue_after_avalanche,period_end,income,income__c0p18__pareto__biased__random,7,42,c,0.18,
2026820043,True,300,7059,14,580,22,180,7059,580,704,22,22,1906,249,0.11,True,4000,4000,704,0.33382,0.9008025000000002,0,123,200,20.0,pareto,biased,random,0.02,0.2,0.18,5.0,1.0,0.1,300,0,0.0,True,True,income,100,continue_after_avalanche,period_end,income,income__c0p18__pareto__biased__random,7,43,c,0.18,
2026820044,True,300,7108,24,814,21,180,7108,814,1512,17,17,1326,242,0.085,False,3997,3997,1512,0.28601325994495874,0.8483224918689019,0,125,200,20.0,pareto,biased,random,0.02,0.2,0.18,5.0,1.0,0.1,300,0,0.0,True,True,income,100,continue_after_avalanche,period_end,income,income__c0p18__pareto__biased__random,7,44,c,0.18,
2026820045,True,300,7096,41,1189,21,180,7096,1189,1665,14,14,1182,228,0.07,False,3996,3996,1665,0.23524024024024026,0.7965890890890892,0,126,200,20.0,pareto,biased,random,0.02,0.2,0.18,5.0,1.0,0.1,300,0,0.0,True,True,income,100,continue_after_avalanche,period_end,income,income__c0p18__pareto__biased__random,7,45,c,0.18,
2026820046,True,300,7058,32,1005,22,180,7058,1005,925,18,18,1661,242,0.09,False,3998,3998,925,0.3311755877938971,0.9005527763881942,0,125,200,20.0,pareto,biased,random,0.02,0.2,0.18,5.0,1.0,0.1,300,0,0.0,True,True,income,100,continue_after_avalanche,period_end,income,income__c0p18__pareto__biased__random,7,46,c,0.18,
2026820047,True,300,7151,25,852,22,180,7151,852,1099,19,19,1570,233,0.095,False,4005,4005,1099,0.28407615480649206,0.8494369538077404,0,131,200,20.0,pareto,biased,random,0.02,0.2,0.18,5.0,1.0,0.1,300,0,0.0,True,True,income,100,continue_after_avalanche,period_end,income,income__c0p18__pareto__biased__random,7,47,c,0.18,
2026820048,True,300,7032,26,858,23,180,7032,858,529,23,23,2071,248,0.115,True,4000,4000,529,0.3877425000000001,0.9486100000000002,0,124,200,20.0,pareto,biased,random,0.02,0.2,0.18,5.0,1.0,0.1,300,0,0.0,True,True,income,100,continue_after_avalanche,period_end,income,income__c0p18__pareto__biased__random,7,48,c,0.18,
2026820049,True,300,7092,22,780,21,180,7092,780,656,20,20,2120,251,0.1,True,4001,4001,656,0.35916645838540373,0.9338102974256437,0,118,200,20.0,pareto,biased,random,0.02,0.2,0.18,5.0,1.0,0.1,300,0,0.0,True,True,income,100,continue_after_avalanche,period_end,income,income__c0p18__pareto__biased__random,7,49,c,0.18,
2026820050,True,300,7075,30,944,21,180,7075,944,477,22,22,2030,248,0.11,True,3999,3999,477,0.3607939484871219,0.9448874718679672,0,119,200,20.0,pareto,biased,random,0.02,0.2,0.18,5.0,1.0,0.1,300,0,0.0,True,True,income,100,continue_after_avalanche,period_end,income,income__c0p18__pareto__biased__random,7,50,c,0.18,
2026820051,True,300,7134,32,998,23,180,7134,998,1384,15,15,1374,218,0.075,False,3996,3996,1384,0.2895345345345346,0.852917917917918,0,118,200,20.0,pareto,biased,random,0.02,0.2,0.18,5.0,1.0,0.1,300,0,0.0,True,True,income,100,continue_after_avalanche,period_end,income,income__c0p18__pareto__biased__random,7,51,c,0.18,
2026820052,True,300,7021,33,1009,22,180,7021,1009,1524,15,15,1277,241,0.075,False,4003,4003,1524,0.28118286285286054,0.8082200849362979,0,120,200,20.0,pareto,biased,random,0.02,0.2,0.18,5.0,1.0,0.1,300,0,0.0,True,True,income,100,continue_after_avalanche,period_end,income,income__c0p18__pareto__biased__random,7,52,c,0.18,
2026820053,True,300,7040,17,638,21,180,7040,638,190,23,23,2536,265,0.115,True,4005,4005,190,0.41647565543071163,0.9693845193508115,0,123,200,20.0,pareto,biased,random,0.02,0.2,0.18,5.0,1.0,0.1,300,0,0.0,True,True,income,100,continue_after_avalanche,period_end,income,income__c0p18__pareto__biased__random,7,53,c,0.18,
2026820054,True,300,7071,29,905,22,180,7071,905,833,20,20,1613,239,0.1,True,3999,3999,833,0.3064078519629909,0.8801012753188298,0,119,200,20.0,pareto,biased,random,0.02,0.2,0.18,5.0,1.0,0.1,300,0,0.0,True,True,income,100,continue_after_avalanche,period_end,income,income__c0p18__pareto__biased__random,7,54,c,0.18,
2026820055,True,300,7079,35,1051,23,180,7079,1051,1315,21,21,1378,226,0.105,True,4004,4004,1315,0.3004870129870132,0.8423876123876124,0,128,200,20.0,pareto,biased,random,0.02,0.2,0.18,5.0,1.0,0.1,300,0,0.0,True,True,income,100,continue_after_avalanche,period_end,income,income__c0p18__pareto__biased__random,7,55,c,0.18,
2026820056,True,300,7093,24,807,23,180,7093,807,837,19,19,1711,248,0.095,False,4002,4002,837,0.32770364817591213,0.91356071964018,0,129,200,20.0,pareto,biased,random,0.02,0.2,0.18,5.0,1.0,0.1,300,0,0.0,True,True,income,100,continue_after_avalanche,period_end,income,income__c0p18__pareto__biased__random,7,56,c,0.18,
2026820057,True,300,7081,29,915,22,180,7081,915,989,20,20,1703,247,0.1,True,4010,4010,989,0.3101670822942644,0.883708229426434,0,124,200,20.0,pareto,biased,random,0.02,0.2,0.18,5.0,1.0,0.1,300,0,0.0,True,True,income,100,continue_after_avalanche,period_end,income,income__c0p18__pareto__biased__random,7,57,c,0.18,
2026820058,True,300,7064,37,1117,23,180,7064,1117,959,19,19,1653,242,0.095,False,3994,3994,959,0.3191562343515273,0.8631822734101153,0,131,200,20.0,pareto,biased,random,0.02,0.2,0.18,5.0,1.0,0.1,300,0,0.0,True,True,income,100,continue_after_avalanche,period_end,income,income__c0p18__pareto__biased__random,7,58,c,0.18,
2026820059,True,300,7053,8,438,22,180,7053,438,686,21,21,2096,257,0.105,True,4002,4002,686,0.37525987006496764,0.9279785107446279,0,125,200,20.0,pareto,biased,random,0.02,0.2,0.18,5.0,1.0,0.1,300,0,0.0,True,True,income,100,continue_after_avalanche,period_end,income,income__c0p18__pareto__biased__random,7,59,c,0.18,
2026920000,True,300,6827,1,200,21,200,6827,200,488,21,21,2891,297,0.105,True,3362,3362,488,0.5007019631171923,0.9156692444973231,0,109,200,20.0,lognormal,biased,random,0.02,0.2,0.2,5.0,1.0,0.1,300,0,0.0,True,True,income,100,continue_after_avalanche,period_end,income,income__c0p20__lognormal__biased__random,8,0,c,0.2,
2026920001,True,300,7696,1,200,24,200,7696,200,535,22,22,3323,299,0.11,True,3822,3822,535,0.49990319204604927,0.9299581371009944,0,121,200,20.0,lognormal,biased,random,0.02,0.2,0.2,5.0,1.0,0.1,300,0,0.0,True,True,income,100,continue_after_avalanche,period_end,income,income__c0p20__lognormal__biased__random,8,1,c,0.2,
2026920002,True,300,7419,1,200,24,200,7419,200,463,25,25,3346,300,0.125,True,3691,3691,463,0.5368721213763208,0.9390558114332161,0,117,200,20.0,lognormal,biased,random,0.02,0.2,0.2,5.0,1.0,0.1,300,0,0.0,True,True,income,100,continue_after_avalanche,period_end,income,income__c0p20__lognormal__biased__random,8,2,c,0.2,
2026920003,True,300,7197,1,200,23,200,7197,200,387,26,26,3333,299,0.13,True,3596,3596,387,0.525967741935484,0.9454727474972193,0,113,200,20.0,lognormal,biased,random,0.02,0.2,0.2,5.0,1.0,0.1,300,0,0.0,True,True,income,100,continue_after_avalanche,period_end,income,income__c0p20__lognormal__biased__random,8,3,c,0.2,
2026920004,True,300,8489,1,200,27,200,8489,200,408,25,25,3610,298,0.125,True,4245,4245,408,0.5308492343934041,0.935452296819788,0,131,200,20.0,lognormal,biased,random,0.02,0.2,0.2,5.0,1.0,0.1,300,0,0.0,True,True,income,100,continue_after_avalanche,period_end,income,income__c0p20__lognormal__biased__random,8,4,c,0.2,
2026920005,True,300,8224,1,200,26,200,8224,200,225,27,27,4030,299,0.135,True,4123,4123,225,0.5617620664564638,0.9654559786563184,0,130,200,20.0,lognormal,biased,random,0.02,0.2,0.2,5.0,1.0,0.1,300,0,0.0,True,True,income,100,continue_after_avalanche,period_end,income,income__c0p20__lognormal__biased__random,8,5,c,0.2,
2026920006,True,300,8075,1,200,24,200,8075,200,564,24,24,3338,296,0.12,True,4027,4027,564,0.48719518251800364,0.9228793146262728,0,126,200,20.0,lognormal,biased,random,0.02,0.2,0.2,5.0,1.0,0.1,300,0,0.0,True,True,income,100,continue_after_avalanche,period_end,income,income__c0p20__lognormal__biased__random,8,6,c,0.2,
2026920007,True,300,7634,1,200,23,200,7634,200,569,21,21,3257,297,0.105,True,3797,3797,569,0.5064590466157495,0.9206570977087176,0,113,200,20.0,lognormal,biased,random,0.02,0.2,0.2,5.0,1.0,0.1,300,0,0.0,True,True,income,100,continue_after_avalanche,period_end,income,income__c0p20__lognormal__biased__random,8,7,c,0.2,
2026920008,True,300,7256,1,200,22,200,7256,200,500,22,22,3112,298,0.11,True,3607,3607,500,0.4993609647906849,0.9289173828666484,0,110,200,20.0,lognormal,biased,random,0.02,0.2,0.2,5.0,1.0,0.1,300,0,0.0,True,True,income,100,continue_after_avalanche,period_end,income,income__c0p20__lognormal__biased__random,8,8,c,0.2,
2026920009,True,300,7846,1,200,24,200,7846,200,729,23,23,3232,299,0.115,True,3914,3914,729,0.4888579458354625,0.912789984670414,0,121,200,20.0,lognormal,biased,random,0.02,0.2,0.2,5.0,1.0,0.1,300,0,0.0,True,True,income,100,continue_after_avalanche,period_end,income,income__c0p20__lognormal__biased__random,8,9,c,0.2,
2026920010,True,300,7894,1,200,25,200,7894,200,405,27,27,3271,299,0.135,True,3943,3943,405,0.5149695663200611,0.9362427085975147,0,130,200,20.0,lognormal,biased,random,0.02,0.2,0.2,5.0,1.0,0.1,300,0,0.0,True,True,income,100,continue_after_avalanche,period_end,income,income__c0p20__lognormal__biased__random,8,10,c,0.2,
2026920011,True,300,6966,1,200,22,200,6966,200,591,19,19,2533,294,0.095,False,3440,3440,591,0.45136337209302346,0.9101744186046512,0,111,200,20.0,lognormal,biased,random,0.02,0.2,0.2,5.0,1.0,0.1,300,0,0.0,True,True,income,100,continue_after_avalanche,period_end,income,income__c0p20__lognormal__biased__random,8,11,c,0.2,
2026920012,True,300,8243,1,200,25,200,8243,200,468,25,25,3661,299,0.125,True,4110,4110,468,0.5145352798053529,0.931043795620438,0,129,200,20.0,lognormal,biased,random,0.02,0.2,0.2,5.0,1.0,0.1,300,0,0.0,True,True,income,100,continue_after_avalanche,period_end,income,income__c0p20__lognormal__biased__random,8,12,c,0.2,
2026920013,True,300,7393,1,200,24,200,7393,200,496,24,24,3147,300,0.12,True,3683,3683,496,0.5140958457778986,0.9382229161010047,0,113,200,20.0,lognormal,biased,random,0.02,0.2,0.2,5.0,1.0,0.1,300,0,0.0,True,True,income,100,continue_after_avalanche,period_end,income,income__c0p20__lognormal__biased__random,8,13,c,0.2,
2026920014,True,300,8263,1,200,26,200,8263,200,547,24,24,3345,299,0.12,True,4153,4153,547,0.5070948711774621,0.9297339272814833,0,131,200,20.0,lognormal,biased,random,0.02,0.2,0.2,5.0,1.0,0.1,300,0,0.0,True,True,income,100,continue_after_avalanche,period_end,income,income__c0p20__lognormal__biased__random,8,14,c,0.2,
2026920015,True,300,7895,1,200,23,200,7895,200,621,24,24,3207,298,0.12,True,3924,3924,621,0.4914398572884813,0.9186952089704383,0,118,200,20.0,lognormal,biased,random,0.02,0.2,0.2,5.0,1.0,0.1,300,0,0.0,True,True,income,100,continue_after_avalanche,period_end,income,income__c0p20__lognormal__biased__random,8,15,c,0.2,
2026920016,True,300,8344,1,200,25,200,8344,200,97,31,31,4217,300,0.155,True,4224,4224,97,0.5637807765151517,0.9630871212121213,0,124,200,20.0,lognormal,biased,random,0.02,0.2,0.2,5.0,1.0,0.1,300,0,0.0,True,True,income,100,continue_after_avalanche,period_end,income,income__c0p20__lognormal__biased__random,8,16,c,0.2,
2026920017,True,300,8104,1,200,25,200,8104,200,491,25,25,3850,299,0.125,True,4059,4059,491,0.5399667405764967,0.9421421532397143,0,129,200,20.0,lognormal,biased,random,0.02,0.2,0.2,5.0,1.0,0.1,300,0,0.0,True,True,income,100,continue_after_avalanche,period_end,income,income__c0p20__lognormal__biased__random,8,17,c,0.2,
2026920018,True,300,8185,1,200,26,200,8185,200,742,23,23,3443,298,0.115,True,4084,4084,742,0.4961238981390794,0.9182810969637611,0,129,200,20.0,lognormal,biased,random,0.02,0.2,0.2,5.0,1.0,0.1,300,0,0.0,True,True,income,100,continue_after_avalanche,period_end,income,income__c0p20__lognormal__biased__random,8,18,c,0.2,
2026920019,True,300,9456,1,200,30,200,9456,200,455,28,28,4523,299,0.14,True,4782,4782,455,0.5423107486407361,0.9385257214554581,0,159,200,20.0,lognormal,biased,random,0.02,0.2,0.2,5.0,1.0,0.1,300,0,0.0,True,True,income,100,continue_after_avalanche,period_end,income,income__c0p20__lognormal__biased__random,8,19,c,0.2,
2026920020,True,300,8752,1,200,27,200,8752,200,392,26,26,3897,298,0.13,True,4402,4402,392,0.5180963198546116,0.9486846887778284,0,138,200,20.0,lognormal,biased,random,0.02,0.2,0.2,5.0,1.0,0.1,300,0,0.0,True,True,income,100,continue_after_avalanche,period_end,income,income__c0p20__lognormal__biased__random,8,20,c,0.2,
2026920021,True,300,8778,1,200,28,200,8778,200,403,27,27,4130,299,0.135,True,4409,4409,403,0.5273021093218417,0.9397425720117942,0,137,200,20.0,lognormal,biased,random,0.02,0.2,0.2,5.0,1.0,0.1,300,0,0.0,True,True,income,100,continue_after_avalanche,period_end,income,income__c0p20__lognormal__biased__random,8,21,c,0.2,
2026920022,True,300,7125,1,200,23,200,7125,200,576,20,20,2799,296,0.1,True,3519,3519,576,0.4800554134697359,0.9204987212276217,0,113,200,20.0,lognormal,biased,random,0.02,0.2,0.2,5.0,1.0,0.1,300,0,0.0,True,True,income,100,continue_after_avalanche,period_end,income,income__c0p20__lognormal__biased__random,8,22,c,0.2,
2026920023,True,300,8005,1,200,25,200,8005,200,480,24,24,3408,297,0.12,True,3995,3995,480,0.49035168961201503,0.9276508135168962,0,121,200,20.0,lognormal,biased,random,0.02,0.2,0.2,5.0,1.0,0.1,300,0,0.0,True,True,income,100,continue_after_avalanche,period_end,income,income__c0p20__lognormal__biased__random,8,23,c,0.2,
2026920024,True,300,9207,1,200,29,200,9207,200,415,33,33,4684,300,0.165,True,4695,4695,415,0.5821778487752929,0.9574898828541003,0,150,200,20.0,lognormal,biased,random,0.02,0.2,0.2,5.0,1.0,0.1,300,0,0.0,True,True,income,100,continue_after_avalanche,period_end,income,income__c0p20__lognormal__biased__random,8,24,c,0.2,
2026920025,True,300,8454,1,200,26,200,8454,200,319,27,27,4074,295,0.135,True,4237,4237,319,0.5385260797734246,0.959170403587444,0,125,200,20.0,lognormal,biased,random,0.02,0.2,0.2,5.0,1.0,0.1,300,0,0.0,True,True,income,100,continue_after_avalanche,period_end,income,income__c0p20__lognormal__biased__random,8,25,c,0.2,
2026920026,True,300,7793,1,200,24,200,7793,200,552,23,23,2998,300,0.115,True,3884,3884,552,0.4935298661174048,0.92019052523172,0,127,200,20.0,lognormal,biased,random,0.02,0.2,0.2,5.0,1.0,0.1,300,0,0.0,True,True,income,100,continue_after_avalanche,period_end,income,income__c0p20__lognormal__biased__random,8,26,c,0.2,
2026920027,True,300,7457,1,200,24,200,7457,200,633,21,21,3109,296,0.105,True,3670,3670,633,0.4897520435967304,0.9259291553133515,0,117,200,20.0,lognormal,biased,random,0.02,0.2,0.2,5.0,1.0,0.1,300,0,0.0,True,True,income,100,continue_after_avalanche,period_end,income,income__c0p20__lognormal__biased__random,8,27,c,0.2,
2026920028,True,300,7327,1,200,23,200,7327,200,687,23,23,2851,298,0.115,True,3613,3613,687,0.47907140880154997,0.8983158040409633,0,108,200,20.0,lognormal,biased,random,0.02,0.2,0.2,5.0,1.0,0.1,300,0,0.0,True,True,income,100,continue_after_avalanche,period_end,income,income__c0p20__lognormal__biased__random,8,28,c,0.2,
2026920029,True,300,9650,1,200,30,200,9650,200,627,30,30,4193,300,0.15,True,4870,4870,627,0.5251252566735114,0.9241498973305955,0,153,200,20.0,lognormal,biased,random,0.02,0.2,0.2,5.0,1.0,0.1,300,0,0.0,True,True,income,100,continue_after_avalanche,period_end,income,income__c0p20__lognormal__biased__random,8,29,c,0.2,
2026920030,True,300,10326,1,200,31,200,10326,200,439,32,32,4880,299,0.16,True,5265,5265,439,0.5579420702754037,0.9493931623931624,0,160,200,20.0,lognormal,biased,random,0.02,0.2,0.2,5.0,1.0,0.1,300,0,0.0,True,True,income,100,continue_after_avalanche,period_end,income,income__c0p20__lognormal__biased__random,8,30,c,0.2,
2026920031,True,300,7605,1,200,24,200,7605,200,418,22,22,3366,298,0.11,True,3778,3778,418,0.5310640550555852,0.9277316040232928,0,115,200,20.0,lognormal,biased,random,0.02,0.2,0.2,5.0,1.0,0.1,300,0,0.0,True,True,income,100,continue_after_avalanche,period_end,income,income__c0p20__lognormal__biased__random,8,31,c,0.2,
2026920032,True,300,8844,1,200,28,200,8844,200,744,27,27,3803,297,0.135,True,4440,4440,744,0.5077725225225227,0.9219121621621622,0,130,200,20.0,lognormal,biased,random,0.02,0.2,0.2,5.0,1.0,0.1,300,0,0.0,True,True,income,100,continue_after_avalanche,period_end,income,income__c0p20__lognormal__biased__random,8,32,c,0.2,
2026920033,True,300,7345,1,200,23,200,7345,200,458,23,23,3183,299,0.115,True,3645,3645,458,0.5044293552812071,0.9330768175582991,0,118,200,20.0,lognormal,biased,random,0.02,0.2,0.2,5.0,1.0,0.1,300,0,0.0,True,True,income,100,continue_after_avalanche,period_end,income,income__c0p20__lognormal__biased__random,8,33,c,0.2,
2026920034,True,300,7214,1,200,22,200,7214,200,586,21,21,3022,297,0.105,True,3567,3567,586,0.49268713204373427,0.93221895149986,0,114,200,20.0,lognormal,biased,random,0.02,0.2,0.2,5.0,1.0,0.1,300,0,0.0,True,True,income,100,continue_after_avalanche,period_end,income,income__c0p20__lognormal__biased__random,8,34,c,0.2,
2026920035,True,300,7987,1,200,24,200,7987,200,458,25,25,3542,299,0.125,True,3995,3995,458,0.49509511889862345,0.9245118898623279,0,121,200,20.0,lognormal,biased,random,0.02,0.2,0.2,5.0,1.0,0.1,300,0,0.0,True,True,income,100,continue_after_avalanche,period_end,income,income__c0p20__lognormal__biased__random,8,35,c,0.2,
2026920036,True,300,7923,1,200,25,200,7923,200,394,25,25,3593,299,0.125,True,3954,3954,394,0.533216995447648,0.9418942842690947,0,122,200,20.0,lognormal,biased,random,0.02,0.2,0.2,5.0,1.0,0.1,300,0,0.0,True,True,income,100,continue_after_avalanche,period_end,income,income__c0p20__lognormal__biased__random,8,36,c,0.2,
2026920037,True,300,8225,1,200,25,200,8225,200,711,26,26,3469,300,0.13,True,4143,4143,711,0.5208918657977313,0.9213287472845766,0,129,200,20.0,lognormal,biased,random,0.02,0.2,0.2,5.0,1.0,0.1,300,0,0.0,True,True,income,100,continue_after_avalanche,period_end,income,income__c0p20__lognormal__biased__random,8,37,c,0.2,
2026920038,True,300,7409,1,200,23,200,7409,200,599,23,23,3162,297,0.115,True,3683,3683,599,0.5045574260114039,0.91196986152593,0,118,200,20.0,lognormal,biased,random,0.02,0.2,0.2,5.0,1.0,0.1,300,0,0.0,True,True,income,100,continue_after_avalanche,period_end,income,income__c0p20__lognormal__biased__random,8,38,c,0.2,
2026920039,True,300,8384,1,200,26,200,8384,200,703,26,26,3471,299,0.13,True,4193,4193,703,0.4943870736942524,0.9049570713093251,0,135,200,20.0,lognormal,biased,random,0.02,0.2,0.2,5.0,1.0,0.1,300,0,0.0,True,True,income,100,continue_after_avalanche,period_end,income,income__c0p20__lognormal__biased__random,8,39,c,0.2,
2026920040,True,300,7458,1,200,23,200,7458,200,394,26,26,3311,298,0.13,True,3695,3695,394,0.5024533152909338,0.9426914749661706,0,116,200,20.0,lognormal,biased,random,0.02,0.2,0.2,5.0,1.0,0.1,300,0,0.0,True,True,income,100,continue_after_avalanche,period_end,income,income__c0p20__lognormal__biased__random,8,40,c,0.2,
2026920041,True,300,8034,1,200,25,200,8034,200,607,23,23,3276,297,0.115,True,4018,4018,607,0.49567446490791456,0.9087979094076657,0,127,200,20.0,lognormal,biased,random,0.02,0.2,0.2,5.0,1.0,0.1,300,0,0.0,True,True,income,100,continue_after_avalanche,period_end,income,income__c0p20__lognormal__biased__random,8,41,c,0.2,
2026920042,True,300,9033,1,200,29,200,9033,200,527,26,26,3980,299,0.13,True,4547,4547,527,0.5149494171981528,0.9240829118099847,0,142,200,20.0,lognormal,biased,random,0.02,0.2,0.2,5.0,1.0,0.1,300,0,0.0,True,True,income,100,continue_after_avalanche,period_end,income,income__c0p20__lognormal__biased__random,8,42,c,0.2,
2026920043,True,300,8863,1,200,28,200,8863,200,523,27,27,4006,299,0.135,True,4464,4464,523,0.51891353046595,0.9436043906810037,0,135,200,20.0,lognormal,biased,random,0.02,0.2,0.2,5.0,1.0,0.1,300,0,0.0,True,True,income,100,continue_after_avalanche,period_end,income,income__c0p20__lognormal__biased__random,8,43,c,0.2,
2026920044,True,300,7865,1,200,24,200,7865,200,353,23,23,3464,300,0.115,True,3924,3924,353,0.5167023445463814,0.9398216106014272,0,123,200,20.0,lognormal,biased,random,0.02,0.2,0.2,5.0,1.0,0.1,300,0,0.0,True,True,income,100,continue_after_avalanche,period_end,income,income__c0p20__lognormal__biased__random,8,44,c,0.2,
2026920045,True,300,6796,1,200,22,200,6796,200,517,23,23,2780,295,0.115,True,3355,3355,517,0.4716110283159465,0.9159388971684055,0,114,200,20.0,lognormal,biased,random,0.02,0.2,0.2,5.0,1.0,0.1,300,0,0.0,True,True,income,100,continue_after_avalanche,period_end,income,income__c0p20__lognormal__biased__random,8,45,c,0.2,
2026920046,True,300,7731,1,200,25,200,7731,200,575,24,24,3380,299,0.12,True,3868,3868,575,0.5054653567735266,0.9228541882109618,0,121,200,20.0,lognormal,biased,random,0.02,0.2,0.2,5.0,1.0,0.1,300,0,0.0,True,True,income,100,continue_after_avalanche,period_end,income,income__c0p20__lognormal__biased__random,8,46,c,0.2,
2026920047,True,300,6490,1,200,20,200,6490,200,446,22,22,2732,298,0.11,True,3186,3186,446,0.5034274952919022,0.9411016949152544,0,99,200,20.0,lognormal,biased,random,0.02,0.2,0.2,5.0,1.0,0.1,300,0,0.0,True,True,income,100,continue_after_avalanche,period_end,income,income__c0p20__lognormal__biased__random,8,47,c,0.2,
2026920048,True,300,8506,1,200,27,200,8506,200,799,24,24,3680,299,0.12,True,4244,4244,799,0.5152450518378888,0.900928369462771,0,134,200,20.0,lognormal,biased,random,0.02,0.2,0.2,5.0,1.0,0.1,300,0,0.0,True,True,income,100,continue_after_avalanche,period_end,income,income__c0p20__lognormal__biased__random,8,48,c,0.2,
2026920049,True,300,7805,1,200,24,200,7805,200,480,23,23,3648,300,0.115,True,3882,3882,480,0.526898505924781,0.9389567233384855,0,124,200,20.0,lognormal,biased,random,0.02,0.2,0.2,5.0,1.0,0.1,300,0,0.0,True,True,income,100,continue_after_avalanche,period_end,income,income__c0p20__lognormal__biased__random,8,49,c,0.2,
2026920050,True,300,8866,1,200,28,200,8866,200,502,28,28,4175,300,0.14,True,4479,4479,502,0.5527137753962938,0.9325798169234205,0,138,200,20.0,lognormal,biased,random,0.02,0.2,0.2,5.0,1.0,0.1,300,0,0.0,True,True,income,100,continue_after_avalanche,period_end,income,income__c0p20__lognormal__biased__random,8,50,c,0.2,
2026920051,True,300,7617,1,200,24,200,7617,200,441,25,25,3587,299,0.125,True,3809,3809,441,0.5409858230506697,0.9340417432396955,0,117,200,20.0,lognormal,biased,random,0.02,0.2,0.2,5.0,1.0,0.1,300,0,0.0,True,True,income,100,continue_after_avalanche,period_end,income,income__c0p20__lognormal__biased__random,8,51,c,0.2,
2026920052,True,300,8212,1,200,26,200,8212,200,563,26,26,3672,299,0.13,True,4097,4097,563,0.5155565047595803,0.9329863314620455,0,130,200,20.0,lognormal,biased,random,0.02,0.2,0.2,5.0,1.0,0.1,300,0,0.0,True,True,income,100,continue_after_avalanche,period_end,income,income__c0p20__lognormal__biased__random,8,52,c,0.2,
2026920053,True,300,7966,1,200,25,200,7966,200,282,25,25,4077,297,0.125,True,4011,4011,282,0.5599887808526554,0.9408763400648219,0,123,200,20.0,lognormal,biased,random,0.02,0.2,0.2,5.0,1.0,0.1,300,0,0.0,True,True,income,100,continue_after_avalanche,period_end,income,income__c0p20__lognormal__biased__random,8,53,c,0.2,
2026920054,True,300,7321,1,200,23,200,7321,200,759,22,22,3209,299,0.11,True,3615,3615,759,0.5061313969571233,0.9124827109266944,0,113,200,20.0,lognormal,biased,random,0.02,0.2,0.2,5.0,1.0,0.1,300,0,0.0,True,True,income,100,continue_after_avalanche,period_end,income,income__c0p20__lognormal__biased__random,8,54,c,0.2,
2026920055,True,300,8686,1,200,27,200,8686,200,259,28,28,4228,299,0.14,True,4377,4377,259,0.5501930546036098,0.9581574137537128,0,128,200,20.0,lognormal,biased,random,0.02,0.2,0.2,5.0,1.0,0.1,300,0,0.0,True,True,income,100,continue_after_avalanche,period_end,income,income__c0p20__lognormal__biased__random,8,55,c,0.2,
2026920056,True,300,7918,1,200,24,200,7918,200,533,22,22,3514,296,0.11,True,3959,3959,533,0.5141134124778985,0.932196261682243,0,121,200,20.0,lognormal,biased,random,0.02,0.2,0.2,5.0,1.0,0.1,300,0,0.0,True,True,income,100,continue_after_avalanche,period_end,income,income__c0p20__lognormal__biased__random,8,56,c,0.2,
2026920057,True,300,7153,1,200,21,200,7153,200,431,24,24,3146,297,0.12,True,3566,3566,431,0.5086427369601796,0.9428351093662368,0,110,200,20.0,lognormal,biased,random,0.02,0.2,0.2,5.0,1.0,0.1,300,0,0.0,True,True,income,100,continue_after_avalanche,period_end,income,income__c0p20__lognormal__biased__random,8,57,c,0.2,
2026920058,True,300,8390,1,200,25,200,8390,200,454,26,26,4225,300,0.13,True,4234,4234,454,0.5634411903637224,0.9458455361360416,0,129,200,20.0,lognormal,biased,random,0.02,0.2,0.2,5.0,1.0,0.1,300,0,0.0,True,True,income,100,continue_after_avalanche,period_end,income,income__c0p20__lognormal__biased__random,8,58,c,0.2,
2026920059,True,300,8556,1,200,25,200,8556,200,832,26,26,3433,297,0.13,True,4275,4275,832,0.4925064327485382,0.9183730994152048,0,130,200,20.0,lognormal,biased,random,0.02,0.2,0.2,5.0,1.0,0.1,300,0,0.0,True,True,income,100,continue_after_avalanche,period_end,income,income__c0p20__lognormal__biased__random,8,59,c,0.2,
2027020000,True,300,8044,24,932,24,200,8044,932,468,24,24,2470,251,0.12,True,4004,4004,468,0.331441058941059,0.9237387612387613,0,121,200,20.0,pareto,biased,random,0.02,0.2,0.2,5.0,1.0,0.1,300,0,0.0,True,True,income,100,continue_after_avalanche,period_end,income,income__c0p20__pareto__biased__random,9,0,c,0.2,
2027020001,True,300,8023,27,1014,24,200,8023,1014,214,24,24,2937,263,0.12,True,3998,3998,214,0.3812806403201603,0.9694597298649326,0,121,200,20.0,pareto,biased,random,0.02,0.2,0.2,5.0,1.0,0.1,300,0,0.0,True,True,income,100,continue_after_avalanche,period_end,income,income__c0p20__pareto__biased__random,9,1,c,0.2,
2027020002,True,300,8022,12,609,24,200,8022,609,357,27,27,2865,265,0.135,True,4006,4006,357,0.3784897653519721,0.9411957064403396,0,124,200,20.0,pareto,biased,random,0.02,0.2,0.2,5.0,1.0,0.1,300,0,0.0,True,True,income,100,continue_after_avalanche,period_end,income,income__c0p20__pareto__biased__random,9,2,c,0.2,
2027020003,True,300,8098,37,1264,25,200,8098,1264,606,23,23,2141,238,0.115,True,4004,4004,606,0.29019480519480534,0.9333291708291709,0,123,200,20.0,pareto,biased,random,0.02,0.2,0.2,5.0,1.0,0.1,300,0,0.0,True,True,income,100,continue_after_avalanche,period_end,income,income__c0p20__pareto__biased__random,9,3,c,0.2,
2027020004,True,300,7853,16,725,23,200,7853,725,34,27,27,3824,272,0.135,True,4002,4002,34,0.4499975012493753,0.9935432283858072,0,116,200,20.0,pareto,biased,random,0.02,0.2,0.2,5.0,1.0,0.1,300,0,0.0,True,True,income,100,continue_after_avalanche,period_end,income,income__c0p20__pareto__biased__random,9,4,c,0.2,
2027020005,True,300,8084,11,579,25,200,8084,579,515,23,23,2327,257,0.115,True,3998,3998,515,0.3107153576788395,0.9285942971485743,0,131,200,20.0,pareto,biased,random,0.02,0.2,0.2,5.0,1.0,0.1,300,0,0.0,True,True,income,100,continue_after_avalanche,period_end,income,income__c0p20__pareto__biased__random,9,5,c,0.2,
2027020006,True,300,8110,34,1172,25,200,8110,1172,1008,21,21,1857,240,0.105,True,4006,4006,1008,0.2719171243135299,0.8959036445332003,0,125,200,20.0,pareto,biased,random,0.02,0.2,0.2,5.0,1.0,0.1,300,0,0.0,True,True,income,100,continue_after_avalanche,period_end,income,income__c0p20__pareto__biased__random,9,6,c,0.2,
2027020007,True,300,8080,20,817,26,200,8080,817,538,23,23,2539,251,0.115,True,3999,3999,538,0.3366504126031509,0.9233045761440362,0,127,200,20.0,pareto,biased,random,0.02,0.2,0.2,5.0,1.0,0.1,300,0,0.0,True,True,income,100,continue_after_avalanche,period_end,income,income__c0p20__pareto__biased__random,9,7,c,0.2,
2027020008,True,300,8083,29,1066,24,200,8083,1066,386,24,24,2868,254,0.12,True,3998,3998,386,0.3538419209604804,0.9424112056028016,0,122,200,20.0,pareto,biased,random,0.02,0.2,0.2,5.0,1.0,0.1,300,0,0.0,True,True,income,100,continue_after_avalanche,period_end,income,income__c0p20__pareto__biased__random,9,8,c,0.2,
2027020009,True,300,8124,45,1495,28,200,8124,1495,1247,22,22,1775,240,0.11,True,4001,4001,1247,0.2597938015496126,0.8465096225943516,0,133,200,20.0,pareto,biased,random,0.02,0.2,0.2,5.0,1.0,0.1,300,0,0.0,True,True,income,100,continue_after_avalanche,period_end,income,income__c0p20__pareto__biased__random,9,9,c,0.2,
2027020010,True,300,7985,21,836,25,200,7985,836,542,23,23,2895,264,0.115,True,4002,4002,542,0.38842078960519744,0.9214642678660672,0,124,200,20.0,pareto,biased,random,0.02,0.2,0.2,5.0,1.0,0.1,300,0,0.0,True,True,income,100,continue_after_avalanche,period_end,income,income__c0p20__pareto__biased__random,9,10,c,0.2,
2027020011,True,300,8119,30,1105,26,200,8119,1105,971,22,22,1954,248,0.11,True,4003,4003,971,0.2781151636272796,0.8774256807394456,0,125,200,20.0,pareto,biased,random,0.02,0.2,0.2,5.0,1.0,0.1,300,0,0.0,True,True,income,100,continue_after_avalanche,period_end,income,income__c0p20__pareto__biased__random,9,11,c,0.2,
2027020012,True,300,8134,11,578,26,200,8134,578,1093,20,20,2113,239,0.1,True,4001,4001,1093,0.25276805798550384,0.8725556110972259,0,127,200,20.0,pareto,biased,random,0.02,0.2,0.2,5.0,1.0,0.1,300,0,0.0,True,True,income,100,continue_after_avalanche,period_end,income,income__c0p20__pareto__biased__random,9,12,c,0.2,
2027020013,True,300,8131,17,746,25,200,8131,746,825,22,22,2219,252,0.11,True,4009,4009,825,0.3043614367672738,0.905217011723622,0,128,200,20.0,pareto,biased,random,0.02,0.2,0.2,5.0,1.0,0.1,300,0,0.0,True,True,income,100,continue_after_avalanche,period_end,income,income__c0p20__pareto__biased__random,9,13,c,0.2,
2027020014,True,300,8029,18,777,24,200,8029,777,359,25,25,3088,273,0.125,True,3996,3996,359,0.3941366366366368,0.9406306306306307,0,122,200,20.0,pareto,biased,random,0.02,0.2,0.2,5.0,1.0,0.1,300,0,0.0,True,True,income,100,continue_after_avalanche,period_end,income,income__c0p20__pareto__biased__random,9,14,c,0.2,
2027020015,True,300,8098,24,920,27,200,8098,920,850,20,20,2396,249,0.1,True,3999,3999,850,0.31065891472868223,0.8794261065266318,0,125,200,20.0,pareto,biased,random,0.02,0.2,0.2,5.0,1.0,0.1,300,0,0.0,True,True,income,100,continue_after_avalanche,period_end,income,income__c0p20__pareto__biased__random,9,15,c,0.2,
2027020016,True,300,7981,22,876,23,200,7981,876,203,29,29,3063,260,0.145,True,4002,4002,203,0.4012643678160921,0.9738580709645179,0,121,200,20.0,pareto,biased,random,0.02,0.2,0.2,5.0,1.0,0.1,300,0,0.0,True,True,income,100,continue_after_avalanche,period_end,income,income__c0p20__pareto__biased__random,9,16,c,0.2,
2027020017,True,300,8014,22,852,24,200,8014,852,298,24,24,2677,256,0.12,True,3995,3995,298,0.3801889862327912,0.9658861076345433,0,123,200,20.0,pareto,biased,random,0.02,0.2,0.2,5.0,1.0,0.1,300,0,0.0,True,True,income,100,continue_after_avalanche,period_end,income,income__c0p20__pareto__biased__random,9,17,c,0.2,
2027020018,True,300,8091,37,1254,26,200,8091,1254,879,24,24,2090,246,0.12,True,4005,4005,879,0.2882459425717854,0.8790873907615482,0,125,200,20.0,pareto,biased,random,0.02,0.2,0.2,5.0,1.0,0.1,300,0,0.0,True,True,income,100,continue_after_avalanche,period_end,income,income__c0p20__pareto__biased__random,9,18,c,0.2,
2027020019,True,300,8129,26,967,26,200,8129,967,1225,22,22,2000,246,0.11,True,4000,4000,1225,0.2681475000000002,0.85724,0,128,200,20.0,pareto,biased,random,0.02,0.2,0.2,5.0,1.0,0.1,300,0,0.0,True,True,income,100,continue_after_avalanche,period_end,income,income__c0p20__pareto__biased__random,9,19,c,0.2,
2027020020,True,300,8137,13,630,25,200,8137,630,687,24,24,2237,247,0.12,True,3997,3997,687,0.28102201651238445,0.912918438829122,0,123,200,20.0,pareto,biased,random,0.02,0.2,0.2,5.0,1.0,0.1,300,0,0.0,True,True,income,100,continue_after_avalanche,period_end,income,income__c0p20__pareto__biased__random,9,20,c,0.2,
2027020021,True,300,8088,28,1031,26,200,8088,1031,620,23,23,2237,253,0.115,True,3999,3999,620,0.32534008502125533,0.9190710177544388,0,127,200,20.0,pareto,biased,random,0.02,0.2,0.2,5.0,1.0,0.1,300,0,0.0,True,True,income,100,continue_after_avalanche,period_end,income,income__c0p20__pareto__biased__random,9,21,c,0.2,
2027020022,True,300,8133,32,1143,25,200,8133,1143,838,19,19,1939,246,0.095,False,4014,4014,838,0.2800174389636274,0.8801619332336823,0,130,200,20.0,pareto,biased,random,0.02,0.2,0.2,5.0,1.0,0.1,300,0,0.0,True,True,income,100,continue_after_avalanche,period_end,income,income__c0p20__pareto__biased__random,9,22,c,0.2,
2027020023,True,300,7999,29,1058,26,200,7999,1058,492,23,23,2404,248,0.115,True,4000,4000,492,0.3296300000000001,0.9378675000000001,0,126,200,20.0,pareto,biased,random,0.02,0.2,0.2,5.0,1.0,0.1,300,0,0.0,True,True,income,100,continue_after_avalanche,period_end,income,income__c0p20__pareto__biased__random,9,23,c,0.2,
2027020024,True,300,8051,27,1010,24,200,8051,1010,383,27,27,2826,259,0.135,True,3996,3996,383,0.3672547547547549,0.9462187187187188,0,126,200,20.0,pareto,biased,random,0.02,0.2,0.2,5.0,1.0,0.1,300,0,0.0,True,True,income,100,continue_after_avalanche,period_end,income,income__c0p20__pareto__biased__random,9,24,c,0.2,
2027020025,True,300,8088,36,1246,25,200,8088,1246,642,23,23,2355,247,0.115,True,3998,3998,642,0.3218134067033518,0.9329439719859931,0,126,200,20.0,pareto,biased,random,0.02,0.2,0.2,5.0,1.0,0.1,300,0,0.0,True,True,income,100,continue_after_avalanche,period_end,income,income__c0p20__pareto__biased__random,9,25,c,0.2,
2027020026,True,300,8178,32,1151,25,200,8178,1151,755,23,23,1928,233,0.115,True,4010,4010,755,0.2926334164588529,0.9002568578553618,0,126,200,20.0,pareto,biased,random,0.02,0.2,0.2,5.0,1.0,0.1,300,0,0.0,True,True,income,100,continue_after_avalanche,period_end,income,income__c0p20__pareto__biased__random,9,26,c,0.2,
2027020027,True,300,8104,19,799,26,200,8104,799,498,24,24,2644,255,0.12,True,4010,4010,498,0.33767581047381556,0.9536084788029926,0,132,200,20.0,pareto,biased,random,0.02,0.2,0.2,5.0,1.0,0.1,300,0,0.0,True,True,income,100,continue_after_avalanche,period_end,income,income__c0p20__pareto__biased__random,9,27,c,0.2,
2027020028,True,300,8046,24,934,25,200,8046,934,406,22,22,2660,256,0.11,True,3996,3996,406,0.3620195195195197,0.9582707707707709,0,127,200,20.0,pareto,biased,random,0.02,0.2,0.2,5.0,1.0,0.1,300,0,0.0,True,True,income,100,continue_after_avalanche,period_end,income,income__c0p20__pareto__biased__random,9,28,c,0.2,
2027020029,True,300,7957,15,689,23,200,7957,689,75,24,24,3268,264,0.12,True,4001,4001,75,0.4058747813046739,0.98708447888028,0,120,200,20.0,pareto,biased,random,0.02,0.2,0.2,5.0,1.0,0.1,300,0,0.0,True,True,income,100,continue_after_avalanche,period_end,income,income__c0p20__pareto__biased__random,9,29,c,0.2,
2027020030,True,300,8070,19,806,25,200,8070,806,208,27,27,2839,258,0.135,True,3995,3995,208,0.35193617021276613,0.9589299123904882,0,124,200,20.0,pareto,biased,random,0.02,0.2,0.2,5.0,1.0,0.1,300,0,0.0,True,True,income,100,continue_after_avalanche,period_end,income,income__c0p20__pareto__biased__random,9,30,c,0.2,
2027020031,True,300,8057,33,1168,25,200,8057,1168,875,22,22,2258,242,0.11,True,3990,3990,875,0.29449874686716804,0.900952380952381,0,128,200,20.0,pareto,biased,random,0.02,0.2,0.2,5.0,1.0,0.1,300,0,0.0,True,True,income,100,continue_after_avalanche,period_end,income,income__c0p20__pareto__biased__random,9,31,c,0.2,
2027020032,True,300,8056,14,663,24,200,8056,663,510,23,23,2633,259,0.115,True,3998,3998,510,0.3718734367183594,0.9409729864932468,0,123,200,20.0,pareto,biased,random,0.02,0.2,0.2,5.0,1.0,0.1,300,0,0.0,True,True,income,100,continue_after_avalanche,period_end,income,income__c0p20__pareto__biased__random,9,32,c,0.2,
2027020033,True,300,8095,20,830,26,200,8095,830,567,21,21,2338,242,0.105,True,3995,3995,567,0.32106508135168976,0.9392753441802253,0,127,200,20.0,pareto,biased,random,0.02,0.2,0.2,5.0,1.0,0.1,300,0,0.0,True,True,income,100,continue_after_avalanche,period_end,income,income__c0p20__pareto__biased__random,9,33,c,0.2,
2027020034,True,300,8109,21,862,25,200,8109,862,1002,21,21,2271,256,0.105,True,4003,4003,1002,0.31201723707219586,0.88843742193355,0,131,200,20.0,pareto,biased,random,0.02,0.2,0.2,5.0,1.0,0.1,300,0,0.0,True,True,income,100,continue_after_avalanche,period_end,income,income__c0p20__pareto__biased__random,9,34,c,0.2,
2027020035,True,300,8163,34,1216,26,200,8163,1216,880,23,23,2419,256,0.115,True,4006,4006,880,0.2980429355966052,0.8922291562656017,0,127,200,20.0,pareto,biased,random,0.02,0.2,0.2,5.0,1.0,0.1,300,0,0.0,True,True,income,100,continue_after_avalanche,period_end,income,income__c0p20__pareto__biased__random,9,35,c,0.2,
2027020036,True,300,8056,19,803,25,200,8056,803,645,22,22,2353,247,0.11,True,3990,3990,645,0.3238145363408522,0.9235538847117795,0,126,200,20.0,pareto,biased,random,0.02,0.2,0.2,5.0,1.0,0.1,300,0,0.0,True,True,income,100,continue_after_avalanche,period_end,income,income__c0p20__pareto__biased__random,9,36,c,0.2,
2027020037,True,300,8091,26,967,26,200,8091,967,942,24,24,2227,250,0.12,True,4003,4003,942,0.314832625530852,0.9087671746190358,0,127,200,20.0,pareto,biased,random,0.02,0.2,0.2,5.0,1.0,0.1,300,0,0.0,True,True,income,100,continue_after_avalanche,period_end,income,income__c0p20__pareto__biased__random,9,37,c,0.2,
2027020038,True,300,8127,27,992,25,200,8127,992,674,25,25,2212,250,0.125,True,3999,3999,674,0.3375656414103527,0.9247074268567144,0,126,200,20.0,pareto,biased,random,0.02,0.2,0.2,5.0,1.0,0.1,300,0,0.0,True,True,income,100,continue_after_avalanche,period_end,income,income__c0p20__pareto__biased__random,9,38,c,0.2,
2027020039,True,300,8054,30,1102,25,200,8054,1102,478,24,24,2750,259,0.12,True,4009,4009,478,0.37583811424295344,0.9538176602644053,0,122,200,20.0,pareto,biased,random,0.02,0.2,0.2,5.0,1.0,0.1,300,0,0.0,True,True,income,100,continue_after_avalanche,period_end,income,income__c0p20__pareto__biased__random,9,39,c,0.2,
2027020040,True,300,8117,30,1089,25,200,8117,1089,866,20,20,2106,247,0.1,True,4006,4006,866,0.29825262106839756,0.9155516724912631,0,125,200,20.0,pareto,biased,random,0.02,0.2,0.2,5.0,1.0,0.1,300,0,0.0,True,True,income,100,continue_after_avalanche,period_end,income,income__c0p20__pareto__biased__random,9,40,c,0.2,
2027020041,True,300,8081,46,1489,26,200,8081,1489,1113,23,23,1959,239,0.115,True,4000,4000,1113,0.2902300000000002,0.8714725000000001,0,124,200,20.0,pareto,biased,random,0.02,0.2,0.2,5.0,1.0,0.1,300,0,0.0,True,True,income,100,continue_after_avalanche,period_end,income,income__c0p20__pareto__biased__random,9,41,c,0.2,
2027020042,True,300,8079,41,1351,26,200,8079,1351,632,24,24,2228,240,0.12,True,3998,3998,632,0.2942571285642823,0.9109429714857429,0,133,200,20.0,pareto,biased,random,0.02,0.2,0.2,5.0,1.0,0.1,300,0,0.0,True,True,income,100,continue_after_avalanche,period_end,income,income__c0p20__pareto__biased__random,9,42,c,0.2,
2027020043,True,300,8153,29,1065,27,200,8153,1065,1119,23,23,2016,247,0.115,True,4003,4003,1119,0.2880627029727705,0.8721221583812142,0,128,200,20.0,pareto,biased,random,0.02,0.2,0.2,5.0,1.0,0.1,300,0,0.0,True,True,income,100,continue_after_avalanche,period_end,income,income__c0p20__pareto__biased__random,9,43,c,0.2,
2027020044,True,300,8051,21,846,25,200,8051,846,752,20,20,2399,253,0.1,True,3996,3996,752,0.33221471471471475,0.9231031031031032,0,127,200,20.0,pareto,biased,random,0.02,0.2,0.2,5.0,1.0,0.1,300,0,0.0,True,True,income,100,continue_after_avalanche,period_end,income,income__c0p20__pareto__biased__random,9,44,c,0.2,
2027020045,True,300,8152,22,873,27,200,8152,873,883,23,23,2209,248,0.115,True,4006,4006,883,0.29313529705441854,0.8834123814278583,0,129,200,20.0,pareto,biased,random,0.02,0.2,0.2,5.0,1.0,0.1,300,0,0.0,True,True,income,100,continue_after_avalanche,period_end,income,income__c0p20__pareto__biased__random,9,45,c,0.2,
2027020046,True,300,8087,24,908,25,200,8087,908,699,26,26,2337,256,0.13,True,3999,3999,699,0.3039847461865468,0.9209439859964992,0,128,200,20.0,pareto,biased,random,0.02,0.2,0.2,5.0,1.0,0.1,300,0,0.0,True,True,income,100,continue_after_avalanche,period_end,income,income__c0p20__pareto__biased__random,9,46,c,0.2,
2027020047,True,300,8140,23,904,26,200,8140,904,1169,21,21,2114,250,0.105,True,4003,4003,1169,0.2887796652510619,0.8718473644766427,0,125,200,20.0,pareto,biased,random,0.02,0.2,0.2,5.0,1.0,0.1,300,0,0.0,True,True,income,100,continue_after_avalanche,period_end,income,income__c0p20__pareto__biased__random,9,47,c,0.2,
2027020048,True,300,8061,28,1050,25,200,8061,1050,465,26,26,2336,250,0.13,True,3999,3999,465,0.33309202300575147,0.960371342835709,0,129,200,20.0,pareto,biased,random,0.02,0.2,0.2,5.0,1.0,0.1,300,0,0.0,True,True,income,100,continue_after_avalanche,period_end,income,income__c0p20__pareto__biased__random,9,48,c,0.2,
2027020049,True,300,8113,54,1710,25,200,8113,1710,1499,20,20,1589,230,0.1,True,4003,4003,1499,0.22956907319510367,0.8295266050462153,0,126,200,20.0,pareto,biased,random,0.02,0.2,0.2,5.0,1.0,0.1,300,0,0.0,True,True,income,100,continue_after_avalanche,period_end,income,income__c0p20__pareto__biased__random,9,49,c,0.2,
2027020050,True,300,8064,26,982,25,200,8064,982,478,22,22,2586,256,0.11,True,3992,3992,478,0.3371442885771545,0.9271518036072146,0,123,200,20.0,pareto,biased,random,0.02,0.2,0.2,5.0,1.0,0.1,300,0,0.0,True,True,income,100,continue_after_avalanche,period_end,income,income__c0p20__pareto__biased__random,9,50,c,0.2,
2027020051,True,300,8083,20,805,26,200,8083,805,479,26,26,2367,254,0.13,True,3999,3999,479,0.3292585646411603,0.9485583895973995,0,130,200,20.0,pareto,biased,random,0.02,0.2,0.2,5.0,1.0,0.1,300,0,0.0,True,True,income,100,continue_after_avalanche,period_end,income,income__c0p20__pareto__biased__random,9,51,c,0.2,
2027020052,True,300,7918,21,853,24,200,7918,853,71,30,30,3509,266,0.15,True,4005,4005,71,0.4289625468164795,0.9893770287141075,0,118,200,20.0,pareto,biased,random,0.02,0.2,0.2,5.0,1.0,0.1,300,0,0.0,True,True,income,100,continue_after_avalanche,period_end,income,income__c0p20__pareto__biased__random,9,52,c,0.2,
2027020053,True,300,8068,31,1110,24,200,8068,1110,427,28,28,2848,263,0.14,True,4000,4000,427,0.3719950000000001,0.9402600000000001,0,125,200,20.0,pareto,biased,random,0.02,0.2,0.2,5.0,1.0,0.1,300,0,0.0,True,True,income,100,continue_after_avalanche,period_end,income,income__c0p20__pareto__biased__random,9,53,c,0.2,
2027020054,True,300,8116,40,1345,25,200,8116,1345,653,22,22,2344,251,0.11,True,4001,4001,653,0.32175581104723827,0.9168245438640341,0,127,200,20.0,pareto,biased,random,0.02,0.2,0.2,5.0,1.0,0.1,300,0,0.0,True,True,income,100,continue_after_avalanche,period_end,income,income__c0p20__pareto__biased__random,9,54,c,0.2,
2027020055,True,300,8102,22,870,26,200,8102,870,472,25,25,2484,256,0.125,True,3998,3998,472,0.3347948974487245,0.9363706853426714,0,129,200,20.0,pareto,biased,random,0.02,0.2,0.2,5.0,1.0,0.1,300,0,0.0,True,True,income,100,continue_after_avalanche,period_end,income,income__c0p20__pareto__biased__random,9,55,c,0.2,
2027020056,True,300,8106,19,795,24,200,8106,795,593,22,22,2077,242,0.11,True,4002,4002,593,0.29569465267366324,0.9081509245377313,0,126,200,20.0,pareto,biased,random,0.02,0.2,0.2,5.0,1.0,0.1,300,0,0.0,True,True,income,100,continue_after_avalanche,period_end,income,income__c0p20__pareto__biased__random,9,56,c,0.2,
2027020057,True,300,8091,18,764,26,200,8091,764,750,21,21,2375,250,0.105,True,3993,3993,750,0.3155659904833459,0.9037152516904583,0,129,200,20.0,pareto,biased,random,0.02,0.2,0.2,5.0,1.0,0.1,300,0,0.0,True,True,income,100,continue_after_avalanche,period_end,income,income__c0p20__pareto__biased__random,9,57,c,0.2,
2027020058,True,300,8079,24,925,26,200,8079,925,743,21,21,2012,241,0.105,True,4002,4002,743,0.29197901049475283,0.9085582208895553,0,128,200,20.0,pareto,biased,random,0.02,0.2,0.2,5.0,1.0,0.1,300,0,0.0,True,True,income,100,continue_after_avalanche,period_end,income,income__c0p20__pareto__biased__random,9,58,c,0.2,
2027020059,True,300,8059,24,931,26,200,8059,931,533,21,21,2568,258,0.105,True,3997,3997,533,0.34911308481361036,0.9184375781836378,0,125,200,20.0,pareto,biased,random,0.02,0.2,0.2,5.0,1.0,0.1,300,0,0.0,True,True,income,100,continue_after_avalanche,period_end,income,income__c0p20__pareto__biased__random,9,59,c,0.2,
2027120000,True,300,5400,4,72,18,18,5400,72,1017,16,16,1650,282,0.08,False,4425,4425,1017,0.5297909604519775,0.8514881355932205,0,131,200,20.0,lognormal,biased,random,0.02,0.2,0.2,5.0,1.0,0.1,300,0,0.0,True,True,fixed,18,continue_after_avalanche,period_end,fixed,fixed__K18__lognormal__biased__random,10,0,fixed_k,18.0,0.09
2027120001,True,300,5400,1,18,18,18,5400,18,1502,15,15,1223,268,0.075,False,4710,4710,1502,0.4795435244161359,0.7941507430997878,0,144,200,20.0,lognormal,biased,random,0.02,0.2,0.2,5.0,1.0,0.1,300,0,0.0,True,True,fixed,18,continue_after_avalanche,period_end,fixed,fixed__K18__lognormal__biased__random,10,1,fixed_k,18.0,0.09
2027120002,True,300,5400,9,162,18,18,5400,162,673,17,17,1878,283,0.085,False,2992,2992,673,0.45300133689839583,0.8832152406417113,0,95,200,20.0,lognormal,biased,random,0.02,0.2,0.2,5.0,1.0,0.1,300,0,0.0,True,True,fixed,18,continue_after_avalanche,period_end,fixed,fixed__K18__lognormal__biased__random,10,2,fixed_k,18.0,0.09
2027120003,True,300,5400,1,18,18,18,5400,18,735,15,15,1809,289,0.075,False,3846,3846,735,0.5308450338013522,0.8737675507020282,0,120,200,20.0,lognormal,biased,random,0.02,0.2,0.2,5.0,1.0,0.1,300,0,0.0,True,True,fixed,18,continue_after_avalanche,period_end,fixed,fixed__K18__lognormal__biased__random,10,3,fixed_k,18.0,0.09
2027120004,True,300,5400,1,18,18,18,5400,18,963,14,14,1607,280,0.07,False,4356,4356,963,0.5161501377410469,0.8485927456382003,0,132,200,20.0,lognormal,biased,random,0.02,0.2,0.2,5.0,1.0,0.1,300,0,0.0,True,True,fixed,18,continue_after_avalanche,period_end,fixed,fixed__K18__lognormal__biased__random,10,4,fixed_k,18.0,0.09
2027120005,True,300,5400,9,162,18,18,5400,162,656,17,17,2003,286,0.085,False,3933,3933,656,0.5379773709636411,0.8978197304856346,0,120,200,20.0,lognormal,biased,random,0.02,0.2,0.2,5.0,1.0,0.1,300,0,0.0,True,True,fixed,18,continue_after_avalanche,period_end,fixed,fixed__K18__lognormal__biased__random,10,5,fixed_k,18.0,0.09
2027120006,True,300,5400,5,90,18,18,5400,90,1006,16,16,1586,286,0.08,False,3951,3951,1006,0.504476082004556,0.84636927360162,0,120,200,20.0,lognormal,biased,random,0.02,0.2,0.2,5.0,1.0,0.1,300,0,0.0,True,True,fixed,18,continue_after_avalanche,period_end,fixed,fixed__K18__lognormal__biased__random,10,6,fixed_k,18.0,0.09
2027120007,True,300,5400,1,18,18,18,5400,18,1197,15,15,1515,291,0.075,False,4694,4694,1197,0.5456242011077972,0.8454026416702174,0,140,200,20.0,lognormal,biased,random,0.02,0.2,0.2,5.0,1.0,0.1,300,0,0.0,True,True,fixed,18,continue_after_avalanche,period_end,fixed,fixed__K18__lognormal__biased__random,10,7,fixed_k,18.0,0.09
2027120008,True,300,5400,4,72,18,18,5400,72,537,18,18,2050,286,0.09,False,4133,4133,537,0.5816973142995403,0.9229506411807404,0,124,200,20.0,lognormal,biased,random,0.02,0.2,0.2,5.0,1.0,0.1,300,0,0.0,True,True,fixed,18,continue_after_avalanche,period_end,fixed,fixed__K18__lognormal__biased__random,10,8,fixed_k,18.0,0.09
2027120009,True,300,5400,6,108,18,18,5400,108,529,21,21,1845,285,0.105,True,3589,3589,529,0.5246935079409307,0.8997729172471443,0,114,200,20.0,lognormal,biased,random,0.02,0.2,0.2,5.0,1.0,0.1,300,0,0.0,True,True,fixed,18,continue_after_avalanche,period_end,fixed,fixed__K18__lognormal__biased__random,10,9,fixed_k,18.0,0.09
2027120010,True,300,5400,6,108,18,18,5400,108,978,15,15,1619,285,0.075,False,3917,3917,978,0.481711769211131,0.8292455961194793,0,123,200,20.0,lognormal,biased,random,0.02,0.2,0.2,5.0,1.0,0.1,300,0,0.0,True,True,fixed,18,continue_after_avalanche,period_end,fixed,fixed__K18__lognormal__biased__random,10,10,fixed_k,18.0,0.09
2027120011,True,300,5400,6,108,18,18,5400,108,547,18,18,2070,284,0.09,False,3923,3923,547,0.5632309457048179,0.9167843487127199,0,115,200,20.0,lognormal,biased,random,0.02,0.2,0.2,5.0,1.0,0.1,300,0,0.0,True,True,fixed,18,continue_after_avalanche,period_end,fixed,fixed__K18__lognormal__biased__random,10,11,fixed_k,18.0,0.09
2027120012,True,300,5400,1,18,18,18,5400,18,750,15,15,1717,281,0.075,False,3846,3846,750,0.49620124804992205,0.8582787311492461,0,113,200,20.0,lognormal,biased,random,0.02,0.2,0.2,5.0,1.0,0.1,300,0,0.0,True,True,fixed,18,continue_after_avalanche,period_end,fixed,fixed__K18__lognormal__biased__random,10,12,fixed_k,18.0,0.09
2027120013,True,300,5400,3,54,18,18,5400,54,899,19,19,1832,289,0.095,False,3342,3342,899,0.49967983243566727,0.8182226211849193,0,107,200,20.0,lognormal,biased,random,0.02,0.2,0.2,5.0,1.0,0.1,300,0,0.0,True,True,fixed,18,continue_after_avalanche,period_end,fixed,fixed__K18__lognormal__biased__random,10,13,fixed_k,18.0,0.09
2027120014,True,300,5400,1,18,18,18,5400,18,756,15,15,1851,295,0.075,False,3870,3870,756,0.5162454780361758,0.8580904392764859,0,119,200,20.0,lognormal,biased,random,0.02,0.2,0.2,5.0,1.0,0.1,300,0,0.0,True,True,fixed,18,continue_after_avalanche,period_end,fixed,fixed__K18__lognormal__biased__random,10,14,fixed_k,18.0,0.09
2027120015,True,300,5400,4,72,18,18,5400,72,1539,14,14,1397,280,0.07,False,4367,4367,1539,0.48611976185024064,0.7980295397297916,0,134,200,20.0,lognormal,biased,random,0.02,0.2,0.2,5.0,1.0,0.1,300,0,0.0,True,True,fixed,18,continue_after_avalanche,period_end,fixed,fixed__K18__lognormal__biased__random,10,15,fixed_k,18.0,0.09
2027120016,True,300,5400,1,18,18,18,5400,18,777,18,18,1771,287,0.09,False,3754,3754,777,0.4894698987746404,0.8663532232285562,0,111,200,20.0,lognormal,biased,random,0.02,0.2,0.2,5.0,1.0,0.1,300,0,0.0,True,True,fixed,18,continue_after_avalanche,period_end,fixed,fixed__K18__lognormal__biased__random,10,16,fixed_k,18.0,0.09
2027120017,True,300,5400,1,18,18,18,5400,18,572,18,18,2065,294,0.09,False,3115,3115,572,0.49447993579454264,0.8882584269662923,0,98,200,20.0,lognormal,biased,random,0.02,0.2,0.2,5.0,1.0,0.1,300,0,0.0,True,True,fixed,18,continue_after_avalanche,period_end,fixed,fixed__K18__lognormal__biased__random,10,17,fixed_k,18.0,0.09
2027120018,True,300,5400,2,36,18,18,5400,36,721,16,16,1873,292,0.08,False,3618,3618,721,0.5105583195135435,0.8612244333886125,0,110,200,20.0,lognormal,biased,random,0.02,0.2,0.2,5.0,1.0,0.1,300,0,0.0,True,True,fixed,18,continue_after_avalanche,period_end,fixed,fixed__K18__lognormal__biased__random,10,18,fixed_k,18.0,0.09
2027120019,True,300,5400,2,36,18,18,5400,36,540,21,21,2052,288,0.105,True,3700,3700,540,0.5254162162162164,0.9021945945945946,0,115,200,20.0,lognormal,biased,random,0.02,0.2,0.2,5.0,1.0,0.1,300,0,0.0,True,True,fixed,18,continue_after_avalanche,period_end,fixed,fixed__K18__lognormal__biased__random,10,19,fixed_k,18.0,0.09
2027120020,True,300,5400,1,18,18,18,5400,18,720,17,17,1974,291,0.085,False,3954,3954,720,0.5543500252908449,0.8908877086494691,0,127,200,20.0,lognormal,biased,random,0.02,0.2,0.2,5.0,1.0,0.1,300,0,0.0,True,True,fixed,18,continue_after_avalanche,period_end,fixed,fixed__K18__lognormal__biased__random,10,20,fixed_k,18.0,0.09
2027120021,True,300,5400,2,36,18,18,5400,36,800,16,16,1702,285,0.08,False,4051,4051,800,0.5074463095531969,0.8531115773882993,0,120,200,20.0,lognormal,biased,random,0.02,0.2,0.2,5.0,1.0,0.1,300,0,0.0,True,True,fixed,18,continue_after_avalanche,period_end,fixed,fixed__K18__lognormal__biased__random,10,21,fixed_k,18.0,0.09
2027120022,True,300,5400,3,54,18,18,5400,54,991,14,14,1499,276,0.07,False,3860,3860,991,0.4920181347150261,0.8369740932642489,0,115,200,20.0,lognormal,biased,random,0.02,0.2,0.2,5.0,1.0,0.1,300,0,0.0,True,True,fixed,18,continue_after_avalanche,period_end,fixed,fixed__K18__lognormal__biased__random,10,22,fixed_k,18.0,0.09
2027120023,True,300,5400,3,54,18,18,5400,54,1062,17,17,1597,277,0.085,False,3695,3695,1062,0.48708389715832223,0.8478903924221923,0,112,200,20.0,lognormal,biased,random,0.02,0.2,0.2,5.0,1.0,0.1,300,0,0.0,True,True,fixed,18,continue_after_avalanche,period_end,fixed,fixed__K18__lognormal__biased__random,10,23,fixed_k,18.0,0.09
2027120024,True,300,5400,3,54,18,18,5400,54,468,17,17,2026,293,0.085,False,3839,3839,468,0.5611005470174526,0.9015616045845274,0,108,200,20.0,lognormal,biased,random,0.02,0.2,0.2,5.0,1.0,0.1,300,0,0.0,True,True,fixed,18,continue_after_avalanche,period_end,fixed,fixed__K18__lognormal__biased__random,10,24,fixed_k,18.0,0.09
2027120025,True,300,5400,5,90,18,18,5400,90,735,18,18,1938,282,0.09,False,3942,3942,735,0.5372349061390158,0.8801648909183157,0,114,200,20.0,lognormal,biased,random,0.02,0.2,0.2,5.0,1.0,0.1,300,0,0.0,True,True,fixed,18,continue_after_avalanche,period_end,fixed,fixed__K18__lognormal__biased__random,10,25,fixed_k,18.0,0.09
2027120026,True,300,5400,1,18,18,18,5400,18,854,14,14,1697,287,0.07,False,3867,3867,854,0.5187962244634083,0.8507201965347815,0,114,200,20.0,lognormal,biased,random,0.02,0.2,0.2,5.0,1.0,0.1,300,0,0.0,True,True,fixed,18,continue_after_avalanche,period_end,fixed,fixed__K18__lognormal__biased__random,10,26,fixed_k,18.0,0.09
2027120027,True,300,5400,1,18,18,18,5400,18,906,14,14,1772,291,0.07,False,3875,3875,906,0.5199187096774194,0.8613432258064517,0,113,200,20.0,lognormal,biased,random,0.02,0.2,0.2,5.0,1.0,0.1,300,0,0.0,True,True,fixed,18,continue_after_avalanche,period_end,fixed,fixed__K18__lognormal__biased__random,10,27,fixed_k,18.0,0.09
2027120028,True,300,5400,5,90,18,18,5400,90,905,15,15,1554,277,0.075,False,4042,4042,905,0.48359475507174676,0.8263409203364671,0,128,200,20.0,lognormal,biased,random,0.02,0.2,0.2,5.0,1.0,0.1,300,0,0.0,True,True,fixed,18,continue_after_avalanche,period_end,fixed,fixed__K18__lognormal__biased__random,10,28,fixed_k,18.0,0.09
2027120029,True,300,5400,4,72,18,18,5400,72,594,17,17,1915,286,0.085,False,3418,3418,594,0.5007782328847281,0.9002135751901699,0,111,200,20.0,lognormal,biased,random,0.02,0.2,0.2,5.0,1.0,0.1,300,0,0.0,True,True,fixed,18,continue_after_avalanche,period_end,fixed,fixed__K18__lognormal__biased__random,10,29,fixed_k,18.0,0.09
2027120030,True,300,5400,1,18,18,18,5400,18,928,14,14,1636,282,0.07,False,3378,3378,928,0.4708052101835407,0.8523208999407934,0,110,200,20.0,lognormal,biased,random,0.02,0.2,0.2,5.0,1.0,0.1,300,0,0.0,True,True,fixed,18,continue_after_avalanche,period_end,fixed,fixed__K18__lognormal__biased__random,10,30,fixed_k,18.0,0.09
2027120031,True,300,5400,1,18,18,18,5400,18,1007,14,14,1563,281,0.07,False,4205,4205,1007,0.48713555291319866,0.8430451843043996,0,127,200,20.0,lognormal,biased,random,0.02,0.2,0.2,5.0,1.0,0.1,300,0,0.0,True,True,fixed,18,continue_after_avalanche,period_end,fixed,fixed__K18__lognormal__biased__random,10,31,fixed_k,18.0,0.09
2027120032,True,300,5400,3,54,18,18,5400,54,836,18,18,1871,285,0.09,False,3918,3918,836,0.5120316488004084,0.8700382848392039,0,119,200,20.0,lognormal,biased,random,0.02,0.2,0.2,5.0,1.0,0.1,300,0,0.0,True,True,fixed,18,continue_after_avalanche,period_end,fixed,fixed__K18__lognormal__biased__random,10,32,fixed_k,18.0,0.09
2027120033,True,300,5400,4,72,18,18,5400,72,713,16,16,1703,282,0.08,False,3884,3884,713,0.5007826982492276,0.8510736354273944,0,114,200,20.0,lognormal,biased,random,0.02,0.2,0.2,5.0,1.0,0.1,300,0,0.0,True,True,fixed,18,continue_after_avalanche,period_end,fixed,fixed__K18__lognormal__biased__random,10,33,fixed_k,18.0,0.09
2027120034,True,300,5400,1,18,18,18,5400,18,810,17,17,1858,289,0.085,False,3823,3823,810,0.5218951085534922,0.8811574679571019,0,114,200,20.0,lognormal,biased,random,0.02,0.2,0.2,5.0,1.0,0.1,300,0,0.0,True,True,fixed,18,continue_after_avalanche,period_end,fixed,fixed__K18__lognormal__biased__random,10,34,fixed_k,18.0,0.09
2027120035,True,300,5400,1,18,18,18,5400,18,751,14,14,1733,293,0.07,False,3574,3574,751,0.4901175153889201,0.8723335198656967,0,110,200,20.0,lognormal,biased,random,0.02,0.2,0.2,5.0,1.0,0.1,300,0,0.0,True,True,fixed,18,continue_after_avalanche,period_end,fixed,fixed__K18__lognormal__biased__random,10,35,fixed_k,18.0,0.09
2027120036,True,300,5400,8,144,18,18,5400,144,441,19,19,2242,282,0.095,False,3685,3685,441,0.5174911804613298,0.9087937584803258,0,112,200,20.0,lognormal,biased,random,0.02,0.2,0.2,5.0,1.0,0.1,300,0,0.0,True,True,fixed,18,continue_after_avalanche,period_end,fixed,fixed__K18__lognormal__biased__random,10,36,fixed_k,18.0,0.09
2027120037,True,300,5400,1,18,18,18,5400,18,861,15,15,1612,284,0.075,False,4399,4399,861,0.5196237781313937,0.8573459877244829,0,128,200,20.0,lognormal,biased,random,0.02,0.2,0.2,5.0,1.0,0.1,300,0,0.0,True,True,fixed,18,continue_after_avalanche,period_end,fixed,fixed__K18__lognormal__biased__random,10,37,fixed_k,18.0,0.09
2027120038,True,300,5400,5,90,18,18,5400,90,548,17,17,1896,280,0.085,False,3684,3684,548,0.5471498371335506,0.9071226927252987,0,107,200,20.0,lognormal,biased,random,0.02,0.2,0.2,5.0,1.0,0.1,300,0,0.0,True,True,fixed,18,continue_after_avalanche,period_end,fixed,fixed__K18__lognormal__biased__random,10,38,fixed_k,18.0,0.09
2027120039,True,300,5400,3,54,18,18,5400,54,656,18,18,1799,282,0.09,False,4306,4306,656,0.5601555968416165,0.8912912215513238,0,126,200,20.0,lognormal,biased,random,0.02,0.2,0.2,5.0,1.0,0.1,300,0,0.0,True,True,fixed,18,continue_after_avalanche,period_end,fixed,fixed__K18__lognormal__biased__random,10,39,fixed_k,18.0,0.09
2027120040,True,300,5400,2,36,18,18,5400,36,1069,17,17,1412,256,0.085,False,4983,4983,1069,0.5359632751354606,0.8663967489464179,0,143,200,20.0,lognormal,biased,random,0.02,0.2,0.2,5.0,1.0,0.1,300,0,0.0,True,True,fixed,18,continue_after_avalanche,period_end,fixed,fixed__K18__lognormal__biased__random,10,40,fixed_k,18.0,0.09
2027120041,True,300,5400,8,144,18,18,5400,144,988,13,13,1633,280,0.065,False,3614,3614,988,0.48731322634200347,0.842393469839513,0,113,200,20.0,lognormal,biased,random,0.02,0.2,0.2,5.0,1.0,0.1,300,0,0.0,True,True,fixed,18,continue_after_avalanche,period_end,fixed,fixed__K18__lognormal__biased__random,10,41,fixed_k,18.0,0.09
2027120042,True,300,5400,1,18,18,18,5400,18,755,15,15,1860,287,0.075,False,3738,3738,755,0.5082289994649547,0.8624638844301766,0,112,200,20.0,lognormal,biased,random,0.02,0.2,0.2,5.0,1.0,0.1,300,0,0.0,True,True,fixed,18,continue_after_avalanche,period_end,fixed,fixed__K18__lognormal__biased__random,10,42,fixed_k,18.0,0.09
2027120043,True,300,5400,2,36,18,18,5400,36,644,18,18,1910,283,0.09,False,4039,4039,644,0.554358752166378,0.8916798712552614,0,122,200,20.0,lognormal,biased,random,0.02,0.2,0.2,5.0,1.0,0.1,300,0,0.0,True,True,fixed,18,continue_after_avalanche,period_end,fixed,fixed__K18__lognormal__biased__random,10,43,fixed_k,18.0,0.09
2027120044,True,300,5400,1,18,18,18,5400,18,870,13,13,1572,279,0.065,False,3801,3801,870,0.46848855564325187,0.8644527755853724,0,117,200,20.0,lognormal,biased,random,0.02,0.2,0.2,5.0,1.0,0.1,300,0,0.0,True,True,fixed,18,continue_after_avalanche,period_end,fixed,fixed__K18__lognormal__biased__random,10,44,fixed_k,18.0,0.09
2027120045,True,300,5400,6,108,18,18,5400,108,882,17,17,1694,286,0.085,False,3815,3815,882,0.5113066841415466,0.8519593709043252,0,113,200,20.0,lognormal,biased,random,0.02,0.2,0.2,5.0,1.0,0.1,300,0,0.0,True,True,fixed,18,continue_after_avalanche,period_end,fixed,fixed__K18__lognormal__biased__random,10,45,fixed_k,18.0,0.09
2027120046,True,300,5400,2,36,18,18,5400,36,1196,14,14,1593,280,0.07,False,4512,4512,1196,0.5442176418439717,0.8751551418439718,0,123,200,20.0,lognormal,biased,random,0.02,0.2,0.2,5.0,1.0,0.1,300,0,0.0,True,True,fixed,18,continue_after_avalanche,period_end,fixed,fixed__K18__lognormal__biased__random,10,46,fixed_k,18.0,0.09
2027120047,True,300,5400,2,36,18,18,5400,36,767,16,16,1829,290,0.08,False,4196,4196,767,0.5358436606291708,0.8650738798856055,0,120,200,20.0,lognormal,biased,random,0.02,0.2,0.2,5.0,1.0,0.1,300,0,0.0,True,True,fixed,18,continue_after_avalanche,period_end,fixed,fixed__K18__lognormal__biased__random,10,47,fixed_k,18.0,0.09
2027120048,True,300,5400,5,90,18,18,5400,90,1003,13,13,1474,281,0.065,False,4163,4163,1003,0.48738289694931547,0.8306473696853232,0,126,200,20.0,lognormal,biased,random,0.02,0.2,0.2,5.0,1.0,0.1,300,0,0.0,True,True,fixed,18,continue_after_avalanche,period_end,fixed,fixed__K18__lognormal__biased__random,10,48,fixed_k,18.0,0.09
2027120049,True,300,5400,2,36,18,18,5400,36,813,17,17,1785,289,0.085,False,5000,5000,813,0.59796,0.8946100000000001,0,147,200,20.0,lognormal,biased,random,0.02,0.2,0.2,5.0,1.0,0.1,300,0,0.0,True,True,fixed,18,continue_after_avalanche,period_end,fixed,fixed__K18__lognormal__biased__random,10,49,fixed_k,18.0,0.09
2027120050,True,300,5400,2,36,18,18,5400,36,876,19,19,1678,287,0.095,False,3857,3857,876,0.5005016852476019,0.8641599688877366,0,121,200,20.0,lognormal,biased,random,0.02,0.2,0.2,5.0,1.0,0.1,300,0,0.0,True,True,fixed,18,continue_after_avalanche,period_end,fixed,fixed__K18__lognormal__biased__random,10,50,fixed_k,18.0,0.09
2027120051,True,300,5400,1,18,18,18,5400,18,948,15,15,1621,282,0.075,False,4921,4921,948,0.5652783986994514,0.8777453769559034,0,142,200,20.0,lognormal,biased,random,0.02,0.2,0.2,5.0,1.0,0.1,300,0,0.0,True,True,fixed,18,continue_after_avalanche,period_end,fixed,fixed__K18__lognormal__biased__random,10,51,fixed_k,18.0,0.09
2027120052,True,300,5400,1,18,18,18,5400,18,873,15,15,1840,283,0.075,False,4083,4083,873,0.5299130541268675,0.873400685770267,0,119,200,20.0,lognormal,biased,random,0.02,0.2,0.2,5.0,1.0,0.1,300,0,0.0,True,True,fixed,18,continue_after_avalanche,period_end,fixed,fixed__K18__lognormal__biased__random,10,52,fixed_k,18.0,0.09
2027120053,True,300,5400,3,54,18,18,5400,54,895,18,18,1733,278,0.09,False,4507,4507,895,0.521083869536277,0.8447137785666741,0,132,200,20.0,lognormal,biased,random,0.02,0.2,0.2,5.0,1.0,0.1,300,0,0.0,True,True,fixed,18,continue_after_avalanche,period_end,fixed,fixed__K18__lognormal__biased__random,10,53,fixed_k,18.0,0.09
2027120054,True,300,5400,3,54,18,18,5400,54,825,15,15,1662,276,0.075,False,3539,3539,825,0.4602500706414243,0.8577408872562873,0,110,200,20.0,lognormal,biased,random,0.02,0.2,0.2,5.0,1.0,0.1,300,0,0.0,True,True,fixed,18,continue_after_avalanche,period_end,fixed,fixed__K18__lognormal__biased__random,10,54,fixed_k,18.0,0.09
2027120055,True,300,5400,1,18,18,18,5400,18,995,16,16,1746,293,0.08,False,4807,4807,995,0.5588943207821928,0.8649916788017475,0,137,200,20.0,lognormal,biased,random,0.02,0.2,0.2,5.0,1.0,0.1,300,0,0.0,True,True,fixed,18,continue_after_avalanche,period_end,fixed,fixed__K18__lognormal__biased__random,10,55,fixed_k,18.0,0.09
2027120056,True,300,5400,4,72,18,18,5400,72,959,17,17,1606,271,0.085,False,3865,3865,959,0.47365717981888755,0.8648680465717984,0,121,200,20.0,lognormal,biased,random,0.02,0.2,0.2,5.0,1.0,0.1,300,0,0.0,True,True,fixed,18,continue_after_avalanche,period_end,fixed,fixed__K18__lognormal__biased__random,10,56,fixed_k,18.0,0.09
2027120057,True,300,5400,4,72,18,18,5400,72,1032,15,15,1742,286,0.075,False,4750,4750,1032,0.5734021052631579,0.881,0,137,200,20.0,lognormal,biased,random,0.02,0.2,0.2,5.0,1.0,0.1,300,0,0.0,True,True,fixed,18,continue_after_avalanche,period_end,fixed,fixed__K18__lognormal__biased__random,10,57,fixed_k,18.0,0.09
2027120058,True,300,5400,1,18,18,18,5400,18,979,17,17,1848,286,0.085,False,3751,3751,979,0.508049853372434,0.8509770727805919,0,111,200,20.0,lognormal,biased,random,0.02,0.2,0.2,5.0,1.0,0.1,300,0,0.0,True,True,fixed,18,continue_after_avalanche,period_end,fixed,fixed__K18__lognormal__biased__random,10,58,fixed_k,18.0,0.09
2027120059,True,300,5400,3,54,18,18,5400,54,779,18,18,1722,276,0.09,False,4063,4063,779,0.5398387890721144,0.8910521781934533,0,125,200,20.0,lognormal,biased,random,0.02,0.2,0.2,5.0,1.0,0.1,300,0,0.0,True,True,fixed,18,continue_after_avalanche,period_end,fixed,fixed__K18__lognormal__biased__random,10,59,fixed_k,18.0,0.09
2027220000,True,300,5400,44,792,18,18,5400,792,1668,12,12,732,207,0.06,False,4007,4007,1668,0.29522959820314454,0.7384639381083105,0,121,200,20.0,pareto,biased,random,0.02,0.2,0.2,5.0,1.0,0.1,300,0,0.0,True,True,fixed,18,continue_after_avalanche,period_end,fixed,fixed__K18__pareto__biased__random,11,0,fixed_k,18.0,0.09
2027220001,True,300,5400,45,810,18,18,5400,810,1834,9,9,682,203,0.045,False,3996,3996,1834,0.314391891891892,0.7665365365365366,0,121,200,20.0,pareto,biased,random,0.02,0.2,0.2,5.0,1.0,0.1,300,0,0.0,True,True,fixed,18,continue_after_avalanche,period_end,fixed,fixed__K18__pareto__biased__random,11,1,fixed_k,18.0,0.09
2027220002,True,300,5400,54,972,18,18,5400,972,1796,12,12,634,206,0.06,False,4003,4003,1796,0.27680364726455164,0.7481551336497627,0,122,200,20.0,pareto,biased,random,0.02,0.2,0.2,5.0,1.0,0.1,300,0,0.0,True,True,fixed,18,continue_after_avalanche,period_end,fixed,fixed__K18__pareto__biased__random,11,2,fixed_k,18.0,0.09
2027220003,True,300,5400,55,990,18,18,5400,990,1102,18,18,1005,220,0.09,False,4005,4005,1102,0.34354182272159806,0.8443807740324596,0,120,200,20.0,pareto,biased,random,0.02,0.2,0.2,5.0,1.0,0.1,300,0,0.0,True,True,fixed,18,continue_after_avalanche,period_end,fixed,fixed__K18__pareto__biased__random,11,3,fixed_k,18.0,0.09
2027220004,True,300,5400,25,450,18,18,5400,450,1322,11,11,830,212,0.055,False,4002,4002,1322,0.32564467766116945,0.8120414792603698,0,121,200,20.0,pareto,biased,random,0.02,0.2,0.2,5.0,1.0,0.1,300,0,0.0,True,True,fixed,18,continue_after_avalanche,period_end,fixed,fixed__K18__pareto__biased__random,11,4,fixed_k,18.0,0.09
2027220005,True,300,5400,48,864,18,18,5400,864,1348,12,12,884,212,0.06,False,4001,4001,1348,0.3227330667333168,0.8079867533116722,0,116,200,20.0,pareto,biased,random,0.02,0.2,0.2,5.0,1.0,0.1,300,0,0.0,True,True,fixed,18,continue_after_avalanche,period_end,fixed,fixed__K18__pareto__biased__random,11,5,fixed_k,18.0,0.09
2027220006,True,300,5400,45,810,18,18,5400,810,1595,12,12,659,196,0.06,False,3993,3993,1595,0.2755985474580518,0.722267718507388,0,116,200,20.0,pareto,biased,random,0.02,0.2,0.2,5.0,1.0,0.1,300,0,0.0,True,True,fixed,18,continue_after_avalanche,period_end,fixed,fixed__K18__pareto__biased__random,11,6,fixed_k,18.0,0.09
2027220007,True,300,5400,37,666,18,18,5400,666,1257,13,13,952,214,0.065,False,4000,4000,1257,0.29047250000000013,0.8214175000000001,0,116,200,20.0,pareto,biased,random,0.02,0.2,0.2,5.0,1.0,0.1,300,0,0.0,True,True,fixed,18,continue_after_avalanche,period_end,fixed,fixed__K18__pareto__biased__random,11,7,fixed_k,18.0,0.09
2027220008,True,300,5400,48,864,18,18,5400,864,1368,10,10,959,221,0.05,False,4006,4006,1368,0.3211208187718424,0.8422391412880681,0,112,200,20.0,pareto,biased,random,0.02,0.2,0.2,5.0,1.0,0.1,300,0,0.0,True,True,fixed,18,continue_after_avalanche,period_end,fixed,fixed__K18__pareto__biased__random,11,8,fixed_k,18.0,0.09
2027220009,True,300,5400,56,1008,18,18,5400,1008,2035,9,9,618,198,0.045,False,3995,3995,2035,0.27959073842302895,0.7282015018773469,0,128,200,20.0,pareto,biased,random,0.02,0.2,0.2,5.0,1.0,0.1,300,0,0.0,True,True,fixed,18,continue_after_avalanche,period_end,fixed,fixed__K18__pareto__biased__random,11,9,fixed_k,18.0,0.09
2027220010,True,300,5400,26,468,18,18,5400,468,1210,13,13,965,211,0.065,False,4007,4007,1210,0.34608310456700786,0.8278175692538059,0,123,200,20.0,pareto,biased,random,0.02,0.2,0.2,5.0,1.0,0.1,300,0,0.0,True,True,fixed,18,continue_after_avalanche,period_end,fixed,fixed__K18__pareto__biased__random,11,10,fixed_k,18.0,0.09
2027220011,True,300,5400,32,576,18,18,5400,576,1566,9,9,715,193,0.045,False,3995,3995,1566,0.291485607008761,0.7722165206508136,0,114,200,20.0,pareto,biased,random,0.02,0.2,0.2,5.0,1.0,0.1,300,0,0.0,True,True,fixed,18,continue_after_avalanche,period_end,fixed,fixed__K18__pareto__biased__random,11,11,fixed_k,18.0,0.09
2027220012,True,300,5400,49,882,18,18,5400,882,1818,11,11,692,200,0.055,False,4009,4009,1818,0.2903280119730607,0.7478710401596409,0,120,200,20.0,pareto,biased,random,0.02,0.2,0.2,5.0,1.0,0.1,300,0,0.0,True,True,fixed,18,continue_after_avalanche,period_end,fixed,fixed__K18__pareto__biased__random,11,12,fixed_k,18.0,0.09
2027220013,True,300,5400,59,1062,18,18,5400,1062,1365,14,14,726,200,0.07,False,4003,4003,1365,0.3322645515863103,0.8270609542842868,0,122,200,20.0,pareto,biased,random,0.02,0.2,0.2,5.0,1.0,0.1,300,0,0.0,True,True,fixed,18,continue_after_avalanche,period_end,fixed,fixed__K18__pareto__biased__random,11,13,fixed_k,18.0,0.09
2027220014,True,300,5400,25,450,18,18,5400,450,1391,16,16,981,214,0.08,False,4000,4000,1391,0.3388125000000002,0.81264,0,120,200,20.0,pareto,biased,random,0.02,0.2,0.2,5.0,1.0,0.1,300,0,0.0,True,True,fixed,18,continue_after_avalanche,period_end,fixed,fixed__K18__pareto__biased__random,11,14,fixed_k,18.0,0.09
2027220015,True,300,5400,23,414,18,18,5400,414,1284,11,11,798,213,0.055,False,3999,3999,1284,0.32958114528632176,0.848190797699425,0,124,200,20.0,pareto,biased,random,0.02,0.2,0.2,5.0,1.0,0.1,300,0,0.0,True,True,fixed,18,continue_after_avalanche,period_end,fixed,fixed__K18__pareto__biased__random,11,15,fixed_k,18.0,0.09
2027220016,True,300,5400,43,774,18,18,5400,774,1359,14,14,869,207,0.07,False,4006,4006,1359,0.33864952571143303,0.8214178731902149,0,113,200,20.0,pareto,biased,random,0.02,0.2,0.2,5.0,1.0,0.1,300,0,0.0,True,True,fixed,18,continue_after_avalanche,period_end,fixed,fixed__K18__pareto__biased__random,11,16,fixed_k,18.0,0.09
2027220017,True,300,5400,54,972,18,18,5400,972,758,14,14,1122,224,0.07,False,4006,4006,758,0.36856215676485293,0.9040788816774838,0,118,200,20.0,pareto,biased,random,0.02,0.2,0.2,5.0,1.0,0.1,300,0,0.0,True,True,fixed,18,continue_after_avalanche,period_end,fixed,fixed__K18__pareto__biased__random,11,17,fixed_k,18.0,0.09
2027220018,True,300,5400,30,540,18,18,5400,540,1315,13,13,869,207,0.065,False,4001,4001,1315,0.324157710572357,0.8153399150212448,0,120,200,20.0,pareto,biased,random,0.02,0.2,0.2,5.0,1.0,0.1,300,0,0.0,True,True,fixed,18,continue_after_avalanche,period_end,fixed,fixed__K18__pareto__biased__random,11,18,fixed_k,18.0,0.09
2027220019,True,300,5400,29,522,18,18,5400,522,534,16,16,1657,241,0.08,False,4000,4000,534,0.4736075000000002,0.9457125000000002,0,119,200,20.0,pareto,biased,random,0.02,0.2,0.2,5.0,1.0,0.1,300,0,0.0,True,True,fixed,18,continue_after_avalanche,period_end,fixed,fixed__K18__pareto__biased__random,11,19,fixed_k,18.0,0.09
2027220020,True,300,5400,35,630,18,18,5400,630,1231,14,14,953,211,0.07,False,4004,4004,1231,0.3648301698301699,0.8713336663336664,0,118,200,20.0,pareto,biased,random,0.02,0.2,0.2,5.0,1.0,0.1,300,0,0.0,True,True,fixed,18,continue_after_avalanche,period_end,fixed,fixed__K18__pareto__biased__random,11,20,fixed_k,18.0,0.09
2027220021,True,300,5400,35,630,18,18,5400,630,1196,14,14,1076,231,0.07,False,4005,4005,1196,0.35365418227215994,0.8568127340823972,0,122,200,20.0,pareto,biased,random,0.02,0.2,0.2,5.0,1.0,0.1,300,0,0.0,True,True,fixed,18,continue_after_avalanche,period_end,fixed,fixed__K18__pareto__biased__random,11,21,fixed_k,18.0,0.09
2027220022,True,300,5400,63,1134,18,18,5400,1134,1753,10,10,701,204,0.05,False,4002,4002,1753,0.2895852073963019,0.7585932033983009,0,125,200,20.0,pareto,biased,random,0.02,0.2,0.2,5.0,1.0,0.1,300,0,0.0,True,True,fixed,18,continue_after_avalanche,period_end,fixed,fixed__K18__pareto__biased__random,11,22,fixed_k,18.0,0.09
2027220023,True,300,5400,22,396,18,18,5400,396,686,15,15,1284,234,0.075,False,3996,3996,686,0.42001501501501504,0.9242492492492493,0,122,200,20.0,pareto,biased,random,0.02,0.2,0.2,5.0,1.0,0.1,300,0,0.0,True,True,fixed,18,continue_after_avalanche,period_end,fixed,fixed__K18__pareto__biased__random,11,23,fixed_k,18.0,0.09
2027220024,True,300,5400,40,720,18,18,5400,720,1044,17,17,1109,230,0.085,False,3998,3998,1044,0.35814157078539277,0.8692571285642823,0,120,200,20.0,pareto,biased,random,0.02,0.2,0.2,5.0,1.0,0.1,300,0,0.0,True,True,fixed,18,continue_after_avalanche,period_end,fixed,fixed__K18__pareto__biased__random,11,24,fixed_k,18.0,0.09
2027220025,True,300,5400,35,630,18,18,5400,630,1000,14,14,1011,219,0.07,False,4001,4001,1000,0.3836653336665834,0.8608810297425644,0,117,200,20.0,pareto,biased,random,0.02,0.2,0.2,5.0,1.0,0.1,300,0,0.0,True,True,fixed,18,continue_after_avalanche,period_end,fixed,fixed__K18__pareto__biased__random,11,25,fixed_k,18.0,0.09
2027220026,True,300,5400,47,846,18,18,5400,846,1350,14,14,887,222,0.07,False,3999,3999,1350,0.32297199299824975,0.802724431107777,0,125,200,20.0,pareto,biased,random,0.02,0.2,0.2,5.0,1.0,0.1,300,0,0.0,True,True,fixed,18,continue_after_avalanche,period_end,fixed,fixed__K18__pareto__biased__random,11,26,fixed_k,18.0,0.09
2027220027,True,300,5400,42,756,18,18,5400,756,1285,14,14,961,221,0.07,False,4003,4003,1285,0.37583187609293045,0.8707856607544342,0,115,200,20.0,pareto,biased,random,0.02,0.2,0.2,5.0,1.0,0.1,300,0,0.0,True,True,fixed,18,continue_after_avalanche,period_end,fixed,fixed__K18__pareto__biased__random,11,27,fixed_k,18.0,0.09
2027220028,True,300,5400,60,1080,18,18,5400,1080,1793,10,10,706,206,0.05,False,3998,3998,1793,0.2745047523761881,0.7378239119559782,0,119,200,20.0,pareto,biased,random,0.02,0.2,0.2,5.0,1.0,0.1,300,0,0.0,True,True,fixed,18,continue_after_avalanche,period_end,fixed,fixed__K18__pareto__biased__random,11,28,fixed_k,18.0,0.09
2027220029,True,300,5400,34,612,18,18,5400,612,1424,12,12,973,221,0.06,False,3996,3996,1424,0.3091766766766768,0.7962612612612614,0,125,200,20.0,pareto,biased,random,0.02,0.2,0.2,5.0,1.0,0.1,300,0,0.0,True,True,fixed,18,continue_after_avalanche,period_end,fixed,fixed__K18__pareto__biased__random,11,29,fixed_k,18.0,0.09
2027220030,True,300,5400,37,666,18,18,5400,666,1272,14,14,930,213,0.07,False,3998,3998,1272,0.31997998999499755,0.7989219609804903,0,125,200,20.0,pareto,biased,random,0.02,0.2,0.2,5.0,1.0,0.1,300,0,0.0,True,True,fixed,18,continue_after_avalanche,period_end,fixed,fixed__K18__pareto__biased__random,11,30,fixed_k,18.0,0.09
2027220031,True,300,5400,50,900,18,18,5400,900,1792,12,12,801,198,0.06,False,4007,4007,1792,0.2843536311454955,0.7553518842026454,0,126,200,20.0,pareto,biased,random,0.02,0.2,0.2,5.0,1.0,0.1,300,0,0.0,True,True,fixed,18,continue_after_avalanche,period_end,fixed,fixed__K18__pareto__biased__random,11,31,fixed_k,18.0,0.09
2027220032,True,300,5400,44,792,18,18,5400,792,1736,12,12,594,186,0.06,False,3995,3995,1736,0.293898623279099,0.7549524405506884,0,118,200,20.0,pareto,biased,random,0.02,0.2,0.2,5.0,1.0,0.1,300,0,0.0,True,True,fixed,18,continue_after_avalanche,period_end,fixed,fixed__K18__pareto__biased__random,11,32,fixed_k,18.0,0.09
2027220033,True,300,5400,34,612,18,18,5400,612,1716,13,13,725,209,0.065,False,4004,4004,1716,0.3080794205794206,0.7925699300699303,0,127,200,20.0,pareto,biased,random,0.02,0.2,0.2,5.0,1.0,0.1,300,0,0.0,True,True,fixed,18,continue_after_avalanche,period_end,fixed,fixed__K18__pareto__biased__random,11,33,fixed_k,18.0,0.09
2027220034,True,300,5400,48,864,18,18,5400,864,1785,11,11,787,205,0.055,False,3997,3997,1785,0.29916562421816373,0.7562184138103578,0,127,200,20.0,pareto,biased,random,0.02,0.2,0.2,5.0,1.0,0.1,300,0,0.0,True,True,fixed,18,continue_after_avalanche,period_end,fixed,fixed__K18__pareto__biased__random,11,34,fixed_k,18.0,0.09
2027220035,True,300,5400,41,738,18,18,5400,738,297,18,18,1775,243,0.09,False,4000,4000,297,0.4556275000000001,0.9755050000000001,0,118,200,20.0,pareto,biased,random,0.02,0.2,0.2,5.0,1.0,0.1,300,0,0.0,True,True,fixed,18,continue_after_avalanche,period_end,fixed,fixed__K18__pareto__biased__random,11,35,fixed_k,18.0,0.09
2027220036,True,300,5400,41,738,18,18,5400,738,1820,10,10,519,173,0.05,False,4000,4000,1820,0.26932750000000016,0.70262,0,122,200,20.0,pareto,biased,random,0.02,0.2,0.2,5.0,1.0,0.1,300,0,0.0,True,True,fixed,18,continue_after_avalanche,period_end,fixed,fixed__K18__pareto__biased__random,11,36,fixed_k,18.0,0.09
2027220037,True,300,5400,47,846,18,18,5400,846,650,19,19,1289,226,0.095,False,3998,3998,650,0.39626563281640825,0.8843821910955478,0,121,200,20.0,pareto,biased,random,0.02,0.2,0.2,5.0,1.0,0.1,300,0,0.0,True,True,fixed,18,continue_after_avalanche,period_end,fixed,fixed__K18__pareto__biased__random,11,37,fixed_k,18.0,0.09
2027220038,True,300,5400,36,648,18,18,5400,648,1348,17,17,950,212,0.085,False,3997,3997,1348,0.34214786089567184,0.8335589191893922,0,126,200,20.0,pareto,biased,random,0.02,0.2,0.2,5.0,1.0,0.1,300,0,0.0,True,True,fixed,18,continue_after_avalanche,period_end,fixed,fixed__K18__pareto__biased__random,11,38,fixed_k,18.0,0.09
2027220039,True,300,5400,37,666,18,18,5400,666,1413,14,14,825,208,0.07,False,4002,4002,1413,0.33988255872063977,0.8123038480759621,0,117,200,20.0,pareto,biased,random,0.02,0.2,0.2,5.0,1.0,0.1,300,0,0.0,True,True,fixed,18,continue_after_avalanche,period_end,fixed,fixed__K18__pareto__biased__random,11,39,fixed_k,18.0,0.09
2027220040,True,300,5400,29,522,18,18,5400,522,1511,11,11,853,205,0.055,False,4004,4004,1511,0.34057192807192815,0.8230094905094907,0,117,200,20.0,pareto,biased,random,0.02,0.2,0.2,5.0,1.0,0.1,300,0,0.0,True,True,fixed,18,continue_after_avalanche,period_end,fixed,fixed__K18__pareto__biased__random,11,40,fixed_k,18.0,0.09
2027220041,True,300,5400,52,936,18,18,5400,936,1214,12,12,906,217,0.06,False,3998,3998,1214,0.30449974987493755,0.8222686343171586,0,110,200,20.0,pareto,biased,random,0.02,0.2,0.2,5.0,1.0,0.1,300,0,0.0,True,True,fixed,18,continue_after_avalanche,period_end,fixed,fixed__K18__pareto__biased__random,11,41,fixed_k,18.0,0.09
2027220042,True,300,5400,45,810,18,18,5400,810,1568,11,11,680,203,0.055,False,3994,3994,1568,0.3261967951927893,0.7984251377065599,0,122,200,20.0,pareto,biased,random,0.02,0.2,0.2,5.0,1.0,0.1,300,0,0.0,True,True,fixed,18,continue_after_avalanche,period_end,fixed,fixed__K18__pareto__biased__random,11,42,fixed_k,18.0,0.09
2027220043,True,300,5400,46,828,18,18,5400,828,1331,12,12,923,213,0.06,False,3997,3997,1331,0.3370540405303979,0.8458356267200402,0,122,200,20.0,pareto,biased,random,0.02,0.2,0.2,5.0,1.0,0.1,300,0,0.0,True,True,fixed,18,continue_after_avalanche,period_end,fixed,fixed__K18__pareto__biased__random,11,43,fixed_k,18.0,0.09
2027220044,True,300,5400,46,828,18,18,5400,828,1310,13,13,875,217,0.065,False,4004,4004,1310,0.32768981018981025,0.7975274725274726,0,122,200,20.0,pareto,biased,random,0.02,0.2,0.2,5.0,1.0,0.1,300,0,0.0,True,True,fixed,18,continue_after_avalanche,period_end,fixed,fixed__K18__pareto__biased__random,11,44,fixed_k,18.0,0.09
2027220045,True,300,5400,52,936,18,18,5400,936,1534,10,10,758,202,0.05,False,3999,3999,1534,0.32559514878719686,0.7933870967741936,0,125,200,20.0,pareto,biased,random,0.02,0.2,0.2,5.0,1.0,0.1,300,0,0.0,True,True,fixed,18,continue_after_avalanche,period_end,fixed,fixed__K18__pareto__biased__random,11,45,fixed_k,18.0,0.09
2027220046,True,300,5400,45,810,18,18,5400,810,1808,12,12,644,193,0.06,False,3999,3999,1808,0.2845998999749939,0.7577131782945739,0,119,200,20.0,pareto,biased,random,0.02,0.2,0.2,5.0,1.0,0.1,300,0,0.0,True,True,fixed,18,continue_after_avalanche,period_end,fixed,fixed__K18__pareto__biased__random,11,46,fixed_k,18.0,0.09
2027220047,True,300,5400,51,918,18,18,5400,918,1540,13,13,797,195,0.065,False,4002,4002,1540,0.28721389305347333,0.7774112943528237,0,120,200,20.0,pareto,biased,random,0.02,0.2,0.2,5.0,1.0,0.1,300,0,0.0,True,True,fixed,18,continue_after_avalanche,period_end,fixed,fixed__K18__pareto__biased__random,11,47,fixed_k,18.0,0.09
2027220048,True,300,5400,46,828,18,18,5400,828,1515,10,10,736,206,0.05,False,4004,4004,1515,0.2991433566433568,0.8076923076923077,0,121,200,20.0,pareto,biased,random,0.02,0.2,0.2,5.0,1.0,0.1,300,0,0.0,True,True,fixed,18,continue_after_avalanche,period_end,fixed,fixed__K18__pareto__biased__random,11,48,fixed_k,18.0,0.09
2027220049,True,300,5400,18,324,18,18,5400,324,1506,14,14,786,193,0.07,False,3999,3999,1506,0.2983408352088024,0.7791135283820956,0,117,200,20.0,pareto,biased,random,0.02,0.2,0.2,5.0,1.0,0.1,300,0,0.0,True,True,fixed,18,continue_after_avalanche,period_end,fixed,fixed__K18__pareto__biased__random,11,49,fixed_k,18.0,0.09
2027220050,True,300,5400,17,306,18,18,5400,306,470,18,18,1418,237,0.09,False,4001,4001,470,0.4398537865533618,0.935827293176706,0,115,200,20.0,pareto,biased,random,0.02,0.2,0.2,5.0,1.0,0.1,300,0,0.0,True,True,fixed,18,continue_after_avalanche,period_end,fixed,fixed__K18__pareto__biased__random,11,50,fixed_k,18.0,0.09
2027220051,True,300,5400,42,756,18,18,5400,756,1100,15,15,965,220,0.075,False,4003,4003,1100,0.34263927054708976,0.8372008493629779,0,123,200,20.0,pareto,biased,random,0.02,0.2,0.2,5.0,1.0,0.1,300,0,0.0,True,True,fixed,18,continue_after_avalanche,period_end,fixed,fixed__K18__pareto__biased__random,11,51,fixed_k,18.0,0.09
2027220052,True,300,5400,48,864,18,18,5400,864,1353,11,11,813,211,0.055,False,3990,3990,1353,0.29643358395989994,0.7778822055137846,0,125,200,20.0,pareto,biased,random,0.02,0.2,0.2,5.0,1.0,0.1,300,0,0.0,True,True,fixed,18,continue_after_avalanche,period_end,fixed,fixed__K18__pareto__biased__random,11,52,fixed_k,18.0,0.09
2027220053,True,300,5400,39,702,18,18,5400,702,1225,15,15,885,224,0.075,False,3999,3999,1225,0.3741922980745187,0.837620655163791,0,122,200,20.0,pareto,biased,random,0.02,0.2,0.2,5.0,1.0,0.1,300,0,0.0,True,True,fixed,18,continue_after_avalanche,period_end,fixed,fixed__K18__pareto__biased__random,11,53,fixed_k,18.0,0.09
2027220054,True,300,5400,24,432,18,18,5400,432,1559,13,13,787,220,0.065,False,4000,4000,1559,0.3125875,0.7816800000000002,0,121,200,20.0,pareto,biased,random,0.02,0.2,0.2,5.0,1.0,0.1,300,0,0.0,True,True,fixed,18,continue_after_avalanche,period_end,fixed,fixed__K18__pareto__biased__random,11,54,fixed_k,18.0,0.09
2027220055,True,300,5400,47,846,18,18,5400,846,1137,14,14,954,205,0.07,False,4002,4002,1137,0.33269865067466275,0.8263543228385808,0,123,200,20.0,pareto,biased,random,0.02,0.2,0.2,5.0,1.0,0.1,300,0,0.0,True,True,fixed,18,continue_after_avalanche,period_end,fixed,fixed__K18__pareto__biased__random,11,55,fixed_k,18.0,0.09
2027220056,True,300,5400,50,900,18,18,5400,900,2073,9,9,531,179,0.045,False,3997,3997,2073,0.2337540655491619,0.700436577433075,0,125,200,20.0,pareto,biased,random,0.02,0.2,0.2,5.0,1.0,0.1,300,0,0.0,True,True,fixed,18,continue_after_avalanche,period_end,fixed,fixed__K18__pareto__biased__random,11,56,fixed_k,18.0,0.09
2027220057,True,300,5400,69,1242,18,18,5400,1242,1550,15,15,715,204,0.075,False,4007,4007,1550,0.2873359121537311,0.7635250811080609,0,120,200,20.0,pareto,biased,random,0.02,0.2,0.2,5.0,1.0,0.1,300,0,0.0,True,True,fixed,18,continue_after_avalanche,period_end,fixed,fixed__K18__pareto__biased__random,11,57,fixed_k,18.0,0.09
2027220058,True,300,5400,40,720,18,18,5400,720,1066,17,17,895,204,0.085,False,4000,4000,1066,0.3400225000000001,0.8483825,0,115,200,20.0,pareto,biased,random,0.02,0.2,0.2,5.0,1.0,0.1,300,0,0.0,True,True,fixed,18,continue_after_avalanche,period_end,fixed,fixed__K18__pareto__biased__random,11,58,fixed_k,18.0,0.09
2027220059,True,300,5400,45,810,18,18,5400,810,1814,8,8,662,203,0.04,False,4001,4001,1814,0.24687703074231448,0.7429680079980006,0,117,200,20.0,pareto,biased,random,0.02,0.2,0.2,5.0,1.0,0.1,300,0,0.0,True,True,fixed,18,continue_after_avalanche,period_end,fixed,fixed__K18__pareto__biased__random,11,59,fixed_k,18.0,0.09
2027320000,True,300,6000,1,20,20,20,6000,20,721,16,16,2122,283,0.08,False,3587,3587,721,0.487500696961249,0.8830206300529693,0,113,200,20.0,lognormal,biased,random,0.02,0.2,0.2,5.0,1.0,0.1,300,0,0.0,True,True,fixed,20,continue_after_avalanche,period_end,fixed,fixed__K20__lognormal__biased__random,12,0,fixed_k,20.0,0.1
2027320001,True,300,6000,2,40,20,20,6000,40,830,17,17,2289,292,0.085,False,4588,4588,830,0.5695117698343506,0.8933544027898868,0,130,200,20.0,lognormal,biased,random,0.02,0.2,0.2,5.0,1.0,0.1,300,0,0.0,True,True,fixed,20,continue_after_avalanche,period_end,fixed,fixed__K20__lognormal__biased__random,12,1,fixed_k,20.0,0.1
2027320002,True,300,6000,2,40,20,20,6000,40,782,19,19,2176,282,0.095,False,4567,4567,782,0.5594580687541058,0.9074173417998688,0,141,200,20.0,lognormal,biased,random,0.02,0.2,0.2,5.0,1.0,0.1,300,0,0.0,True,True,fixed,20,continue_after_avalanche,period_end,fixed,fixed__K20__lognormal__biased__random,12,2,fixed_k,20.0,0.1
2027320003,True,300,6000,1,20,20,20,6000,20,706,19,19,2134,290,0.095,False,3411,3411,706,0.4898841981823514,0.8924318381706247,0,101,200,20.0,lognormal,biased,random,0.02,0.2,0.2,5.0,1.0,0.1,300,0,0.0,True,True,fixed,20,continue_after_avalanche,period_end,fixed,fixed__K20__lognormal__biased__random,12,3,fixed_k,20.0,0.1
2027320004,True,300,6000,2,40,20,20,6000,40,829,17,17,2080,288,0.085,False,4071,4071,829,0.537967329894375,0.9037521493490543,0,130,200,20.0,lognormal,biased,random,0.02,0.2,0.2,5.0,1.0,0.1,300,0,0.0,True,True,fixed,20,continue_after_avalanche,period_end,fixed,fixed__K20__lognormal__biased__random,12,4,fixed_k,20.0,0.1
2027320005,True,300,6000,1,20,20,20,6000,20,615,18,18,2294,292,0.09,False,3972,3972,615,0.5318152064451158,0.9075956696878149,0,123,200,20.0,lognormal,biased,random,0.02,0.2,0.2,5.0,1.0,0.1,300,0,0.0,True,True,fixed,20,continue_after_avalanche,period_end,fixed,fixed__K20__lognormal__biased__random,12,5,fixed_k,20.0,0.1
2027320006,True,300,6000,2,40,20,20,6000,40,989,19,19,2010,287,0.095,False,3712,3712,989,0.4897898706896553,0.8603798491379311,0,113,200,20.0,lognormal,biased,random,0.02,0.2,0.2,5.0,1.0,0.1,300,0,0.0,True,True,fixed,20,continue_after_avalanche,period_end,fixed,fixed__K20__lognormal__biased__random,12,6,fixed_k,20.0,0.1
2027320007,True,300,6000,5,100,20,20,6000,100,868,18,18,2179,286,0.09,False,4110,4110,868,0.5428832116788322,0.8730340632603408,0,120,200,20.0,lognormal,biased,random,0.02,0.2,0.2,5.0,1.0,0.1,300,0,0.0,True,True,fixed,20,continue_after_avalanche,period_end,fixed,fixed__K20__lognormal__biased__random,12,7,fixed_k,20.0,0.1
2027320008,True,300,6000,2,40,20,20,6000,40,830,16,16,2117,286,0.08,False,4010,4010,830,0.5063990024937657,0.8877132169576061,0,121,200,20.0,lognormal,biased,random,0.02,0.2,0.2,5.0,1.0,0.1,300,0,0.0,True,True,fixed,20,continue_after_avalanche,period_end,fixed,fixed__K20__lognormal__biased__random,12,8,fixed_k,20.0,0.1
2027320009,True,300,6000,5,100,20,20,6000,100,836,19,19,2078,279,0.095,False,4105,4105,836,0.5224275274056029,0.8919914738124239,0,124,200,20.0,lognormal,biased,random,0.02,0.2,0.2,5.0,1.0,0.1,300,0,0.0,True,True,fixed,20,continue_after_avalanche,period_end,fixed,fixed__K20__lognormal__biased__random,12,9,fixed_k,20.0,0.1
2027320010,True,300,6000,1,20,20,20,6000,20,755,20,20,2153,285,0.1,True,3770,3770,755,0.5091989389920426,0.8961936339522547,0,120,200,20.0,lognormal,biased,random,0.02,0.2,0.2,5.0,1.0,0.1,300,0,0.0,True,True,fixed,20,continue_after_avalanche,period_end,fixed,fixed__K20__lognormal__biased__random,12,10,fixed_k,20.0,0.1
2027320011,True,300,6000,3,60,20,20,6000,60,717,19,19,1964,287,0.095,False,4164,4164,717,0.5462031700288186,0.9073727185398657,0,129,200,20.0,lognormal,biased,random,0.02,0.2,0.2,5.0,1.0,0.1,300,0,0.0,True,True,fixed,20,continue_after_avalanche,period_end,fixed,fixed__K20__lognormal__biased__random,12,11,fixed_k,20.0,0.1
2027320012,True,300,6000,1,20,20,20,6000,20,872,18,18,1947,290,0.09,False,4259,4259,872,0.5130887532284576,0.8833986851373563,0,128,200,20.0,lognormal,biased,random,0.02,0.2,0.2,5.0,1.0,0.1,300,0,0.0,True,True,fixed,20,continue_after_avalanche,period_end,fixed,fixed__K20__lognormal__biased__random,12,12,fixed_k,20.0,0.1
2027320013,True,300,6000,3,60,20,20,6000,60,1084,18,18,1866,287,0.09,False,4187,4187,1084,0.49986028182469555,0.8589837592548366,0,126,200,20.0,lognormal,biased,random,0.02,0.2,0.2,5.0,1.0,0.1,300,0,0.0,True,True,fixed,20,continue_after_avalanche,period_end,fixed,fixed__K20__lognormal__biased__random,12,13,fixed_k,20.0,0.1
2027320014,True,300,6000,2,40,20,20,6000,40,563,17,17,2275,293,0.085,False,4289,4289,563,0.5271986477034274,0.8943308463511308,0,131,200,20.0,lognormal,biased,random,0.02,0.2,0.2,5.0,1.0,0.1,300,0,0.0,True,True,fixed,20,continue_after_avalanche,period_end,fixed,fixed__K20__lognormal__biased__random,12,14,fixed_k,20.0,0.1
2027320015,True,300,6000,4,80,20,20,6000,80,662,17,17,1950,288,0.085,False,3842,3842,662,0.49997136907860495,0.8917204580947424,0,113,200,20.0,lognormal,biased,random,0.02,0.2,0.2,5.0,1.0,0.1,300,0,0.0,True,True,fixed,20,continue_after_avalanche,period_end,fixed,fixed__K20__lognormal__biased__random,12,15,fixed_k,20.0,0.1
2027320016,True,300,6000,3,60,20,20,6000,60,410,20,20,2348,289,0.1,True,4753,4753,410,0.603948032821376,0.9395907847675153,0,144,200,20.0,lognormal,biased,random,0.02,0.2,0.2,5.0,1.0,0.1,300,0,0.0,True,True,fixed,20,continue_after_avalanche,period_end,fixed,fixed__K20__lognormal__biased__random,12,16,fixed_k,20.0,0.1
2027320017,True,300,6000,3,60,20,20,6000,60,695,17,17,2034,290,0.085,False,3741,3741,695,0.5093090082865546,0.9133961507618285,0,117,200,20.0,lognormal,biased,random,0.02,0.2,0.2,5.0,1.0,0.1,300,0,0.0,True,True,fixed,20,continue_after_avalanche,period_end,fixed,fixed__K20__lognormal__biased__random,12,17,fixed_k,20.0,0.1
2027320018,True,300,6000,2,40,20,20,6000,40,417,19,19,2561,296,0.095,False,3824,3824,417,0.5739984309623432,0.9379785564853558,0,117,200,20.0,lognormal,biased,random,0.02,0.2,0.2,5.0,1.0,0.1,300,0,0.0,True,True,fixed,20,continue_after_avalanche,period_end,fixed,fixed__K20__lognormal__biased__random,12,18,fixed_k,20.0,0.1
2027320019,True,300,6000,2,40,20,20,6000,40,536,20,20,2531,291,0.1,True,3902,3902,536,0.5670784213223989,0.9218580215274219,0,117,200,20.0,lognormal,biased,random,0.02,0.2,0.2,5.0,1.0,0.1,300,0,0.0,True,True,fixed,20,continue_after_avalanche,period_end,fixed,fixed__K20__lognormal__biased__random,12,19,fixed_k,20.0,0.1
2027320020,True,300,6000,1,20,20,20,6000,20,1157,17,17,2032,292,0.085,False,4627,4627,1157,0.5389982710179384,0.8613561703047332,0,138,200,20.0,lognormal,biased,random,0.02,0.2,0.2,5.0,1.0,0.1,300,0,0.0,True,True,fixed,20,continue_after_avalanche,period_end,fixed,fixed__K20__lognormal__biased__random,12,20,fixed_k,20.0,0.1
2027320021,True,300,6000,3,60,20,20,6000,60,745,21,21,2322,295,0.105,True,3323,3323,745,0.5099984953355403,0.8945395726752936,0,100,200,20.0,lognormal,biased,random,0.02,0.2,0.2,5.0,1.0,0.1,300,0,0.0,True,True,fixed,20,continue_after_avalanche,period_end,fixed,fixed__K20__lognormal__biased__random,12,21,fixed_k,20.0,0.1
2027320022,True,300,6000,1,20,20,20,6000,20,681,17,17,2030,283,0.085,False,3401,3401,681,0.4457556600999708,0.8722949132608058,0,109,200,20.0,lognormal,biased,random,0.02,0.2,0.2,5.0,1.0,0.1,300,0,0.0,True,True,fixed,20,continue_after_avalanche,period_end,fixed,fixed__K20__lognormal__biased__random,12,22,fixed_k,20.0,0.1
2027320023,True,300,6000,3,60,20,20,6000,60,1201,19,19,1756,276,0.095,False,4713,4713,1201,0.5250233396987058,0.8727954593677065,0,148,200,20.0,lognormal,biased,random,0.02,0.2,0.2,5.0,1.0,0.1,300,0,0.0,True,True,fixed,20,continue_after_avalanche,period_end,fixed,fixed__K20__lognormal__biased__random,12,23,fixed_k,20.0,0.1
2027320024,True,300,6000,1,20,20,20,6000,20,939,21,21,2201,286,0.105,True,3592,3592,939,0.49139198218262825,0.8720462138084633,0,108,200,20.0,lognormal,biased,random,0.02,0.2,0.2,5.0,1.0,0.1,300,0,0.0,True,True,fixed,20,continue_after_avalanche,period_end,fixed,fixed__K20__lognormal__biased__random,12,24,fixed_k,20.0,0.1
2027320025,True,300,6000,2,40,20,20,6000,40,922,17,17,1944,287,0.085,False,4193,4193,922,0.5175637968041975,0.8900226568089675,0,123,200,20.0,lognormal,biased,random,0.02,0.2,0.2,5.0,1.0,0.1,300,0,0.0,True,True,fixed,20,continue_after_avalanche,period_end,fixed,fixed__K20__lognormal__biased__random,12,25,fixed_k,20.0,0.1
2027320026,True,300,6000,5,100,20,20,6000,100,817,17,17,2192,285,0.085,False,4200,4200,817,0.5305452380952382,0.8701190476190477,0,126,200,20.0,lognormal,biased,random,0.02,0.2,0.2,5.0,1.0,0.1,300,0,0.0,True,True,fixed,20,continue_after_avalanche,period_end,fixed,fixed__K20__lognormal__biased__random,12,26,fixed_k,20.0,0.1
2027320027,True,300,6000,4,80,20,20,6000,80,605,22,22,2022,286,0.11,True,3517,3517,605,0.4736096104634633,0.886421666192778,0,106,200,20.0,lognormal,biased,random,0.02,0.2,0.2,5.0,1.0,0.1,300,0,0.0,True,True,fixed,20,continue_after_avalanche,period_end,fixed,fixed__K20__lognormal__biased__random,12,27,fixed_k,20.0,0.1
2027320028,True,300,6000,1,20,20,20,6000,20,771,19,19,2199,292,0.095,False,3634,3634,771,0.5110731975784262,0.8869592735277931,0,117,200,20.0,lognormal,biased,random,0.02,0.2,0.2,5.0,1.0,0.1,300,0,0.0,True,True,fixed,20,continue_after_avalanche,period_end,fixed,fixed__K20__lognormal__biased__random,12,28,fixed_k,20.0,0.1
2027320029,True,300,6000,7,140,20,20,6000,140,553,17,17,2187,285,0.085,False,3781,3781,553,0.5209587410737901,0.9054787093361545,0,112,200,20.0,lognormal,biased,random,0.02,0.2,0.2,5.0,1.0,0.1,300,0,0.0,True,True,fixed,20,continue_after_avalanche,period_end,fixed,fixed__K20__lognormal__biased__random,12,29,fixed_k,20.0,0.1
2027320030,True,300,6000,5,100,20,20,6000,100,608,17,17,2217,289,0.085,False,4141,4141,608,0.5496945182323112,0.9139422844723497,0,120,200,20.0,lognormal,biased,random,0.02,0.2,0.2,5.0,1.0,0.1,300,0,0.0,True,True,fixed,20,continue_after_avalanche,period_end,fixed,fixed__K20__lognormal__biased__random,12,30,fixed_k,20.0,0.1
2027320031,True,300,6000,2,40,20,20,6000,40,565,19,19,2217,292,0.095,False,3142,3142,565,0.4823360916613624,0.9207861234882242,0,105,200,20.0,lognormal,biased,random,0.02,0.2,0.2,5.0,1.0,0.1,300,0,0.0,True,True,fixed,20,continue_after_avalanche,period_end,fixed,fixed__K20__lognormal__biased__random,12,31,fixed_k,20.0,0.1
2027320032,True,300,6000,3,60,20,20,6000,60,572,17,17,2200,285,0.085,False,3862,3862,572,0.5259192128430865,0.8986794407042984,0,121,200,20.0,lognormal,biased,random,0.02,0.2,0.2,5.0,1.0,0.1,300,0,0.0,True,True,fixed,20,continue_after_avalanche,period_end,fixed,fixed__K20__lognormal__biased__random,12,32,fixed_k,20.0,0.1
2027320033,True,300,6000,3,60,20,20,6000,60,651,17,17,2150,285,0.085,False,3936,3936,651,0.52083587398374,0.9116514227642278,0,123,200,20.0,lognormal,biased,random,0.02,0.2,0.2,5.0,1.0,0.1,300,0,0.0,True,True,fixed,20,continue_after_avalanche,period_end,fixed,fixed__K20__lognormal__biased__random,12,33,fixed_k,20.0,0.1
2027320034,True,300,6000,4,80,20,20,6000,80,948,17,17,1886,286,0.085,False,4356,4356,948,0.49044995408631786,0.8681611570247936,0,130,200,20.0,lognormal,biased,random,0.02,0.2,0.2,5.0,1.0,0.1,300,0,0.0,True,True,fixed,20,continue_after_avalanche,period_end,fixed,fixed__K20__lognormal__biased__random,12,34,fixed_k,20.0,0.1
2027320035,True,300,6000,7,140,20,20,6000,140,817,18,18,1966,285,0.09,False,4077,4077,817,0.4966727986264412,0.8534105960264902,0,119,200,20.0,lognormal,biased,random,0.02,0.2,0.2,5.0,1.0,0.1,300,0,0.0,True,True,fixed,20,continue_after_avalanche,period_end,fixed,fixed__K20__lognormal__biased__random,12,35,fixed_k,20.0,0.1
2027320036,True,300,6000,5,100,20,20,6000,100,648,17,17,2087,287,0.085,False,3777,3777,648,0.5251323801959229,0.8944360603653694,0,122,200,20.0,lognormal,biased,random,0.02,0.2,0.2,5.0,1.0,0.1,300,0,0.0,True,True,fixed,20,continue_after_avalanche,period_end,fixed,fixed__K20__lognormal__biased__random,12,36,fixed_k,20.0,0.1
2027320037,True,300,6000,1,20,20,20,6000,20,666,17,17,2036,294,0.085,False,3900,3900,666,0.5027769230769232,0.8976102564102566,0,123,200,20.0,lognormal,biased,random,0.02,0.2,0.2,5.0,1.0,0.1,300,0,0.0,True,True,fixed,20,continue_after_avalanche,period_end,fixed,fixed__K20__lognormal__biased__random,12,37,fixed_k,20.0,0.1
2027320038,True,300,6000,3,60,20,20,6000,60,810,17,17,2077,290,0.085,False,3661,3661,810,0.495103796776837,0.8715610488937451,0,115,200,20.0,lognormal,biased,random,0.02,0.2,0.2,5.0,1.0,0.1,300,0,0.0,True,True,fixed,20,continue_after_avalanche,period_end,fixed,fixed__K20__lognormal__biased__random,12,38,fixed_k,20.0,0.1
2027320039,True,300,6000,4,80,20,20,6000,80,958,17,17,2056,291,0.085,False,4131,4131,958,0.5064790607601066,0.8678056160735901,0,128,200,20.0,lognormal,biased,random,0.02,0.2,0.2,5.0,1.0,0.1,300,0,0.0,True,True,fixed,20,continue_after_avalanche,period_end,fixed,fixed__K20__lognormal__biased__random,12,39,fixed_k,20.0,0.1
2027320040,True,300,6000,1,20,20,20,6000,20,653,18,18,2267,289,0.09,False,3408,3408,653,0.48127347417840394,0.886393779342723,0,104,200,20.0,lognormal,biased,random,0.02,0.2,0.2,5.0,1.0,0.1,300,0,0.0,True,True,fixed,20,continue_after_avalanche,period_end,fixed,fixed__K20__lognormal__biased__random,12,40,fixed_k,20.0,0.1
2027320041,True,300,6000,2,40,20,20,6000,40,847,19,19,2011,288,0.095,False,4390,4390,847,0.5299749430523919,0.8741002277904328,0,130,200,20.0,lognormal,biased,random,0.02,0.2,0.2,5.0,1.0,0.1,300,0,0.0,True,True,fixed,20,continue_after_avalanche,period_end,fixed,fixed__K20__lognormal__biased__random,12,41,fixed_k,20.0,0.1
2027320042,True,300,6000,3,60,20,20,6000,60,552,20,20,2460,291,0.1,True,3698,3698,552,0.5271876690102759,0.9116116819902651,0,116,200,20.0,lognormal,biased,random,0.02,0.2,0.2,5.0,1.0,0.1,300,0,0.0,True,True,fixed,20,continue_after_avalanche,period_end,fixed,fixed__K20__lognormal__biased__random,12,42,fixed_k,20.0,0.1
2027320043,True,300,6000,1,20,20,20,6000,20,764,18,18,2248,290,0.09,False,3411,3411,764,0.4943022574025213,0.8751084725886837,0,105,200,20.0,lognormal,biased,random,0.02,0.2,0.2,5.0,1.0,0.1,300,0,0.0,True,True,fixed,20,continue_after_avalanche,period_end,fixed,fixed__K20__lognormal__biased__random,12,43,fixed_k,20.0,0.1
2027320044,True,300,6000,1,20,20,20,6000,20,798,17,17,2259,290,0.085,False,4153,4153,798,0.5252576450758488,0.8799458222971348,0,124,200,20.0,lognormal,biased,random,0.02,0.2,0.2,5.0,1.0,0.1,300,0,0.0,True,True,fixed,20,continue_after_avalanche,period_end,fixed,fixed__K20__lognormal__biased__random,12,44,fixed_k,20.0,0.1
2027320045,True,300,6000,5,100,20,20,6000,100,981,16,16,2063,288,0.08,False,4099,4099,981,0.5046535740424496,0.8374079043669189,0,126,200,20.0,lognormal,biased,random,0.02,0.2,0.2,5.0,1.0,0.1,300,0,0.0,True,True,fixed,20,continue_after_avalanche,period_end,fixed,fixed__K20__lognormal__biased__random,12,45,fixed_k,20.0,0.1
2027320046,True,300,6000,2,40,20,20,6000,40,978,16,16,1933,289,0.08,False,3720,3720,978,0.4791209677419357,0.8560026881720431,0,114,200,20.0,lognormal,biased,random,0.02,0.2,0.2,5.0,1.0,0.1,300,0,0.0,True,True,fixed,20,continue_after_avalanche,period_end,fixed,fixed__K20__lognormal__biased__random,12,46,fixed_k,20.0,0.1
2027320047,True,300,6000,2,40,20,20,6000,40,702,19,19,2299,292,0.095,False,4665,4665,702,0.5872486602357987,0.899132904608789,0,136,200,20.0,lognormal,biased,random,0.02,0.2,0.2,5.0,1.0,0.1,300,0,0.0,True,True,fixed,20,continue_after_avalanche,period_end,fixed,fixed__K20__lognormal__biased__random,12,47,fixed_k,20.0,0.1
2027320048,True,300,6000,1,20,20,20,6000,20,845,19,19,2049,292,0.095,False,4425,4425,845,0.5307740112994352,0.8736101694915255,0,131,200,20.0,lognormal,biased,random,0.02,0.2,0.2,5.0,1.0,0.1,300,0,0.0,True,True,fixed,20,continue_after_avalanche,period_end,fixed,fixed__K20__lognormal__biased__random,12,48,fixed_k,20.0,0.1
2027320049,True,300,6000,3,60,20,20,6000,60,612,22,22,2077,287,0.11,True,3731,3731,612,0.5000549450549452,0.8914218708121149,0,122,200,20.0,lognormal,biased,random,0.02,0.2,0.2,5.0,1.0,0.1,300,0,0.0,True,True,fixed,20,continue_after_avalanche,period_end,fixed,fixed__K20__lognormal__biased__random,12,49,fixed_k,20.0,0.1
2027320050,True,300,6000,1,20,20,20,6000,20,1032,18,18,1763,281,0.09,False,4029,4029,1032,0.4820836435840159,0.8511752295855053,0,120,200,20.0,lognormal,biased,random,0.02,0.2,0.2,5.0,1.0,0.1,300,0,0.0,True,True,fixed,20,continue_after_avalanche,period_end,fixed,fixed__K20__lognormal__biased__random,12,50,fixed_k,20.0,0.1
2027320051,True,300,6000,4,80,20,20,6000,80,677,18,18,1922,283,0.09,False,3846,3846,677,0.4840353614144566,0.8956266250650027,0,120,200,20.0,lognormal,biased,random,0.02,0.2,0.2,5.0,1.0,0.1,300,0,0.0,True,True,fixed,20,continue_after_avalanche,period_end,fixed,fixed__K20__lognormal__biased__random,12,51,fixed_k,20.0,0.1
2027320052,True,300,6000,3,60,20,20,6000,60,818,21,21,2247,286,0.105,True,4091,4091,818,0.5167012955267662,0.8776374969445124,0,128,200,20.0,lognormal,biased,random,0.02,0.2,0.2,5.0,1.0,0.1,300,0,0.0,True,True,fixed,20,continue_after_avalanche,period_end,fixed,fixed__K20__lognormal__biased__random,12,52,fixed_k,20.0,0.1
2027320053,True,300,6000,2,40,20,20,6000,40,831,20,20,2136,290,0.1,True,4144,4144,831,0.503935810810811,0.867837837837838,0,131,200,20.0,lognormal,biased,random,0.02,0.2,0.2,5.0,1.0,0.1,300,0,0.0,True,True,fixed,20,continue_after_avalanche,period_end,fixed,fixed__K20__lognormal__biased__random,12,53,fixed_k,20.0,0.1
2027320054,True,300,6000,3,60,20,20,6000,60,759,20,20,2055,281,0.1,True,4265,4265,759,0.5207350527549826,0.8792016412661197,0,128,200,20.0,lognormal,biased,random,0.02,0.2,0.2,5.0,1.0,0.1,300,0,0.0,True,True,fixed,20,continue_after_avalanche,period_end,fixed,fixed__K20__lognormal__biased__random,12,54,fixed_k,20.0,0.1
2027320055,True,300,6000,4,80,20,20,6000,80,602,19,19,2305,291,0.095,False,3573,3573,602,0.5011992723201792,0.8876448362720404,0,110,200,20.0,lognormal,biased,random,0.02,0.2,0.2,5.0,1.0,0.1,300,0,0.0,True,True,fixed,20,continue_after_avalanche,period_end,fixed,fixed__K20__lognormal__biased__random,12,55,fixed_k,20.0,0.1
2027320056,True,300,6000,1,20,20,20,6000,20,718,18,18,2116,294,0.09,False,3933,3933,718,0.5101970505975084,0.877095092804475,0,121,200,20.0,lognormal,biased,random,0.02,0.2,0.2,5.0,1.0,0.1,300,0,0.0,True,True,fixed,20,continue_after_avalanche,period_end,fixed,fixed__K20__lognormal__biased__random,12,56,fixed_k,20.0,0.1
2027320057,True,300,6000,6,120,20,20,6000,120,688,23,23,2142,285,0.115,True,3657,3657,688,0.5093943122778235,0.9140566037735851,0,116,200,20.0,lognormal,biased,random,0.02,0.2,0.2,5.0,1.0,0.1,300,0,0.0,True,True,fixed,20,continue_after_avalanche,period_end,fixed,fixed__K20__lognormal__biased__random,12,57,fixed_k,20.0,0.1
2027320058,True,300,6000,1,20,20,20,6000,20,907,16,16,1818,282,0.08,False,4637,4637,907,0.5069171878369636,0.8725091654086694,0,137,200,20.0,lognormal,biased,random,0.02,0.2,0.2,5.0,1.0,0.1,300,0,0.0,True,True,fixed,20,continue_after_avalanche,period_end,fixed,fixed__K20__lognormal__biased__random,12,58,fixed_k,20.0,0.1
2027320059,True,300,6000,3,60,20,20,6000,60,509,21,21,2595,294,0.105,True,3986,3986,509,0.5447215253386855,0.9130255895634722,0,118,200,20.0,lognormal,biased,random,0.02,0.2,0.2,5.0,1.0,0.1,300,0,0.0,True,True,fixed,20,continue_after_avalanche,period_end,fixed,fixed__K20__lognormal__biased__random,12,59,fixed_k,20.0,0.1
2027420000,True,300,6000,32,640,20,20,6000,640,671,16,16,1529,246,0.08,False,4000,4000,671,0.3966850000000002,0.9245150000000002,0,117,200,20.0,pareto,biased,random,0.02,0.2,0.2,5.0,1.0,0.1,300,0,0.0,True,True,fixed,20,continue_after_avalanche,period_end,fixed,fixed__K20__pareto__biased__random,13,0,fixed_k,20.0,0.1
2027420001,True,300,6000,47,940,20,20,6000,940,1340,14,14,954,225,0.07,False,3999,3999,1340,0.3038172043010754,0.8143098274568643,0,123,200,20.0,pareto,biased,random,0.02,0.2,0.2,5.0,1.0,0.1,300,0,0.0,True,True,fixed,20,continue_after_avalanche,period_end,fixed,fixed__K20__pareto__biased__random,13,1,fixed_k,20.0,0.1
2027420002,True,300,6000,45,900,20,20,6000,900,1308,13,13,881,214,0.065,False,3997,3997,1308,0.29740430322742073,0.8243470102576933,0,126,200,20.0,pareto,biased,random,0.02,0.2,0.2,5.0,1.0,0.1,300,0,0.0,True,True,fixed,20,continue_after_avalanche,period_end,fixed,fixed__K20__pareto__biased__random,13,2,fixed_k,20.0,0.1
2027420003,True,300,6000,43,860,20,20,6000,860,1576,15,15,921,205,0.075,False,4003,4003,1576,0.3011054209342994,0.7775555833125156,0,125,200,20.0,pareto,biased,random,0.02,0.2,0.2,5.0,1.0,0.1,300,0,0.0,True,True,fixed,20,continue_after_avalanche,period_end,fixed,fixed__K20__pareto__biased__random,13,3,fixed_k,20.0,0.1
2027420004,True,300,6000,20,400,20,20,6000,400,672,17,17,1401,229,0.085,False,3998,3998,672,0.38424462231115575,0.9258529264632318,0,122,200,20.0,pareto,biased,random,0.02,0.2,0.2,5.0,1.0,0.1,300,0,0.0,True,True,fixed,20,continue_after_avalanche,period_end,fixed,fixed__K20__pareto__biased__random,13,4,fixed_k,20.0,0.1
2027420005,True,300,6000,32,640,20,20,6000,640,1018,18,18,1261,225,0.09,False,3995,3995,1018,0.3562465581977472,0.8928272841051315,0,118,200,20.0,pareto,biased,random,0.02,0.2,0.2,5.0,1.0,0.1,300,0,0.0,True,True,fixed,20,continue_after_avalanche,period_end,fixed,fixed__K20__pareto__biased__random,13,5,fixed_k,20.0,0.1
2027420006,True,300,6000,32,640,20,20,6000,640,742,18,18,1616,241,0.09,False,4003,4003,742,0.41026854858855866,0.8929765176117912,0,125,200,20.0,pareto,biased,random,0.02,0.2,0.2,5.0,1.0,0.1,300,0,0.0,True,True,fixed,20,continue_after_avalanche,period_end,fixed,fixed__K20__pareto__biased__random,13,6,fixed_k,20.0,0.1
2027420007,True,300,6000,34,680,20,20,6000,680,1668,13,13,980,209,0.065,False,4001,4001,1668,0.2868720319920022,0.771990752311922,0,118,200,20.0,pareto,biased,random,0.02,0.2,0.2,5.0,1.0,0.1,300,0,0.0,True,True,fixed,20,continue_after_avalanche,period_end,fixed,fixed__K20__pareto__biased__random,13,7,fixed_k,20.0,0.1
2027420008,True,300,6000,44,880,20,20,6000,880,1128,14,14,1147,220,0.07,False,3998,3998,1128,0.3301150575287646,0.8420310155077539,0,123,200,20.0,pareto,biased,random,0.02,0.2,0.2,5.0,1.0,0.1,300,0,0.0,True,True,fixed,20,continue_after_avalanche,period_end,fixed,fixed__K20__pareto__biased__random,13,8,fixed_k,20.0,0.1
2027420009,True,300,6000,51,1020,20,20,6000,1020,1206,14,14,1041,214,0.07,False,3999,3999,1206,0.31693298324581165,0.8538372093023257,0,122,200,20.0,pareto,biased,random,0.02,0.2,0.2,5.0,1.0,0.1,300,0,0.0,True,True,fixed,20,continue_after_avalanche,period_end,fixed,fixed__K20__pareto__biased__random,13,9,fixed_k,20.0,0.1
2027420010,True,300,6000,51,1020,20,20,6000,1020,1402,14,14,999,204,0.07,False,3997,3997,1402,0.29811483612709533,0.826956467350513,0,127,200,20.0,pareto,biased,random,0.02,0.2,0.2,5.0,1.0,0.1,300,0,0.0,True,True,fixed,20,continue_after_avalanche,period_end,fixed,fixed__K20__pareto__biased__random,13,10,fixed_k,20.0,0.1
2027420011,True,300,6000,40,800,20,20,6000,800,1360,17,17,1090,222,0.085,False,3996,3996,1360,0.3036036036036036,0.837374874874875,0,127,200,20.0,pareto,biased,random,0.02,0.2,0.2,5.0,1.0,0.1,300,0,0.0,True,True,fixed,20,continue_after_avalanche,period_end,fixed,fixed__K20__pareto__biased__random,13,11,fixed_k,20.0,0.1
2027420012,True,300,6000,38,760,20,20,6000,760,1177,14,14,1093,226,0.07,False,4004,4004,1177,0.3132617382617384,0.8581743256743257,0,122,200,20.0,pareto,biased,random,0.02,0.2,0.2,5.0,1.0,0.1,300,0,0.0,True,True,fixed,20,continue_after_avalanche,period_end,fixed,fixed__K20__pareto__biased__random,13,12,fixed_k,20.0,0.1
2027420013,True,300,6000,38,760,20,20,6000,760,1367,17,17,1067,220,0.085,False,4003,4003,1367,0.28040344741443923,0.7952423182613042,0,119,200,20.0,pareto,biased,random,0.02,0.2,0.2,5.0,1.0,0.1,300,0,0.0,True,True,fixed,20,continue_after_avalanche,period_end,fixed,fixed__K20__pareto__biased__random,13,13,fixed_k,20.0,0.1
2027420014,True,300,6000,54,1080,20,20,6000,1080,1514,13,13,989,211,0.065,False,4003,4003,1514,0.2811853609792656,0.8044229328003998,0,131,200,20.0,pareto,biased,random,0.02,0.2,0.2,5.0,1.0,0.1,300,0,0.0,True,True,fixed,20,continue_after_avalanche,period_end,fixed,fixed__K20__pareto__biased__random,13,14,fixed_k,20.0,0.1
2027420015,True,300,6000,49,980,20,20,6000,980,885,18,18,1358,215,0.09,False,4006,4006,885,0.38073140289565655,0.8975561657513731,0,126,200,20.0,pareto,biased,random,0.02,0.2,0.2,5.0,1.0,0.1,300,0,0.0,True,True,fixed,20,continue_after_avalanche,period_end,fixed,fixed__K20__pareto__biased__random,13,15,fixed_k,20.0,0.1
2027420016,True,300,6000,39,780,20,20,6000,780,765,17,17,1446,230,0.085,False,3997,3997,765,0.3780773079809858,0.8914573430072557,0,118,200,20.0,pareto,biased,random,0.02,0.2,0.2,5.0,1.0,0.1,300,0,0.0,True,True,fixed,20,continue_after_avalanche,period_end,fixed,fixed__K20__pareto__biased__random,13,16,fixed_k,20.0,0.1
2027420017,True,300,6000,26,520,20,20,6000,520,773,16,16,1405,232,0.08,False,4004,4004,773,0.3636813186813188,0.8967657342657345,0,118,200,20.0,pareto,biased,random,0.02,0.2,0.2,5.0,1.0,0.1,300,0,0.0,True,True,fixed,20,continue_after_avalanche,period_end,fixed,fixed__K20__pareto__biased__random,13,17,fixed_k,20.0,0.1
2027420018,True,300,6000,56,1120,20,20,6000,1120,2040,11,11,781,194,0.055,False,3997,3997,2040,0.2718076057042784,0.7592682011508634,0,126,200,20.0,pareto,biased,random,0.02,0.2,0.2,5.0,1.0,0.1,300,0,0.0,True,True,fixed,20,continue_after_avalanche,period_end,fixed,fixed__K20__pareto__biased__random,13,18,fixed_k,20.0,0.1
2027420019,True,300,6000,60,1200,20,20,6000,1200,1920,12,12,693,186,0.06,False,4006,4006,1920,0.24691712431352975,0.7228632051922117,0,119,200,20.0,pareto,biased,random,0.02,0.2,0.2,5.0,1.0,0.1,300,0,0.0,True,True,fixed,20,continue_after_avalanche,period_end,fixed,fixed__K20__pareto__biased__random,13,19,fixed_k,20.0,0.1
2027420020,True,300,6000,46,920,20,20,6000,920,710,18,18,1390,220,0.09,False,3996,3996,710,0.37494994994995,0.9220820820820821,0,127,200,20.0,pareto,biased,random,0.02,0.2,0.2,5.0,1.0,0.1,300,0,0.0,True,True,fixed,20,continue_after_avalanche,period_end,fixed,fixed__K20__pareto__biased__random,13,20,fixed_k,20.0,0.1
2027420021,True,300,6000,35,700,20,20,6000,700,1259,14,14,997,215,0.07,False,4008,4008,1259,0.2835603792415171,0.8311027944111777,0,127,200,20.0,pareto,biased,random,0.02,0.2,0.2,5.0,1.0,0.1,300,0,0.0,True,True,fixed,20,continue_after_avalanche,period_end,fixed,fixed__K20__pareto__biased__random,13,21,fixed_k,20.0,0.1
2027420022,True,300,6000,35,700,20,20,6000,700,1399,13,13,870,216,0.065,False,4004,4004,1399,0.27395104895104905,0.8037912087912089,0,129,200,20.0,pareto,biased,random,0.02,0.2,0.2,5.0,1.0,0.1,300,0,0.0,True,True,fixed,20,continue_after_avalanche,period_end,fixed,fixed__K20__pareto__biased__random,13,22,fixed_k,20.0,0.1
2027420023,True,300,6000,31,620,20,20,6000,620,962,17,17,1292,225,0.085,False,4001,4001,962,0.3464871282179456,0.8709085228692828,0,118,200,20.0,pareto,biased,random,0.02,0.2,0.2,5.0,1.0,0.1,300,0,0.0,True,True,fixed,20,continue_after_avalanche,period_end,fixed,fixed__K20__pareto__biased__random,13,23,fixed_k,20.0,0.1
2027420024,True,300,6000,28,560,20,20,6000,560,548,20,20,1755,249,0.1,True,3998,3998,548,0.39887943971986006,0.9368684342171087,0,123,200,20.0,pareto,biased,random,0.02,0.2,0.2,5.0,1.0,0.1,300,0,0.0,True,True,fixed,20,continue_after_avalanche,period_end,fixed,fixed__K20__pareto__biased__random,13,24,fixed_k,20.0,0.1
2027420025,True,300,6000,34,680,20,20,6000,680,489,18,18,1649,237,0.09,False,3997,3997,489,0.4196659994996248,0.9418126094570929,0,126,200,20.0,pareto,biased,random,0.02,0.2,0.2,5.0,1.0,0.1,300,0,0.0,True,True,fixed,20,continue_after_avalanche,period_end,fixed,fixed__K20__pareto__biased__random,13,25,fixed_k,20.0,0.1
2027420026,True,300,6000,40,800,20,20,6000,800,1304,15,15,1208,235,0.075,False,3998,3998,1304,0.3271310655327664,0.8257128564282141,0,131,200,20.0,pareto,biased,random,0.02,0.2,0.2,5.0,1.0,0.1,300,0,0.0,True,True,fixed,20,continue_after_avalanche,period_end,fixed,fixed__K20__pareto__biased__random,13,26,fixed_k,20.0,0.1
2027420027,True,300,6000,48,960,20,20,6000,960,1712,11,11,817,202,0.055,False,3996,3996,1712,0.27097847847847856,0.7699049049049049,0,118,200,20.0,pareto,biased,random,0.02,0.2,0.2,5.0,1.0,0.1,300,0,0.0,True,True,fixed,20,continue_after_avalanche,period_end,fixed,fixed__K20__pareto__biased__random,13,27,fixed_k,20.0,0.1
2027420028,True,300,6000,39,780,20,20,6000,780,614,17,17,1533,243,0.085,False,3998,3998,614,0.3982391195597801,0.9326888444222112,0,121,200,20.0,pareto,biased,random,0.02,0.2,0.2,5.0,1.0,0.1,300,0,0.0,True,True,fixed,20,continue_after_avalanche,period_end,fixed,fixed__K20__pareto__biased__random,13,28,fixed_k,20.0,0.1
2027420029,True,300,6000,25,500,20,20,6000,500,236,22,22,2140,245,0.11,True,4007,4007,236,0.4274706763164464,0.9571337659096582,0,119,200,20.0,pareto,biased,random,0.02,0.2,0.2,5.0,1.0,0.1,300,0,0.0,True,True,fixed,20,continue_after_avalanche,period_end,fixed,fixed__K20__pareto__biased__random,13,29,fixed_k,20.0,0.1
2027420030,True,300,6000,19,380,20,20,6000,380,731,17,17,1364,233,0.085,False,4003,4003,731,0.3737659255558332,0.8621671246565077,0,122,200,20.0,pareto,biased,random,0.02,0.2,0.2,5.0,1.0,0.1,300,0,0.0,True,True,fixed,20,continue_after_avalanche,period_end,fixed,fixed__K20__pareto__biased__random,13,30,fixed_k,20.0,0.1
2027420031,True,300,6000,41,820,20,20,6000,820,1230,15,15,1135,215,0.075,False,4002,4002,1230,0.32609945027486265,0.8340429785107448,0,120,200,20.0,pareto,biased,random,0.02,0.2,0.2,5.0,1.0,0.1,300,0,0.0,True,True,fixed,20,continue_after_avalanche,period_end,fixed,fixed__K20__pareto__biased__random,13,31,fixed_k,20.0,0.1
2027420032,True,300,6000,47,940,20,20,6000,940,1280,15,15,840,198,0.075,False,4000,4000,1280,0.24815500000000013,0.8015525000000001,0,119,200,20.0,pareto,biased,random,0.02,0.2,0.2,5.0,1.0,0.1,300,0,0.0,True,True,fixed,20,continue_after_avalanche,period_end,fixed,fixed__K20__pareto__biased__random,13,32,fixed_k,20.0,0.1
2027420033,True,300,6000,41,820,20,20,6000,820,769,17,17,1258,228,0.085,False,3993,3993,769,0.3275544703230655,0.8757563235662411,0,126,200,20.0,pareto,biased,random,0.02,0.2,0.2,5.0,1.0,0.1,300,0,0.0,True,True,fixed,20,continue_after_avalanche,period_end,fixed,fixed__K20__pareto__biased__random,13,33,fixed_k,20.0,0.1
2027420034,True,300,6000,17,340,20,20,6000,340,1582,13,13,953,220,0.065,False,3993,3993,1582,0.32469446531430024,0.7835825194089658,0,130,200,20.0,pareto,biased,random,0.02,0.2,0.2,5.0,1.0,0.1,300,0,0.0,True,True,fixed,20,continue_after_avalanche,period_end,fixed,fixed__K20__pareto__biased__random,13,34,fixed_k,20.0,0.1
2027420035,True,300,6000,53,1060,20,20,6000,1060,1441,13,13,1048,212,0.065,False,4000,4000,1441,0.28244,0.8008325000000001,0,115,200,20.0,pareto,biased,random,0.02,0.2,0.2,5.0,1.0,0.1,300,0,0.0,True,True,fixed,20,continue_after_avalanche,period_end,fixed,fixed__K20__pareto__biased__random,13,35,fixed_k,20.0,0.1
2027420036,True,300,6000,50,1000,20,20,6000,1000,1175,14,14,1186,228,0.07,False,4002,4002,1175,0.34001499250374834,0.8529110444777612,0,124,200,20.0,pareto,biased,random,0.02,0.2,0.2,5.0,1.0,0.1,300,0,0.0,True,True,fixed,20,continue_after_avalanche,period_end,fixed,fixed__K20__pareto__biased__random,13,36,fixed_k,20.0,0.1
2027420037,True,300,6000,32,640,20,20,6000,640,413,18,18,1803,238,0.09,False,3997,3997,413,0.4175569176882663,0.9438741556167127,0,120,200,20.0,pareto,biased,random,0.02,0.2,0.2,5.0,1.0,0.1,300,0,0.0,True,True,fixed,20,continue_after_avalanche,period_end,fixed,fixed__K20__pareto__biased__random,13,37,fixed_k,20.0,0.1
2027420038,True,300,6000,33,660,20,20,6000,660,481,23,23,1758,238,0.115,True,4000,4000,481,0.4177175000000002,0.9493100000000001,0,119,200,20.0,pareto,biased,random,0.02,0.2,0.2,5.0,1.0,0.1,300,0,0.0,True,True,fixed,20,continue_after_avalanche,period_end,fixed,fixed__K20__pareto__biased__random,13,38,fixed_k,20.0,0.1
2027420039,True,300,6000,37,740,20,20,6000,740,1282,16,16,1156,232,0.08,False,4001,4001,1282,0.3220582354411399,0.8448500374906274,0,125,200,20.0,pareto,biased,random,0.02,0.2,0.2,5.0,1.0,0.1,300,0,0.0,True,True,fixed,20,continue_after_avalanche,period_end,fixed,fixed__K20__pareto__biased__random,13,39,fixed_k,20.0,0.1
2027420040,True,300,6000,28,560,20,20,6000,560,1165,13,13,1195,218,0.065,False,4004,4004,1165,0.3604695304695307,0.8948726273726275,0,116,200,20.0,pareto,biased,random,0.02,0.2,0.2,5.0,1.0,0.1,300,0,0.0,True,True,fixed,20,continue_after_avalanche,period_end,fixed,fixed__K20__pareto__biased__random,13,40,fixed_k,20.0,0.1
2027420041,True,300,6000,32,640,20,20,6000,640,1162,13,13,1143,217,0.065,False,3993,3993,1162,0.33318432256448793,0.8620298021537691,0,123,200,20.0,pareto,biased,random,0.02,0.2,0.2,5.0,1.0,0.1,300,0,0.0,True,True,fixed,20,continue_after_avalanche,period_end,fixed,fixed__K20__pareto__biased__random,13,41,fixed_k,20.0,0.1
2027420042,True,300,6000,53,1060,20,20,6000,1060,1782,14,14,1015,216,0.07,False,3998,3998,1782,0.29079789894947483,0.7850825412706355,0,119,200,20.0,pareto,biased,random,0.02,0.2,0.2,5.0,1.0,0.1,300,0,0.0,True,True,fixed,20,continue_after_avalanche,period_end,fixed,fixed__K20__pareto__biased__random,13,42,fixed_k,20.0,0.1
2027420043,True,300,6000,40,800,20,20,6000,800,731,18,18,1458,237,0.09,False,3992,3992,731,0.37933116232464936,0.9181563126252505,0,123,200,20.0,pareto,biased,random,0.02,0.2,0.2,5.0,1.0,0.1,300,0,0.0,True,True,fixed,20,continue_after_avalanche,period_end,fixed,fixed__K20__pareto__biased__random,13,43,fixed_k,20.0,0.1
2027420044,True,300,6000,45,900,20,20,6000,900,1316,13,13,1128,209,0.065,False,4000,4000,1316,0.3180425,0.847005,0,130,200,20.0,pareto,biased,random,0.02,0.2,0.2,5.0,1.0,0.1,300,0,0.0,True,True,fixed,20,continue_after_avalanche,period_end,fixed,fixed__K20__pareto__biased__random,13,44,fixed_k,20.0,0.1
2027420045,True,300,6000,29,580,20,20,6000,580,927,14,14,1349,232,0.07,False,4004,4004,927,0.3658416583416584,0.8684465534465535,0,119,200,20.0,pareto,biased,random,0.02,0.2,0.2,5.0,1.0,0.1,300,0,0.0,True,True,fixed,20,continue_after_avalanche,period_end,fixed,fixed__K20__pareto__biased__random,13,45,fixed_k,20.0,0.1
2027420046,True,300,6000,26,520,20,20,6000,520,439,17,17,1808,236,0.085,False,3999,3999,439,0.42581770442610667,0.9510690172543137,0,120,200,20.0,pareto,biased,random,0.02,0.2,0.2,5.0,1.0,0.1,300,0,0.0,True,True,fixed,20,continue_after_avalanche,period_end,fixed,fixed__K20__pareto__biased__random,13,46,fixed_k,20.0,0.1
2027420047,True,300,6000,32,640,20,20,6000,640,908,16,16,1215,227,0.08,False,4002,4002,908,0.34528735632183927,0.8919915042478761,0,121,200,20.0,pareto,biased,random,0.02,0.2,0.2,5.0,1.0,0.1,300,0,0.0,True,True,fixed,20,continue_after_avalanche,period_end,fixed,fixed__K20__pareto__biased__random,13,47,fixed_k,20.0,0.1
2027420048,True,300,6000,50,1000,20,20,6000,1000,1563,15,15,877,203,0.075,False,4004,4004,1563,0.26500749250749256,0.7946828171828173,0,123,200,20.0,pareto,biased,random,0.02,0.2,0.2,5.0,1.0,0.1,300,0,0.0,True,True,fixed,20,continue_after_avalanche,period_end,fixed,fixed__K20__pareto__biased__random,13,48,fixed_k,20.0,0.1
2027420049,True,300,6000,47,940,20,20,6000,940,1386,15,15,915,211,0.075,False,3996,3996,1386,0.2492492492492493,0.7754379379379381,0,130,200,20.0,pareto,biased,random,0.02,0.2,0.2,5.0,1.0,0.1,300,0,0.0,True,True,fixed,20,continue_after_avalanche,period_end,fixed,fixed__K20__pareto__biased__random,13,49,fixed_k,20.0,0.1
2027420050,True,300,6000,40,800,20,20,6000,800,1073,14,14,1213,230,0.07,False,3993,3993,1073,0.3187716003005261,0.8635624843476084,0,118,200,20.0,pareto,biased,random,0.02,0.2,0.2,5.0,1.0,0.1,300,0,0.0,True,True,fixed,20,continue_after_avalanche,period_end,fixed,fixed__K20__pareto__biased__random,13,50,fixed_k,20.0,0.1
2027420051,True,300,6000,44,880,20,20,6000,880,944,15,15,1169,228,0.075,False,3996,3996,944,0.3216241241241242,0.8642492492492493,0,127,200,20.0,pareto,biased,random,0.02,0.2,0.2,5.0,1.0,0.1,300,0,0.0,True,True,fixed,20,continue_after_avalanche,period_end,fixed,fixed__K20__pareto__biased__random,13,51,fixed_k,20.0,0.1
2027420052,True,300,6000,43,860,20,20,6000,860,1508,15,15,920,207,0.075,False,4003,4003,1508,0.2858843367474395,0.8092742942792905,0,127,200,20.0,pareto,biased,random,0.02,0.2,0.2,5.0,1.0,0.1,300,0,0.0,True,True,fixed,20,continue_after_avalanche,period_end,fixed,fixed__K20__pareto__biased__random,13,52,fixed_k,20.0,0.1
2027420053,True,300,6000,32,640,20,20,6000,640,553,20,20,1704,235,0.1,True,3996,3996,553,0.39511761761761766,0.9318118118118119,0,116,200,20.0,pareto,biased,random,0.02,0.2,0.2,5.0,1.0,0.1,300,0,0.0,True,True,fixed,20,continue_after_avalanche,period_end,fixed,fixed__K20__pareto__biased__random,13,53,fixed_k,20.0,0.1
2027420054,True,300,6000,37,740,20,20,6000,740,1215,13,13,1148,226,0.065,False,4003,4003,1215,0.3462015988008995,0.8457644266799902,0,121,200,20.0,pareto,biased,random,0.02,0.2,0.2,5.0,1.0,0.1,300,0,0.0,True,True,fixed,20,continue_after_avalanche,period_end,fixed,fixed__K20__pareto__biased__random,13,54,fixed_k,20.0,0.1
2027420055,True,300,6000,28,560,20,20,6000,560,808,18,18,1487,237,0.09,False,4005,4005,808,0.3624007490636705,0.8841960049937578,0,123,200,20.0,pareto,biased,random,0.02,0.2,0.2,5.0,1.0,0.1,300,0,0.0,True,True,fixed,20,continue_after_avalanche,period_end,fixed,fixed__K20__pareto__biased__random,13,55,fixed_k,20.0,0.1
2027420056,True,300,6000,65,1300,20,20,6000,1300,1446,15,15,1019,212,0.075,False,4001,4001,1446,0.31393276680829807,0.8421182204448889,0,124,200,20.0,pareto,biased,random,0.02,0.2,0.2,5.0,1.0,0.1,300,0,0.0,True,True,fixed,20,continue_after_avalanche,period_end,fixed,fixed__K20__pareto__biased__random,13,56,fixed_k,20.0,0.1
2027420057,True,300,6000,28,560,20,20,6000,560,1653,12,12,928,223,0.06,False,3998,3998,1653,0.3004002001000501,0.8091245622811407,0,120,200,20.0,pareto,biased,random,0.02,0.2,0.2,5.0,1.0,0.1,300,0,0.0,True,True,fixed,20,continue_after_avalanche,period_end,fixed,fixed__K20__pareto__biased__random,13,57,fixed_k,20.0,0.1
2027420058,True,300,6000,44,880,20,20,6000,880,804,19,19,1305,234,0.095,False,4000,4000,804,0.3234675,0.8775700000000002,0,124,200,20.0,pareto,biased,random,0.02,0.2,0.2,5.0,1.0,0.1,300,0,0.0,True,True,fixed,20,continue_after_avalanche,period_end,fixed,fixed__K20__pareto__biased__random,13,58,fixed_k,20.0,0.1
2027420059,True,300,6000,31,620,20,20,6000,620,961,15,15,1297,227,0.075,False,3998,3998,961,0.3473686843421713,0.893791895947974,0,124,200,20.0,pareto,biased,random,0.02,0.2,0.2,5.0,1.0,0.1,300,0,0.0,True,True,fixed,20,continue_after_avalanche,period_end,fixed,fixed__K20__pareto__biased__random,13,59,fixed_k,20.0,0.1
2027520000,True,300,6600,1,22,22,22,6600,22,556,23,23,2529,293,0.115,True,3926,3926,556,0.5127967396841571,0.8853336729495671,0,120,200,20.0,lognormal,biased,random,0.02,0.2,0.2,5.0,1.0,0.1,300,0,0.0,True,True,fixed,22,continue_after_avalanche,period_end,fixed,fixed__K22__lognormal__biased__random,14,0,fixed_k,22.0,0.11
2027520001,True,300,6600,5,110,22,22,6600,110,651,20,20,2507,291,0.1,True,4412,4412,651,0.5383884859474162,0.915231187669991,0,132,200,20.0,lognormal,biased,random,0.02,0.2,0.2,5.0,1.0,0.1,300,0,0.0,True,True,fixed,22,continue_after_avalanche,period_end,fixed,fixed__K22__lognormal__biased__random,14,1,fixed_k,22.0,0.11
2027520002,True,300,6600,4,88,22,22,6600,88,934,18,18,2320,289,0.09,False,3882,3882,934,0.5106620298815046,0.8692426584234931,0,122,200,20.0,lognormal,biased,random,0.02,0.2,0.2,5.0,1.0,0.1,300,0,0.0,True,True,fixed,22,continue_after_avalanche,period_end,fixed,fixed__K22__lognormal__biased__random,14,2,fixed_k,22.0,0.11
2027520003,True,300,6600,2,44,22,22,6600,44,631,22,22,2689,296,0.11,True,3320,3320,631,0.5086114457831326,0.9289156626506025,0,101,200,20.0,lognormal,biased,random,0.02,0.2,0.2,5.0,1.0,0.1,300,0,0.0,True,True,fixed,22,continue_after_avalanche,period_end,fixed,fixed__K22__lognormal__biased__random,14,3,fixed_k,22.0,0.11
2027520004,True,300,6600,2,44,22,22,6600,44,610,21,21,2567,291,0.105,True,4266,4266,610,0.5517721518987342,0.9153750586029068,0,127,200,20.0,lognormal,biased,random,0.02,0.2,0.2,5.0,1.0,0.1,300,0,0.0,True,True,fixed,22,continue_after_avalanche,period_end,fixed,fixed__K22__lognormal__biased__random,14,4,fixed_k,22.0,0.11
2027520005,True,300,6600,3,66,22,22,6600,66,579,20,20,2635,290,0.1,True,3401,3401,579,0.46956042340488113,0.926561305498383,0,104,200,20.0,lognormal,biased,random,0.02,0.2,0.2,5.0,1.0,0.1,300,0,0.0,True,True,fixed,22,continue_after_avalanche,period_end,fixed,fixed__K22__lognormal__biased__random,14,5,fixed_k,22.0,0.11
2027520006,True,300,6600,2,44,22,22,6600,44,549,20,20,2593,284,0.1,True,3731,3731,549,0.4940297507370679,0.9227405521307961,0,121,200,20.0,lognormal,biased,random,0.02,0.2,0.2,5.0,1.0,0.1,300,0,0.0,True,True,fixed,22,continue_after_avalanche,period_end,fixed,fixed__K22__lognormal__biased__random,14,6,fixed_k,22.0,0.11
2027520007,True,300,6600,3,66,22,22,6600,66,735,19,19,2417,285,0.095,False,4086,4086,735,0.49615271659324534,0.8791238374938817,0,127,200,20.0,lognormal,biased,random,0.02,0.2,0.2,5.0,1.0,0.1,300,0,0.0,True,True,fixed,22,continue_after_avalanche,period_end,fixed,fixed__K22__lognormal__biased__random,14,7,fixed_k,22.0,0.11
2027520008,True,300,6600,6,132,22,22,6600,132,731,23,23,2380,288,0.115,True,3739,3739,731,0.49613131853436765,0.9007502005883927,0,113,200,20.0,lognormal,biased,random,0.02,0.2,0.2,5.0,1.0,0.1,300,0,0.0,True,True,fixed,22,continue_after_avalanche,period_end,fixed,fixed__K22__lognormal__biased__random,14,8,fixed_k,22.0,0.11
2027520009,True,300,6600,1,22,22,22,6600,22,751,20,20,2557,289,0.1,True,4170,4170,751,0.5216354916067147,0.9104124700239808,0,127,200,20.0,lognormal,biased,random,0.02,0.2,0.2,5.0,1.0,0.1,300,0,0.0,True,True,fixed,22,continue_after_avalanche,period_end,fixed,fixed__K22__lognormal__biased__random,14,9,fixed_k,22.0,0.11
2027520010,True,300,6600,1,22,22,22,6600,22,651,22,22,2385,294,0.11,True,4214,4214,651,0.5253322259136213,0.91749881347888,0,127,200,20.0,lognormal,biased,random,0.02,0.2,0.2,5.0,1.0,0.1,300,0,0.0,True,True,fixed,22,continue_after_avalanche,period_end,fixed,fixed__K22__lognormal__biased__random,14,10,fixed_k,22.0,0.11
2027520011,True,300,6600,5,110,22,22,6600,110,708,23,23,2520,292,0.115,True,3908,3908,708,0.5199257932446266,0.8952558853633574,0,120,200,20.0,lognormal,biased,random,0.02,0.2,0.2,5.0,1.0,0.1,300,0,0.0,True,True,fixed,22,continue_after_avalanche,period_end,fixed,fixed__K22__lognormal__biased__random,14,11,fixed_k,22.0,0.11
2027520012,True,300,6600,1,22,22,22,6600,22,518,21,21,2722,293,0.105,True,4802,4802,518,0.58618908788005,0.9224947938359018,0,144,200,20.0,lognormal,biased,random,0.02,0.2,0.2,5.0,1.0,0.1,300,0,0.0,True,True,fixed,22,continue_after_avalanche,period_end,fixed,fixed__K22__lognormal__biased__random,14,12,fixed_k,22.0,0.11
2027520013,True,300,6600,2,44,22,22,6600,44,527,20,20,2577,290,0.1,True,4128,4128,527,0.545811531007752,0.9202495155038761,0,128,200,20.0,lognormal,biased,random,0.02,0.2,0.2,5.0,1.0,0.1,300,0,0.0,True,True,fixed,22,continue_after_avalanche,period_end,fixed,fixed__K22__lognormal__biased__random,14,13,fixed_k,22.0,0.11
2027520014,True,300,6600,1,22,22,22,6600,22,639,20,20,2791,294,0.1,True,4242,4242,639,0.5485337105139085,0.9264309288071666,0,132,200,20.0,lognormal,biased,random,0.02,0.2,0.2,5.0,1.0,0.1,300,0,0.0,True,True,fixed,22,continue_after_avalanche,period_end,fixed,fixed__K22__lognormal__biased__random,14,14,fixed_k,22.0,0.11
2027520015,True,300,6600,1,22,22,22,6600,22,851,17,17,2308,284,0.085,False,4418,4418,851,0.5338705296514261,0.8861272068809418,0,128,200,20.0,lognormal,biased,random,0.02,0.2,0.2,5.0,1.0,0.1,300,0,0.0,True,True,fixed,22,continue_after_avalanche,period_end,fixed,fixed__K22__lognormal__biased__random,14,15,fixed_k,22.0,0.11
2027520016,True,300,6600,6,132,22,22,6600,132,515,24,24,2764,288,0.12,True,4227,4227,515,0.550829193281287,0.9260645848119236,0,122,200,20.0,lognormal,biased,random,0.02,0.2,0.2,5.0,1.0,0.1,300,0,0.0,True,True,fixed,22,continue_after_avalanche,period_end,fixed,fixed__K22__lognormal__biased__random,14,16,fixed_k,22.0,0.11
2027520017,True,300,6600,2,44,22,22,6600,44,783,20,20,2451,295,0.1,True,3670,3670,783,0.4926675749318803,0.879923705722071,0,112,200,20.0,lognormal,biased,random,0.02,0.2,0.2,5.0,1.0,0.1,300,0,0.0,True,True,fixed,22,continue_after_avalanche,period_end,fixed,fixed__K22__lognormal__biased__random,14,17,fixed_k,22.0,0.11
2027520018,True,300,6600,2,44,22,22,6600,44,491,22,22,2593,291,0.11,True,4526,4526,491,0.5679893946089263,0.9318228015908088,0,134,200,20.0,lognormal,biased,random,0.02,0.2,0.2,5.0,1.0,0.1,300,0,0.0,True,True,fixed,22,continue_after_avalanche,period_end,fixed,fixed__K22__lognormal__biased__random,14,18,fixed_k,22.0,0.11
2027520019,True,300,6600,2,44,22,22,6600,44,650,21,21,2583,285,0.105,True,4042,4042,650,0.5340400791687285,0.9095373577436914,0,125,200,20.0,lognormal,biased,random,0.02,0.2,0.2,5.0,1.0,0.1,300,0,0.0,True,True,fixed,22,continue_after_avalanche,period_end,fixed,fixed__K22__lognormal__biased__random,14,19,fixed_k,22.0,0.11
2027520020,True,300,6600,5,110,22,22,6600,110,847,18,18,2345,287,0.09,False,4040,4040,847,0.5145717821782179,0.8865198019801981,0,125,200,20.0,lognormal,biased,random,0.02,0.2,0.2,5.0,1.0,0.1,300,0,0.0,True,True,fixed,22,continue_after_avalanche,period_end,fixed,fixed__K22__lognormal__biased__random,14,20,fixed_k,22.0,0.11
2027520021,True,300,6600,3,66,22,22,6600,66,381,24,24,2692,288,0.12,True,3449,3449,381,0.5026224992751522,0.933245868367643,0,105,200,20.0,lognormal,biased,random,0.02,0.2,0.2,5.0,1.0,0.1,300,0,0.0,True,True,fixed,22,continue_after_avalanche,period_end,fixed,fixed__K22__lognormal__biased__random,14,21,fixed_k,22.0,0.11
2027520022,True,300,6600,2,44,22,22,6600,44,578,22,22,2537,296,0.11,True,5065,5065,578,0.5862912142152026,0.9120207305034551,0,150,200,20.0,lognormal,biased,random,0.02,0.2,0.2,5.0,1.0,0.1,300,0,0.0,True,True,fixed,22,continue_after_avalanche,period_end,fixed,fixed__K22__lognormal__biased__random,14,22,fixed_k,22.0,0.11
2027520023,True,300,6600,2,44,22,22,6600,44,525,20,20,2458,292,0.1,True,3733,3733,525,0.5084717385480848,0.9149839271363516,0,120,200,20.0,lognormal,biased,random,0.02,0.2,0.2,5.0,1.0,0.1,300,0,0.0,True,True,fixed,22,continue_after_avalanche,period_end,fixed,fixed__K22__lognormal__biased__random,14,23,fixed_k,22.0,0.11
2027520024,True,300,6600,6,132,22,22,6600,132,593,20,20,2708,293,0.1,True,4416,4416,593,0.5575271739130436,0.9085484601449276,0,134,200,20.0,lognormal,biased,random,0.02,0.2,0.2,5.0,1.0,0.1,300,0,0.0,True,True,fixed,22,continue_after_avalanche,period_end,fixed,fixed__K22__lognormal__biased__random,14,24,fixed_k,22.0,0.11
2027520025,True,300,6600,4,88,22,22,6600,88,560,20,20,2365,289,0.1,True,3765,3765,560,0.48075298804780897,0.8852390438247013,0,116,200,20.0,lognormal,biased,random,0.02,0.2,0.2,5.0,1.0,0.1,300,0,0.0,True,True,fixed,22,continue_after_avalanche,period_end,fixed,fixed__K22__lognormal__biased__random,14,25,fixed_k,22.0,0.11
2027520026,True,300,6600,5,110,22,22,6600,110,612,21,21,2677,291,0.105,True,3767,3767,612,0.5209304486328645,0.8970493761614018,0,118,200,20.0,lognormal,biased,random,0.02,0.2,0.2,5.0,1.0,0.1,300,0,0.0,True,True,fixed,22,continue_after_avalanche,period_end,fixed,fixed__K22__lognormal__biased__random,14,26,fixed_k,22.0,0.11
2027520027,True,300,6600,3,66,22,22,6600,66,858,18,18,2393,294,0.09,False,3791,3791,858,0.4877776312318651,0.8695396992877871,0,120,200,20.0,lognormal,biased,random,0.02,0.2,0.2,5.0,1.0,0.1,300,0,0.0,True,True,fixed,22,continue_after_avalanche,period_end,fixed,fixed__K22__lognormal__biased__random,14,27,fixed_k,22.0,0.11
2027520028,True,300,6600,9,198,22,22,6600,198,683,20,20,2678,287,0.1,True,4123,4123,683,0.5283179723502305,0.9057300509337862,0,128,200,20.0,lognormal,biased,random,0.02,0.2,0.2,5.0,1.0,0.1,300,0,0.0,True,True,fixed,22,continue_after_avalanche,period_end,fixed,fixed__K22__lognormal__biased__random,14,28,fixed_k,22.0,0.11
2027520029,True,300,6600,1,22,22,22,6600,22,559,21,21,2530,291,0.105,True,4162,4162,559,0.5468380586256609,0.9099135031234984,0,124,200,20.0,lognormal,biased,random,0.02,0.2,0.2,5.0,1.0,0.1,300,0,0.0,True,True,fixed,22,continue_after_avalanche,period_end,fixed,fixed__K22__lognormal__biased__random,14,29,fixed_k,22.0,0.11
2027520030,True,300,6600,6,132,22,22,6600,132,362,22,22,2953,292,0.11,True,3738,3738,362,0.5426243980738363,0.9531460674157304,0,120,200,20.0,lognormal,biased,random,0.02,0.2,0.2,5.0,1.0,0.1,300,0,0.0,True,True,fixed,22,continue_after_avalanche,period_end,fixed,fixed__K22__lognormal__biased__random,14,30,fixed_k,22.0,0.11
2027520031,True,300,6600,3,66,22,22,6600,66,254,23,23,3283,295,0.115,True,4245,4245,254,0.6290918727915196,0.961563015312132,0,126,200,20.0,lognormal,biased,random,0.02,0.2,0.2,5.0,1.0,0.1,300,0,0.0,True,True,fixed,22,continue_after_avalanche,period_end,fixed,fixed__K22__lognormal__biased__random,14,31,fixed_k,22.0,0.11
2027520032,True,300,6600,3,66,22,22,6600,66,605,22,22,2630,285,0.11,True,4695,4695,605,0.5594920127795528,0.9135985090521832,0,137,200,20.0,lognormal,biased,random,0.02,0.2,0.2,5.0,1.0,0.1,300,0,0.0,True,True,fixed,22,continue_after_avalanche,period_end,fixed,fixed__K22__lognormal__biased__random,14,32,fixed_k,22.0,0.11
2027520033,True,300,6600,8,176,22,22,6600,176,902,19,19,2218,287,0.095,False,4229,4229,902,0.4740068574131002,0.8687952234570822,0,133,200,20.0,lognormal,biased,random,0.02,0.2,0.2,5.0,1.0,0.1,300,0,0.0,True,True,fixed,22,continue_after_avalanche,period_end,fixed,fixed__K22__lognormal__biased__random,14,33,fixed_k,22.0,0.11
2027520034,True,300,6600,1,22,22,22,6600,22,834,19,19,2517,287,0.095,False,3693,3693,834,0.49979285134037377,0.8786257784998648,0,114,200,20.0,lognormal,biased,random,0.02,0.2,0.2,5.0,1.0,0.1,300,0,0.0,True,True,fixed,22,continue_after_avalanche,period_end,fixed,fixed__K22__lognormal__biased__random,14,34,fixed_k,22.0,0.11
2027520035,True,300,6600,1,22,22,22,6600,22,900,21,21,2571,290,0.105,True,3605,3605,900,0.4947947295423025,0.8923841886269073,0,111,200,20.0,lognormal,biased,random,0.02,0.2,0.2,5.0,1.0,0.1,300,0,0.0,True,True,fixed,22,continue_after_avalanche,period_end,fixed,fixed__K22__lognormal__biased__random,14,35,fixed_k,22.0,0.11
2027520036,True,300,6600,5,110,22,22,6600,110,811,20,20,2438,287,0.1,True,3738,3738,811,0.4946629213483147,0.8879614767255217,0,119,200,20.0,lognormal,biased,random,0.02,0.2,0.2,5.0,1.0,0.1,300,0,0.0,True,True,fixed,22,continue_after_avalanche,period_end,fixed,fixed__K22__lognormal__biased__random,14,36,fixed_k,22.0,0.11
2027520037,True,300,6600,1,22,22,22,6600,22,619,19,19,2546,294,0.095,False,3556,3556,619,0.48642575928009,0.895984251968504,0,110,200,20.0,lognormal,biased,random,0.02,0.2,0.2,5.0,1.0,0.1,300,0,0.0,True,True,fixed,22,continue_after_avalanche,period_end,fixed,fixed__K22__lognormal__biased__random,14,37,fixed_k,22.0,0.11
2027520038,True,300,6600,4,88,22,22,6600,88,347,23,23,2709,292,0.115,True,3771,3771,347,0.5186648103951208,0.9099058605144525,0,117,200,20.0,lognormal,biased,random,0.02,0.2,0.2,5.0,1.0,0.1,300,0,0.0,True,True,fixed,22,continue_after_avalanche,period_end,fixed,fixed__K22__lognormal__biased__random,14,38,fixed_k,22.0,0.11
2027520039,True,300,6600,1,22,22,22,6600,22,802,21,21,2348,294,0.105,True,4082,4082,802,0.5178980891719747,0.8921484566389026,0,130,200,20.0,lognormal,biased,random,0.02,0.2,0.2,5.0,1.0,0.1,300,0,0.0,True,True,fixed,22,continue_after_avalanche,period_end,fixed,fixed__K22__lognormal__biased__random,14,39,fixed_k,22.0,0.11
2027520040,True,300,6600,3,66,22,22,6600,66,1061,19,19,2134,290,0.095,False,4376,4376,1061,0.4766681901279708,0.8612362888482634,0,135,200,20.0,lognormal,biased,random,0.02,0.2,0.2,5.0,1.0,0.1,300,0,0.0,True,True,fixed,22,continue_after_avalanche,period_end,fixed,fixed__K22__lognormal__biased__random,14,40,fixed_k,22.0,0.11
2027520041,True,300,6600,2,44,22,22,6600,44,814,19,19,2655,289,0.095,False,3897,3897,814,0.4977380035925072,0.893367975365666,0,120,200,20.0,lognormal,biased,random,0.02,0.2,0.2,5.0,1.0,0.1,300,0,0.0,True,True,fixed,22,continue_after_avalanche,period_end,fixed,fixed__K22__lognormal__biased__random,14,41,fixed_k,22.0,0.11
2027520042,True,300,6600,4,88,22,22,6600,88,825,20,20,2393,285,0.1,True,4262,4262,825,0.5092773345847021,0.9007484748944159,0,133,200,20.0,lognormal,biased,random,0.02,0.2,0.2,5.0,1.0,0.1,300,0,0.0,True,True,fixed,22,continue_after_avalanche,period_end,fixed,fixed__K22__lognormal__biased__random,14,42,fixed_k,22.0,0.11
2027520043,True,300,6600,2,44,22,22,6600,44,499,22,22,2743,292,0.11,True,3421,3421,499,0.4832344343759136,0.9037225957322421,0,105,200,20.0,lognormal,biased,random,0.02,0.2,0.2,5.0,1.0,0.1,300,0,0.0,True,True,fixed,22,continue_after_avalanche,period_end,fixed,fixed__K22__lognormal__biased__random,14,43,fixed_k,22.0,0.11
2027520044,True,300,6600,2,44,22,22,6600,44,661,18,18,2371,289,0.09,False,3712,3712,661,0.49958512931034504,0.9276724137931036,0,116,200,20.0,lognormal,biased,random,0.02,0.2,0.2,5.0,1.0,0.1,300,0,0.0,True,True,fixed,22,continue_after_avalanche,period_end,fixed,fixed__K22__lognormal__biased__random,14,44,fixed_k,22.0,0.11
2027520045,True,300,6600,1,22,22,22,6600,22,578,21,21,2636,292,0.105,True,3276,3276,578,0.4783760683760685,0.9066330891330892,0,108,200,20.0,lognormal,biased,random,0.02,0.2,0.2,5.0,1.0,0.1,300,0,0.0,True,True,fixed,22,continue_after_avalanche,period_end,fixed,fixed__K22__lognormal__biased__random,14,45,fixed_k,22.0,0.11
2027520046,True,300,6600,6,132,22,22,6600,132,839,17,17,2273,290,0.085,False,4275,4275,839,0.5251239766081872,0.8968152046783626,0,130,200,20.0,lognormal,biased,random,0.02,0.2,0.2,5.0,1.0,0.1,300,0,0.0,True,True,fixed,22,continue_after_avalanche,period_end,fixed,fixed__K22__lognormal__biased__random,14,46,fixed_k,22.0,0.11
2027520047,True,300,6600,1,22,22,22,6600,22,525,23,23,2898,289,0.115,True,3344,3344,525,0.513421052631579,0.9287649521531101,0,103,200,20.0,lognormal,biased,random,0.02,0.2,0.2,5.0,1.0,0.1,300,0,0.0,True,True,fixed,22,continue_after_avalanche,period_end,fixed,fixed__K22__lognormal__biased__random,14,47,fixed_k,22.0,0.11
2027520048,True,300,6600,4,88,22,22,6600,88,641,19,19,2489,291,0.095,False,3360,3360,641,0.4523571428571429,0.8802470238095239,0,112,200,20.0,lognormal,biased,random,0.02,0.2,0.2,5.0,1.0,0.1,300,0,0.0,True,True,fixed,22,continue_after_avalanche,period_end,fixed,fixed__K22__lognormal__biased__random,14,48,fixed_k,22.0,0.11
2027520049,True,300,6600,2,44,22,22,6600,44,826,19,19,2216,292,0.095,False,4366,4366,826,0.5193999083829592,0.8933027943197436,0,134,200,20.0,lognormal,biased,random,0.02,0.2,0.2,5.0,1.0,0.1,300,0,0.0,True,True,fixed,22,continue_after_avalanche,period_end,fixed,fixed__K22__lognormal__biased__random,14,49,fixed_k,22.0,0.11
2027520050,True,300,6600,1,22,22,22,6600,22,773,18,18,2437,290,0.09,False,3761,3761,773,0.5035961180537092,0.8864145174155811,0,119,200,20.0,lognormal,biased,random,0.02,0.2,0.2,5.0,1.0,0.1,300,0,0.0,True,True,fixed,22,continue_after_avalanche,period_end,fixed,fixed__K22__lognormal__biased__random,14,50,fixed_k,22.0,0.11
2027520051,True,300,6600,3,66,22,22,6600,66,642,21,21,2584,293,0.105,True,3269,3269,642,0.4858504129703274,0.8868629550321201,0,101,200,20.0,lognormal,biased,random,0.02,0.2,0.2,5.0,1.0,0.1,300,0,0.0,True,True,fixed,22,continue_after_avalanche,period_end,fixed,fixed__K22__lognormal__biased__random,14,51,fixed_k,22.0,0.11
2027520052,True,300,6600,1,22,22,22,6600,22,670,25,25,2604,292,0.125,True,4047,4047,670,0.5337620459599706,0.9010538670620214,0,127,200,20.0,lognormal,biased,random,0.02,0.2,0.2,5.0,1.0,0.1,300,0,0.0,True,True,fixed,22,continue_after_avalanche,period_end,fixed,fixed__K22__lognormal__biased__random,14,52,fixed_k,22.0,0.11
2027520053,True,300,6600,2,44,22,22,6600,44,898,19,19,2345,290,0.095,False,4444,4444,898,0.5313141314131413,0.9004185418541855,0,138,200,20.0,lognormal,biased,random,0.02,0.2,0.2,5.0,1.0,0.1,300,0,0.0,True,True,fixed,22,continue_after_avalanche,period_end,fixed,fixed__K22__lognormal__biased__random,14,53,fixed_k,22.0,0.11
2027520054,True,300,6600,1,22,22,22,6600,22,662,19,19,2515,296,0.095,False,3778,3778,662,0.508681842244574,0.8969931180518793,0,121,200,20.0,lognormal,biased,random,0.02,0.2,0.2,5.0,1.0,0.1,300,0,0.0,True,True,fixed,22,continue_after_avalanche,period_end,fixed,fixed__K22__lognormal__biased__random,14,54,fixed_k,22.0,0.11
2027520055,True,300,6600,1,22,22,22,6600,22,655,20,20,2524,292,0.1,True,4009,4009,655,0.5031865801945623,0.8913981042654029,0,129,200,20.0,lognormal,biased,random,0.02,0.2,0.2,5.0,1.0,0.1,300,0,0.0,True,True,fixed,22,continue_after_avalanche,period_end,fixed,fixed__K22__lognormal__biased__random,14,55,fixed_k,22.0,0.11
2027520056,True,300,6600,4,88,22,22,6600,88,612,21,21,2540,289,0.105,True,4028,4028,612,0.5238033763654419,0.8989796425024827,0,123,200,20.0,lognormal,biased,random,0.02,0.2,0.2,5.0,1.0,0.1,300,0,0.0,True,True,fixed,22,continue_after_avalanche,period_end,fixed,fixed__K22__lognormal__biased__random,14,56,fixed_k,22.0,0.11
2027520057,True,300,6600,2,44,22,22,6600,44,449,20,20,2827,295,0.1,True,4064,4064,449,0.5410949803149607,0.9392249015748033,0,128,200,20.0,lognormal,biased,random,0.02,0.2,0.2,5.0,1.0,0.1,300,0,0.0,True,True,fixed,22,continue_after_avalanche,period_end,fixed,fixed__K22__lognormal__biased__random,14,57,fixed_k,22.0,0.11
2027520058,True,300,6600,2,44,22,22,6600,44,740,20,20,2344,285,0.1,True,4477,4477,740,0.5182387759660487,0.883592807683717,0,139,200,20.0,lognormal,biased,random,0.02,0.2,0.2,5.0,1.0,0.1,300,0,0.0,True,True,fixed,22,continue_after_avalanche,period_end,fixed,fixed__K22__lognormal__biased__random,14,58,fixed_k,22.0,0.11
2027520059,True,300,6600,4,88,22,22,6600,88,509,20,20,2711,290,0.1,True,3886,3886,509,0.5242305712815236,0.9198764796706125,0,120,200,20.0,lognormal,biased,random,0.02,0.2,0.2,5.0,1.0,0.1,300,0,0.0,True,True,fixed,22,continue_after_avalanche,period_end,fixed,fixed__K22__lognormal__biased__random,14,59,fixed_k,22.0,0.11
2027620000,True,300,6600,34,748,22,22,6600,748,605,18,18,1667,236,0.09,False,4000,4000,605,0.3501550000000002,0.9321750000000002,0,124,200,20.0,pareto,biased,random,0.02,0.2,0.2,5.0,1.0,0.1,300,0,0.0,True,True,fixed,22,continue_after_avalanche,period_end,fixed,fixed__K22__pareto__biased__random,15,0,fixed_k,22.0,0.11
2027620001,True,300,6600,34,748,22,22,6600,748,410,23,23,2018,247,0.115,True,4000,4000,410,0.4013850000000001,0.9411075000000002,0,121,200,20.0,pareto,biased,random,0.02,0.2,0.2,5.0,1.0,0.1,300,0,0.0,True,True,fixed,22,continue_after_avalanche,period_end,fixed,fixed__K22__pareto__biased__random,15,1,fixed_k,22.0,0.11
2027620002,True,300,6600,54,1188,22,22,6600,1188,1832,15,15,1145,226,0.075,False,3996,3996,1832,0.25849099099099115,0.7878553553553556,0,112,200,20.0,pareto,biased,random,0.02,0.2,0.2,5.0,1.0,0.1,300,0,0.0,True,True,fixed,22,continue_after_avalanche,period_end,fixed,fixed__K22__pareto__biased__random,15,2,fixed_k,22.0,0.11
2027620003,True,300,6600,34,748,22,22,6600,748,1469,16,16,1068,210,0.08,False,4006,4006,1469,0.26912381427858234,0.8231852221667499,0,123,200,20.0,pareto,biased,random,0.02,0.2,0.2,5.0,1.0,0.1,300,0,0.0,True,True,fixed,22,continue_after_avalanche,period_end,fixed,fixed__K22__pareto__biased__random,15,3,fixed_k,22.0,0.11
2027620004,True,300,6600,35,770,22,22,6600,770,797,17,17,1388,215,0.085,False,4000,4000,797,0.32415000000000016,0.8837475000000001,0,128,200,20.0,pareto,biased,random,0.02,0.2,0.2,5.0,1.0,0.1,300,0,0.0,True,True,fixed,22,continue_after_avalanche,period_end,fixed,fixed__K22__pareto__biased__random,15,4,fixed_k,22.0,0.11
2027620005,True,300,6600,35,770,22,22,6600,770,1260,16,16,1355,233,0.08,False,3999,3999,1260,0.31540760190047523,0.8680732683170793,0,127,200,20.0,pareto,biased,random,0.02,0.2,0.2,5.0,1.0,0.1,300,0,0.0,True,True,fixed,22,continue_after_avalanche,period_end,fixed,fixed__K22__pareto__biased__random,15,5,fixed_k,22.0,0.11
2027620006,True,300,6600,32,704,22,22,6600,704,1101,16,16,1349,232,0.08,False,3995,3995,1101,0.31839173967459344,0.8624493116395495,0,129,200,20.0,pareto,biased,random,0.02,0.2,0.2,5.0,1.0,0.1,300,0,0.0,True,True,fixed,22,continue_after_avalanche,period_end,fixed,fixed__K22__pareto__biased__random,15,6,fixed_k,22.0,0.11
2027620007,True,300,6600,19,418,22,22,6600,418,493,19,19,1746,241,0.095,False,4004,4004,493,0.36863886113886135,0.9380994005994008,0,126,200,20.0,pareto,biased,random,0.02,0.2,0.2,5.0,1.0,0.1,300,0,0.0,True,True,fixed,22,continue_after_avalanche,period_end,fixed,fixed__K22__pareto__biased__random,15,7,fixed_k,22.0,0.11
2027620008,True,300,6600,40,880,22,22,6600,880,1137,16,16,1447,225,0.08,False,3995,3995,1137,0.2893254067584481,0.838369211514393,0,124,200,20.0,pareto,biased,random,0.02,0.2,0.2,5.0,1.0,0.1,300,0,0.0,True,True,fixed,22,continue_after_avalanche,period_end,fixed,fixed__K22__pareto__biased__random,15,8,fixed_k,22.0,0.11
2027620009,True,300,6600,35,770,22,22,6600,770,1274,17,17,1413,235,0.085,False,4000,4000,1274,0.27507250000000005,0.8173675,0,123,200,20.0,pareto,biased,random,0.02,0.2,0.2,5.0,1.0,0.1,300,0,0.0,True,True,fixed,22,continue_after_avalanche,period_end,fixed,fixed__K22__pareto__biased__random,15,9,fixed_k,22.0,0.11
2027620010,True,300,6600,31,682,22,22,6600,682,1744,13,13,1000,216,0.065,False,4006,4006,1744,0.2501622566150774,0.774313529705442,0,127,200,20.0,pareto,biased,random,0.02,0.2,0.2,5.0,1.0,0.1,300,0,0.0,True,True,fixed,22,continue_after_avalanche,period_end,fixed,fixed__K22__pareto__biased__random,15,10,fixed_k,22.0,0.11
2027620011,True,300,6600,35,770,22,22,6600,770,967,19,19,1600,238,0.095,False,4009,4009,967,0.35316911948116747,0.9060102269892742,0,131,200,20.0,pareto,biased,random,0.02,0.2,0.2,5.0,1.0,0.1,300,0,0.0,True,True,fixed,22,continue_after_avalanche,period_end,fixed,fixed__K22__pareto__biased__random,15,11,fixed_k,22.0,0.11
2027620012,True,300,6600,31,682,22,22,6600,682,1045,19,19,1630,239,0.095,False,4003,4003,1045,0.34202722957781684,0.9025868098925807,0,120,200,20.0,pareto,biased,random,0.02,0.2,0.2,5.0,1.0,0.1,300,0,0.0,True,True,fixed,22,continue_after_avalanche,period_end,fixed,fixed__K22__pareto__biased__random,15,12,fixed_k,22.0,0.11
2027620013,True,300,6600,39,858,22,22,6600,858,914,18,18,1686,243,0.09,False,3998,3998,914,0.35134817408704366,0.8905852926463234,0,120,200,20.0,pareto,biased,random,0.02,0.2,0.2,5.0,1.0,0.1,300,0,0.0,True,True,fixed,22,continue_after_avalanche,period_end,fixed,fixed__K22__pareto__biased__random,15,13,fixed_k,22.0,0.11
2027620014,True,300,6600,45,990,22,22,6600,990,870,15,15,1428,233,0.075,False,4001,4001,870,0.32019370157460636,0.8953099225193704,0,114,200,20.0,pareto,biased,random,0.02,0.2,0.2,5.0,1.0,0.1,300,0,0.0,True,True,fixed,22,continue_after_avalanche,period_end,fixed,fixed__K22__pareto__biased__random,15,14,fixed_k,22.0,0.11
2027620015,True,300,6600,27,594,22,22,6600,594,855,19,19,1763,247,0.095,False,4005,4005,855,0.37534456928838966,0.912885143570537,0,120,200,20.0,pareto,biased,random,0.02,0.2,0.2,5.0,1.0,0.1,300,0,0.0,True,True,fixed,22,continue_after_avalanche,period_end,fixed,fixed__K22__pareto__biased__random,15,15,fixed_k,22.0,0.11
2027620016,True,300,6600,40,880,22,22,6600,880,986,17,17,1417,225,0.085,False,3996,3996,986,0.3345220220220222,0.8745670670670671,0,128,200,20.0,pareto,biased,random,0.02,0.2,0.2,5.0,1.0,0.1,300,0,0.0,True,True,fixed,22,continue_after_avalanche,period_end,fixed,fixed__K22__pareto__biased__random,15,16,fixed_k,22.0,0.11
2027620017,True,300,6600,46,1012,22,22,6600,1012,1446,15,15,1246,223,0.075,False,3999,3999,1446,0.27358214553638427,0.8377081770442611,0,118,200,20.0,pareto,biased,random,0.02,0.2,0.2,5.0,1.0,0.1,300,0,0.0,True,True,fixed,22,continue_after_avalanche,period_end,fixed,fixed__K22__pareto__biased__random,15,17,fixed_k,22.0,0.11
2027620018,True,300,6600,25,550,22,22,6600,550,1183,16,16,1427,230,0.08,False,4000,4000,1183,0.3432700000000002,0.8934075000000001,0,126,200,20.0,pareto,biased,random,0.02,0.2,0.2,5.0,1.0,0.1,300,0,0.0,True,True,fixed,22,continue_after_avalanche,period_end,fixed,fixed__K22__pareto__biased__random,15,18,fixed_k,22.0,0.11
2027620019,True,300,6600,27,594,22,22,6600,594,1085,17,17,1378,231,0.085,False,4001,4001,1085,0.33444513871532133,0.8602311922019497,0,125,200,20.0,pareto,biased,random,0.02,0.2,0.2,5.0,1.0,0.1,300,0,0.0,True,True,fixed,22,continue_after_avalanche,period_end,fixed,fixed__K22__pareto__biased__random,15,19,fixed_k,22.0,0.11
2027620020,True,300,6600,32,704,22,22,6600,704,1361,17,17,1226,234,0.085,False,3999,3999,1361,0.25778069517379354,0.8046374093523383,0,120,200,20.0,pareto,biased,random,0.02,0.2,0.2,5.0,1.0,0.1,300,0,0.0,True,True,fixed,22,continue_after_avalanche,period_end,fixed,fixed__K22__pareto__biased__random,15,20,fixed_k,22.0,0.11
2027620021,True,300,6600,38,836,22,22,6600,836,549,20,20,1917,240,0.1,True,3992,3992,549,0.3991708416833668,0.9414478957915833,0,122,200,20.0,pareto,biased,random,0.02,0.2,0.2,5.0,1.0,0.1,300,0,0.0,True,True,fixed,22,continue_after_avalanche,period_end,fixed,fixed__K22__pareto__biased__random,15,21,fixed_k,22.0,0.11
2027620022,True,300,6600,50,1100,22,22,6600,1100,726,20,20,1737,238,0.1,True,4000,4000,726,0.37638000000000016,0.9195800000000001,0,131,200,20.0,pareto,biased,random,0.02,0.2,0.2,5.0,1.0,0.1,300,0,0.0,True,True,fixed,22,continue_after_avalanche,period_end,fixed,fixed__K22__pareto__biased__random,15,22,fixed_k,22.0,0.11
2027620023,True,300,6600,39,858,22,22,6600,858,1199,17,17,1172,223,0.085,False,4005,4005,1199,0.28180898876404514,0.8390249687890139,0,128,200,20.0,pareto,biased,random,0.02,0.2,0.2,5.0,1.0,0.1,300,0,0.0,True,True,fixed,22,continue_after_avalanche,period_end,fixed,fixed__K22__pareto__biased__random,15,23,fixed_k,22.0,0.11
2027620024,True,300,6600,43,946,22,22,6600,946,791,20,20,1330,225,0.1,True,3999,3999,791,0.302974493623406,0.8860577644411103,0,131,200,20.0,pareto,biased,random,0.02,0.2,0.2,5.0,1.0,0.1,300,0,0.0,True,True,fixed,22,continue_after_avalanche,period_end,fixed,fixed__K22__pareto__biased__random,15,24,fixed_k,22.0,0.11
2027620025,True,300,6600,42,924,22,22,6600,924,907,19,19,1398,231,0.095,False,4006,4006,907,0.31252121817274103,0.8860758861707441,0,124,200,20.0,pareto,biased,random,0.02,0.2,0.2,5.0,1.0,0.1,300,0,0.0,True,True,fixed,22,continue_after_avalanche,period_end,fixed,fixed__K22__pareto__biased__random,15,25,fixed_k,22.0,0.11
2027620026,True,300,6600,13,286,22,22,6600,286,1,26,26,3796,273,0.13,True,3997,3997,1,0.600954465849387,0.9949274455841883,0,110,200,20.0,pareto,biased,random,0.02,0.2,0.2,5.0,1.0,0.1,300,0,0.0,True,True,fixed,22,continue_after_avalanche,period_end,fixed,fixed__K22__pareto__biased__random,15,26,fixed_k,22.0,0.11
2027620027,True,300,6600,47,1034,22,22,6600,1034,1621,16,16,1117,226,0.08,False,4003,4003,1621,0.28798026480139916,0.8168735948038972,0,127,200,20.0,pareto,biased,random,0.02,0.2,0.2,5.0,1.0,0.1,300,0,0.0,True,True,fixed,22,continue_after_avalanche,period_end,fixed,fixed__K22__pareto__biased__random,15,27,fixed_k,22.0,0.11
2027620028,True,300,6600,26,572,22,22,6600,572,684,28,28,1744,230,0.14,True,4002,4002,684,0.37558720639680176,0.9249425287356323,0,130,200,20.0,pareto,biased,random,0.02,0.2,0.2,5.0,1.0,0.1,300,0,0.0,True,True,fixed,22,continue_after_avalanche,period_end,fixed,fixed__K22__pareto__biased__random,15,28,fixed_k,22.0,0.11
2027620029,True,300,6600,43,946,22,22,6600,946,1127,16,16,1463,235,0.08,False,3999,3999,1127,0.33845086271567904,0.8849224806201552,0,122,200,20.0,pareto,biased,random,0.02,0.2,0.2,5.0,1.0,0.1,300,0,0.0,True,True,fixed,22,continue_after_avalanche,period_end,fixed,fixed__K22__pareto__biased__random,15,29,fixed_k,22.0,0.11
2027620030,True,300,6600,36,792,22,22,6600,792,1342,17,17,1286,222,0.085,False,4005,4005,1342,0.28833083645443214,0.833996254681648,0,129,200,20.0,pareto,biased,random,0.02,0.2,0.2,5.0,1.0,0.1,300,0,0.0,True,True,fixed,22,continue_after_avalanche,period_end,fixed,fixed__K22__pareto__biased__random,15,30,fixed_k,22.0,0.11
2027620031,True,300,6600,32,704,22,22,6600,704,708,28,28,1841,242,0.14,True,4005,4005,708,0.35584394506866435,0.9160461922596754,0,124,200,20.0,pareto,biased,random,0.02,0.2,0.2,5.0,1.0,0.1,300,0,0.0,True,True,fixed,22,continue_after_avalanche,period_end,fixed,fixed__K22__pareto__biased__random,15,31,fixed_k,22.0,0.11
2027620032,True,300,6600,40,880,22,22,6600,880,377,21,21,1933,249,0.105,True,3997,3997,377,0.39233049787340524,0.9465686765073806,0,122,200,20.0,pareto,biased,random,0.02,0.2,0.2,5.0,1.0,0.1,300,0,0.0,True,True,fixed,22,continue_after_avalanche,period_end,fixed,fixed__K22__pareto__biased__random,15,32,fixed_k,22.0,0.11
2027620033,True,300,6600,31,682,22,22,6600,682,1681,15,15,1083,216,0.075,False,4000,4000,1681,0.2563850000000001,0.7871275000000002,0,121,200,20.0,pareto,biased,random,0.02,0.2,0.2,5.0,1.0,0.1,300,0,0.0,True,True,fixed,22,continue_after_avalanche,period_end,fixed,fixed__K22__pareto__biased__random,15,33,fixed_k,22.0,0.11
2027620034,True,300,6600,13,286,22,22,6600,286,1318,19,19,1285,229,0.095,False,4005,4005,1318,0.3415468164794009,0.8587852684144821,0,122,200,20.0,pareto,biased,random,0.02,0.2,0.2,5.0,1.0,0.1,300,0,0.0,True,True,fixed,22,continue_after_avalanche,period_end,fixed,fixed__K22__pareto__biased__random,15,34,fixed_k,22.0,0.11
2027620035,True,300,6600,20,440,22,22,6600,440,1386,14,14,1311,234,0.07,False,4006,4006,1386,0.28518721917124323,0.8192835746380431,0,124,200,20.0,pareto,biased,random,0.02,0.2,0.2,5.0,1.0,0.1,300,0,0.0,True,True,fixed,22,continue_after_avalanche,period_end,fixed,fixed__K22__pareto__biased__random,15,35,fixed_k,22.0,0.11
2027620036,True,300,6600,31,682,22,22,6600,682,637,17,17,1931,250,0.085,False,4001,4001,637,0.378234191452137,0.9154948762809298,0,127,200,20.0,pareto,biased,random,0.02,0.2,0.2,5.0,1.0,0.1,300,0,0.0,True,True,fixed,22,continue_after_avalanche,period_end,fixed,fixed__K22__pareto__biased__random,15,36,fixed_k,22.0,0.11
2027620037,True,300,6600,43,946,22,22,6600,946,1128,18,18,1348,227,0.09,False,4007,4007,1128,0.31786748190666336,0.8550973296730722,0,121,200,20.0,pareto,biased,random,0.02,0.2,0.2,5.0,1.0,0.1,300,0,0.0,True,True,fixed,22,continue_after_avalanche,period_end,fixed,fixed__K22__pareto__biased__random,15,37,fixed_k,22.0,0.11
2027620038,True,300,6600,29,638,22,22,6600,638,715,18,18,1602,230,0.09,False,4004,4004,715,0.3355019980019982,0.9003196803196805,0,123,200,20.0,pareto,biased,random,0.02,0.2,0.2,5.0,1.0,0.1,300,0,0.0,True,True,fixed,22,continue_after_avalanche,period_end,fixed,fixed__K22__pareto__biased__random,15,38,fixed_k,22.0,0.11
2027620039,True,300,6600,38,836,22,22,6600,836,723,19,19,1800,236,0.095,False,3995,3995,723,0.365305381727159,0.9243466833541929,0,124,200,20.0,pareto,biased,random,0.02,0.2,0.2,5.0,1.0,0.1,300,0,0.0,True,True,fixed,22,continue_after_avalanche,period_end,fixed,fixed__K22__pareto__biased__random,15,39,fixed_k,22.0,0.11
2027620040,True,300,6600,36,792,22,22,6600,792,1939,13,13,937,214,0.065,False,3998,3998,1939,0.26101800900450245,0.7731765882941473,0,131,200,20.0,pareto,biased,random,0.02,0.2,0.2,5.0,1.0,0.1,300,0,0.0,True,True,fixed,22,continue_after_avalanche,period_end,fixed,fixed__K22__pareto__biased__random,15,40,fixed_k,22.0,0.11
2027620041,True,300,6600,33,726,22,22,6600,726,535,21,21,2049,252,0.105,True,3998,3998,535,0.4016383191595798,0.9456253126563283,0,125,200,20.0,pareto,biased,random,0.02,0.2,0.2,5.0,1.0,0.1,300,0,0.0,True,True,fixed,22,continue_after_avalanche,period_end,fixed,fixed__K22__pareto__biased__random,15,41,fixed_k,22.0,0.11
2027620042,True,300,6600,37,814,22,22,6600,814,964,19,19,1423,234,0.095,False,3997,3997,964,0.35570803102326765,0.8884425819364525,0,121,200,20.0,pareto,biased,random,0.02,0.2,0.2,5.0,1.0,0.1,300,0,0.0,True,True,fixed,22,continue_after_avalanche,period_end,fixed,fixed__K22__pareto__biased__random,15,42,fixed_k,22.0,0.11
2027620043,True,300,6600,25,550,22,22,6600,550,268,22,22,2293,255,0.11,True,3999,3999,268,0.41796574143535903,0.9784633658414605,0,120,200,20.0,pareto,biased,random,0.02,0.2,0.2,5.0,1.0,0.1,300,0,0.0,True,True,fixed,22,continue_after_avalanche,period_end,fixed,fixed__K22__pareto__biased__random,15,43,fixed_k,22.0,0.11
2027620044,True,300,6600,45,990,22,22,6600,990,1911,14,14,1067,214,0.07,False,4003,4003,1911,0.2580851861104172,0.7780252310766926,0,129,200,20.0,pareto,biased,random,0.02,0.2,0.2,5.0,1.0,0.1,300,0,0.0,True,True,fixed,22,continue_after_avalanche,period_end,fixed,fixed__K22__pareto__biased__random,15,44,fixed_k,22.0,0.11
2027620045,True,300,6600,42,924,22,22,6600,924,1403,15,15,1099,219,0.075,False,3997,3997,1403,0.2924580935701777,0.8109219414560922,0,125,200,20.0,pareto,biased,random,0.02,0.2,0.2,5.0,1.0,0.1,300,0,0.0,True,True,fixed,22,continue_after_avalanche,period_end,fixed,fixed__K22__pareto__biased__random,15,45,fixed_k,22.0,0.11
2027620046,True,300,6600,29,638,22,22,6600,638,777,18,18,1794,242,0.09,False,3999,3999,777,0.3628469617404353,0.9070905226306578,0,122,200,20.0,pareto,biased,random,0.02,0.2,0.2,5.0,1.0,0.1,300,0,0.0,True,True,fixed,22,continue_after_avalanche,period_end,fixed,fixed__K22__pareto__biased__random,15,46,fixed_k,22.0,0.11
2027620047,True,300,6600,31,682,22,22,6600,682,650,20,20,1829,244,0.1,True,4002,4002,650,0.37176911544227886,0.9014442778610696,0,120,200,20.0,pareto,biased,random,0.02,0.2,0.2,5.0,1.0,0.1,300,0,0.0,True,True,fixed,22,continue_after_avalanche,period_end,fixed,fixed__K22__pareto__biased__random,15,47,fixed_k,22.0,0.11
2027620048,True,300,6600,35,770,22,22,6600,770,763,19,19,1728,244,0.095,False,4003,4003,763,0.3553347489382963,0.9215775668248813,0,123,200,20.0,pareto,biased,random,0.02,0.2,0.2,5.0,1.0,0.1,300,0,0.0,True,True,fixed,22,continue_after_avalanche,period_end,fixed,fixed__K22__pareto__biased__random,15,48,fixed_k,22.0,0.11
2027620049,True,300,6600,20,440,22,22,6600,440,959,16,16,1602,233,0.08,False,3991,3991,959,0.33413555499874725,0.8985254322225007,0,129,200,20.0,pareto,biased,random,0.02,0.2,0.2,5.0,1.0,0.1,300,0,0.0,True,True,fixed,22,continue_after_avalanche,period_end,fixed,fixed__K22__pareto__biased__random,15,49,fixed_k,22.0,0.11
2027620050,True,300,6600,46,1012,22,22,6600,1012,960,19,19,1201,214,0.095,False,3998,3998,960,0.2832341170585293,0.8555427713856929,0,115,200,20.0,pareto,biased,random,0.02,0.2,0.2,5.0,1.0,0.1,300,0,0.0,True,True,fixed,22,continue_after_avalanche,period_end,fixed,fixed__K22__pareto__biased__random,15,50,fixed_k,22.0,0.11
2027620051,True,300,6600,25,550,22,22,6600,550,706,20,20,1692,234,0.1,True,4001,4001,706,0.37282054486378424,0.9207910522369409,0,121,200,20.0,pareto,biased,random,0.02,0.2,0.2,5.0,1.0,0.1,300,0,0.0,True,True,fixed,22,continue_after_avalanche,period_end,fixed,fixed__K22__pareto__biased__random,15,51,fixed_k,22.0,0.11
2027620052,True,300,6600,26,572,22,22,6600,572,1798,13,13,1027,225,0.065,False,3992,3992,1798,0.27879759519038094,0.7871142284569139,0,130,200,20.0,pareto,biased,random,0.02,0.2,0.2,5.0,1.0,0.1,300,0,0.0,True,True,fixed,22,continue_after_avalanche,period_end,fixed,fixed__K22__pareto__biased__random,15,52,fixed_k,22.0,0.11
2027620053,True,300,6600,36,792,22,22,6600,792,1030,19,19,1486,230,0.095,False,3996,3996,1030,0.3270245245245247,0.8793168168168168,0,126,200,20.0,pareto,biased,random,0.02,0.2,0.2,5.0,1.0,0.1,300,0,0.0,True,True,fixed,22,continue_after_avalanche,period_end,fixed,fixed__K22__pareto__biased__random,15,53,fixed_k,22.0,0.11
2027620054,True,300,6600,40,880,22,22,6600,880,1232,16,16,1145,216,0.08,False,4000,4000,1232,0.2951950000000001,0.8374950000000001,0,129,200,20.0,pareto,biased,random,0.02,0.2,0.2,5.0,1.0,0.1,300,0,0.0,True,True,fixed,22,continue_after_avalanche,period_end,fixed,fixed__K22__pareto__biased__random,15,54,fixed_k,22.0,0.11
2027620055,True,300,6600,32,704,22,22,6600,704,1364,15,15,1284,217,0.075,False,4007,4007,1364,0.31835662590466685,0.8611217868729724,0,119,200,20.0,pareto,biased,random,0.02,0.2,0.2,5.0,1.0,0.1,300,0,0.0,True,True,fixed,22,continue_after_avalanche,period_end,fixed,fixed__K22__pareto__biased__random,15,55,fixed_k,22.0,0.11
2027620056,True,300,6600,25,550,22,22,6600,550,1445,16,16,1228,222,0.08,False,4002,4002,1445,0.29765117441279365,0.8317341329335333,0,128,200,20.0,pareto,biased,random,0.02,0.2,0.2,5.0,1.0,0.1,300,0,0.0,True,True,fixed,22,continue_after_avalanche,period_end,fixed,fixed__K22__pareto__biased__random,15,56,fixed_k,22.0,0.11
2027620057,True,300,6600,32,704,22,22,6600,704,1071,17,17,1466,226,0.085,False,4002,4002,1071,0.3200774612693653,0.8678860569715143,0,119,200,20.0,pareto,biased,random,0.02,0.2,0.2,5.0,1.0,0.1,300,0,0.0,True,True,fixed,22,continue_after_avalanche,period_end,fixed,fixed__K22__pareto__biased__random,15,57,fixed_k,22.0,0.11
2027620058,True,300,6600,32,704,22,22,6600,704,1115,16,16,1485,234,0.08,False,4005,4005,1115,0.31673533083645444,0.8822309612983772,0,116,200,20.0,pareto,biased,random,0.02,0.2,0.2,5.0,1.0,0.1,300,0,0.0,True,True,fixed,22,continue_after_avalanche,period_end,fixed,fixed__K22__pareto__biased__random,15,58,fixed_k,22.0,0.11
2027620059,True,300,6600,44,968,22,22,6600,968,1663,17,17,1081,226,0.085,False,4008,4008,1663,0.26641467065868274,0.8032859281437126,0,128,200,20.0,pareto,biased,random,0.02,0.2,0.2,5.0,1.0,0.1,300,0,0.0,True,True,fixed,22,continue_after_avalanche,period_end,fixed,fixed__K22__pareto__biased__random,15,59,fixed_k,22.0,0.11
2027720000,True,300,7200,6,144,24,24,7200,144,562,22,22,2343,285,0.11,True,4202,4202,562,0.47452165635411725,0.9228200856734889,0,135,200,20.0,lognormal,biased,random,0.02,0.2,0.2,5.0,1.0,0.1,300,0,0.0,True,True,fixed,24,continue_after_avalanche,period_end,fixed,fixed__K24__lognormal__biased__random,16,0,fixed_k,24.0,0.12
2027720001,True,300,7200,2,48,24,24,7200,48,547,24,24,3224,296,0.12,True,4045,4045,547,0.5432867737948086,0.9338875154511743,0,127,200,20.0,lognormal,biased,random,0.02,0.2,0.2,5.0,1.0,0.1,300,0,0.0,True,True,fixed,24,continue_after_avalanche,period_end,fixed,fixed__K24__lognormal__biased__random,16,1,fixed_k,24.0,0.12
2027720002,True,300,7200,4,96,24,24,7200,96,642,21,21,2914,289,0.105,True,4189,4189,642,0.5199104798281213,0.9250286464550013,0,135,200,20.0,lognormal,biased,random,0.02,0.2,0.2,5.0,1.0,0.1,300,0,0.0,True,True,fixed,24,continue_after_avalanche,period_end,fixed,fixed__K24__lognormal__biased__random,16,2,fixed_k,24.0,0.12
2027720003,True,300,7200,1,24,24,24,7200,24,585,27,27,3043,294,0.135,True,4049,4049,585,0.5221029883921957,0.9219844406026181,0,118,200,20.0,lognormal,biased,random,0.02,0.2,0.2,5.0,1.0,0.1,300,0,0.0,True,True,fixed,24,continue_after_avalanche,period_end,fixed,fixed__K24__lognormal__biased__random,16,3,fixed_k,24.0,0.12
2027720004,True,300,7200,1,24,24,24,7200,24,957,22,22,2556,294,0.11,True,4046,4046,957,0.48847256549678697,0.8868858131487891,0,128,200,20.0,lognormal,biased,random,0.02,0.2,0.2,5.0,1.0,0.1,300,0,0.0,True,True,fixed,24,continue_after_avalanche,period_end,fixed,fixed__K24__lognormal__biased__random,16,4,fixed_k,24.0,0.12
2027720005,True,300,7200,2,48,24,24,7200,48,591,24,24,3399,295,0.12,True,4318,4318,591,0.58264242704956,0.9203450671607227,0,134,200,20.0,lognormal,biased,random,0.02,0.2,0.2,5.0,1.0,0.1,300,0,0.0,True,True,fixed,24,continue_after_avalanche,period_end,fixed,fixed__K24__lognormal__biased__random,16,5,fixed_k,24.0,0.12
2027720006,True,300,7200,2,48,24,24,7200,48,477,23,23,3083,290,0.115,True,4451,4451,477,0.547482588182431,0.9391024488878905,0,138,200,20.0,lognormal,biased,random,0.02,0.2,0.2,5.0,1.0,0.1,300,0,0.0,True,True,fixed,24,continue_after_avalanche,period_end,fixed,fixed__K24__lognormal__biased__random,16,6,fixed_k,24.0,0.12
2027720007,True,300,7200,1,24,24,24,7200,24,636,23,23,2911,295,0.115,True,3532,3532,636,0.4770016987542469,0.8963476783691959,0,115,200,20.0,lognormal,biased,random,0.02,0.2,0.2,5.0,1.0,0.1,300,0,0.0,True,True,fixed,24,continue_after_avalanche,period_end,fixed,fixed__K24__lognormal__biased__random,16,7,fixed_k,24.0,0.12
2027720008,True,300,7200,1,24,24,24,7200,24,393,24,24,3197,295,0.12,True,3717,3717,393,0.5245507129405436,0.9317043314500943,0,120,200,20.0,lognormal,biased,random,0.02,0.2,0.2,5.0,1.0,0.1,300,0,0.0,True,True,fixed,24,continue_after_avalanche,period_end,fixed,fixed__K24__lognormal__biased__random,16,8,fixed_k,24.0,0.12
2027720009,True,300,7200,2,48,24,24,7200,48,680,23,23,2754,294,0.115,True,4194,4194,680,0.5164997615641393,0.9216237482117311,0,130,200,20.0,lognormal,biased,random,0.02,0.2,0.2,5.0,1.0,0.1,300,0,0.0,True,True,fixed,24,continue_after_avalanche,period_end,fixed,fixed__K24__lognormal__biased__random,16,9,fixed_k,24.0,0.12
2027720010,True,300,7200,4,96,24,24,7200,96,367,25,25,2950,295,0.125,True,3964,3964,367,0.521218466195762,0.9442911200807267,0,123,200,20.0,lognormal,biased,random,0.02,0.2,0.2,5.0,1.0,0.1,300,0,0.0,True,True,fixed,24,continue_after_avalanche,period_end,fixed,fixed__K24__lognormal__biased__random,16,10,fixed_k,24.0,0.12
2027720011,True,300,7200,2,48,24,24,7200,48,471,21,21,3015,295,0.105,True,4021,4021,471,0.5114188012932108,0.9190288485451381,0,121,200,20.0,lognormal,biased,random,0.02,0.2,0.2,5.0,1.0,0.1,300,0,0.0,True,True,fixed,24,continue_after_avalanche,period_end,fixed,fixed__K24__lognormal__biased__random,16,11,fixed_k,24.0,0.12
2027720012,True,300,7200,4,96,24,24,7200,96,376,23,23,3004,294,0.115,True,4021,4021,376,0.526114150708779,0.9337416065655311,0,122,200,20.0,lognormal,biased,random,0.02,0.2,0.2,5.0,1.0,0.1,300,0,0.0,True,True,fixed,24,continue_after_avalanche,period_end,fixed,fixed__K24__lognormal__biased__random,16,12,fixed_k,24.0,0.12
2027720013,True,300,7200,2,48,24,24,7200,48,628,27,27,3117,296,0.135,True,4153,4153,628,0.5523585359980738,0.9067698049602697,0,128,200,20.0,lognormal,biased,random,0.02,0.2,0.2,5.0,1.0,0.1,300,0,0.0,True,True,fixed,24,continue_after_avalanche,period_end,fixed,fixed__K24__lognormal__biased__random,16,13,fixed_k,24.0,0.12
2027720014,True,300,7200,1,24,24,24,7200,24,1004,20,20,2602,289,0.1,True,3811,3811,1004,0.4678339018630282,0.8704815009183942,0,122,200,20.0,lognormal,biased,random,0.02,0.2,0.2,5.0,1.0,0.1,300,0,0.0,True,True,fixed,24,continue_after_avalanche,period_end,fixed,fixed__K24__lognormal__biased__random,16,14,fixed_k,24.0,0.12
2027720015,True,300,7200,2,48,24,24,7200,48,388,30,30,2940,294,0.15,True,3659,3659,388,0.4981675321125991,0.9333820716042636,0,116,200,20.0,lognormal,biased,random,0.02,0.2,0.2,5.0,1.0,0.1,300,0,0.0,True,True,fixed,24,continue_after_avalanche,period_end,fixed,fixed__K24__lognormal__biased__random,16,15,fixed_k,24.0,0.12
2027720016,True,300,7200,1,24,24,24,7200,24,436,25,25,3020,292,0.125,True,3683,3683,436,0.49575481944067357,0.9228903068150964,0,117,200,20.0,lognormal,biased,random,0.02,0.2,0.2,5.0,1.0,0.1,300,0,0.0,True,True,fixed,24,continue_after_avalanche,period_end,fixed,fixed__K24__lognormal__biased__random,16,16,fixed_k,24.0,0.12
2027720017,True,300,7200,1,24,24,24,7200,24,599,22,22,3041,299,0.11,True,3438,3438,599,0.5139034322280396,0.9282315299592787,0,105,200,20.0,lognormal,biased,random,0.02,0.2,0.2,5.0,1.0,0.1,300,0,0.0,True,True,fixed,24,continue_after_avalanche,period_end,fixed,fixed__K24__lognormal__biased__random,16,17,fixed_k,24.0,0.12
2027720018,True,300,7200,9,216,24,24,7200,216,610,22,22,2981,289,0.11,True,3906,3906,610,0.51031490015361,0.92689452124936,0,120,200,20.0,lognormal,biased,random,0.02,0.2,0.2,5.0,1.0,0.1,300,0,0.0,True,True,fixed,24,continue_after_avalanche,period_end,fixed,fixed__K24__lognormal__biased__random,16,18,fixed_k,24.0,0.12
2027720019,True,300,7200,1,24,24,24,7200,24,326,25,25,3225,294,0.125,True,3794,3794,326,0.5348128624143385,0.9465524512387982,0,118,200,20.0,lognormal,biased,random,0.02,0.2,0.2,5.0,1.0,0.1,300,0,0.0,True,True,fixed,24,continue_after_avalanche,period_end,fixed,fixed__K24__lognormal__biased__random,16,19,fixed_k,24.0,0.12
2027720020,True,300,7200,2,48,24,24,7200,48,545,24,24,3065,293,0.12,True,3836,3836,545,0.522786757038582,0.9254405630865485,0,120,200,20.0,lognormal,biased,random,0.02,0.2,0.2,5.0,1.0,0.1,300,0,0.0,True,True,fixed,24,continue_after_avalanche,period_end,fixed,fixed__K24__lognormal__biased__random,16,20,fixed_k,24.0,0.12
2027720021,True,300,7200,2,48,24,24,7200,48,952,19,19,2783,290,0.095,False,3826,3826,952,0.4892733925771042,0.900250914793518,0,118,200,20.0,lognormal,biased,random,0.02,0.2,0.2,5.0,1.0,0.1,300,0,0.0,True,True,fixed,24,continue_after_avalanche,period_end,fixed,fixed__K24__lognormal__biased__random,16,21,fixed_k,24.0,0.12
2027720022,True,300,7200,1,24,24,24,7200,24,634,23,23,3128,297,0.115,True,3800,3800,634,0.5286210526315791,0.9110078947368423,0,118,200,20.0,lognormal,biased,random,0.02,0.2,0.2,5.0,1.0,0.1,300,0,0.0,True,True,fixed,24,continue_after_avalanche,period_end,fixed,fixed__K24__lognormal__biased__random,16,22,fixed_k,24.0,0.12
2027720023,True,300,7200,2,48,24,24,7200,48,598,23,23,3178,294,0.115,True,3758,3758,598,0.5258594997339012,0.9147844598190529,0,116,200,20.0,lognormal,biased,random,0.02,0.2,0.2,5.0,1.0,0.1,300,0,0.0,True,True,fixed,24,continue_after_avalanche,period_end,fixed,fixed__K24__lognormal__biased__random,16,23,fixed_k,24.0,0.12
2027720024,True,300,7200,4,96,24,24,7200,96,835,22,22,2830,293,0.11,True,3909,3909,835,0.5107508314146842,0.8942171910974674,0,129,200,20.0,lognormal,biased,random,0.02,0.2,0.2,5.0,1.0,0.1,300,0,0.0,True,True,fixed,24,continue_after_avalanche,period_end,fixed,fixed__K24__lognormal__biased__random,16,24,fixed_k,24.0,0.12
2027720025,True,300,7200,2,48,24,24,7200,48,680,22,22,2963,293,0.11,True,4197,4197,680,0.537497021682154,0.9066178222539911,0,127,200,20.0,lognormal,biased,random,0.02,0.2,0.2,5.0,1.0,0.1,300,0,0.0,True,True,fixed,24,continue_after_avalanche,period_end,fixed,fixed__K24__lognormal__biased__random,16,25,fixed_k,24.0,0.12
2027720026,True,300,7200,4,96,24,24,7200,96,508,23,23,2871,287,0.115,True,4247,4247,508,0.5144466682364022,0.9406910760536851,0,131,200,20.0,lognormal,biased,random,0.02,0.2,0.2,5.0,1.0,0.1,300,0,0.0,True,True,fixed,24,continue_after_avalanche,period_end,fixed,fixed__K24__lognormal__biased__random,16,26,fixed_k,24.0,0.12
2027720027,True,300,7200,2,48,24,24,7200,48,563,24,24,3221,292,0.12,True,3874,3874,563,0.5323309241094476,0.9109705730511102,0,113,200,20.0,lognormal,biased,random,0.02,0.2,0.2,5.0,1.0,0.1,300,0,0.0,True,True,fixed,24,continue_after_avalanche,period_end,fixed,fixed__K24__lognormal__biased__random,16,27,fixed_k,24.0,0.12
2027720028,True,300,7200,1,24,24,24,7200,24,348,22,22,3029,291,0.11,True,4063,4063,348,0.5481011567807039,0.9657039133645091,0,127,200,20.0,lognormal,biased,random,0.02,0.2,0.2,5.0,1.0,0.1,300,0,0.0,True,True,fixed,24,continue_after_avalanche,period_end,fixed,fixed__K24__lognormal__biased__random,16,28,fixed_k,24.0,0.12
2027720029,True,300,7200,4,96,24,24,7200,96,844,23,23,2621,286,0.115,True,4666,4666,844,0.4971753107586798,0.894172738962709,0,147,200,20.0,lognormal,biased,random,0.02,0.2,0.2,5.0,1.0,0.1,300,0,0.0,True,True,fixed,24,continue_after_avalanche,period_end,fixed,fixed__K24__lognormal__biased__random,16,29,fixed_k,24.0,0.12
2027720030,True,300,7200,1,24,24,24,7200,24,711,23,23,2879,298,0.115,True,4594,4594,711,0.5680082716586854,0.9200261210274272,0,135,200,20.0,lognormal,biased,random,0.02,0.2,0.2,5.0,1.0,0.1,300,0,0.0,True,True,fixed,24,continue_after_avalanche,period_end,fixed,fixed__K24__lognormal__biased__random,16,30,fixed_k,24.0,0.12
2027720031,True,300,7200,8,192,24,24,7200,192,474,25,25,3000,290,0.125,True,3683,3683,474,0.501931849036112,0.9366291067064894,0,114,200,20.0,lognormal,biased,random,0.02,0.2,0.2,5.0,1.0,0.1,300,0,0.0,True,True,fixed,24,continue_after_avalanche,period_end,fixed,fixed__K24__lognormal__biased__random,16,31,fixed_k,24.0,0.12
2027720032,True,300,7200,5,120,24,24,7200,120,733,20,20,2795,284,0.1,True,3790,3790,733,0.48250131926121376,0.9127308707124011,0,118,200,20.0,lognormal,biased,random,0.02,0.2,0.2,5.0,1.0,0.1,300,0,0.0,True,True,fixed,24,continue_after_avalanche,period_end,fixed,fixed__K24__lognormal__biased__random,16,32,fixed_k,24.0,0.12
2027720033,True,300,7200,1,24,24,24,7200,24,426,23,23,3180,290,0.115,True,3340,3340,426,0.4934011976047905,0.9181526946107785,0,105,200,20.0,lognormal,biased,random,0.02,0.2,0.2,5.0,1.0,0.1,300,0,0.0,True,True,fixed,24,continue_after_avalanche,period_end,fixed,fixed__K24__lognormal__biased__random,16,33,fixed_k,24.0,0.12
2027720034,True,300,7200,1,24,24,24,7200,24,771,21,21,3114,297,0.105,True,4030,4030,771,0.5321885856079405,0.9104565756823821,0,120,200,20.0,lognormal,biased,random,0.02,0.2,0.2,5.0,1.0,0.1,300,0,0.0,True,True,fixed,24,continue_after_avalanche,period_end,fixed,fixed__K24__lognormal__biased__random,16,34,fixed_k,24.0,0.12
2027720035,True,300,7200,2,48,24,24,7200,48,325,26,26,3143,289,0.13,True,5036,5036,325,0.6058121525019857,0.9776350277998413,0,151,200,20.0,lognormal,biased,random,0.02,0.2,0.2,5.0,1.0,0.1,300,0,0.0,True,True,fixed,24,continue_after_avalanche,period_end,fixed,fixed__K24__lognormal__biased__random,16,35,fixed_k,24.0,0.12
2027720036,True,300,7200,4,96,24,24,7200,96,516,22,22,3075,283,0.11,True,3970,3970,516,0.5118765743073048,0.9206952141057936,0,126,200,20.0,lognormal,biased,random,0.02,0.2,0.2,5.0,1.0,0.1,300,0,0.0,True,True,fixed,24,continue_after_avalanche,period_end,fixed,fixed__K24__lognormal__biased__random,16,36,fixed_k,24.0,0.12
2027720037,True,300,7200,1,24,24,24,7200,24,582,25,25,2750,295,0.125,True,4350,4350,582,0.5154137931034484,0.9132275862068966,0,134,200,20.0,lognormal,biased,random,0.02,0.2,0.2,5.0,1.0,0.1,300,0,0.0,True,True,fixed,24,continue_after_avalanche,period_end,fixed,fixed__K24__lognormal__biased__random,16,37,fixed_k,24.0,0.12
2027720038,True,300,7200,3,72,24,24,7200,72,623,23,23,2808,285,0.115,True,4081,4081,623,0.4938924283263908,0.8989500122518992,0,126,200,20.0,lognormal,biased,random,0.02,0.2,0.2,5.0,1.0,0.1,300,0,0.0,True,True,fixed,24,continue_after_avalanche,period_end,fixed,fixed__K24__lognormal__biased__random,16,38,fixed_k,24.0,0.12
2027720039,True,300,7200,1,24,24,24,7200,24,577,24,24,2844,294,0.12,True,3818,3818,577,0.4887375589313778,0.8923965426925093,0,121,200,20.0,lognormal,biased,random,0.02,0.2,0.2,5.0,1.0,0.1,300,0,0.0,True,True,fixed,24,continue_after_avalanche,period_end,fixed,fixed__K24__lognormal__biased__random,16,39,fixed_k,24.0,0.12
2027720040,True,300,7200,3,72,24,24,7200,72,649,24,24,2816,292,0.12,True,4032,4032,649,0.5092757936507937,0.9337500000000001,0,122,200,20.0,lognormal,biased,random,0.02,0.2,0.2,5.0,1.0,0.1,300,0,0.0,True,True,fixed,24,continue_after_avalanche,period_end,fixed,fixed__K24__lognormal__biased__random,16,40,fixed_k,24.0,0.12
2027720041,True,300,7200,5,120,24,24,7200,120,680,22,22,2916,293,0.11,True,4348,4348,680,0.5456554737810488,0.9054829806807729,0,134,200,20.0,lognormal,biased,random,0.02,0.2,0.2,5.0,1.0,0.1,300,0,0.0,True,True,fixed,24,continue_after_avalanche,period_end,fixed,fixed__K24__lognormal__biased__random,16,41,fixed_k,24.0,0.12
2027720042,True,300,7200,4,96,24,24,7200,96,524,21,21,3139,294,0.105,True,3451,3451,524,0.4998884381338744,0.9301057664445089,0,109,200,20.0,lognormal,biased,random,0.02,0.2,0.2,5.0,1.0,0.1,300,0,0.0,True,True,fixed,24,continue_after_avalanche,period_end,fixed,fixed__K24__lognormal__biased__random,16,42,fixed_k,24.0,0.12
2027720043,True,300,7200,3,72,24,24,7200,72,369,24,24,3247,297,0.12,True,3796,3796,369,0.5442544783983141,0.9396101159114858,0,121,200,20.0,lognormal,biased,random,0.02,0.2,0.2,5.0,1.0,0.1,300,0,0.0,True,True,fixed,24,continue_after_avalanche,period_end,fixed,fixed__K24__lognormal__biased__random,16,43,fixed_k,24.0,0.12
2027720044,True,300,7200,6,144,24,24,7200,144,704,23,23,2932,287,0.115,True,4009,4009,704,0.5123958593165379,0.9125555001247194,0,122,200,20.0,lognormal,biased,random,0.02,0.2,0.2,5.0,1.0,0.1,300,0,0.0,True,True,fixed,24,continue_after_avalanche,period_end,fixed,fixed__K24__lognormal__biased__random,16,44,fixed_k,24.0,0.12
2027720045,True,300,7200,2,48,24,24,7200,48,593,21,21,2956,291,0.105,True,3618,3618,593,0.5028468767274739,0.9287175234936429,0,122,200,20.0,lognormal,biased,random,0.02,0.2,0.2,5.0,1.0,0.1,300,0,0.0,True,True,fixed,24,continue_after_avalanche,period_end,fixed,fixed__K24__lognormal__biased__random,16,45,fixed_k,24.0,0.12
2027720046,True,300,7200,1,24,24,24,7200,24,699,24,24,2969,291,0.12,True,4135,4135,699,0.5109395405078598,0.9035731559854898,0,126,200,20.0,lognormal,biased,random,0.02,0.2,0.2,5.0,1.0,0.1,300,0,0.0,True,True,fixed,24,continue_after_avalanche,period_end,fixed,fixed__K24__lognormal__biased__random,16,46,fixed_k,24.0,0.12
2027720047,True,300,7200,9,216,24,24,7200,216,585,20,20,2781,285,0.1,True,4113,4113,585,0.5078154631655727,0.9169377583272551,0,130,200,20.0,lognormal,biased,random,0.02,0.2,0.2,5.0,1.0,0.1,300,0,0.0,True,True,fixed,24,continue_after_avalanche,period_end,fixed,fixed__K24__lognormal__biased__random,16,47,fixed_k,24.0,0.12
2027720048,True,300,7200,2,48,24,24,7200,48,849,22,22,2712,291,0.11,True,4225,4225,849,0.5061550295857988,0.8919893491124262,0,128,200,20.0,lognormal,biased,random,0.02,0.2,0.2,5.0,1.0,0.1,300,0,0.0,True,True,fixed,24,continue_after_avalanche,period_end,fixed,fixed__K24__lognormal__biased__random,16,48,fixed_k,24.0,0.12
2027720049,True,300,7200,4,96,24,24,7200,96,421,23,23,2813,285,0.115,True,4005,4005,421,0.5027727840199752,0.9300786516853934,0,125,200,20.0,lognormal,biased,random,0.02,0.2,0.2,5.0,1.0,0.1,300,0,0.0,True,True,fixed,24,continue_after_avalanche,period_end,fixed,fixed__K24__lognormal__biased__random,16,49,fixed_k,24.0,0.12
2027720050,True,300,7200,1,24,24,24,7200,24,587,20,20,2965,295,0.1,True,3902,3902,587,0.5260814966683753,0.9195002562788315,0,124,200,20.0,lognormal,biased,random,0.02,0.2,0.2,5.0,1.0,0.1,300,0,0.0,True,True,fixed,24,continue_after_avalanche,period_end,fixed,fixed__K24__lognormal__biased__random,16,50,fixed_k,24.0,0.12
2027720051,True,300,7200,4,96,24,24,7200,96,356,25,25,3199,294,0.125,True,4714,4714,356,0.5768031395842173,0.942286805260925,0,143,200,20.0,lognormal,biased,random,0.02,0.2,0.2,5.0,1.0,0.1,300,0,0.0,True,True,fixed,24,continue_after_avalanche,period_end,fixed,fixed__K24__lognormal__biased__random,16,51,fixed_k,24.0,0.12
2027720052,True,300,7200,4,96,24,24,7200,96,312,27,27,3399,295,0.135,True,4011,4011,312,0.5755185739217155,0.9609685863874347,0,122,200,20.0,lognormal,biased,random,0.02,0.2,0.2,5.0,1.0,0.1,300,0,0.0,True,True,fixed,24,continue_after_avalanche,period_end,fixed,fixed__K24__lognormal__biased__random,16,52,fixed_k,24.0,0.12
2027720053,True,300,7200,2,48,24,24,7200,48,637,22,22,2987,297,0.11,True,4039,4039,637,0.5414793265659819,0.9160794751176036,0,123,200,20.0,lognormal,biased,random,0.02,0.2,0.2,5.0,1.0,0.1,300,0,0.0,True,True,fixed,24,continue_after_avalanche,period_end,fixed,fixed__K24__lognormal__biased__random,16,53,fixed_k,24.0,0.12
2027720054,True,300,7200,1,24,24,24,7200,24,548,23,23,3135,289,0.115,True,4524,4524,548,0.563346595932803,0.9325486295313883,0,136,200,20.0,lognormal,biased,random,0.02,0.2,0.2,5.0,1.0,0.1,300,0,0.0,True,True,fixed,24,continue_after_avalanche,period_end,fixed,fixed__K24__lognormal__biased__random,16,54,fixed_k,24.0,0.12
2027720055,True,300,7200,1,24,24,24,7200,24,579,22,22,2963,298,0.11,True,4100,4100,579,0.5188512195121953,0.9100829268292685,0,127,200,20.0,lognormal,biased,random,0.02,0.2,0.2,5.0,1.0,0.1,300,0,0.0,True,True,fixed,24,continue_after_avalanche,period_end,fixed,fixed__K24__lognormal__biased__random,16,55,fixed_k,24.0,0.12
2027720056,True,300,7200,7,168,24,24,7200,168,696,27,27,2712,287,0.135,True,4053,4053,696,0.48369232667160134,0.903110041944239,0,122,200,20.0,lognormal,biased,random,0.02,0.2,0.2,5.0,1.0,0.1,300,0,0.0,True,True,fixed,24,continue_after_avalanche,period_end,fixed,fixed__K24__lognormal__biased__random,16,56,fixed_k,24.0,0.12
2027720057,True,300,7200,2,48,24,24,7200,48,742,22,22,2771,289,0.11,True,4030,4030,742,0.4917915632754344,0.9128660049627793,0,125,200,20.0,lognormal,biased,random,0.02,0.2,0.2,5.0,1.0,0.1,300,0,0.0,True,True,fixed,24,continue_after_avalanche,period_end,fixed,fixed__K24__lognormal__biased__random,16,57,fixed_k,24.0,0.12
2027720058,True,300,7200,3,72,24,24,7200,72,643,22,22,2717,291,0.11,True,3476,3476,643,0.4473216340621404,0.9017289988492521,0,113,200,20.0,lognormal,biased,random,0.02,0.2,0.2,5.0,1.0,0.1,300,0,0.0,True,True,fixed,24,continue_after_avalanche,period_end,fixed,fixed__K24__lognormal__biased__random,16,58,fixed_k,24.0,0.12
2027720059,True,300,7200,1,24,24,24,7200,24,382,29,29,3161,299,0.145,True,4096,4096,382,0.5539501953125001,0.93580322265625,0,129,200,20.0,lognormal,biased,random,0.02,0.2,0.2,5.0,1.0,0.1,300,0,0.0,True,True,fixed,24,continue_after_avalanche,period_end,fixed,fixed__K24__lognormal__biased__random,16,59,fixed_k,24.0,0.12
2027820000,True,300,7200,21,504,24,24,7200,504,912,21,21,2012,251,0.105,True,4002,4002,912,0.34209395302348833,0.8907596201899051,0,131,200,20.0,pareto,biased,random,0.02,0.2,0.2,5.0,1.0,0.1,300,0,0.0,True,True,fixed,24,continue_after_avalanche,period_end,fixed,fixed__K24__pareto__biased__random,17,0,fixed_k,24.0,0.12
2027820001,True,300,7200,34,816,24,24,7200,816,763,18,18,1770,243,0.09,False,3998,3998,763,0.3167408704352177,0.8938494247123563,0,123,200,20.0,pareto,biased,random,0.02,0.2,0.2,5.0,1.0,0.1,300,0,0.0,True,True,fixed,24,continue_after_avalanche,period_end,fixed,fixed__K24__pareto__biased__random,17,1,fixed_k,24.0,0.12
2027820002,True,300,7200,41,984,24,24,7200,984,1580,18,18,1380,224,0.09,False,3999,3999,1580,0.25582520630157557,0.83027631907977,0,130,200,20.0,pareto,biased,random,0.02,0.2,0.2,5.0,1.0,0.1,300,0,0.0,True,True,fixed,24,continue_after_avalanche,period_end,fixed,fixed__K24__pareto__biased__random,17,2,fixed_k,24.0,0.12
2027820003,True,300,7200,42,1008,24,24,7200,1008,1470,17,17,1428,224,0.085,False,3991,3991,1470,0.2628626910548735,0.8290415935855677,0,132,200,20.0,pareto,biased,random,0.02,0.2,0.2,5.0,1.0,0.1,300,0,0.0,True,True,fixed,24,continue_after_avalanche,period_end,fixed,fixed__K24__pareto__biased__random,17,3,fixed_k,24.0,0.12
2027820004,True,300,7200,48,1152,24,24,7200,1152,1085,19,19,1432,228,0.095,False,4001,4001,1085,0.25419770057485636,0.8598987753061735,0,129,200,20.0,pareto,biased,random,0.02,0.2,0.2,5.0,1.0,0.1,300,0,0.0,True,True,fixed,24,continue_after_avalanche,period_end,fixed,fixed__K24__pareto__biased__random,17,4,fixed_k,24.0,0.12
2027820005,True,300,7200,37,888,24,24,7200,888,1013,22,22,1779,241,0.11,True,4004,4004,1013,0.31593406593406614,0.8904245754245754,0,121,200,20.0,pareto,biased,random,0.02,0.2,0.2,5.0,1.0,0.1,300,0,0.0,True,True,fixed,24,continue_after_avalanche,period_end,fixed,fixed__K24__pareto__biased__random,17,5,fixed_k,24.0,0.12
2027820006,True,300,7200,36,864,24,24,7200,864,824,18,18,1817,240,0.09,False,4010,4010,824,0.2993117206982545,0.8816857855361597,0,128,200,20.0,pareto,biased,random,0.02,0.2,0.2,5.0,1.0,0.1,300,0,0.0,True,True,fixed,24,continue_after_avalanche,period_end,fixed,fixed__K24__pareto__biased__random,17,6,fixed_k,24.0,0.12
2027820007,True,300,7200,18,432,24,24,7200,432,32,28,28,3571,268,0.14,True,4001,4001,32,0.5396763309172707,0.9918207948012998,0,115,200,20.0,pareto,biased,random,0.02,0.2,0.2,5.0,1.0,0.1,300,0,0.0,True,True,fixed,24,continue_after_avalanche,period_end,fixed,fixed__K24__pareto__biased__random,17,7,fixed_k,24.0,0.12
2027820008,True,300,7200,36,864,24,24,7200,864,662,20,20,2134,242,0.1,True,3998,3998,662,0.3563181590795399,0.925862931465733,0,129,200,20.0,pareto,biased,random,0.02,0.2,0.2,5.0,1.0,0.1,300,0,0.0,True,True,fixed,24,continue_after_avalanche,period_end,fixed,fixed__K24__pareto__biased__random,17,8,fixed_k,24.0,0.12
2027820009,True,300,7200,36,864,24,24,7200,864,484,22,22,2038,242,0.11,True,4000,4000,484,0.3545750000000001,0.9407525000000001,0,126,200,20.0,pareto,biased,random,0.02,0.2,0.2,5.0,1.0,0.1,300,0,0.0,True,True,fixed,24,continue_after_avalanche,period_end,fixed,fixed__K24__pareto__biased__random,17,9,fixed_k,24.0,0.12
2027820010,True,300,7200,33,792,24,24,7200,792,575,20,20,2084,236,0.1,True,4004,4004,575,0.3581568431568434,0.9264210789210789,0,125,200,20.0,pareto,biased,random,0.02,0.2,0.2,5.0,1.0,0.1,300,0,0.0,True,True,fixed,24,continue_after_avalanche,period_end,fixed,fixed__K24__pareto__biased__random,17,10,fixed_k,24.0,0.12
2027820011,True,300,7200,42,1008,24,24,7200,1008,662,22,22,1721,231,0.11,True,4003,4003,662,0.31504246814888837,0.9249825131151637,0,122,200,20.0,pareto,biased,random,0.02,0.2,0.2,5.0,1.0,0.1,300,0,0.0,True,True,fixed,24,continue_after_avalanche,period_end,fixed,fixed__K24__pareto__biased__random,17,11,fixed_k,24.0,0.12
2027820012,True,300,7200,45,1080,24,24,7200,1080,1062,20,20,1462,229,0.1,True,4001,4001,1062,0.29525993501624614,0.8883666583354162,0,120,200,20.0,pareto,biased,random,0.02,0.2,0.2,5.0,1.0,0.1,300,0,0.0,True,True,fixed,24,continue_after_avalanche,period_end,fixed,fixed__K24__pareto__biased__random,17,12,fixed_k,24.0,0.12
2027820013,True,300,7200,33,792,24,24,7200,792,1171,18,18,1451,235,0.09,False,4000,4000,1171,0.27561000000000013,0.8603450000000001,0,127,200,20.0,pareto,biased,random,0.02,0.2,0.2,5.0,1.0,0.1,300,0,0.0,True,True,fixed,24,continue_after_avalanche,period_end,fixed,fixed__K24__pareto__biased__random,17,13,fixed_k,24.0,0.12
2027820014,True,300,7200,26,624,24,24,7200,624,872,20,20,1941,249,0.1,True,3997,3997,872,0.3393507630723043,0.8917300475356518,0,129,200,20.0,pareto,biased,random,0.02,0.2,0.2,5.0,1.0,0.1,300,0,0.0,True,True,fixed,24,continue_after_avalanche,period_end,fixed,fixed__K24__pareto__biased__random,17,14,fixed_k,24.0,0.12
2027820015,True,300,7200,28,672,24,24,7200,672,713,19,19,1995,243,0.095,False,3991,3991,713,0.3448020546229016,0.915265597594588,0,124,200,20.0,pareto,biased,random,0.02,0.2,0.2,5.0,1.0,0.1,300,0,0.0,True,True,fixed,24,continue_after_avalanche,period_end,fixed,fixed__K24__pareto__biased__random,17,15,fixed_k,24.0,0.12
2027820016,True,300,7200,33,792,24,24,7200,792,909,19,19,1697,235,0.095,False,4003,4003,909,0.3082675493379967,0.8841856107919062,0,125,200,20.0,pareto,biased,random,0.02,0.2,0.2,5.0,1.0,0.1,300,0,0.0,True,True,fixed,24,continue_after_avalanche,period_end,fixed,fixed__K24__pareto__biased__random,17,16,fixed_k,24.0,0.12
2027820017,True,300,7200,27,648,24,24,7200,648,924,18,18,1633,244,0.09,False,3994,3994,924,0.31891837756634955,0.8629318978467702,0,128,200,20.0,pareto,biased,random,0.02,0.2,0.2,5.0,1.0,0.1,300,0,0.0,True,True,fixed,24,continue_after_avalanche,period_end,fixed,fixed__K24__pareto__biased__random,17,17,fixed_k,24.0,0.12
2027820018,True,300,7200,30,720,24,24,7200,720,536,22,22,1949,239,0.11,True,3999,3999,536,0.36901600400100043,0.9536871717929483,0,122,200,20.0,pareto,biased,random,0.02,0.2,0.2,5.0,1.0,0.1,300,0,0.0,True,True,fixed,24,continue_after_avalanche,period_end,fixed,fixed__K24__pareto__biased__random,17,18,fixed_k,24.0,0.12
2027820019,True,300,7200,37,888,24,24,7200,888,461,23,23,2421,250,0.115,True,4008,4008,461,0.3793962075848305,0.9350049900199602,0,127,200,20.0,pareto,biased,random,0.02,0.2,0.2,5.0,1.0,0.1,300,0,0.0,True,True,fixed,24,continue_after_avalanche,period_end,fixed,fixed__K24__pareto__biased__random,17,19,fixed_k,24.0,0.12
2027820020,True,300,7200,47,1128,24,24,7200,1128,1184,20,20,1614,232,0.1,True,3997,3997,1184,0.267251688766575,0.8514123092319241,0,127,200,20.0,pareto,biased,random,0.02,0.2,0.2,5.0,1.0,0.1,300,0,0.0,True,True,fixed,24,continue_after_avalanche,period_end,fixed,fixed__K24__pareto__biased__random,17,20,fixed_k,24.0,0.12
2027820021,True,300,7200,31,744,24,24,7200,744,481,21,21,2371,249,0.105,True,3995,3995,481,0.38184355444305385,0.9462515644555696,0,124,200,20.0,pareto,biased,random,0.02,0.2,0.2,5.0,1.0,0.1,300,0,0.0,True,True,fixed,24,continue_after_avalanche,period_end,fixed,fixed__K24__pareto__biased__random,17,21,fixed_k,24.0,0.12
2027820022,True,300,7200,35,840,24,24,7200,840,784,22,22,1806,237,0.11,True,4007,4007,784,0.34503244322435744,0.9212116296481159,0,123,200,20.0,pareto,biased,random,0.02,0.2,0.2,5.0,1.0,0.1,300,0,0.0,True,True,fixed,24,continue_after_avalanche,period_end,fixed,fixed__K24__pareto__biased__random,17,22,fixed_k,24.0,0.12
2027820023,True,300,7200,31,744,24,24,7200,744,496,25,25,2292,250,0.125,True,3998,3998,496,0.36158079039519775,0.9517508754377189,0,124,200,20.0,pareto,biased,random,0.02,0.2,0.2,5.0,1.0,0.1,300,0,0.0,True,True,fixed,24,continue_after_avalanche,period_end,fixed,fixed__K24__pareto__biased__random,17,23,fixed_k,24.0,0.12
2027820024,True,300,7200,29,696,24,24,7200,696,1306,19,19,1505,226,0.095,False,3996,3996,1306,0.2808233233233235,0.828370870870871,0,126,200,20.0,pareto,biased,random,0.02,0.2,0.2,5.0,1.0,0.1,300,0,0.0,True,True,fixed,24,continue_after_avalanche,period_end,fixed,fixed__K24__pareto__biased__random,17,24,fixed_k,24.0,0.12
2027820025,True,300,7200,41,984,24,24,7200,984,578,21,21,2011,240,0.105,True,4005,4005,578,0.3528377028714109,0.9410599250936331,0,128,200,20.0,pareto,biased,random,0.02,0.2,0.2,5.0,1.0,0.1,300,0,0.0,True,True,fixed,24,continue_after_avalanche,period_end,fixed,fixed__K24__pareto__biased__random,17,25,fixed_k,24.0,0.12
2027820026,True,300,7200,36,864,24,24,7200,864,846,19,19,1804,229,0.095,False,3998,3998,846,0.31368434217108554,0.9120960480240121,0,126,200,20.0,pareto,biased,random,0.02,0.2,0.2,5.0,1.0,0.1,300,0,0.0,True,True,fixed,24,continue_after_avalanche,period_end,fixed,fixed__K24__pareto__biased__random,17,26,fixed_k,24.0,0.12
2027820027,True,300,7200,21,504,24,24,7200,504,371,21,21,2406,252,0.105,True,4001,4001,371,0.4030404898775308,0.965009997500625,0,123,200,20.0,pareto,biased,random,0.02,0.2,0.2,5.0,1.0,0.1,300,0,0.0,True,True,fixed,24,continue_after_avalanche,period_end,fixed,fixed__K24__pareto__biased__random,17,27,fixed_k,24.0,0.12
2027820028,True,300,7200,33,792,24,24,7200,792,1473,16,16,1433,233,0.08,False,4006,4006,1473,0.3005142286570146,0.8343534697953072,0,128,200,20.0,pareto,biased,random,0.02,0.2,0.2,5.0,1.0,0.1,300,0,0.0,True,True,fixed,24,continue_after_avalanche,period_end,fixed,fixed__K24__pareto__biased__random,17,28,fixed_k,24.0,0.12
2027820029,True,300,7200,34,816,24,24,7200,816,1654,14,14,1212,225,0.07,False,4001,4001,1654,0.24033116720819803,0.8146725818545364,0,133,200,20.0,pareto,biased,random,0.02,0.2,0.2,5.0,1.0,0.1,300,0,0.0,True,True,fixed,24,continue_after_avalanche,period_end,fixed,fixed__K24__pareto__biased__random,17,29,fixed_k,24.0,0.12
2027820030,True,300,7200,29,696,24,24,7200,696,1367,20,20,1498,233,0.1,True,4001,4001,1367,0.2943826543364161,0.8460872281929519,0,127,200,20.0,pareto,biased,random,0.02,0.2,0.2,5.0,1.0,0.1,300,0,0.0,True,True,fixed,24,continue_after_avalanche,period_end,fixed,fixed__K24__pareto__biased__random,17,30,fixed_k,24.0,0.12
2027820031,True,300,7200,43,1032,24,24,7200,1032,1025,18,18,1638,229,0.09,False,4002,4002,1025,0.309712643678161,0.8865867066466768,0,124,200,20.0,pareto,biased,random,0.02,0.2,0.2,5.0,1.0,0.1,300,0,0.0,True,True,fixed,24,continue_after_avalanche,period_end,fixed,fixed__K24__pareto__biased__random,17,31,fixed_k,24.0,0.12
2027820032,True,300,7200,52,1248,24,24,7200,1248,1254,19,19,1521,228,0.095,False,4003,4003,1254,0.29536722458156395,0.8707981513864602,0,127,200,20.0,pareto,biased,random,0.02,0.2,0.2,5.0,1.0,0.1,300,0,0.0,True,True,fixed,24,continue_after_avalanche,period_end,fixed,fixed__K24__pareto__biased__random,17,32,fixed_k,24.0,0.12
2027820033,True,300,7200,28,672,24,24,7200,672,511,24,24,2482,256,0.12,True,4005,4005,511,0.3770449438202248,0.9281485642946319,0,127,200,20.0,pareto,biased,random,0.02,0.2,0.2,5.0,1.0,0.1,300,0,0.0,True,True,fixed,24,continue_after_avalanche,period_end,fixed,fixed__K24__pareto__biased__random,17,33,fixed_k,24.0,0.12
2027820034,True,300,7200,26,624,24,24,7200,624,1780,15,15,1302,226,0.075,False,4000,4000,1780,0.2676425,0.8015175000000001,0,127,200,20.0,pareto,biased,random,0.02,0.2,0.2,5.0,1.0,0.1,300,0,0.0,True,True,fixed,24,continue_after_avalanche,period_end,fixed,fixed__K24__pareto__biased__random,17,34,fixed_k,24.0,0.12
2027820035,True,300,7200,30,720,24,24,7200,720,935,18,18,1646,226,0.09,False,4003,4003,935,0.29924431676242835,0.8977704221833627,0,118,200,20.0,pareto,biased,random,0.02,0.2,0.2,5.0,1.0,0.1,300,0,0.0,True,True,fixed,24,continue_after_avalanche,period_end,fixed,fixed__K24__pareto__biased__random,17,35,fixed_k,24.0,0.12
2027820036,True,300,7200,35,840,24,24,7200,840,1135,19,19,1813,240,0.095,False,3997,3997,1135,0.3635138854140607,0.8958906680010008,0,130,200,20.0,pareto,biased,random,0.02,0.2,0.2,5.0,1.0,0.1,300,0,0.0,True,True,fixed,24,continue_after_avalanche,period_end,fixed,fixed__K24__pareto__biased__random,17,36,fixed_k,24.0,0.12
2027820037,True,300,7200,19,456,24,24,7200,456,654,21,21,1948,247,0.105,True,4012,4012,654,0.3268968095712863,0.9194940179461617,0,123,200,20.0,pareto,biased,random,0.02,0.2,0.2,5.0,1.0,0.1,300,0,0.0,True,True,fixed,24,continue_after_avalanche,period_end,fixed,fixed__K24__pareto__biased__random,17,37,fixed_k,24.0,0.12
2027820038,True,300,7200,31,744,24,24,7200,744,1557,20,20,1195,214,0.1,True,4003,4003,1557,0.26667374469148153,0.8107906570072447,0,128,200,20.0,pareto,biased,random,0.02,0.2,0.2,5.0,1.0,0.1,300,0,0.0,True,True,fixed,24,continue_after_avalanche,period_end,fixed,fixed__K24__pareto__biased__random,17,38,fixed_k,24.0,0.12
2027820039,True,300,7200,24,576,24,24,7200,576,1083,20,20,1921,239,0.1,True,4006,4006,1083,0.3451672491263107,0.8921367948077885,0,123,200,20.0,pareto,biased,random,0.02,0.2,0.2,5.0,1.0,0.1,300,0,0.0,True,True,fixed,24,continue_after_avalanche,period_end,fixed,fixed__K24__pareto__biased__random,17,39,fixed_k,24.0,0.12
2027820040,True,300,7200,33,792,24,24,7200,792,756,24,24,1852,234,0.12,True,4000,4000,756,0.3361550000000002,0.9124725,0,128,200,20.0,pareto,biased,random,0.02,0.2,0.2,5.0,1.0,0.1,300,0,0.0,True,True,fixed,24,continue_after_avalanche,period_end,fixed,fixed__K24__pareto__biased__random,17,40,fixed_k,24.0,0.12
2027820041,True,300,7200,37,888,24,24,7200,888,608,21,21,1926,234,0.105,True,4002,4002,608,0.3372638680659672,0.9014992503748127,0,119,200,20.0,pareto,biased,random,0.02,0.2,0.2,5.0,1.0,0.1,300,0,0.0,True,True,fixed,24,continue_after_avalanche,period_end,fixed,fixed__K24__pareto__biased__random,17,41,fixed_k,24.0,0.12
2027820042,True,300,7200,21,504,24,24,7200,504,421,24,24,2302,243,0.12,True,3993,3993,421,0.3654207362885049,0.9301740545955424,0,123,200,20.0,pareto,biased,random,0.02,0.2,0.2,5.0,1.0,0.1,300,0,0.0,True,True,fixed,24,continue_after_avalanche,period_end,fixed,fixed__K24__pareto__biased__random,17,42,fixed_k,24.0,0.12
2027820043,True,300,7200,27,648,24,24,7200,648,1312,22,22,1576,240,0.11,True,3997,3997,1312,0.2864460845634227,0.8540517888416312,0,132,200,20.0,pareto,biased,random,0.02,0.2,0.2,5.0,1.0,0.1,300,0,0.0,True,True,fixed,24,continue_after_avalanche,period_end,fixed,fixed__K24__pareto__biased__random,17,43,fixed_k,24.0,0.12
2027820044,True,300,7200,35,840,24,24,7200,840,1259,17,17,1560,243,0.085,False,4008,4008,1259,0.300556387225549,0.8735179640718564,0,128,200,20.0,pareto,biased,random,0.02,0.2,0.2,5.0,1.0,0.1,300,0,0.0,True,True,fixed,24,continue_after_avalanche,period_end,fixed,fixed__K24__pareto__biased__random,17,44,fixed_k,24.0,0.12
2027820045,True,300,7200,34,816,24,24,7200,816,383,23,23,2466,254,0.115,True,4004,4004,383,0.40592907092907105,0.961858141858142,0,125,200,20.0,pareto,biased,random,0.02,0.2,0.2,5.0,1.0,0.1,300,0,0.0,True,True,fixed,24,continue_after_avalanche,period_end,fixed,fixed__K24__pareto__biased__random,17,45,fixed_k,24.0,0.12
2027820046,True,300,7200,55,1320,24,24,7200,1320,1493,19,19,1195,213,0.095,False,3997,3997,1493,0.21813234926194647,0.8011446084563423,0,117,200,20.0,pareto,biased,random,0.02,0.2,0.2,5.0,1.0,0.1,300,0,0.0,True,True,fixed,24,continue_after_avalanche,period_end,fixed,fixed__K24__pareto__biased__random,17,46,fixed_k,24.0,0.12
2027820047,True,300,7200,28,672,24,24,7200,672,1054,24,24,1598,225,0.12,True,4002,4002,1054,0.3019940029985009,0.8916041979010496,0,123,200,20.0,pareto,biased,random,0.02,0.2,0.2,5.0,1.0,0.1,300,0,0.0,True,True,fixed,24,continue_after_avalanche,period_end,fixed,fixed__K24__pareto__biased__random,17,47,fixed_k,24.0,0.12
2027820048,True,300,7200,29,696,24,24,7200,696,983,18,18,1650,231,0.09,False,3999,3999,983,0.3093935983995999,0.9132620655163792,0,122,200,20.0,pareto,biased,random,0.02,0.2,0.2,5.0,1.0,0.1,300,0,0.0,True,True,fixed,24,continue_after_avalanche,period_end,fixed,fixed__K24__pareto__biased__random,17,48,fixed_k,24.0,0.12
2027820049,True,300,7200,29,696,24,24,7200,696,717,21,21,1749,236,0.105,True,4004,4004,717,0.3300349650349652,0.9011763236763237,0,123,200,20.0,pareto,biased,random,0.02,0.2,0.2,5.0,1.0,0.1,300,0,0.0,True,True,fixed,24,continue_after_avalanche,period_end,fixed,fixed__K24__pareto__biased__random,17,49,fixed_k,24.0,0.12
2027820050,True,300,7200,32,768,24,24,7200,768,656,22,22,1783,238,0.11,True,3995,3995,656,0.33509762202753457,0.9084568210262829,0,124,200,20.0,pareto,biased,random,0.02,0.2,0.2,5.0,1.0,0.1,300,0,0.0,True,True,fixed,24,continue_after_avalanche,period_end,fixed,fixed__K24__pareto__biased__random,17,50,fixed_k,24.0,0.12
2027820051,True,300,7200,25,600,24,24,7200,600,1061,19,19,1830,248,0.095,False,3999,3999,1061,0.30821080270067536,0.8983458364591148,0,123,200,20.0,pareto,biased,random,0.02,0.2,0.2,5.0,1.0,0.1,300,0,0.0,True,True,fixed,24,continue_after_avalanche,period_end,fixed,fixed__K24__pareto__biased__random,17,51,fixed_k,24.0,0.12
2027820052,True,300,7200,37,888,24,24,7200,888,1051,19,19,1603,239,0.095,False,4001,4001,1051,0.3136028492876781,0.872393151712072,0,126,200,20.0,pareto,biased,random,0.02,0.2,0.2,5.0,1.0,0.1,300,0,0.0,True,True,fixed,24,continue_after_avalanche,period_end,fixed,fixed__K24__pareto__biased__random,17,52,fixed_k,24.0,0.12
2027820053,True,300,7200,55,1320,24,24,7200,1320,864,25,25,1755,227,0.125,True,3999,3999,864,0.3076656664166042,0.9081832958239562,0,125,200,20.0,pareto,biased,random,0.02,0.2,0.2,5.0,1.0,0.1,300,0,0.0,True,True,fixed,24,continue_after_avalanche,period_end,fixed,fixed__K24__pareto__biased__random,17,53,fixed_k,24.0,0.12
2027820054,True,300,7200,35,840,24,24,7200,840,950,17,17,1667,233,0.085,False,3999,3999,950,0.30313703425856464,0.8766479119779946,0,132,200,20.0,pareto,biased,random,0.02,0.2,0.2,5.0,1.0,0.1,300,0,0.0,True,True,fixed,24,continue_after_avalanche,period_end,fixed,fixed__K24__pareto__biased__random,17,54,fixed_k,24.0,0.12
2027820055,True,300,7200,41,984,24,24,7200,984,573,23,23,1903,242,0.115,True,4001,4001,573,0.3405886028492877,0.9129280179955013,0,131,200,20.0,pareto,biased,random,0.02,0.2,0.2,5.0,1.0,0.1,300,0,0.0,True,True,fixed,24,continue_after_avalanche,period_end,fixed,fixed__K24__pareto__biased__random,17,55,fixed_k,24.0,0.12
2027820056,True,300,7200,41,984,24,24,7200,984,1098,20,20,1319,226,0.1,True,4007,4007,1098,0.2507374594459697,0.851271524831545,0,122,200,20.0,pareto,biased,random,0.02,0.2,0.2,5.0,1.0,0.1,300,0,0.0,True,True,fixed,24,continue_after_avalanche,period_end,fixed,fixed__K24__pareto__biased__random,17,56,fixed_k,24.0,0.12
2027820057,True,300,7200,47,1128,24,24,7200,1128,1517,16,16,1309,223,0.08,False,4007,4007,1517,0.26721362615423017,0.8231557274769155,0,124,200,20.0,pareto,biased,random,0.02,0.2,0.2,5.0,1.0,0.1,300,0,0.0,True,True,fixed,24,continue_after_avalanche,period_end,fixed,fixed__K24__pareto__biased__random,17,57,fixed_k,24.0,0.12
2027820058,True,300,7200,53,1272,24,24,7200,1272,957,19,19,1494,227,0.095,False,4000,4000,957,0.2733700000000001,0.877275,0,125,200,20.0,pareto,biased,random,0.02,0.2,0.2,5.0,1.0,0.1,300,0,0.0,True,True,fixed,24,continue_after_avalanche,period_end,fixed,fixed__K24__pareto__biased__random,17,58,fixed_k,24.0,0.12
2027820059,True,300,7200,32,768,24,24,7200,768,1135,20,20,1666,232,0.1,True,3995,3995,1135,0.29374843554443064,0.8599762202753443,0,125,200,20.0,pareto,biased,random,0.02,0.2,0.2,5.0,1.0,0.1,300,0,0.0,True,True,fixed,24,continue_after_avalanche,period_end,fixed,fixed__K24__pareto__biased__random,17,59,fixed_k,24.0,0.12
2027920000,True,300,7800,1,26,26,26,7800,26,524,26,26,3379,296,0.13,True,4210,4210,524,0.5307577197149644,0.9199192399049883,0,129,200,20.0,lognormal,biased,random,0.02,0.2,0.2,5.0,1.0,0.1,300,0,0.0,True,True,fixed,26,continue_after_avalanche,period_end,fixed,fixed__K26__lognormal__biased__random,18,0,fixed_k,26.0,0.13
2027920001,True,300,7800,7,182,26,26,7800,182,434,28,28,3386,289,0.14,True,4075,4075,434,0.5201828220858897,0.9339865030674848,0,128,200,20.0,lognormal,biased,random,0.02,0.2,0.2,5.0,1.0,0.1,300,0,0.0,True,True,fixed,26,continue_after_avalanche,period_end,fixed,fixed__K26__lognormal__biased__random,18,1,fixed_k,26.0,0.13
2027920002,True,300,7800,2,52,26,26,7800,52,479,24,24,3401,297,0.12,True,4109,4109,479,0.5290837186663422,0.9198186906789974,0,126,200,20.0,lognormal,biased,random,0.02,0.2,0.2,5.0,1.0,0.1,300,0,0.0,True,True,fixed,26,continue_after_avalanche,period_end,fixed,fixed__K26__lognormal__biased__random,18,2,fixed_k,26.0,0.13
2027920003,True,300,7800,2,52,26,26,7800,52,602,24,24,3306,293,0.12,True,3931,3931,602,0.5204998728059018,0.9164423810735183,0,120,200,20.0,lognormal,biased,random,0.02,0.2,0.2,5.0,1.0,0.1,300,0,0.0,True,True,fixed,26,continue_after_avalanche,period_end,fixed,fixed__K26__lognormal__biased__random,18,3,fixed_k,26.0,0.13
2027920004,True,300,7800,1,26,26,26,7800,26,706,24,24,3312,293,0.12,True,4092,4092,706,0.5183504398826981,0.907996089931574,0,128,200,20.0,lognormal,biased,random,0.02,0.2,0.2,5.0,1.0,0.1,300,0,0.0,True,True,fixed,26,continue_after_avalanche,period_end,fixed,fixed__K26__lognormal__biased__random,18,4,fixed_k,26.0,0.13
2027920005,True,300,7800,1,26,26,26,7800,26,273,26,26,3874,295,0.13,True,3963,3963,273,0.5568268988140299,0.9628703002775676,0,126,200,20.0,lognormal,biased,random,0.02,0.2,0.2,5.0,1.0,0.1,300,0,0.0,True,True,fixed,26,continue_after_avalanche,period_end,fixed,fixed__K26__lognormal__biased__random,18,5,fixed_k,26.0,0.13
2027920006,True,300,7800,3,78,26,26,7800,78,626,24,24,3085,292,0.12,True,4467,4467,626,0.5086355495858519,0.9283758674725768,0,136,200,20.0,lognormal,biased,random,0.02,0.2,0.2,5.0,1.0,0.1,300,0,0.0,True,True,fixed,26,continue_after_avalanche,period_end,fixed,fixed__K26__lognormal__biased__random,18,6,fixed_k,26.0,0.13
2027920007,True,300,7800,1,26,26,26,7800,26,448,26,26,3468,292,0.13,True,3874,3874,448,0.5144140423335055,0.9180459473412494,0,123,200,20.0,lognormal,biased,random,0.02,0.2,0.2,5.0,1.0,0.1,300,0,0.0,True,True,fixed,26,continue_after_avalanche,period_end,fixed,fixed__K26__lognormal__biased__random,18,7,fixed_k,26.0,0.13
2027920008,True,300,7800,2,52,26,26,7800,52,417,25,25,3332,292,0.125,True,3539,3539,417,0.4868734105679571,0.9410045210511444,0,113,200,20.0,lognormal,biased,random,0.02,0.2,0.2,5.0,1.0,0.1,300,0,0.0,True,True,fixed,26,continue_after_avalanche,period_end,fixed,fixed__K26__lognormal__biased__random,18,8,fixed_k,26.0,0.13
2027920009,True,300,7800,2,52,26,26,7800,52,429,28,28,3476,293,0.14,True,4397,4397,429,0.5544405276324769,0.9357118489879463,0,139,200,20.0,lognormal,biased,random,0.02,0.2,0.2,5.0,1.0,0.1,300,0,0.0,True,True,fixed,26,continue_after_avalanche,period_end,fixed,fixed__K26__lognormal__biased__random,18,9,fixed_k,26.0,0.13
2027920010,True,300,7800,2,52,26,26,7800,52,939,23,23,2861,293,0.115,True,5031,5031,939,0.5179735639037966,0.9017223216060426,0,155,200,20.0,lognormal,biased,random,0.02,0.2,0.2,5.0,1.0,0.1,300,0,0.0,True,True,fixed,26,continue_after_avalanche,period_end,fixed,fixed__K26__lognormal__biased__random,18,10,fixed_k,26.0,0.13
2027920011,True,300,7800,1,26,26,26,7800,26,486,27,27,3168,296,0.135,True,4214,4214,486,0.5332866635026106,0.9283341243474135,0,135,200,20.0,lognormal,biased,random,0.02,0.2,0.2,5.0,1.0,0.1,300,0,0.0,True,True,fixed,26,continue_after_avalanche,period_end,fixed,fixed__K26__lognormal__biased__random,18,11,fixed_k,26.0,0.13
2027920012,True,300,7800,1,26,26,26,7800,26,599,26,26,3017,293,0.13,True,3995,3995,599,0.4976783479349187,0.9255256570713393,0,129,200,20.0,lognormal,biased,random,0.02,0.2,0.2,5.0,1.0,0.1,300,0,0.0,True,True,fixed,26,continue_after_avalanche,period_end,fixed,fixed__K26__lognormal__biased__random,18,12,fixed_k,26.0,0.13
2027920013,True,300,7800,1,26,26,26,7800,26,413,27,27,3383,291,0.135,True,4092,4092,413,0.5142986314760509,0.9271529814271751,0,129,200,20.0,lognormal,biased,random,0.02,0.2,0.2,5.0,1.0,0.1,300,0,0.0,True,True,fixed,26,continue_after_avalanche,period_end,fixed,fixed__K26__lognormal__biased__random,18,13,fixed_k,26.0,0.13
2027920014,True,300,7800,3,78,26,26,7800,78,526,24,24,3182,290,0.12,True,3693,3693,526,0.49752369347414027,0.9309084754941783,0,123,200,20.0,lognormal,biased,random,0.02,0.2,0.2,5.0,1.0,0.1,300,0,0.0,True,True,fixed,26,continue_after_avalanche,period_end,fixed,fixed__K26__lognormal__biased__random,18,14,fixed_k,26.0,0.13
2027920015,True,300,7800,2,52,26,26,7800,52,740,23,23,3129,290,0.115,True,4070,4070,740,0.5113636363636365,0.9245135135135136,0,130,200,20.0,lognormal,biased,random,0.02,0.2,0.2,5.0,1.0,0.1,300,0,0.0,True,True,fixed,26,continue_after_avalanche,period_end,fixed,fixed__K26__lognormal__biased__random,18,15,fixed_k,26.0,0.13
2027920016,True,300,7800,3,78,26,26,7800,78,824,23,23,3012,291,0.115,True,3546,3546,824,0.46738296672306845,0.9048787366046251,0,115,200,20.0,lognormal,biased,random,0.02,0.2,0.2,5.0,1.0,0.1,300,0,0.0,True,True,fixed,26,continue_after_avalanche,period_end,fixed,fixed__K26__lognormal__biased__random,18,16,fixed_k,26.0,0.13
2027920017,True,300,7800,2,52,26,26,7800,52,900,21,21,3057,291,0.105,True,3929,3929,900,0.4788381267498092,0.9118083481801986,0,130,200,20.0,lognormal,biased,random,0.02,0.2,0.2,5.0,1.0,0.1,300,0,0.0,True,True,fixed,26,continue_after_avalanche,period_end,fixed,fixed__K26__lognormal__biased__random,18,17,fixed_k,26.0,0.13
2027920018,True,300,7800,2,52,26,26,7800,52,839,22,22,2852,285,0.11,True,3909,3909,839,0.4642223074955232,0.8873586595037095,0,126,200,20.0,lognormal,biased,random,0.02,0.2,0.2,5.0,1.0,0.1,300,0,0.0,True,True,fixed,26,continue_after_avalanche,period_end,fixed,fixed__K26__lognormal__biased__random,18,18,fixed_k,26.0,0.13
2027920019,True,300,7800,1,26,26,26,7800,26,559,25,25,3412,296,0.125,True,3669,3669,559,0.49667620605069507,0.9361992368492777,0,113,200,20.0,lognormal,biased,random,0.02,0.2,0.2,5.0,1.0,0.1,300,0,0.0,True,True,fixed,26,continue_after_avalanche,period_end,fixed,fixed__K26__lognormal__biased__random,18,19,fixed_k,26.0,0.13
2027920020,True,300,7800,3,78,26,26,7800,78,734,23,23,2971,294,0.115,True,4168,4168,734,0.48889635316698676,0.9198080614203457,0,127,200,20.0,lognormal,biased,random,0.02,0.2,0.2,5.0,1.0,0.1,300,0,0.0,True,True,fixed,26,continue_after_avalanche,period_end,fixed,fixed__K26__lognormal__biased__random,18,20,fixed_k,26.0,0.13
2027920021,True,300,7800,3,78,26,26,7800,78,749,22,22,3108,295,0.11,True,4255,4255,749,0.5210023501762633,0.9077732079905994,0,129,200,20.0,lognormal,biased,random,0.02,0.2,0.2,5.0,1.0,0.1,300,0,0.0,True,True,fixed,26,continue_after_avalanche,period_end,fixed,fixed__K26__lognormal__biased__random,18,21,fixed_k,26.0,0.13
2027920022,True,300,7800,1,26,26,26,7800,26,528,24,24,3503,296,0.12,True,4438,4438,528,0.5476656151419559,0.9167057232987834,0,145,200,20.0,lognormal,biased,random,0.02,0.2,0.2,5.0,1.0,0.1,300,0,0.0,True,True,fixed,26,continue_after_avalanche,period_end,fixed,fixed__K26__lognormal__biased__random,18,22,fixed_k,26.0,0.13
2027920023,True,300,7800,8,208,26,26,7800,208,671,25,25,3140,292,0.125,True,4040,4040,671,0.5033762376237625,0.9057772277227725,0,130,200,20.0,lognormal,biased,random,0.02,0.2,0.2,5.0,1.0,0.1,300,0,0.0,True,True,fixed,26,continue_after_avalanche,period_end,fixed,fixed__K26__lognormal__biased__random,18,23,fixed_k,26.0,0.13
2027920024,True,300,7800,1,26,26,26,7800,26,786,23,23,3395,298,0.115,True,3496,3496,786,0.4882522883295195,0.8944078947368421,0,116,200,20.0,lognormal,biased,random,0.02,0.2,0.2,5.0,1.0,0.1,300,0,0.0,True,True,fixed,26,continue_after_avalanche,period_end,fixed,fixed__K26__lognormal__biased__random,18,24,fixed_k,26.0,0.13
2027920025,True,300,7800,3,78,26,26,7800,78,636,22,22,3421,295,0.11,True,4587,4587,636,0.5391857423152389,0.9191203400915633,0,138,200,20.0,lognormal,biased,random,0.02,0.2,0.2,5.0,1.0,0.1,300,0,0.0,True,True,fixed,26,continue_after_avalanche,period_end,fixed,fixed__K26__lognormal__biased__random,18,25,fixed_k,26.0,0.13
2027920026,True,300,7800,4,104,26,26,7800,104,567,27,27,3314,291,0.135,True,4229,4229,567,0.5468018444076614,0.9292019389926698,0,135,200,20.0,lognormal,biased,random,0.02,0.2,0.2,5.0,1.0,0.1,300,0,0.0,True,True,fixed,26,continue_after_avalanche,period_end,fixed,fixed__K26__lognormal__biased__random,18,26,fixed_k,26.0,0.13
2027920027,True,300,7800,7,182,26,26,7800,182,724,23,23,2998,287,0.115,True,4263,4263,724,0.5053471733520996,0.915656814449918,0,133,200,20.0,lognormal,biased,random,0.02,0.2,0.2,5.0,1.0,0.1,300,0,0.0,True,True,fixed,26,continue_after_avalanche,period_end,fixed,fixed__K26__lognormal__biased__random,18,27,fixed_k,26.0,0.13
2027920028,True,300,7800,1,26,26,26,7800,26,220,26,26,4003,299,0.13,True,3589,3589,220,0.5655321816662024,0.966337419894121,0,114,200,20.0,lognormal,biased,random,0.02,0.2,0.2,5.0,1.0,0.1,300,0,0.0,True,True,fixed,26,continue_after_avalanche,period_end,fixed,fixed__K26__lognormal__biased__random,18,28,fixed_k,26.0,0.13
2027920029,True,300,7800,2,52,26,26,7800,52,850,23,23,2964,294,0.115,True,3675,3675,850,0.45726394557823147,0.8922789115646259,0,123,200,20.0,lognormal,biased,random,0.02,0.2,0.2,5.0,1.0,0.1,300,0,0.0,True,True,fixed,26,continue_after_avalanche,period_end,fixed,fixed__K26__lognormal__biased__random,18,29,fixed_k,26.0,0.13
2027920030,True,300,7800,2,52,26,26,7800,52,570,23,23,3479,292,0.115,True,3646,3646,570,0.5043856280855734,0.9391854086670324,0,119,200,20.0,lognormal,biased,random,0.02,0.2,0.2,5.0,1.0,0.1,300,0,0.0,True,True,fixed,26,continue_after_avalanche,period_end,fixed,fixed__K26__lognormal__biased__random,18,30,fixed_k,26.0,0.13
2027920031,True,300,7800,2,52,26,26,7800,52,725,23,23,3272,290,0.115,True,3941,3941,725,0.5091918294849025,0.9104986044151231,0,119,200,20.0,lognormal,biased,random,0.02,0.2,0.2,5.0,1.0,0.1,300,0,0.0,True,True,fixed,26,continue_after_avalanche,period_end,fixed,fixed__K26__lognormal__biased__random,18,31,fixed_k,26.0,0.13
2027920032,True,300,7800,2,52,26,26,7800,52,411,24,24,3350,297,0.12,True,4363,4363,411,0.5391553976621593,0.9398498739399497,0,130,200,20.0,lognormal,biased,random,0.02,0.2,0.2,5.0,1.0,0.1,300,0,0.0,True,True,fixed,26,continue_after_avalanche,period_end,fixed,fixed__K26__lognormal__biased__random,18,32,fixed_k,26.0,0.13
2027920033,True,300,7800,1,26,26,26,7800,26,343,24,24,3534,296,0.12,True,3697,3697,343,0.5135555856099541,0.9420381390316475,0,117,200,20.0,lognormal,biased,random,0.02,0.2,0.2,5.0,1.0,0.1,300,0,0.0,True,True,fixed,26,continue_after_avalanche,period_end,fixed,fixed__K26__lognormal__biased__random,18,33,fixed_k,26.0,0.13
2027920034,True,300,7800,2,52,26,26,7800,52,430,27,27,3516,293,0.135,True,4711,4711,430,0.5717395457440035,0.9303980046699216,0,143,200,20.0,lognormal,biased,random,0.02,0.2,0.2,5.0,1.0,0.1,300,0,0.0,True,True,fixed,26,continue_after_avalanche,period_end,fixed,fixed__K26__lognormal__biased__random,18,34,fixed_k,26.0,0.13
2027920035,True,300,7800,2,52,26,26,7800,52,741,23,23,3407,287,0.115,True,4068,4068,741,0.5353294001966569,0.9261430678466078,0,132,200,20.0,lognormal,biased,random,0.02,0.2,0.2,5.0,1.0,0.1,300,0,0.0,True,True,fixed,26,continue_after_avalanche,period_end,fixed,fixed__K26__lognormal__biased__random,18,35,fixed_k,26.0,0.13
2027920036,True,300,7800,2,52,26,26,7800,52,598,24,24,3222,294,0.12,True,4761,4761,598,0.5608895190086118,0.9416162570888469,0,141,200,20.0,lognormal,biased,random,0.02,0.2,0.2,5.0,1.0,0.1,300,0,0.0,True,True,fixed,26,continue_after_avalanche,period_end,fixed,fixed__K26__lognormal__biased__random,18,36,fixed_k,26.0,0.13
2027920037,True,300,7800,1,26,26,26,7800,26,487,26,26,3149,294,0.13,True,3844,3844,487,0.48384235171696166,0.9160171696149846,0,127,200,20.0,lognormal,biased,random,0.02,0.2,0.2,5.0,1.0,0.1,300,0,0.0,True,True,fixed,26,continue_after_avalanche,period_end,fixed,fixed__K26__lognormal__biased__random,18,37,fixed_k,26.0,0.13
2027920038,True,300,7800,4,104,26,26,7800,104,571,27,27,3072,290,0.135,True,3975,3975,571,0.49256981132075484,0.9143031446540881,0,124,200,20.0,lognormal,biased,random,0.02,0.2,0.2,5.0,1.0,0.1,300,0,0.0,True,True,fixed,26,continue_after_avalanche,period_end,fixed,fixed__K26__lognormal__biased__random,18,38,fixed_k,26.0,0.13
2027920039,True,300,7800,1,26,26,26,7800,26,451,27,27,3780,295,0.135,True,3665,3665,451,0.5295593451568896,0.9379604365620737,0,118,200,20.0,lognormal,biased,random,0.02,0.2,0.2,5.0,1.0,0.1,300,0,0.0,True,True,fixed,26,continue_after_avalanche,period_end,fixed,fixed__K26__lognormal__biased__random,18,39,fixed_k,26.0,0.13
2027920040,True,300,7800,5,130,26,26,7800,130,607,22,22,3150,291,0.11,True,4369,4369,607,0.5343659876401923,0.933706797894255,0,132,200,20.0,lognormal,biased,random,0.02,0.2,0.2,5.0,1.0,0.1,300,0,0.0,True,True,fixed,26,continue_after_avalanche,period_end,fixed,fixed__K26__lognormal__biased__random,18,40,fixed_k,26.0,0.13
2027920041,True,300,7800,3,78,26,26,7800,78,491,28,28,3444,291,0.14,True,4182,4182,491,0.5119560019129603,0.9229961740793879,0,129,200,20.0,lognormal,biased,random,0.02,0.2,0.2,5.0,1.0,0.1,300,0,0.0,True,True,fixed,26,continue_after_avalanche,period_end,fixed,fixed__K26__lognormal__biased__random,18,41,fixed_k,26.0,0.13
2027920042,True,300,7800,1,26,26,26,7800,26,549,24,24,3588,296,0.12,True,3860,3860,549,0.5331165803108808,0.9082901554404146,0,124,200,20.0,lognormal,biased,random,0.02,0.2,0.2,5.0,1.0,0.1,300,0,0.0,True,True,fixed,26,continue_after_avalanche,period_end,fixed,fixed__K26__lognormal__biased__random,18,42,fixed_k,26.0,0.13
2027920043,True,300,7800,1,26,26,26,7800,26,353,26,26,3674,294,0.13,True,4581,4581,353,0.5939129011132942,0.950164811176599,0,138,200,20.0,lognormal,biased,random,0.02,0.2,0.2,5.0,1.0,0.1,300,0,0.0,True,True,fixed,26,continue_after_avalanche,period_end,fixed,fixed__K26__lognormal__biased__random,18,43,fixed_k,26.0,0.13
2027920044,True,300,7800,1,26,26,26,7800,26,566,23,23,3518,296,0.115,True,3528,3528,566,0.4826615646258505,0.925515873015873,0,113,200,20.0,lognormal,biased,random,0.02,0.2,0.2,5.0,1.0,0.1,300,0,0.0,True,True,fixed,26,continue_after_avalanche,period_end,fixed,fixed__K26__lognormal__biased__random,18,44,fixed_k,26.0,0.13
2027920045,True,300,7800,5,130,26,26,7800,130,643,22,22,2826,293,0.11,True,4538,4538,643,0.5192926399294844,0.9022873512560601,0,140,200,20.0,lognormal,biased,random,0.02,0.2,0.2,5.0,1.0,0.1,300,0,0.0,True,True,fixed,26,continue_after_avalanche,period_end,fixed,fixed__K26__lognormal__biased__random,18,45,fixed_k,26.0,0.13
2027920046,True,300,7800,2,52,26,26,7800,52,556,26,26,3137,295,0.13,True,3996,3996,556,0.4969119119119121,0.9198848848848851,0,128,200,20.0,lognormal,biased,random,0.02,0.2,0.2,5.0,1.0,0.1,300,0,0.0,True,True,fixed,26,continue_after_avalanche,period_end,fixed,fixed__K26__lognormal__biased__random,18,46,fixed_k,26.0,0.13
2027920047,True,300,7800,2,52,26,26,7800,52,455,23,23,3708,295,0.115,True,3879,3879,455,0.5301069863366847,0.9243580819798918,0,126,200,20.0,lognormal,biased,random,0.02,0.2,0.2,5.0,1.0,0.1,300,0,0.0,True,True,fixed,26,continue_after_avalanche,period_end,fixed,fixed__K26__lognormal__biased__random,18,47,fixed_k,26.0,0.13
2027920048,True,300,7800,4,104,26,26,7800,104,578,25,25,3331,294,0.125,True,3690,3690,578,0.49620325203252036,0.9221490514905151,0,123,200,20.0,lognormal,biased,random,0.02,0.2,0.2,5.0,1.0,0.1,300,0,0.0,True,True,fixed,26,continue_after_avalanche,period_end,fixed,fixed__K26__lognormal__biased__random,18,48,fixed_k,26.0,0.13
2027920049,True,300,7800,3,78,26,26,7800,78,293,25,25,3436,292,0.125,True,4931,4931,293,0.5645031433786252,0.9609825593185968,0,145,200,20.0,lognormal,biased,random,0.02,0.2,0.2,5.0,1.0,0.1,300,0,0.0,True,True,fixed,26,continue_after_avalanche,period_end,fixed,fixed__K26__lognormal__biased__random,18,49,fixed_k,26.0,0.13
2027920050,True,300,7800,2,52,26,26,7800,52,646,23,23,3318,297,0.115,True,3848,3848,646,0.49591476091476094,0.912689708939709,0,124,200,20.0,lognormal,biased,random,0.02,0.2,0.2,5.0,1.0,0.1,300,0,0.0,True,True,fixed,26,continue_after_avalanche,period_end,fixed,fixed__K26__lognormal__biased__random,18,50,fixed_k,26.0,0.13
2027920051,True,300,7800,1,26,26,26,7800,26,701,24,24,3115,289,0.12,True,3775,3775,701,0.4881364238410597,0.9291854304635763,0,119,200,20.0,lognormal,biased,random,0.02,0.2,0.2,5.0,1.0,0.1,300,0,0.0,True,True,fixed,26,continue_after_avalanche,period_end,fixed,fixed__K26__lognormal__biased__random,18,51,fixed_k,26.0,0.13
2027920052,True,300,7800,1,26,26,26,7800,26,400,23,23,3247,298,0.115,True,3836,3836,400,0.49505735140771656,0.9364885297184569,0,114,200,20.0,lognormal,biased,random,0.02,0.2,0.2,5.0,1.0,0.1,300,0,0.0,True,True,fixed,26,continue_after_avalanche,period_end,fixed,fixed__K26__lognormal__biased__random,18,52,fixed_k,26.0,0.13
2027920053,True,300,7800,2,52,26,26,7800,52,767,22,22,3158,296,0.11,True,3875,3875,767,0.49741806451612924,0.904171612903226,0,127,200,20.0,lognormal,biased,random,0.02,0.2,0.2,5.0,1.0,0.1,300,0,0.0,True,True,fixed,26,continue_after_avalanche,period_end,fixed,fixed__K26__lognormal__biased__random,18,53,fixed_k,26.0,0.13
2027920054,True,300,7800,2,52,26,26,7800,52,767,21,21,3085,293,0.105,True,3616,3616,767,0.4679894911504425,0.8984955752212391,0,113,200,20.0,lognormal,biased,random,0.02,0.2,0.2,5.0,1.0,0.1,300,0,0.0,True,True,fixed,26,continue_after_avalanche,period_end,fixed,fixed__K26__lognormal__biased__random,18,54,fixed_k,26.0,0.13
2027920055,True,300,7800,1,26,26,26,7800,26,442,25,25,3405,293,0.125,True,4064,4064,442,0.5023425196850395,0.9331791338582678,0,127,200,20.0,lognormal,biased,random,0.02,0.2,0.2,5.0,1.0,0.1,300,0,0.0,True,True,fixed,26,continue_after_avalanche,period_end,fixed,fixed__K26__lognormal__biased__random,18,55,fixed_k,26.0,0.13
2027920056,True,300,7800,1,26,26,26,7800,26,260,25,25,3867,296,0.125,True,3781,3781,260,0.5467878868024334,0.9542700343824386,0,119,200,20.0,lognormal,biased,random,0.02,0.2,0.2,5.0,1.0,0.1,300,0,0.0,True,True,fixed,26,continue_after_avalanche,period_end,fixed,fixed__K26__lognormal__biased__random,18,56,fixed_k,26.0,0.13
2027920057,True,300,7800,2,52,26,26,7800,52,405,25,25,3509,294,0.125,True,3571,3571,405,0.4784500140016803,0.9281083730047606,0,112,200,20.0,lognormal,biased,random,0.02,0.2,0.2,5.0,1.0,0.1,300,0,0.0,True,True,fixed,26,continue_after_avalanche,period_end,fixed,fixed__K26__lognormal__biased__random,18,57,fixed_k,26.0,0.13
2027920058,True,300,7800,1,26,26,26,7800,26,928,22,22,2967,295,0.11,True,3898,3898,928,0.48409953822473084,0.9045459209851208,0,124,200,20.0,lognormal,biased,random,0.02,0.2,0.2,5.0,1.0,0.1,300,0,0.0,True,True,fixed,26,continue_after_avalanche,period_end,fixed,fixed__K26__lognormal__biased__random,18,58,fixed_k,26.0,0.13
2027920059,True,300,7800,1,26,26,26,7800,26,536,24,24,3321,296,0.12,True,4855,4855,536,0.5428681771369723,0.9358856848609682,0,146,200,20.0,lognormal,biased,random,0.02,0.2,0.2,5.0,1.0,0.1,300,0,0.0,True,True,fixed,26,continue_after_avalanche,period_end,fixed,fixed__K26__lognormal__biased__random,18,59,fixed_k,26.0,0.13
2028020000,True,300,7800,31,806,26,26,7800,806,290,31,31,2695,242,0.155,True,4006,4006,290,0.3686470294558164,0.9623190214677984,0,119,200,20.0,pareto,biased,random,0.02,0.2,0.2,5.0,1.0,0.1,300,0,0.0,True,True,fixed,26,continue_after_avalanche,period_end,fixed,fixed__K26__pareto__biased__random,19,0,fixed_k,26.0,0.13
2028020001,True,300,7800,19,494,26,26,7800,494,17,30,30,3449,264,0.15,True,3992,3992,17,0.4260395791583167,0.9939178356713427,0,119,200,20.0,pareto,biased,random,0.02,0.2,0.2,5.0,1.0,0.1,300,0,0.0,True,True,fixed,26,continue_after_avalanche,period_end,fixed,fixed__K26__pareto__biased__random,19,1,fixed_k,26.0,0.13
2028020002,True,300,7800,23,598,26,26,7800,598,830,22,22,2099,240,0.11,True,4001,4001,830,0.3250624843789054,0.9203811547113223,0,129,200,20.0,pareto,biased,random,0.02,0.2,0.2,5.0,1.0,0.1,300,0,0.0,True,True,fixed,26,continue_after_avalanche,period_end,fixed,fixed__K26__pareto__biased__random,19,2,fixed_k,26.0,0.13
2028020003,True,300,7800,28,728,26,26,7800,728,652,22,22,2122,243,0.11,True,3998,3998,652,0.32507503751875944,0.9349324662331167,0,122,200,20.0,pareto,biased,random,0.02,0.2,0.2,5.0,1.0,0.1,300,0,0.0,True,True,fixed,26,continue_after_avalanche,period_end,fixed,fixed__K26__pareto__biased__random,19,3,fixed_k,26.0,0.13
2028020004,True,300,7800,20,520,26,26,7800,520,297,24,24,3009,257,0.12,True,3998,3998,297,0.37908454227113575,0.9506678339169585,0,125,200,20.0,pareto,biased,random,0.02,0.2,0.2,5.0,1.0,0.1,300,0,0.0,True,True,fixed,26,continue_after_avalanche,period_end,fixed,fixed__K26__pareto__biased__random,19,4,fixed_k,26.0,0.13
2028020005,True,300,7800,17,442,26,26,7800,442,829,25,25,1930,240,0.125,True,4008,4008,829,0.26919910179640727,0.8775024950099801,0,117,200,20.0,pareto,biased,random,0.02,0.2,0.2,5.0,1.0,0.1,300,0,0.0,True,True,fixed,26,continue_after_avalanche,period_end,fixed,fixed__K26__pareto__biased__random,19,5,fixed_k,26.0,0.13
2028020006,True,300,7800,27,702,26,26,7800,702,582,23,23,2115,246,0.115,True,4003,4003,582,0.32378591056707484,0.9432588058955784,0,125,200,20.0,pareto,biased,random,0.02,0.2,0.2,5.0,1.0,0.1,300,0,0.0,True,True,fixed,26,continue_after_avalanche,period_end,fixed,fixed__K26__pareto__biased__random,19,6,fixed_k,26.0,0.13
2028020007,True,300,7800,31,806,26,26,7800,806,721,22,22,2170,238,0.11,True,4003,4003,721,0.31443042717961545,0.882054708968274,0,131,200,20.0,pareto,biased,random,0.02,0.2,0.2,5.0,1.0,0.1,300,0,0.0,True,True,fixed,26,continue_after_avalanche,period_end,fixed,fixed__K26__pareto__biased__random,19,7,fixed_k,26.0,0.13
2028020008,True,300,7800,28,728,26,26,7800,728,1016,18,18,2025,231,0.09,False,4005,4005,1016,0.28590636704119854,0.8925930087390763,0,122,200,20.0,pareto,biased,random,0.02,0.2,0.2,5.0,1.0,0.1,300,0,0.0,True,True,fixed,26,continue_after_avalanche,period_end,fixed,fixed__K26__pareto__biased__random,19,8,fixed_k,26.0,0.13
2028020009,True,300,7800,31,806,26,26,7800,806,1199,22,22,1907,245,0.11,True,3996,3996,1199,0.2922697697697698,0.8913763763763765,0,129,200,20.0,pareto,biased,random,0.02,0.2,0.2,5.0,1.0,0.1,300,0,0.0,True,True,fixed,26,continue_after_avalanche,period_end,fixed,fixed__K26__pareto__biased__random,19,9,fixed_k,26.0,0.13
2028020010,True,300,7800,30,780,26,26,7800,780,578,23,23,2204,238,0.115,True,3995,3995,578,0.29170087609511897,0.9121013767209012,0,127,200,20.0,pareto,biased,random,0.02,0.2,0.2,5.0,1.0,0.1,300,0,0.0,True,True,fixed,26,continue_after_avalanche,period_end,fixed,fixed__K26__pareto__biased__random,19,10,fixed_k,26.0,0.13
2028020011,True,300,7800,32,832,26,26,7800,832,799,22,22,1709,229,0.11,True,4000,4000,799,0.2663000000000002,0.88236,0,125,200,20.0,pareto,biased,random,0.02,0.2,0.2,5.0,1.0,0.1,300,0,0.0,True,True,fixed,26,continue_after_avalanche,period_end,fixed,fixed__K26__pareto__biased__random,19,11,fixed_k,26.0,0.13
2028020012,True,300,7800,38,988,26,26,7800,988,1127,20,20,1981,239,0.1,True,3996,3996,1127,0.31061811811811824,0.8602677677677679,0,125,200,20.0,pareto,biased,random,0.02,0.2,0.2,5.0,1.0,0.1,300,0,0.0,True,True,fixed,26,continue_after_avalanche,period_end,fixed,fixed__K26__pareto__biased__random,19,12,fixed_k,26.0,0.13
2028020013,True,300,7800,34,884,26,26,7800,884,1311,20,20,1576,232,0.1,True,4000,4000,1311,0.23367000000000004,0.8521400000000001,0,125,200,20.0,pareto,biased,random,0.02,0.2,0.2,5.0,1.0,0.1,300,0,0.0,True,True,fixed,26,continue_after_avalanche,period_end,fixed,fixed__K26__pareto__biased__random,19,13,fixed_k,26.0,0.13
2028020014,True,300,7800,28,728,26,26,7800,728,780,23,23,2316,248,0.115,True,4005,4005,780,0.3381685393258429,0.9012771535580526,0,128,200,20.0,pareto,biased,random,0.02,0.2,0.2,5.0,1.0,0.1,300,0,0.0,True,True,fixed,26,continue_after_avalanche,period_end,fixed,fixed__K26__pareto__biased__random,19,14,fixed_k,26.0,0.13
2028020015,True,300,7800,24,624,26,26,7800,624,24,30,30,4363,268,0.15,True,3994,3994,24,0.5215348022033051,0.9941462193289936,0,113,200,20.0,pareto,biased,random,0.02,0.2,0.2,5.0,1.0,0.1,300,0,0.0,True,True,fixed,26,continue_after_avalanche,period_end,fixed,fixed__K26__pareto__biased__random,19,15,fixed_k,26.0,0.13
2028020016,True,300,7800,17,442,26,26,7800,442,844,22,22,2072,244,0.11,True,3989,3989,844,0.30398470794685406,0.9011794936074204,0,128,200,20.0,pareto,biased,random,0.02,0.2,0.2,5.0,1.0,0.1,300,0,0.0,True,True,fixed,26,continue_after_avalanche,period_end,fixed,fixed__K26__pareto__biased__random,19,16,fixed_k,26.0,0.13
2028020017,True,300,7800,40,1040,26,26,7800,1040,297,25,25,2630,236,0.125,True,3998,3998,297,0.3589994997498751,0.9500575287643822,0,125,200,20.0,pareto,biased,random,0.02,0.2,0.2,5.0,1.0,0.1,300,0,0.0,True,True,fixed,26,continue_after_avalanche,period_end,fixed,fixed__K26__pareto__biased__random,19,17,fixed_k,26.0,0.13
2028020018,True,300,7800,24,624,26,26,7800,624,859,24,24,2153,247,0.12,True,4001,4001,859,0.34256560859785057,0.9070269932516872,0,130,200,20.0,pareto,biased,random,0.02,0.2,0.2,5.0,1.0,0.1,300,0,0.0,True,True,fixed,26,continue_after_avalanche,period_end,fixed,fixed__K26__pareto__biased__random,19,18,fixed_k,26.0,0.13
2028020019,True,300,7800,31,806,26,26,7800,806,803,24,24,2178,248,0.12,True,3996,3996,803,0.3332582582582584,0.9024724724724726,0,125,200,20.0,pareto,biased,random,0.02,0.2,0.2,5.0,1.0,0.1,300,0,0.0,True,True,fixed,26,continue_after_avalanche,period_end,fixed,fixed__K26__pareto__biased__random,19,19,fixed_k,26.0,0.13
2028020020,True,300,7800,15,390,26,26,7800,390,138,26,26,3189,262,0.13,True,4005,4005,138,0.44093008739076156,0.9806479400749064,0,121,200,20.0,pareto,biased,random,0.02,0.2,0.2,5.0,1.0,0.1,300,0,0.0,True,True,fixed,26,continue_after_avalanche,period_end,fixed,fixed__K26__pareto__biased__random,19,20,fixed_k,26.0,0.13
2028020021,True,300,7800,36,936,26,26,7800,936,983,17,17,1723,240,0.085,False,4006,4006,983,0.3003819271093362,0.8694982526210686,0,128,200,20.0,pareto,biased,random,0.02,0.2,0.2,5.0,1.0,0.1,300,0,0.0,True,True,fixed,26,continue_after_avalanche,period_end,fixed,fixed__K26__pareto__biased__random,19,21,fixed_k,26.0,0.13
2028020022,True,300,7800,33,858,26,26,7800,858,716,22,22,2093,239,0.11,True,4002,4002,716,0.2854222888555724,0.9141554222888557,0,126,200,20.0,pareto,biased,random,0.02,0.2,0.2,5.0,1.0,0.1,300,0,0.0,True,True,fixed,26,continue_after_avalanche,period_end,fixed,fixed__K26__pareto__biased__random,19,22,fixed_k,26.0,0.13
2028020023,True,300,7800,35,910,26,26,7800,910,1311,21,21,1840,240,0.105,True,4008,4008,1311,0.2871956087824352,0.8586227544910181,0,128,200,20.0,pareto,biased,random,0.02,0.2,0.2,5.0,1.0,0.1,300,0,0.0,True,True,fixed,26,continue_after_avalanche,period_end,fixed,fixed__K26__pareto__biased__random,19,23,fixed_k,26.0,0.13
2028020024,True,300,7800,43,1118,26,26,7800,1118,735,23,23,2009,229,0.115,True,3998,3998,735,0.30202101050525276,0.9101375687843922,0,128,200,20.0,pareto,biased,random,0.02,0.2,0.2,5.0,1.0,0.1,300,0,0.0,True,True,fixed,26,continue_after_avalanche,period_end,fixed,fixed__K26__pareto__biased__random,19,24,fixed_k,26.0,0.13
2028020025,True,300,7800,18,468,26,26,7800,468,1238,23,23,1844,234,0.115,True,4004,4004,1238,0.2828171828171828,0.8737037962037963,0,123,200,20.0,pareto,biased,random,0.02,0.2,0.2,5.0,1.0,0.1,300,0,0.0,True,True,fixed,26,continue_after_avalanche,period_end,fixed,fixed__K26__pareto__biased__random,19,25,fixed_k,26.0,0.13
2028020026,True,300,7800,39,1014,26,26,7800,1014,759,22,22,2020,239,0.11,True,4003,4003,759,0.29701099175618295,0.898844616537597,0,121,200,20.0,pareto,biased,random,0.02,0.2,0.2,5.0,1.0,0.1,300,0,0.0,True,True,fixed,26,continue_after_avalanche,period_end,fixed,fixed__K26__pareto__biased__random,19,26,fixed_k,26.0,0.13
2028020027,True,300,7800,40,1040,26,26,7800,1040,408,26,26,2333,243,0.13,True,4005,4005,408,0.32811360799001266,0.9307253433208491,0,128,200,20.0,pareto,biased,random,0.02,0.2,0.2,5.0,1.0,0.1,300,0,0.0,True,True,fixed,26,continue_after_avalanche,period_end,fixed,fixed__K26__pareto__biased__random,19,27,fixed_k,26.0,0.13
2028020028,True,300,7800,28,728,26,26,7800,728,414,29,29,2455,253,0.145,True,4000,4000,414,0.37280500000000005,0.9596150000000001,0,124,200,20.0,pareto,biased,random,0.02,0.2,0.2,5.0,1.0,0.1,300,0,0.0,True,True,fixed,26,continue_after_avalanche,period_end,fixed,fixed__K26__pareto__biased__random,19,28,fixed_k,26.0,0.13
2028020029,True,300,7800,44,1144,26,26,7800,1144,502,25,25,2460,239,0.125,True,3997,3997,502,0.3407443082311734,0.9169114335751816,0,123,200,20.0,pareto,biased,random,0.02,0.2,0.2,5.0,1.0,0.1,300,0,0.0,True,True,fixed,26,continue_after_avalanche,period_end,fixed,fixed__K26__pareto__biased__random,19,29,fixed_k,26.0,0.13
2028020030,True,300,7800,30,780,26,26,7800,780,421,25,25,2697,253,0.125,True,4005,4005,421,0.3610749063670413,0.9458838951310862,0,125,200,20.0,pareto,biased,random,0.02,0.2,0.2,5.0,1.0,0.1,300,0,0.0,True,True,fixed,26,continue_after_avalanche,period_end,fixed,fixed__K26__pareto__biased__random,19,30,fixed_k,26.0,0.13
2028020031,True,300,7800,32,832,26,26,7800,832,1495,17,17,1665,238,0.085,False,3999,3999,1495,0.25778819704926237,0.8482908227056765,0,138,200,20.0,pareto,biased,random,0.02,0.2,0.2,5.0,1.0,0.1,300,0,0.0,True,True,fixed,26,continue_after_avalanche,period_end,fixed,fixed__K26__pareto__biased__random,19,31,fixed_k,26.0,0.13
2028020032,True,300,7800,35,910,26,26,7800,910,584,23,23,2342,240,0.115,True,3997,3997,584,0.3228709031773831,0.9203815361521142,0,124,200,20.0,pareto,biased,random,0.02,0.2,0.2,5.0,1.0,0.1,300,0,0.0,True,True,fixed,26,continue_after_avalanche,period_end,fixed,fixed__K26__pareto__biased__random,19,32,fixed_k,26.0,0.13
2028020033,True,300,7800,26,676,26,26,7800,676,491,23,23,2567,257,0.115,True,4006,4006,491,0.3559011482775838,0.9528232651023465,0,124,200,20.0,pareto,biased,random,0.02,0.2,0.2,5.0,1.0,0.1,300,0,0.0,True,True,fixed,26,continue_after_avalanche,period_end,fixed,fixed__K26__pareto__biased__random,19,33,fixed_k,26.0,0.13
2028020034,True,300,7800,29,754,26,26,7800,754,284,28,28,2499,249,0.14,True,3996,3996,284,0.35285785785785806,0.9627502502502503,0,119,200,20.0,pareto,biased,random,0.02,0.2,0.2,5.0,1.0,0.1,300,0,0.0,True,True,fixed,26,continue_after_avalanche,period_end,fixed,fixed__K26__pareto__biased__random,19,34,fixed_k,26.0,0.13
2028020035,True,300,7800,25,650,26,26,7800,650,866,22,22,2033,237,0.11,True,3998,3998,866,0.30364182091045544,0.9045897948974488,0,127,200,20.0,pareto,biased,random,0.02,0.2,0.2,5.0,1.0,0.1,300,0,0.0,True,True,fixed,26,continue_after_avalanche,period_end,fixed,fixed__K26__pareto__biased__random,19,35,fixed_k,26.0,0.13
2028020036,True,300,7800,29,754,26,26,7800,754,927,21,21,1865,245,0.105,True,4002,4002,927,0.28084957521239384,0.8778860569715143,0,126,200,20.0,pareto,biased,random,0.02,0.2,0.2,5.0,1.0,0.1,300,0,0.0,True,True,fixed,26,continue_after_avalanche,period_end,fixed,fixed__K26__pareto__biased__random,19,36,fixed_k,26.0,0.13
2028020037,True,300,7800,24,624,26,26,7800,624,357,25,25,2606,247,0.125,True,3997,3997,357,0.37602827120340265,0.9590430322742058,0,125,200,20.0,pareto,biased,random,0.02,0.2,0.2,5.0,1.0,0.1,300,0,0.0,True,True,fixed,26,continue_after_avalanche,period_end,fixed,fixed__K26__pareto__biased__random,19,37,fixed_k,26.0,0.13
2028020038,True,300,7800,27,702,26,26,7800,702,1008,19,19,1564,222,0.095,False,3998,3998,1008,0.2729864932466235,0.8854677338669337,0,125,200,20.0,pareto,biased,random,0.02,0.2,0.2,5.0,1.0,0.1,300,0,0.0,True,True,fixed,26,continue_after_avalanche,period_end,fixed,fixed__K26__pareto__biased__random,19,38,fixed_k,26.0,0.13
2028020039,True,300,7800,40,1040,26,26,7800,1040,746,21,21,2022,241,0.105,True,3996,3996,746,0.31663163163163177,0.8901026026026027,0,126,200,20.0,pareto,biased,random,0.02,0.2,0.2,5.0,1.0,0.1,300,0,0.0,True,True,fixed,26,continue_after_avalanche,period_end,fixed,fixed__K26__pareto__biased__random,19,39,fixed_k,26.0,0.13
2028020040,True,300,7800,38,988,26,26,7800,988,942,21,21,1864,243,0.105,True,4003,4003,942,0.30246190357232083,0.9150549587809145,0,130,200,20.0,pareto,biased,random,0.02,0.2,0.2,5.0,1.0,0.1,300,0,0.0,True,True,fixed,26,continue_after_avalanche,period_end,fixed,fixed__K26__pareto__biased__random,19,40,fixed_k,26.0,0.13
2028020041,True,300,7800,27,702,26,26,7800,702,1209,19,19,1749,237,0.095,False,4004,4004,1209,0.285342157842158,0.8666133866133867,0,126,200,20.0,pareto,biased,random,0.02,0.2,0.2,5.0,1.0,0.1,300,0,0.0,True,True,fixed,26,continue_after_avalanche,period_end,fixed,fixed__K26__pareto__biased__random,19,41,fixed_k,26.0,0.13
2028020042,True,300,7800,39,1014,26,26,7800,1014,1052,22,22,1952,238,0.11,True,4003,4003,1052,0.2827416937297029,0.8898463652260806,0,125,200,20.0,pareto,biased,random,0.02,0.2,0.2,5.0,1.0,0.1,300,0,0.0,True,True,fixed,26,continue_after_avalanche,period_end,fixed,fixed__K26__pareto__biased__random,19,42,fixed_k,26.0,0.13
2028020043,True,300,7800,35,910,26,26,7800,910,928,22,22,2025,239,0.11,True,4001,4001,928,0.29568982754311435,0.8699087728067985,0,135,200,20.0,pareto,biased,random,0.02,0.2,0.2,5.0,1.0,0.1,300,0,0.0,True,True,fixed,26,continue_after_avalanche,period_end,fixed,fixed__K26__pareto__biased__random,19,43,fixed_k,26.0,0.13
2028020044,True,300,7800,40,1040,26,26,7800,1040,1121,27,27,1559,238,0.135,True,4000,4000,1121,0.23466750000000003,0.8404025000000002,0,129,200,20.0,pareto,biased,random,0.02,0.2,0.2,5.0,1.0,0.1,300,0,0.0,True,True,fixed,26,continue_after_avalanche,period_end,fixed,fixed__K26__pareto__biased__random,19,44,fixed_k,26.0,0.13
2028020045,True,300,7800,35,910,26,26,7800,910,684,23,23,2394,252,0.115,True,4002,4002,684,0.3557021489255374,0.9282633683158421,0,130,200,20.0,pareto,biased,random,0.02,0.2,0.2,5.0,1.0,0.1,300,0,0.0,True,True,fixed,26,continue_after_avalanche,period_end,fixed,fixed__K26__pareto__biased__random,19,45,fixed_k,26.0,0.13
2028020046,True,300,7800,29,754,26,26,7800,754,849,26,26,2078,246,0.13,True,3999,3999,849,0.31164666166541655,0.885630157539385,0,130,200,20.0,pareto,biased,random,0.02,0.2,0.2,5.0,1.0,0.1,300,0,0.0,True,True,fixed,26,continue_after_avalanche,period_end,fixed,fixed__K26__pareto__biased__random,19,46,fixed_k,26.0,0.13
2028020047,True,300,7800,39,1014,26,26,7800,1014,575,24,24,2400,245,0.12,True,3989,3989,575,0.3211769867134622,0.9373263975933819,0,130,200,20.0,pareto,biased,random,0.02,0.2,0.2,5.0,1.0,0.1,300,0,0.0,True,True,fixed,26,continue_after_avalanche,period_end,fixed,fixed__K26__pareto__biased__random,19,47,fixed_k,26.0,0.13
2028020048,True,300,7800,35,910,26,26,7800,910,928,24,24,2078,239,0.12,True,4003,4003,928,0.30176992255808144,0.8681526355233575,0,131,200,20.0,pareto,biased,random,0.02,0.2,0.2,5.0,1.0,0.1,300,0,0.0,True,True,fixed,26,continue_after_avalanche,period_end,fixed,fixed__K26__pareto__biased__random,19,48,fixed_k,26.0,0.13
2028020049,True,300,7800,24,624,26,26,7800,624,622,26,26,2429,250,0.13,True,3994,3994,622,0.33536805207811726,0.9326514772158239,0,128,200,20.0,pareto,biased,random,0.02,0.2,0.2,5.0,1.0,0.1,300,0,0.0,True,True,fixed,26,continue_after_avalanche,period_end,fixed,fixed__K26__pareto__biased__random,19,49,fixed_k,26.0,0.13
2028020050,True,300,7800,35,910,26,26,7800,910,917,23,23,2043,230,0.115,True,4005,4005,917,0.28088514357053684,0.9033146067415732,0,128,200,20.0,pareto,biased,random,0.02,0.2,0.2,5.0,1.0,0.1,300,0,0.0,True,True,fixed,26,continue_after_avalanche,period_end,fixed,fixed__K26__pareto__biased__random,19,50,fixed_k,26.0,0.13
2028020051,True,300,7800,30,780,26,26,7800,780,424,27,27,2710,253,0.135,True,4004,4004,424,0.3892807192807193,0.9492557442557443,0,125,200,20.0,pareto,biased,random,0.02,0.2,0.2,5.0,1.0,0.1,300,0,0.0,True,True,fixed,26,continue_after_avalanche,period_end,fixed,fixed__K26__pareto__biased__random,19,51,fixed_k,26.0,0.13
2028020052,True,300,7800,47,1222,26,26,7800,1222,1191,24,24,1731,230,0.12,True,3997,3997,1191,0.2509344508381286,0.8409269452089068,0,125,200,20.0,pareto,biased,random,0.02,0.2,0.2,5.0,1.0,0.1,300,0,0.0,True,True,fixed,26,continue_after_avalanche,period_end,fixed,fixed__K26__pareto__biased__random,19,52,fixed_k,26.0,0.13
2028020053,True,300,7800,17,442,26,26,7800,442,12,30,30,4232,271,0.15,True,3999,3999,12,0.5270905226306577,0.9945673918479621,0,113,200,20.0,pareto,biased,random,0.02,0.2,0.2,5.0,1.0,0.1,300,0,0.0,True,True,fixed,26,continue_after_avalanche,period_end,fixed,fixed__K26__pareto__biased__random,19,53,fixed_k,26.0,0.13
2028020054,True,300,7800,44,1144,26,26,7800,1144,484,23,23,2141,236,0.115,True,4002,4002,484,0.3122288855572215,0.9273713143428286,0,131,200,20.0,pareto,biased,random,0.02,0.2,0.2,5.0,1.0,0.1,300,0,0.0,True,True,fixed,26,continue_after_avalanche,period_end,fixed,fixed__K26__pareto__biased__random,19,54,fixed_k,26.0,0.13
2028020055,True,300,7800,23,598,26,26,7800,598,1162,19,19,1840,247,0.095,False,3990,3990,1162,0.2980100250626567,0.8665012531328322,0,129,200,20.0,pareto,biased,random,0.02,0.2,0.2,5.0,1.0,0.1,300,0,0.0,True,True,fixed,26,continue_after_avalanche,period_end,fixed,fixed__K26__pareto__biased__random,19,55,fixed_k,26.0,0.13
2028020056,True,300,7800,33,858,26,26,7800,858,810,27,27,2111,247,0.135,True,4004,4004,810,0.31894105894105906,0.8956193806193806,0,127,200,20.0,pareto,biased,random,0.02,0.2,0.2,5.0,1.0,0.1,300,0,0.0,True,True,fixed,26,continue_after_avalanche,period_end,fixed,fixed__K26__pareto__biased__random,19,56,fixed_k,26.0,0.13
2028020057,True,300,7800,33,858,26,26,7800,858,1011,21,21,1876,238,0.105,True,3998,3998,1011,0.285630315157579,0.8710580290145074,0,132,200,20.0,pareto,biased,random,0.02,0.2,0.2,5.0,1.0,0.1,300,0,0.0,True,True,fixed,26,continue_after_avalanche,period_end,fixed,fixed__K26__pareto__biased__random,19,57,fixed_k,26.0,0.13
2028020058,True,300,7800,37,962,26,26,7800,962,536,24,24,2170,237,0.12,True,4002,4002,536,0.3348525737131436,0.9428210894552724,0,129,200,20.0,pareto,biased,random,0.02,0.2,0.2,5.0,1.0,0.1,300,0,0.0,True,True,fixed,26,continue_after_avalanche,period_end,fixed,fixed__K26__pareto__biased__random,19,58,fixed_k,26.0,0.13
2028020059,True,300,7800,29,754,26,26,7800,754,482,26,26,2473,253,0.13,True,4006,4006,482,0.3501223165252123,0.9531902146779831,0,125,200,20.0,pareto,biased,random,0.02,0.2,0.2,5.0,1.0,0.1,300,0,0.0,True,True,fixed,26,continue_after_avalanche,period_end,fixed,fixed__K26__pareto__biased__random,19,59,fixed_k,26.0,0.13
2028120000,True,250,3500,2,28,14,14,3500,28,280,13,13,1497,242,0.13,True,2033,2033,280,0.5324200688637482,0.919257255287752,0,65,100,20.0,lognormal,biased,random,0.02,0.2,0.2,5.0,1.0,0.1,250,0,0.0,True,True,fixed,14,continue_after_avalanche,period_end,finite_fixed,finite_fixed__N100_K14__lognormal__biased__random,20,0,k_per_node,0.14,0.14
2028120001,True,250,3500,2,28,14,14,3500,28,255,14,14,1750,239,0.14,True,2033,2033,255,0.5680029513034923,0.9062223315297591,0,69,100,20.0,lognormal,biased,random,0.02,0.2,0.2,5.0,1.0,0.1,250,0,0.0,True,True,fixed,14,continue_after_avalanche,period_end,finite_fixed,finite_fixed__N100_K14__lognormal__biased__random,20,1,k_per_node,0.14,0.14
2028120002,True,250,3500,4,56,14,14,3500,56,471,12,12,1308,237,0.12,True,2221,2221,471,0.5078208014407923,0.8723773075191354,0,68,100,20.0,lognormal,biased,random,0.02,0.2,0.2,5.0,1.0,0.1,250,0,0.0,True,True,fixed,14,continue_after_avalanche,period_end,finite_fixed,finite_fixed__N100_K14__lognormal__biased__random,20,2,k_per_node,0.14,0.14
2028120003,True,250,3500,4,56,14,14,3500,56,252,14,14,1531,237,0.14,True,1872,1872,252,0.4919871794871795,0.926292735042735,0,58,100,20.0,lognormal,biased,random,0.02,0.2,0.2,5.0,1.0,0.1,250,0,0.0,True,True,fixed,14,continue_after_avalanche,period_end,finite_fixed,finite_fixed__N100_K14__lognormal__biased__random,20,3,k_per_node,0.14,0.14
2028120004,True,250,3500,1,14,14,14,3500,14,427,14,14,1220,234,0.14,True,2129,2129,427,0.5258008454673555,0.9440441521841241,0,70,100,20.0,lognormal,biased,random,0.02,0.2,0.2,5.0,1.0,0.1,250,0,0.0,True,True,fixed,14,continue_after_avalanche,period_end,finite_fixed,finite_fixed__N100_K14__lognormal__biased__random,20,4,k_per_node,0.14,0.14
2028120005,True,250,3500,5,70,14,14,3500,70,381,16,16,1381,235,0.16,True,1492,1492,381,0.39745308310991967,0.885804289544236,0,53,100,20.0,lognormal,biased,random,0.02,0.2,0.2,5.0,1.0,0.1,250,0,0.0,True,True,fixed,14,continue_after_avalanche,period_end,finite_fixed,finite_fixed__N100_K14__lognormal__biased__random,20,5,k_per_node,0.14,0.14
2028120006,True,250,3500,2,28,14,14,3500,28,423,14,14,1311,236,0.14,True,2392,2392,423,0.534581939799331,0.908586956521739,0,76,100,20.0,lognormal,biased,random,0.02,0.2,0.2,5.0,1.0,0.1,250,0,0.0,True,True,fixed,14,continue_after_avalanche,period_end,finite_fixed,finite_fixed__N100_K14__lognormal__biased__random,20,6,k_per_node,0.14,0.14
2028120007,True,250,3500,2,28,14,14,3500,28,301,14,14,1400,236,0.14,True,1914,1914,301,0.4910762800417974,0.9040334378265413,0,62,100,20.0,lognormal,biased,random,0.02,0.2,0.2,5.0,1.0,0.1,250,0,0.0,True,True,fixed,14,continue_after_avalanche,period_end,finite_fixed,finite_fixed__N100_K14__lognormal__biased__random,20,7,k_per_node,0.14,0.14
2028120008,True,250,3500,2,28,14,14,3500,28,345,15,15,1391,243,0.15,True,2131,2131,345,0.5175739089629281,0.8886109807602065,0,66,100,20.0,lognormal,biased,random,0.02,0.2,0.2,5.0,1.0,0.1,250,0,0.0,True,True,fixed,14,continue_after_avalanche,period_end,finite_fixed,finite_fixed__N100_K14__lognormal__biased__random,20,8,k_per_node,0.14,0.14
2028120009,True,250,3500,2,28,14,14,3500,28,386,13,13,1333,237,0.13,True,1746,1746,386,0.4953493699885452,0.9029324169530355,0,57,100,20.0,lognormal,biased,random,0.02,0.2,0.2,5.0,1.0,0.1,250,0,0.0,True,True,fixed,14,continue_after_avalanche,period_end,finite_fixed,finite_fixed__N100_K14__lognormal__biased__random,20,9,k_per_node,0.14,0.14
2028120010,True,250,3500,6,84,14,14,3500,84,519,13,13,1299,241,0.13,True,2080,2080,519,0.47913461538461544,0.854298076923077,0,67,100,20.0,lognormal,biased,random,0.02,0.2,0.2,5.0,1.0,0.1,250,0,0.0,True,True,fixed,14,continue_after_avalanche,period_end,finite_fixed,finite_fixed__N100_K14__lognormal__biased__random,20,10,k_per_node,0.14,0.14
2028120011,True,250,3500,4,56,14,14,3500,56,254,16,16,1381,235,0.16,True,2206,2206,254,0.5196101541251132,0.9168087035358115,0,67,100,20.0,lognormal,biased,random,0.02,0.2,0.2,5.0,1.0,0.1,250,0,0.0,True,True,fixed,14,continue_after_avalanche,period_end,finite_fixed,finite_fixed__N100_K14__lognormal__biased__random,20,11,k_per_node,0.14,0.14
2028120012,True,250,3500,6,84,14,14,3500,84,288,14,14,1551,237,0.14,True,1861,1861,288,0.5349435787211176,0.9507630306286943,0,60,100,20.0,lognormal,biased,random,0.02,0.2,0.2,5.0,1.0,0.1,250,0,0.0,True,True,fixed,14,continue_after_avalanche,period_end,finite_fixed,finite_fixed__N100_K14__lognormal__biased__random,20,12,k_per_node,0.14,0.14
2028120013,True,250,3500,1,14,14,14,3500,14,304,13,13,1418,240,0.13,True,2071,2071,304,0.524070497344278,0.897117334620956,0,63,100,20.0,lognormal,biased,random,0.02,0.2,0.2,5.0,1.0,0.1,250,0,0.0,True,True,fixed,14,continue_after_avalanche,period_end,finite_fixed,finite_fixed__N100_K14__lognormal__biased__random,20,13,k_per_node,0.14,0.14
2028120014,True,250,3500,9,126,14,14,3500,126,193,14,14,1647,233,0.14,True,2042,2042,193,0.5511361410381979,0.9408521057786483,0,60,100,20.0,lognormal,biased,random,0.02,0.2,0.2,5.0,1.0,0.1,250,0,0.0,True,True,fixed,14,continue_after_avalanche,period_end,finite_fixed,finite_fixed__N100_K14__lognormal__biased__random,20,14,k_per_node,0.14,0.14
2028120015,True,250,3500,2,28,14,14,3500,28,394,13,13,1345,239,0.13,True,1939,1939,394,0.501335740072202,0.8774161939143887,0,66,100,20.0,lognormal,biased,random,0.02,0.2,0.2,5.0,1.0,0.1,250,0,0.0,True,True,fixed,14,continue_after_avalanche,period_end,finite_fixed,finite_fixed__N100_K14__lognormal__biased__random,20,15,k_per_node,0.14,0.14
2028120016,True,250,3500,2,28,14,14,3500,28,236,15,15,1558,239,0.15,True,1479,1479,236,0.4838201487491549,0.9396416497633535,0,53,100,20.0,lognormal,biased,random,0.02,0.2,0.2,5.0,1.0,0.1,250,0,0.0,True,True,fixed,14,continue_after_avalanche,period_end,finite_fixed,finite_fixed__N100_K14__lognormal__biased__random,20,16,k_per_node,0.14,0.14
2028120017,True,250,3500,2,28,14,14,3500,28,170,16,16,1467,241,0.16,True,1926,1926,170,0.5217030114226375,0.9389304257528557,0,62,100,20.0,lognormal,biased,random,0.02,0.2,0.2,5.0,1.0,0.1,250,0,0.0,True,True,fixed,14,continue_after_avalanche,period_end,finite_fixed,finite_fixed__N100_K14__lognormal__biased__random,20,17,k_per_node,0.14,0.14
2028120018,True,250,3500,1,14,14,14,3500,14,212,17,17,1465,230,0.17,True,1929,1929,212,0.49026956972524616,0.9261016070502852,0,63,100,20.0,lognormal,biased,random,0.02,0.2,0.2,5.0,1.0,0.1,250,0,0.0,True,True,fixed,14,continue_after_avalanche,period_end,finite_fixed,finite_fixed__N100_K14__lognormal__biased__random,20,18,k_per_node,0.14,0.14
2028120019,True,250,3500,1,14,14,14,3500,14,218,17,17,1486,236,0.17,True,1925,1925,218,0.5240987012987013,0.9187792207792207,0,62,100,20.0,lognormal,biased,random,0.02,0.2,0.2,5.0,1.0,0.1,250,0,0.0,True,True,fixed,14,continue_after_avalanche,period_end,finite_fixed,finite_fixed__N100_K14__lognormal__biased__random,20,19,k_per_node,0.14,0.14
2028120020,True,250,3500,2,28,14,14,3500,28,376,13,13,1391,239,0.13,True,1758,1758,376,0.4846985210466439,0.9077246871444824,0,60,100,20.0,lognormal,biased,random,0.02,0.2,0.2,5.0,1.0,0.1,250,0,0.0,True,True,fixed,14,continue_after_avalanche,period_end,finite_fixed,finite_fixed__N100_K14__lognormal__biased__random,20,20,k_per_node,0.14,0.14
2028120021,True,250,3500,12,168,14,14,3500,168,321,15,15,1426,235,0.15,True,1727,1727,321,0.44549507817023737,0.8898262883613202,0,58,100,20.0,lognormal,biased,random,0.02,0.2,0.2,5.0,1.0,0.1,250,0,0.0,True,True,fixed,14,continue_after_avalanche,period_end,finite_fixed,finite_fixed__N100_K14__lognormal__biased__random,20,21,k_per_node,0.14,0.14
2028120022,True,250,3500,2,28,14,14,3500,28,248,17,17,1450,241,0.17,True,1761,1761,248,0.4669789892106757,0.8939295854628053,0,56,100,20.0,lognormal,biased,random,0.02,0.2,0.2,5.0,1.0,0.1,250,0,0.0,True,True,fixed,14,continue_after_avalanche,period_end,finite_fixed,finite_fixed__N100_K14__lognormal__biased__random,20,22,k_per_node,0.14,0.14
2028120023,True,250,3500,10,140,14,14,3500,140,261,15,15,1426,233,0.15,True,1925,1925,261,0.5207740259740259,0.9148935064935064,0,65,100,20.0,lognormal,biased,random,0.02,0.2,0.2,5.0,1.0,0.1,250,0,0.0,True,True,fixed,14,continue_after_avalanche,period_end,finite_fixed,finite_fixed__N100_K14__lognormal__biased__random,20,23,k_per_node,0.14,0.14
2028120024,True,250,3500,3,42,14,14,3500,42,169,15,15,1555,237,0.15,True,2096,2096,169,0.5452480916030533,0.9347996183206106,0,64,100,20.0,lognormal,biased,random,0.02,0.2,0.2,5.0,1.0,0.1,250,0,0.0,True,True,fixed,14,continue_after_avalanche,period_end,finite_fixed,finite_fixed__N100_K14__lognormal__biased__random,20,24,k_per_node,0.14,0.14
2028120025,True,250,3500,3,42,14,14,3500,42,154,17,17,1637,240,0.17,True,2105,2105,154,0.5631781472684085,0.9477767220902613,0,68,100,20.0,lognormal,biased,random,0.02,0.2,0.2,5.0,1.0,0.1,250,0,0.0,True,True,fixed,14,continue_after_avalanche,period_end,finite_fixed,finite_fixed__N100_K14__lognormal__biased__random,20,25,k_per_node,0.14,0.14
2028120026,True,250,3500,1,14,14,14,3500,14,404,14,14,1317,237,0.14,True,2144,2144,404,0.5144869402985075,0.8712033582089551,0,70,100,20.0,lognormal,biased,random,0.02,0.2,0.2,5.0,1.0,0.1,250,0,0.0,True,True,fixed,14,continue_after_avalanche,period_end,finite_fixed,finite_fixed__N100_K14__lognormal__biased__random,20,26,k_per_node,0.14,0.14
2028120027,True,250,3500,1,14,14,14,3500,14,345,14,14,1471,238,0.14,True,2146,2146,345,0.5180801491146318,0.8814072693383037,0,71,100,20.0,lognormal,biased,random,0.02,0.2,0.2,5.0,1.0,0.1,250,0,0.0,True,True,fixed,14,continue_after_avalanche,period_end,finite_fixed,finite_fixed__N100_K14__lognormal__biased__random,20,27,k_per_node,0.14,0.14
2028120028,True,250,3500,1,14,14,14,3500,14,98,15,15,1656,241,0.15,True,1729,1729,98,0.5134586466165414,0.9369982648930018,0,58,100,20.0,lognormal,biased,random,0.02,0.2,0.2,5.0,1.0,0.1,250,0,0.0,True,True,fixed,14,continue_after_avalanche,period_end,finite_fixed,finite_fixed__N100_K14__lognormal__biased__random,20,28,k_per_node,0.14,0.14
2028120029,True,250,3500,1,14,14,14,3500,14,432,18,18,1303,237,0.18,True,1883,1883,432,0.4851672862453531,0.8848698884758364,0,66,100,20.0,lognormal,biased,random,0.02,0.2,0.2,5.0,1.0,0.1,250,0,0.0,True,True,fixed,14,continue_after_avalanche,period_end,finite_fixed,finite_fixed__N100_K14__lognormal__biased__random,20,29,k_per_node,0.14,0.14
2028220000,True,250,7000,1,28,28,28,7000,28,760,23,23,2696,244,0.115,True,4059,4059,760,0.5027137225917715,0.9007945306725795,0,134,200,20.0,lognormal,biased,random,0.02,0.2,0.2,5.0,1.0,0.1,250,0,0.0,True,True,fixed,28,continue_after_avalanche,period_end,finite_fixed,finite_fixed__N200_K28__lognormal__biased__random,21,0,k_per_node,0.14,0.14
2028220001,True,250,7000,3,84,28,28,7000,84,371,28,28,2945,241,0.14,True,4354,4354,371,0.5528617363344053,0.9537161231051907,0,140,200,20.0,lognormal,biased,random,0.02,0.2,0.2,5.0,1.0,0.1,250,0,0.0,True,True,fixed,28,continue_after_avalanche,period_end,finite_fixed,finite_fixed__N200_K28__lognormal__biased__random,21,1,k_per_node,0.14,0.14
2028220002,True,250,7000,1,28,28,28,7000,28,556,25,25,2807,246,0.125,True,3715,3715,556,0.49151951547779293,0.905742934051144,0,123,200,20.0,lognormal,biased,random,0.02,0.2,0.2,5.0,1.0,0.1,250,0,0.0,True,True,fixed,28,continue_after_avalanche,period_end,finite_fixed,finite_fixed__N200_K28__lognormal__biased__random,21,2,k_per_node,0.14,0.14
2028220003,True,250,7000,2,56,28,28,7000,56,634,25,25,2631,243,0.125,True,3966,3966,634,0.4896898638426628,0.907879475542108,0,124,200,20.0,lognormal,biased,random,0.02,0.2,0.2,5.0,1.0,0.1,250,0,0.0,True,True,fixed,28,continue_after_avalanche,period_end,finite_fixed,finite_fixed__N200_K28__lognormal__biased__random,21,3,k_per_node,0.14,0.14
2028220004,True,250,7000,2,56,28,28,7000,56,456,25,25,2896,240,0.125,True,3355,3355,456,0.46264828614008957,0.920430700447094,0,114,200,20.0,lognormal,biased,random,0.02,0.2,0.2,5.0,1.0,0.1,250,0,0.0,True,True,fixed,28,continue_after_avalanche,period_end,finite_fixed,finite_fixed__N200_K28__lognormal__biased__random,21,4,k_per_node,0.14,0.14
2028220005,True,250,7000,2,56,28,28,7000,56,471,27,27,2930,244,0.135,True,4214,4214,471,0.553296155671571,0.9388182249644044,0,131,200,20.0,lognormal,biased,random,0.02,0.2,0.2,5.0,1.0,0.1,250,0,0.0,True,True,fixed,28,continue_after_avalanche,period_end,finite_fixed,finite_fixed__N200_K28__lognormal__biased__random,21,5,k_per_node,0.14,0.14
2028220006,True,250,7000,3,84,28,28,7000,84,808,23,23,2880,245,0.115,True,3581,3581,808,0.5150363027087408,0.9066978497626363,0,116,200,20.0,lognormal,biased,random,0.02,0.2,0.2,5.0,1.0,0.1,250,0,0.0,True,True,fixed,28,continue_after_avalanche,period_end,finite_fixed,finite_fixed__N200_K28__lognormal__biased__random,21,6,k_per_node,0.14,0.14
2028220007,True,250,7000,1,28,28,28,7000,28,456,26,26,3194,249,0.13,True,3675,3675,456,0.5398244897959186,0.9307442176870748,0,120,200,20.0,lognormal,biased,random,0.02,0.2,0.2,5.0,1.0,0.1,250,0,0.0,True,True,fixed,28,continue_after_avalanche,period_end,finite_fixed,finite_fixed__N200_K28__lognormal__biased__random,21,7,k_per_node,0.14,0.14
2028220008,True,250,7000,3,84,28,28,7000,84,649,25,25,2691,244,0.125,True,4481,4481,649,0.5051762999330507,0.8870955143941086,0,137,200,20.0,lognormal,biased,random,0.02,0.2,0.2,5.0,1.0,0.1,250,0,0.0,True,True,fixed,28,continue_after_avalanche,period_end,finite_fixed,finite_fixed__N200_K28__lognormal__biased__random,21,8,k_per_node,0.14,0.14
2028220009,True,250,7000,3,84,28,28,7000,84,439,29,29,2916,241,0.145,True,3946,3946,439,0.5254206791687785,0.931383679675621,0,126,200,20.0,lognormal,biased,random,0.02,0.2,0.2,5.0,1.0,0.1,250,0,0.0,True,True,fixed,28,continue_after_avalanche,period_end,finite_fixed,finite_fixed__N200_K28__lognormal__biased__random,21,9,k_per_node,0.14,0.14
2028220010,True,250,7000,2,56,28,28,7000,56,582,25,25,2970,246,0.125,True,4170,4170,582,0.5447434052757796,0.9255659472422064,0,124,200,20.0,lognormal,biased,random,0.02,0.2,0.2,5.0,1.0,0.1,250,0,0.0,True,True,fixed,28,continue_after_avalanche,period_end,finite_fixed,finite_fixed__N200_K28__lognormal__biased__random,21,10,k_per_node,0.14,0.14
2028220011,True,250,7000,1,28,28,28,7000,28,745,23,23,2758,247,0.115,True,3918,3918,745,0.5159469116896376,0.9286523736600307,0,121,200,20.0,lognormal,biased,random,0.02,0.2,0.2,5.0,1.0,0.1,250,0,0.0,True,True,fixed,28,continue_after_avalanche,period_end,finite_fixed,finite_fixed__N200_K28__lognormal__biased__random,21,11,k_per_node,0.14,0.14
2028220012,True,250,7000,3,84,28,28,7000,84,785,23,23,2769,247,0.115,True,3769,3769,785,0.4986614486601222,0.9075417882727514,0,120,200,20.0,lognormal,biased,random,0.02,0.2,0.2,5.0,1.0,0.1,250,0,0.0,True,True,fixed,28,continue_after_avalanche,period_end,finite_fixed,finite_fixed__N200_K28__lognormal__biased__random,21,12,k_per_node,0.14,0.14
2028220013,True,250,7000,2,56,28,28,7000,56,895,22,22,2650,243,0.11,True,4611,4611,895,0.5500401214487096,0.8923845152895251,0,143,200,20.0,lognormal,biased,random,0.02,0.2,0.2,5.0,1.0,0.1,250,0,0.0,True,True,fixed,28,continue_after_avalanche,period_end,finite_fixed,finite_fixed__N200_K28__lognormal__biased__random,21,13,k_per_node,0.14,0.14
2028220014,True,250,7000,3,84,28,28,7000,84,617,29,29,2660,244,0.145,True,3907,3907,617,0.5116368057332994,0.9220872792423855,0,128,200,20.0,lognormal,biased,random,0.02,0.2,0.2,5.0,1.0,0.1,250,0,0.0,True,True,fixed,28,continue_after_avalanche,period_end,finite_fixed,finite_fixed__N200_K28__lognormal__biased__random,21,14,k_per_node,0.14,0.14
2028220015,True,250,7000,1,28,28,28,7000,28,593,29,29,2744,248,0.145,True,4208,4208,593,0.5012975285171104,0.914971482889734,0,134,200,20.0,lognormal,biased,random,0.02,0.2,0.2,5.0,1.0,0.1,250,0,0.0,True,True,fixed,28,continue_after_avalanche,period_end,finite_fixed,finite_fixed__N200_K28__lognormal__biased__random,21,15,k_per_node,0.14,0.14
2028220016,True,250,7000,1,28,28,28,7000,28,487,25,25,2988,245,0.125,True,4221,4221,487,0.5497192608386638,0.9322352523098794,0,133,200,20.0,lognormal,biased,random,0.02,0.2,0.2,5.0,1.0,0.1,250,0,0.0,True,True,fixed,28,continue_after_avalanche,period_end,finite_fixed,finite_fixed__N200_K28__lognormal__biased__random,21,16,k_per_node,0.14,0.14
2028220017,True,250,7000,2,56,28,28,7000,56,846,22,22,2522,244,0.11,True,3954,3954,846,0.4758017197774407,0.881631259484067,0,129,200,20.0,lognormal,biased,random,0.02,0.2,0.2,5.0,1.0,0.1,250,0,0.0,True,True,fixed,28,continue_after_avalanche,period_end,finite_fixed,finite_fixed__N200_K28__lognormal__biased__random,21,17,k_per_node,0.14,0.14
2028220018,True,250,7000,2,56,28,28,7000,56,628,25,25,2741,247,0.125,True,3726,3726,628,0.5080273752012883,0.9154830917874397,0,123,200,20.0,lognormal,biased,random,0.02,0.2,0.2,5.0,1.0,0.1,250,0,0.0,True,True,fixed,28,continue_after_avalanche,period_end,finite_fixed,finite_fixed__N200_K28__lognormal__biased__random,21,18,k_per_node,0.14,0.14
2028220019,True,250,7000,3,84,28,28,7000,84,447,28,28,3043,245,0.14,True,4169,4169,447,0.5558347325497723,0.9410134324778126,0,127,200,20.0,lognormal,biased,random,0.02,0.2,0.2,5.0,1.0,0.1,250,0,0.0,True,True,fixed,28,continue_after_avalanche,period_end,finite_fixed,finite_fixed__N200_K28__lognormal__biased__random,21,19,k_per_node,0.14,0.14
2028220020,True,250,7000,4,112,28,28,7000,112,829,21,21,2326,239,0.105,True,3443,3443,829,0.41502904443799027,0.8702367121696197,0,116,200,20.0,lognormal,biased,random,0.02,0.2,0.2,5.0,1.0,0.1,250,0,0.0,True,True,fixed,28,continue_after_avalanche,period_end,finite_fixed,finite_fixed__N200_K28__lognormal__biased__random,21,20,k_per_node,0.14,0.14
2028220021,True,250,7000,4,112,28,28,7000,112,418,26,26,2959,243,0.13,True,3845,3845,418,0.5122041612483745,0.9167477243172952,0,126,200,20.0,lognormal,biased,random,0.02,0.2,0.2,5.0,1.0,0.1,250,0,0.0,True,True,fixed,28,continue_after_avalanche,period_end,finite_fixed,finite_fixed__N200_K28__lognormal__biased__random,21,21,k_per_node,0.14,0.14
2028220022,True,250,7000,4,112,28,28,7000,112,675,24,24,2963,246,0.12,True,3510,3510,675,0.5126695156695158,0.9067977207977209,0,119,200,20.0,lognormal,biased,random,0.02,0.2,0.2,5.0,1.0,0.1,250,0,0.0,True,True,fixed,28,continue_after_avalanche,period_end,finite_fixed,finite_fixed__N200_K28__lognormal__biased__random,21,22,k_per_node,0.14,0.14
2028220023,True,250,7000,1,28,28,28,7000,28,873,24,24,2565,240,0.12,True,3695,3695,873,0.46950608930987836,0.890962110960758,0,126,200,20.0,lognormal,biased,random,0.02,0.2,0.2,5.0,1.0,0.1,250,0,0.0,True,True,fixed,28,continue_after_avalanche,period_end,finite_fixed,finite_fixed__N200_K28__lognormal__biased__random,21,23,k_per_node,0.14,0.14
2028220024,True,250,7000,2,56,28,28,7000,56,643,23,23,2774,245,0.115,True,3964,3964,643,0.5160469223007065,0.9112285570131182,0,128,200,20.0,lognormal,biased,random,0.02,0.2,0.2,5.0,1.0,0.1,250,0,0.0,True,True,fixed,28,continue_after_avalanche,period_end,finite_fixed,finite_fixed__N200_K28__lognormal__biased__random,21,24,k_per_node,0.14,0.14
2028220025,True,250,7000,3,84,28,28,7000,84,676,23,23,2668,244,0.115,True,3820,3820,676,0.4995104712041887,0.9143089005235603,0,126,200,20.0,lognormal,biased,random,0.02,0.2,0.2,5.0,1.0,0.1,250,0,0.0,True,True,fixed,28,continue_after_avalanche,period_end,finite_fixed,finite_fixed__N200_K28__lognormal__biased__random,21,25,k_per_node,0.14,0.14
2028220026,True,250,7000,2,56,28,28,7000,56,749,25,25,2810,246,0.125,True,3925,3925,749,0.5204292993630575,0.9052726114649683,0,123,200,20.0,lognormal,biased,random,0.02,0.2,0.2,5.0,1.0,0.1,250,0,0.0,True,True,fixed,28,continue_after_avalanche,period_end,finite_fixed,finite_fixed__N200_K28__lognormal__biased__random,21,26,k_per_node,0.14,0.14
2028220027,True,250,7000,1,28,28,28,7000,28,674,25,25,2910,246,0.125,True,4070,4070,674,0.522813267813268,0.922972972972973,0,129,200,20.0,lognormal,biased,random,0.02,0.2,0.2,5.0,1.0,0.1,250,0,0.0,True,True,fixed,28,continue_after_avalanche,period_end,finite_fixed,finite_fixed__N200_K28__lognormal__biased__random,21,27,k_per_node,0.14,0.14
2028220028,True,250,7000,1,28,28,28,7000,28,737,21,21,2659,245,0.105,True,3791,3791,737,0.5045199155895543,0.8928686362437352,0,121,200,20.0,lognormal,biased,random,0.02,0.2,0.2,5.0,1.0,0.1,250,0,0.0,True,True,fixed,28,continue_after_avalanche,period_end,finite_fixed,finite_fixed__N200_K28__lognormal__biased__random,21,28,k_per_node,0.14,0.14
2028220029,True,250,7000,2,56,28,28,7000,56,860,24,24,2559,241,0.12,True,4240,4240,860,0.49355896226415097,0.8742853773584907,0,130,200,20.0,lognormal,biased,random,0.02,0.2,0.2,5.0,1.0,0.1,250,0,0.0,True,True,fixed,28,continue_after_avalanche,period_end,finite_fixed,finite_fixed__N200_K28__lognormal__biased__random,21,29,k_per_node,0.14,0.14
2028320000,True,250,17500,2,140,70,70,17500,140,1649,58,58,6786,248,0.116,True,9602,9602,1649,0.49216079983336813,0.9126065403041033,0,311,500,20.0,lognormal,biased,random,0.02,0.2,0.2,5.0,1.0,0.1,250,0,0.0,True,True,fixed,70,continue_after_avalanche,period_end,finite_fixed,finite_fixed__N500_K70__lognormal__biased__random,22,0,k_per_node,0.14,0.14
2028320001,True,250,17500,1,70,70,70,17500,70,1877,52,52,6702,249,0.104,True,10975,10975,1877,0.5324659681093393,0.8999695671981778,0,347,500,20.0,lognormal,biased,random,0.02,0.2,0.2,5.0,1.0,0.1,250,0,0.0,True,True,fixed,70,continue_after_avalanche,period_end,finite_fixed,finite_fixed__N500_K70__lognormal__biased__random,22,1,k_per_node,0.14,0.14
2028320002,True,250,17500,1,70,70,70,17500,70,1479,57,57,7038,248,0.114,True,9474,9474,1479,0.4996905214270635,0.9081747941735276,0,305,500,20.0,lognormal,biased,random,0.02,0.2,0.2,5.0,1.0,0.1,250,0,0.0,True,True,fixed,70,continue_after_avalanche,period_end,finite_fixed,finite_fixed__N500_K70__lognormal__biased__random,22,2,k_per_node,0.14,0.14
2028320003,True,250,17500,1,70,70,70,17500,70,1517,55,55,6945,250,0.11,True,9934,9934,1517,0.521632373666197,0.9140225488222267,0,323,500,20.0,lognormal,biased,random,0.02,0.2,0.2,5.0,1.0,0.1,250,0,0.0,True,True,fixed,70,continue_after_avalanche,period_end,finite_fixed,finite_fixed__N500_K70__lognormal__biased__random,22,3,k_per_node,0.14,0.14
2028320004,True,250,17500,1,70,70,70,17500,70,1438,55,55,6953,249,0.11,True,9941,9941,1438,0.5168262750226336,0.9166568755658384,0,319,500,20.0,lognormal,biased,random,0.02,0.2,0.2,5.0,1.0,0.1,250,0,0.0,True,True,fixed,70,continue_after_avalanche,period_end,finite_fixed,finite_fixed__N500_K70__lognormal__biased__random,22,4,k_per_node,0.14,0.14
2028320005,True,250,17500,1,70,70,70,17500,70,1437,56,56,6838,250,0.112,True,10278,10278,1437,0.5378777972368165,0.9370060323020042,0,321,500,20.0,lognormal,biased,random,0.02,0.2,0.2,5.0,1.0,0.1,250,0,0.0,True,True,fixed,70,continue_after_avalanche,period_end,finite_fixed,finite_fixed__N500_K70__lognormal__biased__random,22,5,k_per_node,0.14,0.14
2028320006,True,250,17500,1,70,70,70,17500,70,1187,60,60,7281,249,0.12,True,9149,9149,1187,0.504283528254454,0.9287723248442452,0,294,500,20.0,lognormal,biased,random,0.02,0.2,0.2,5.0,1.0,0.1,250,0,0.0,True,True,fixed,70,continue_after_avalanche,period_end,finite_fixed,finite_fixed__N500_K70__lognormal__biased__random,22,6,k_per_node,0.14,0.14
2028320007,True,250,17500,1,70,70,70,17500,70,1667,58,58,6876,249,0.116,True,10070,10070,1667,0.5194248262164847,0.903945183714002,0,319,500,20.0,lognormal,biased,random,0.02,0.2,0.2,5.0,1.0,0.1,250,0,0.0,True,True,fixed,70,continue_after_avalanche,period_end,finite_fixed,finite_fixed__N500_K70__lognormal__biased__random,22,7,k_per_node,0.14,0.14
2028320008,True,250,17500,1,70,70,70,17500,70,1768,58,58,6694,250,0.116,True,9666,9666,1768,0.5010717980550383,0.9114487895716945,0,319,500,20.0,lognormal,biased,random,0.02,0.2,0.2,5.0,1.0,0.1,250,0,0.0,True,True,fixed,70,continue_after_avalanche,period_end,finite_fixed,finite_fixed__N500_K70__lognormal__biased__random,22,8,k_per_node,0.14,0.14
2028320009,True,250,17500,1,70,70,70,17500,70,1349,55,55,7046,250,0.11,True,10565,10565,1349,0.540349645054425,0.9439309039280643,0,339,500,20.0,lognormal,biased,random,0.02,0.2,0.2,5.0,1.0,0.1,250,0,0.0,True,True,fixed,70,continue_after_avalanche,period_end,finite_fixed,finite_fixed__N500_K70__lognormal__biased__random,22,9,k_per_node,0.14,0.14
2028320010,True,250,17500,1,70,70,70,17500,70,1931,55,55,6638,248,0.11,True,10199,10199,1931,0.5118315521129522,0.909218746935974,0,328,500,20.0,lognormal,biased,random,0.02,0.2,0.2,5.0,1.0,0.1,250,0,0.0,True,True,fixed,70,continue_after_avalanche,period_end,finite_fixed,finite_fixed__N500_K70__lognormal__biased__random,22,10,k_per_node,0.14,0.14
2028320011,True,250,17500,2,140,70,70,17500,140,1525,54,54,6953,249,0.108,True,9812,9812,1525,0.5147109661638809,0.9190069302894415,0,313,500,20.0,lognormal,biased,random,0.02,0.2,0.2,5.0,1.0,0.1,250,0,0.0,True,True,fixed,70,continue_after_avalanche,period_end,finite_fixed,finite_fixed__N500_K70__lognormal__biased__random,22,11,k_per_node,0.14,0.14
2028320012,True,250,17500,2,140,70,70,17500,140,1464,53,53,6696,249,0.106,True,9446,9446,1464,0.4778839720516621,0.9028778318865127,0,307,500,20.0,lognormal,biased,random,0.02,0.2,0.2,5.0,1.0,0.1,250,0,0.0,True,True,fixed,70,continue_after_avalanche,period_end,finite_fixed,finite_fixed__N500_K70__lognormal__biased__random,22,12,k_per_node,0.14,0.14
2028320013,True,250,17500,1,70,70,70,17500,70,1635,51,51,7400,249,0.102,True,9107,9107,1635,0.5080476556495004,0.9310251454924783,0,300,500,20.0,lognormal,biased,random,0.02,0.2,0.2,5.0,1.0,0.1,250,0,0.0,True,True,fixed,70,continue_after_avalanche,period_end,finite_fixed,finite_fixed__N500_K70__lognormal__biased__random,22,13,k_per_node,0.14,0.14
2028320014,True,250,17500,1,70,70,70,17500,70,1230,67,67,7207,248,0.134,True,9262,9262,1230,0.4965795724465558,0.9352433599654502,0,289,500,20.0,lognormal,biased,random,0.02,0.2,0.2,5.0,1.0,0.1,250,0,0.0,True,True,fixed,70,continue_after_avalanche,period_end,finite_fixed,finite_fixed__N500_K70__lognormal__biased__random,22,14,k_per_node,0.14,0.14
2028320015,True,250,17500,1,70,70,70,17500,70,1435,57,57,7170,250,0.114,True,9937,9937,1435,0.5169324745899164,0.9189326758579048,0,313,500,20.0,lognormal,biased,random,0.02,0.2,0.2,5.0,1.0,0.1,250,0,0.0,True,True,fixed,70,continue_after_avalanche,period_end,finite_fixed,finite_fixed__N500_K70__lognormal__biased__random,22,15,k_per_node,0.14,0.14
2028320016,True,250,17500,1,70,70,70,17500,70,1330,60,60,7364,250,0.12,True,10004,10004,1330,0.5323138744502198,0.9242323070771692,0,328,500,20.0,lognormal,biased,random,0.02,0.2,0.2,5.0,1.0,0.1,250,0,0.0,True,True,fixed,70,continue_after_avalanche,period_end,finite_fixed,finite_fixed__N500_K70__lognormal__biased__random,22,16,k_per_node,0.14,0.14
2028320017,True,250,17500,1,70,70,70,17500,70,1491,55,55,6975,248,0.11,True,10493,10493,1491,0.538068235966835,0.9178387496426188,0,323,500,20.0,lognormal,biased,random,0.02,0.2,0.2,5.0,1.0,0.1,250,0,0.0,True,True,fixed,70,continue_after_avalanche,period_end,finite_fixed,finite_fixed__N500_K70__lognormal__biased__random,22,17,k_per_node,0.14,0.14
2028320018,True,250,17500,1,70,70,70,17500,70,1912,52,52,6681,250,0.104,True,9522,9522,1912,0.4897676958622139,0.8913900441083806,0,307,500,20.0,lognormal,biased,random,0.02,0.2,0.2,5.0,1.0,0.1,250,0,0.0,True,True,fixed,70,continue_after_avalanche,period_end,finite_fixed,finite_fixed__N500_K70__lognormal__biased__random,22,18,k_per_node,0.14,0.14
2028320019,True,250,17500,2,140,70,70,17500,140,1437,53,53,7115,247,0.106,True,9732,9732,1437,0.5116695437731196,0.9104837648993012,0,321,500,20.0,lognormal,biased,random,0.02,0.2,0.2,5.0,1.0,0.1,250,0,0.0,True,True,fixed,70,continue_after_avalanche,period_end,finite_fixed,finite_fixed__N500_K70__lognormal__biased__random,22,19,k_per_node,0.14,0.14
2028320020,True,250,17500,2,140,70,70,17500,140,1627,54,54,6841,249,0.108,True,9199,9199,1627,0.4979713012283944,0.9061274051527339,0,305,500,20.0,lognormal,biased,random,0.02,0.2,0.2,5.0,1.0,0.1,250,0,0.0,True,True,fixed,70,continue_after_avalanche,period_end,finite_fixed,finite_fixed__N500_K70__lognormal__biased__random,22,20,k_per_node,0.14,0.14
2028320021,True,250,17500,1,70,70,70,17500,70,1764,52,52,6540,250,0.104,True,10531,10531,1764,0.5016304244611147,0.8905085936758144,0,338,500,20.0,lognormal,biased,random,0.02,0.2,0.2,5.0,1.0,0.1,250,0,0.0,True,True,fixed,70,continue_after_avalanche,period_end,finite_fixed,finite_fixed__N500_K70__lognormal__biased__random,22,21,k_per_node,0.14,0.14
2028320022,True,250,17500,1,70,70,70,17500,70,1213,59,59,7407,250,0.118,True,10271,10271,1213,0.5520901567520202,0.9361882971473079,0,335,500,20.0,lognormal,biased,random,0.02,0.2,0.2,5.0,1.0,0.1,250,0,0.0,True,True,fixed,70,continue_after_avalanche,period_end,finite_fixed,finite_fixed__N500_K70__lognormal__biased__random,22,22,k_per_node,0.14,0.14
2028320023,True,250,17500,1,70,70,70,17500,70,1579,53,53,6984,250,0.106,True,9506,9506,1579,0.5013902798232694,0.9054252051335998,0,312,500,20.0,lognormal,biased,random,0.02,0.2,0.2,5.0,1.0,0.1,250,0,0.0,True,True,fixed,70,continue_after_avalanche,period_end,finite_fixed,finite_fixed__N500_K70__lognormal__biased__random,22,23,k_per_node,0.14,0.14
2028320024,True,250,17500,1,70,70,70,17500,70,1480,56,56,7506,249,0.112,True,10310,10310,1480,0.5530013579049466,0.9309272550921435,0,330,500,20.0,lognormal,biased,random,0.02,0.2,0.2,5.0,1.0,0.1,250,0,0.0,True,True,fixed,70,continue_after_avalanche,period_end,finite_fixed,finite_fixed__N500_K70__lognormal__biased__random,22,24,k_per_node,0.14,0.14
2028320025,True,250,17500,1,70,70,70,17500,70,1670,52,52,6937,250,0.104,True,9486,9486,1670,0.5034307400379507,0.9129470799072317,0,307,500,20.0,lognormal,biased,random,0.02,0.2,0.2,5.0,1.0,0.1,250,0,0.0,True,True,fixed,70,continue_after_avalanche,period_end,finite_fixed,finite_fixed__N500_K70__lognormal__biased__random,22,25,k_per_node,0.14,0.14
2028320026,True,250,17500,1,70,70,70,17500,70,1481,57,57,7182,249,0.114,True,10052,10052,1481,0.5184035017906885,0.9222900915240748,0,318,500,20.0,lognormal,biased,random,0.02,0.2,0.2,5.0,1.0,0.1,250,0,0.0,True,True,fixed,70,continue_after_avalanche,period_end,finite_fixed,finite_fixed__N500_K70__lognormal__biased__random,22,26,k_per_node,0.14,0.14
2028320027,True,250,17500,1,70,70,70,17500,70,1676,56,56,7008,247,0.112,True,10535,10535,1676,0.5300675842429996,0.9076182249644045,0,334,500,20.0,lognormal,biased,random,0.02,0.2,0.2,5.0,1.0,0.1,250,0,0.0,True,True,fixed,70,continue_after_avalanche,period_end,finite_fixed,finite_fixed__N500_K70__lognormal__biased__random,22,27,k_per_node,0.14,0.14
2028320028,True,250,17500,1,70,70,70,17500,70,1274,58,58,6851,250,0.116,True,10166,10166,1274,0.5213802872319497,0.9319118630729883,0,324,500,20.0,lognormal,biased,random,0.02,0.2,0.2,5.0,1.0,0.1,250,0,0.0,True,True,fixed,70,continue_after_avalanche,period_end,finite_fixed,finite_fixed__N500_K70__lognormal__biased__random,22,28,k_per_node,0.14,0.14
2028320029,True,250,17500,1,70,70,70,17500,70,1470,52,52,6976,249,0.104,True,9645,9645,1470,0.5071019180922758,0.9180808709175738,0,313,500,20.0,lognormal,biased,random,0.02,0.2,0.2,5.0,1.0,0.1,250,0,0.0,True,True,fixed,70,continue_after_avalanche,period_end,finite_fixed,finite_fixed__N500_K70__lognormal__biased__random,22,29,k_per_node,0.14,0.14
2028420000,True,250,35000,1,140,140,140,35000,140,2739,113,113,14390,250,0.113,True,18865,18865,2739,0.5060491386164856,0.9242790882586802,0,610,1000,20.0,lognormal,biased,random,0.02,0.2,0.2,5.0,1.0,0.1,250,0,0.0,True,True,fixed,140,continue_after_avalanche,period_end,finite_fixed,finite_fixed__N1000_K140__lognormal__biased__random,23,0,k_per_node,0.14,0.14
2028420001,True,250,35000,1,140,140,140,35000,140,2600,107,107,14567,250,0.107,True,20986,20986,2600,0.5473328885923952,0.938169636900791,0,655,1000,20.0,lognormal,biased,random,0.02,0.2,0.2,5.0,1.0,0.1,250,0,0.0,True,True,fixed,140,continue_after_avalanche,period_end,finite_fixed,finite_fixed__N1000_K140__lognormal__biased__random,23,1,k_per_node,0.14,0.14
2028420002,True,250,35000,1,140,140,140,35000,140,3718,97,97,13227,250,0.097,False,20773,20773,3718,0.5018770038030136,0.8981363789534493,0,656,1000,20.0,lognormal,biased,random,0.02,0.2,0.2,5.0,1.0,0.1,250,0,0.0,True,True,fixed,140,continue_after_avalanche,period_end,finite_fixed,finite_fixed__N1000_K140__lognormal__biased__random,23,2,k_per_node,0.14,0.14
2028420003,True,250,35000,2,280,140,140,35000,280,2091,109,109,14822,249,0.109,True,19683,19683,2091,0.5300762587004015,0.9395228877711732,0,628,1000,20.0,lognormal,biased,random,0.02,0.2,0.2,5.0,1.0,0.1,250,0,0.0,True,True,fixed,140,continue_after_avalanche,period_end,finite_fixed,finite_fixed__N1000_K140__lognormal__biased__random,23,3,k_per_node,0.14,0.14
2028420004,True,250,35000,1,140,140,140,35000,140,3793,97,97,12706,250,0.097,False,21330,21330,3793,0.501985278949836,0.8994375058602908,0,681,1000,20.0,lognormal,biased,random,0.02,0.2,0.2,5.0,1.0,0.1,250,0,0.0,True,True,fixed,140,continue_after_avalanche,period_end,finite_fixed,finite_fixed__N1000_K140__lognormal__biased__random,23,4,k_per_node,0.14,0.14
2028420005,True,250,35000,1,140,140,140,35000,140,2748,112,112,14742,249,0.112,True,19702,19702,2748,0.519258247893615,0.9221639427469293,0,619,1000,20.0,lognormal,biased,random,0.02,0.2,0.2,5.0,1.0,0.1,250,0,0.0,True,True,fixed,140,continue_after_avalanche,period_end,finite_fixed,finite_fixed__N1000_K140__lognormal__biased__random,23,5,k_per_node,0.14,0.14
2028420006,True,250,35000,1,140,140,140,35000,140,2998,110,110,13711,250,0.11,True,19867,19867,2998,0.5124110837066493,0.9223527960940254,0,630,1000,20.0,lognormal,biased,random,0.02,0.2,0.2,5.0,1.0,0.1,250,0,0.0,True,True,fixed,140,continue_after_avalanche,period_end,finite_fixed,finite_fixed__N1000_K140__lognormal__biased__random,23,6,k_per_node,0.14,0.14
2028420007,True,250,35000,1,140,140,140,35000,140,2409,105,105,14513,250,0.105,True,19311,19311,2409,0.523515457511263,0.9293157785717985,0,620,1000,20.0,lognormal,biased,random,0.02,0.2,0.2,5.0,1.0,0.1,250,0,0.0,True,True,fixed,140,continue_after_avalanche,period_end,finite_fixed,finite_fixed__N1000_K140__lognormal__biased__random,23,7,k_per_node,0.14,0.14
2028420008,True,250,35000,1,140,140,140,35000,140,2901,105,105,14163,250,0.105,True,18604,18604,2901,0.5085034401204043,0.9163028380993337,0,611,1000,20.0,lognormal,biased,random,0.02,0.2,0.2,5.0,1.0,0.1,250,0,0.0,True,True,fixed,140,continue_after_avalanche,period_end,finite_fixed,finite_fixed__N1000_K140__lognormal__biased__random,23,8,k_per_node,0.14,0.14
2028420009,True,250,35000,1,140,140,140,35000,140,2222,109,109,15092,250,0.109,True,19491,19491,2222,0.5354389718331538,0.9417528602944949,0,623,1000,20.0,lognormal,biased,random,0.02,0.2,0.2,5.0,1.0,0.1,250,0,0.0,True,True,fixed,140,continue_after_avalanche,period_end,finite_fixed,finite_fixed__N1000_K140__lognormal__biased__random,23,9,k_per_node,0.14,0.14
2028420010,True,250,35000,1,140,140,140,35000,140,2681,106,106,14236,250,0.106,True,20722,20722,2681,0.5398231830904354,0.9303410867676867,0,670,1000,20.0,lognormal,biased,random,0.02,0.2,0.2,5.0,1.0,0.1,250,0,0.0,True,True,fixed,140,continue_after_avalanche,period_end,finite_fixed,finite_fixed__N1000_K140__lognormal__biased__random,23,10,k_per_node,0.14,0.14
2028420011,True,250,35000,1,140,140,140,35000,140,2651,114,114,14506,249,0.114,True,19798,19798,2651,0.528339024143853,0.9274602485099506,0,632,1000,20.0,lognormal,biased,random,0.02,0.2,0.2,5.0,1.0,0.1,250,0,0.0,True,True,fixed,140,continue_after_avalanche,period_end,finite_fixed,finite_fixed__N1000_K140__lognormal__biased__random,23,11,k_per_node,0.14,0.14
2028420012,True,250,35000,1,140,140,140,35000,140,3382,99,99,13682,249,0.099,False,20322,20322,3382,0.5141815766164748,0.9028509005019192,0,662,1000,20.0,lognormal,biased,random,0.02,0.2,0.2,5.0,1.0,0.1,250,0,0.0,True,True,fixed,140,continue_after_avalanche,period_end,finite_fixed,finite_fixed__N1000_K140__lognormal__biased__random,23,12,k_per_node,0.14,0.14
2028420013,True,250,35000,1,140,140,140,35000,140,2763,111,111,14163,250,0.111,True,19688,19688,2763,0.5097239943112557,0.9220110727346609,0,635,1000,20.0,lognormal,biased,random,0.02,0.2,0.2,5.0,1.0,0.1,250,0,0.0,True,True,fixed,140,continue_after_avalanche,period_end,finite_fixed,finite_fixed__N1000_K140__lognormal__biased__random,23,13,k_per_node,0.14,0.14
2028420014,True,250,35000,1,140,140,140,35000,140,3201,111,111,14909,250,0.111,True,18565,18565,3201,0.5161496902774039,0.9206037705359549,0,607,1000,20.0,lognormal,biased,random,0.02,0.2,0.2,5.0,1.0,0.1,250,0,0.0,True,True,fixed,140,continue_after_avalanche,period_end,finite_fixed,finite_fixed__N1000_K140__lognormal__biased__random,23,14,k_per_node,0.14,0.14
2028420015,True,250,35000,1,140,140,140,35000,140,3176,103,103,14378,250,0.103,True,20080,20080,3176,0.5273671314741037,0.9208015936254981,0,651,1000,20.0,lognormal,biased,random,0.02,0.2,0.2,5.0,1.0,0.1,250,0,0.0,True,True,fixed,140,continue_after_avalanche,period_end,finite_fixed,finite_fixed__N1000_K140__lognormal__biased__random,23,15,k_per_node,0.14,0.14
2028420016,True,250,35000,1,140,140,140,35000,140,3135,104,104,13621,250,0.104,True,20525,20525,3135,0.5125156151035324,0.9217856760048722,0,662,1000,20.0,lognormal,biased,random,0.02,0.2,0.2,5.0,1.0,0.1,250,0,0.0,True,True,fixed,140,continue_after_avalanche,period_end,finite_fixed,finite_fixed__N1000_K140__lognormal__biased__random,23,16,k_per_node,0.14,0.14
2028420017,True,250,35000,1,140,140,140,35000,140,2813,107,107,14268,250,0.107,True,19878,19878,2813,0.5206292383539592,0.9263935003521482,0,627,1000,20.0,lognormal,biased,random,0.02,0.2,0.2,5.0,1.0,0.1,250,0,0.0,True,True,fixed,140,continue_after_avalanche,period_end,finite_fixed,finite_fixed__N1000_K140__lognormal__biased__random,23,17,k_per_node,0.14,0.14
2028420018,True,250,35000,1,140,140,140,35000,140,2728,109,109,14659,250,0.109,True,19354,19354,2728,0.5190203575488272,0.9354275085253696,0,624,1000,20.0,lognormal,biased,random,0.02,0.2,0.2,5.0,1.0,0.1,250,0,0.0,True,True,fixed,140,continue_after_avalanche,period_end,finite_fixed,finite_fixed__N1000_K140__lognormal__biased__random,23,18,k_per_node,0.14,0.14
2028420019,True,250,35000,2,280,140,140,35000,280,2797,101,101,14279,249,0.101,True,20092,20092,2797,0.5140679872586105,0.9202791160660961,0,650,1000,20.0,lognormal,biased,random,0.02,0.2,0.2,5.0,1.0,0.1,250,0,0.0,True,True,fixed,140,continue_after_avalanche,period_end,finite_fixed,finite_fixed__N1000_K140__lognormal__biased__random,23,19,k_per_node,0.14,0.14
2028420020,True,250,35000,1,140,140,140,35000,140,3323,103,103,13878,250,0.103,True,21029,21029,3323,0.5238150649103619,0.9164274573208429,0,666,1000,20.0,lognormal,biased,random,0.02,0.2,0.2,5.0,1.0,0.1,250,0,0.0,True,True,fixed,140,continue_after_avalanche,period_end,finite_fixed,finite_fixed__N1000_K140__lognormal__biased__random,23,20,k_per_node,0.14,0.14
2028420021,True,250,35000,1,140,140,140,35000,140,2954,109,109,14002,250,0.109,True,18604,18604,2954,0.4924822618791658,0.9181994194796819,0,610,1000,20.0,lognormal,biased,random,0.02,0.2,0.2,5.0,1.0,0.1,250,0,0.0,True,True,fixed,140,continue_after_avalanche,period_end,finite_fixed,finite_fixed__N1000_K140__lognormal__biased__random,23,21,k_per_node,0.14,0.14
2028420022,True,250,35000,3,420,140,140,35000,420,3106,107,107,14574,248,0.107,True,19220,19220,3106,0.5141105098855361,0.9233618106139438,0,604,1000,20.0,lognormal,biased,random,0.02,0.2,0.2,5.0,1.0,0.1,250,0,0.0,True,True,fixed,140,continue_after_avalanche,period_end,finite_fixed,finite_fixed__N1000_K140__lognormal__biased__random,23,22,k_per_node,0.14,0.14
2028420023,True,250,35000,1,140,140,140,35000,140,2600,102,102,14774,250,0.102,True,19315,19315,2600,0.528229303650013,0.9293122961428941,0,624,1000,20.0,lognormal,biased,random,0.02,0.2,0.2,5.0,1.0,0.1,250,0,0.0,True,True,fixed,140,continue_after_avalanche,period_end,finite_fixed,finite_fixed__N1000_K140__lognormal__biased__random,23,23,k_per_node,0.14,0.14
2028420024,True,250,35000,2,280,140,140,35000,280,2838,103,103,14492,249,0.103,True,19382,19382,2838,0.5155284284387578,0.9265228562583843,0,627,1000,20.0,lognormal,biased,random,0.02,0.2,0.2,5.0,1.0,0.1,250,0,0.0,True,True,fixed,140,continue_after_avalanche,period_end,finite_fixed,finite_fixed__N1000_K140__lognormal__biased__random,23,24,k_per_node,0.14,0.14
2028420025,True,250,35000,1,140,140,140,35000,140,3304,98,98,13343,250,0.098,False,19654,19654,3304,0.4931159051592553,0.9042072860486416,0,637,1000,20.0,lognormal,biased,random,0.02,0.2,0.2,5.0,1.0,0.1,250,0,0.0,True,True,fixed,140,continue_after_avalanche,period_end,finite_fixed,finite_fixed__N1000_K140__lognormal__biased__random,23,25,k_per_node,0.14,0.14
2028420026,True,250,35000,1,140,140,140,35000,140,2677,113,113,14340,250,0.113,True,20976,20976,2677,0.5339096109839818,0.9280072463768116,0,658,1000,20.0,lognormal,biased,random,0.02,0.2,0.2,5.0,1.0,0.1,250,0,0.0,True,True,fixed,140,continue_after_avalanche,period_end,finite_fixed,finite_fixed__N1000_K140__lognormal__biased__random,23,26,k_per_node,0.14,0.14
2028420027,True,250,35000,1,140,140,140,35000,140,3538,104,104,14162,250,0.104,True,20640,20640,3538,0.5279404069767444,0.9219261627906978,0,653,1000,20.0,lognormal,biased,random,0.02,0.2,0.2,5.0,1.0,0.1,250,0,0.0,True,True,fixed,140,continue_after_avalanche,period_end,finite_fixed,finite_fixed__N1000_K140__lognormal__biased__random,23,27,k_per_node,0.14,0.14
2028420028,True,250,35000,1,140,140,140,35000,140,3143,104,104,14062,250,0.104,True,21488,21488,3143,0.5438885889798959,0.9162412509307523,0,673,1000,20.0,lognormal,biased,random,0.02,0.2,0.2,5.0,1.0,0.1,250,0,0.0,True,True,fixed,140,continue_after_avalanche,period_end,finite_fixed,finite_fixed__N1000_K140__lognormal__biased__random,23,28,k_per_node,0.14,0.14
2028420029,True,250,35000,1,140,140,140,35000,140,2937,106,106,14142,250,0.106,True,19825,19825,2937,0.523405548549811,0.9281597477931904,0,640,1000,20.0,lognormal,biased,random,0.02,0.2,0.2,5.0,1.0,0.1,250,0,0.0,True,True,fixed,140,continue_after_avalanche,period_end,finite_fixed,finite_fixed__N1000_K140__lognormal__biased__random,23,29,k_per_node,0.14,0.14
2028520000,True,250,3418,1,90,13,90,3418,90,299,13,13,1364,241,0.13,True,2323,2323,299,0.546616444253121,0.910628497632372,0,72,100,20.0,lognormal,biased,random,0.02,0.2,0.18,5.0,1.0,0.1,250,0,0.0,True,True,income,100,continue_after_avalanche,period_end,finite_income,finite_income__N100_c0p18__lognormal__biased__random,24,0,c,0.18,
2028520001,True,250,3570,2,135,13,90,3570,135,315,12,12,1236,234,0.12,True,2409,2409,315,0.5253922789539227,0.9243295973432959,0,71,100,20.0,lognormal,biased,random,0.02,0.2,0.18,5.0,1.0,0.1,250,0,0.0,True,True,income,100,continue_after_avalanche,period_end,finite_income,finite_income__N100_c0p18__lognormal__biased__random,24,1,c,0.18,
2028520002,True,250,3016,1,90,11,90,3016,90,491,15,15,930,227,0.15,True,2018,2018,491,0.457591674925669,0.8506045589692766,0,60,100,20.0,lognormal,biased,random,0.02,0.2,0.18,5.0,1.0,0.1,250,0,0.0,True,True,income,100,continue_after_avalanche,period_end,finite_income,finite_income__N100_c0p18__lognormal__biased__random,24,2,c,0.18,
2028520003,True,250,2751,1,90,10,90,2751,90,540,10,10,795,233,0.1,True,1843,1843,540,0.4702712967986977,0.8548182311448724,0,61,100,20.0,lognormal,biased,random,0.02,0.2,0.18,5.0,1.0,0.1,250,0,0.0,True,True,income,100,continue_after_avalanche,period_end,finite_income,finite_income__N100_c0p18__lognormal__biased__random,24,3,c,0.18,
2028520004,True,250,3171,1,90,12,90,3171,90,475,10,10,868,226,0.1,True,2140,2140,475,0.49079439252336443,0.872196261682243,0,68,100,20.0,lognormal,biased,random,0.02,0.2,0.18,5.0,1.0,0.1,250,0,0.0,True,True,income,100,continue_after_avalanche,period_end,finite_income,finite_income__N100_c0p18__lognormal__biased__random,24,4,c,0.18,
2028520005,True,250,2854,2,131,10,90,2854,131,338,12,12,984,233,0.12,True,1912,1912,338,0.4767782426778242,0.879215481171548,0,58,100,20.0,lognormal,biased,random,0.02,0.2,0.18,5.0,1.0,0.1,250,0,0.0,True,True,income,100,continue_after_avalanche,period_end,finite_income,finite_income__N100_c0p18__lognormal__biased__random,24,5,c,0.18,
2028520006,True,250,2991,1,90,10,90,2991,90,330,10,10,1132,248,0.1,True,2021,2021,330,0.5407075705096487,0.8993122216724394,0,58,100,20.0,lognormal,biased,random,0.02,0.2,0.18,5.0,1.0,0.1,250,0,0.0,True,True,income,100,continue_after_avalanche,period_end,finite_income,finite_income__N100_c0p18__lognormal__biased__random,24,6,c,0.18,
2028520007,True,250,3323,1,90,12,90,3323,90,464,13,13,1081,235,0.13,True,2236,2236,464,0.49167262969588554,0.8605635062611807,0,67,100,20.0,lognormal,biased,random,0.02,0.2,0.18,5.0,1.0,0.1,250,0,0.0,True,True,income,100,continue_after_avalanche,period_end,finite_income,finite_income__N100_c0p18__lognormal__biased__random,24,7,c,0.18,
2028520008,True,250,2783,1,90,10,90,2783,90,497,10,10,802,219,0.1,True,1879,1879,497,0.5006758914316125,0.8542150079829696,0,54,100,20.0,lognormal,biased,random,0.02,0.2,0.18,5.0,1.0,0.1,250,0,0.0,True,True,income,100,continue_after_avalanche,period_end,finite_income,finite_income__N100_c0p18__lognormal__biased__random,24,8,c,0.18,
2028520009,True,250,3252,1,90,12,90,3252,90,321,13,13,1309,237,0.13,True,2195,2195,321,0.5459271070615035,0.9180182232346241,0,73,100,20.0,lognormal,biased,random,0.02,0.2,0.18,5.0,1.0,0.1,250,0,0.0,True,True,income,100,continue_after_avalanche,period_end,finite_income,finite_income__N100_c0p18__lognormal__biased__random,24,9,c,0.18,
2028520010,True,250,2750,1,90,11,90,2750,90,279,10,10,1129,236,0.1,True,1845,1845,279,0.5300325203252032,0.9185853658536585,0,60,100,20.0,lognormal,biased,random,0.02,0.2,0.18,5.0,1.0,0.1,250,0,0.0,True,True,income,100,continue_after_avalanche,period_end,finite_income,finite_income__N100_c0p18__lognormal__biased__random,24,10,c,0.18,
2028520011,True,250,2724,1,90,10,90,2724,90,333,14,14,1063,241,0.14,True,1829,1829,333,0.5126243849097867,0.9080973209404046,0,57,100,20.0,lognormal,biased,random,0.02,0.2,0.18,5.0,1.0,0.1,250,0,0.0,True,True,income,100,continue_after_avalanche,period_end,finite_income,finite_income__N100_c0p18__lognormal__biased__random,24,11,c,0.18,
2028520012,True,250,3386,1,90,13,90,3386,90,367,14,14,1206,234,0.14,True,2287,2287,367,0.505408832531701,0.9079449059903804,0,69,100,20.0,lognormal,biased,random,0.02,0.2,0.18,5.0,1.0,0.1,250,0,0.0,True,True,income,100,continue_after_avalanche,period_end,finite_income,finite_income__N100_c0p18__lognormal__biased__random,24,12,c,0.18,
2028520013,True,250,3466,1,90,13,90,3466,90,281,13,13,1476,239,0.13,True,2354,2354,281,0.5711299915038233,0.9088360237892947,0,72,100,20.0,lognormal,biased,random,0.02,0.2,0.18,5.0,1.0,0.1,250,0,0.0,True,True,income,100,continue_after_avalanche,period_end,finite_income,finite_income__N100_c0p18__lognormal__biased__random,24,13,c,0.18,
2028520014,True,250,2575,3,152,10,90,2575,152,592,10,10,798,223,0.1,True,1705,1705,592,0.48664516129032265,0.862516129032258,0,54,100,20.0,lognormal,biased,random,0.02,0.2,0.18,5.0,1.0,0.1,250,0,0.0,True,True,income,100,continue_after_avalanche,period_end,finite_income,finite_income__N100_c0p18__lognormal__biased__random,24,14,c,0.18,
2028520015,True,250,3271,1,90,12,90,3271,90,268,15,15,1258,247,0.15,True,2223,2223,268,0.5401304543409806,0.9126180836707152,0,68,100,20.0,lognormal,biased,random,0.02,0.2,0.18,5.0,1.0,0.1,250,0,0.0,True,True,income,100,continue_after_avalanche,period_end,finite_income,finite_income__N100_c0p18__lognormal__biased__random,24,15,c,0.18,
2028520016,True,250,2732,1,90,11,90,2732,90,285,10,10,920,228,0.1,True,1848,1848,285,0.4876948051948051,0.8919805194805195,0,58,100,20.0,lognormal,biased,random,0.02,0.2,0.18,5.0,1.0,0.1,250,0,0.0,True,True,income,100,continue_after_avalanche,period_end,finite_income,finite_income__N100_c0p18__lognormal__biased__random,24,16,c,0.18,
2028520017,True,250,2833,1,90,10,90,2833,90,521,13,13,737,218,0.13,True,1920,1920,521,0.46943749999999995,0.8524270833333334,0,58,100,20.0,lognormal,biased,random,0.02,0.2,0.18,5.0,1.0,0.1,250,0,0.0,True,True,income,100,continue_after_avalanche,period_end,finite_income,finite_income__N100_c0p18__lognormal__biased__random,24,17,c,0.18,
2028520018,True,250,2312,1,90,8,90,2312,90,192,10,10,803,225,0.1,True,1549,1549,192,0.4956165267914783,0.9023047127178825,0,51,100,20.0,lognormal,biased,random,0.02,0.2,0.18,5.0,1.0,0.1,250,0,0.0,True,True,income,100,continue_after_avalanche,period_end,finite_income,finite_income__N100_c0p18__lognormal__biased__random,24,18,c,0.18,
2028520019,True,250,2641,1,90,11,90,2641,90,227,12,12,928,229,0.12,True,1760,1760,227,0.5024545454545455,0.8873863636363637,0,60,100,20.0,lognormal,biased,random,0.02,0.2,0.18,5.0,1.0,0.1,250,0,0.0,True,True,income,100,continue_after_avalanche,period_end,finite_income,finite_income__N100_c0p18__lognormal__biased__random,24,19,c,0.18,
2028520020,True,250,3005,2,132,11,90,3005,132,367,12,12,1024,236,0.12,True,2009,2009,367,0.4910552513688402,0.8903782976605277,0,65,100,20.0,lognormal,biased,random,0.02,0.2,0.18,5.0,1.0,0.1,250,0,0.0,True,True,income,100,continue_after_avalanche,period_end,finite_income,finite_income__N100_c0p18__lognormal__biased__random,24,20,c,0.18,
2028520021,True,250,2447,1,90,10,90,2447,90,711,8,8,678,230,0.08,False,1604,1604,711,0.44006234413965095,0.7861970074812967,0,49,100,20.0,lognormal,biased,random,0.02,0.2,0.18,5.0,1.0,0.1,250,0,0.0,True,True,income,100,continue_after_avalanche,period_end,finite_income,finite_income__N100_c0p18__lognormal__biased__random,24,21,c,0.18,
2028520022,True,250,2434,2,130,9,90,2434,130,327,8,8,807,234,0.08,False,1604,1604,327,0.47627182044887784,0.8633541147132169,0,50,100,20.0,lognormal,biased,random,0.02,0.2,0.18,5.0,1.0,0.1,250,0,0.0,True,True,income,100,continue_after_avalanche,period_end,finite_income,finite_income__N100_c0p18__lognormal__biased__random,24,22,c,0.18,
2028520023,True,250,2395,1,90,8,90,2395,90,284,10,10,833,221,0.1,True,1579,1579,284,0.48175427485750477,0.8847688410386321,0,49,100,20.0,lognormal,biased,random,0.02,0.2,0.18,5.0,1.0,0.1,250,0,0.0,True,True,income,100,continue_after_avalanche,period_end,finite_income,finite_income__N100_c0p18__lognormal__biased__random,24,23,c,0.18,
2028520024,True,250,2981,1,90,10,90,2981,90,188,11,11,1323,246,0.11,True,2008,2008,188,0.5825996015936254,0.9172111553784861,0,59,100,20.0,lognormal,biased,random,0.02,0.2,0.18,5.0,1.0,0.1,250,0,0.0,True,True,income,100,continue_after_avalanche,period_end,finite_income,finite_income__N100_c0p18__lognormal__biased__random,24,24,c,0.18,
2028520025,True,250,2944,1,90,11,90,2944,90,466,10,10,944,236,0.1,True,1971,1971,466,0.48085743277524107,0.8585946220192795,0,63,100,20.0,lognormal,biased,random,0.02,0.2,0.18,5.0,1.0,0.1,250,0,0.0,True,True,income,100,continue_after_avalanche,period_end,finite_income,finite_income__N100_c0p18__lognormal__biased__random,24,25,c,0.18,
2028520026,True,250,2900,3,154,11,90,2900,154,466,12,12,1066,232,0.12,True,1951,1951,466,0.5165504869297797,0.8813275243464889,0,57,100,20.0,lognormal,biased,random,0.02,0.2,0.18,5.0,1.0,0.1,250,0,0.0,True,True,income,100,continue_after_avalanche,period_end,finite_income,finite_income__N100_c0p18__lognormal__biased__random,24,26,c,0.18,
2028520027,True,250,3008,1,90,11,90,3008,90,393,11,11,1045,237,0.11,True,2028,2028,393,0.5039053254437871,0.8906311637080868,0,63,100,20.0,lognormal,biased,random,0.02,0.2,0.18,5.0,1.0,0.1,250,0,0.0,True,True,income,100,continue_after_avalanche,period_end,finite_income,finite_income__N100_c0p18__lognormal__biased__random,24,27,c,0.18,
2028520028,True,250,2720,1,90,10,90,2720,90,272,14,14,944,237,0.14,True,1850,1850,272,0.5149081081081082,0.9085945945945946,0,59,100,20.0,lognormal,biased,random,0.02,0.2,0.18,5.0,1.0,0.1,250,0,0.0,True,True,income,100,continue_after_avalanche,period_end,finite_income,finite_income__N100_c0p18__lognormal__biased__random,24,28,c,0.18,
2028520029,True,250,2543,1,90,10,90,2543,90,320,10,10,832,230,0.1,True,1699,1699,320,0.48331371394938194,0.8607357268981755,0,55,100,20.0,lognormal,biased,random,0.02,0.2,0.18,5.0,1.0,0.1,250,0,0.0,True,True,income,100,continue_after_avalanche,period_end,finite_income,finite_income__N100_c0p18__lognormal__biased__random,24,29,c,0.18,
2028620000,True,250,6799,1,180,25,180,6799,180,879,25,25,2491,250,0.125,True,4629,4629,879,0.5210250594080796,0.8788021170879241,0,143,200,20.0,lognormal,biased,random,0.02,0.2,0.18,5.0,1.0,0.1,250,0,0.0,True,True,income,100,continue_after_avalanche,period_end,finite_income,finite_income__N200_c0p18__lognormal__biased__random,25,0,c,0.18,
2028620001,True,250,7307,1,180,28,180,7307,180,823,25,25,2601,250,0.125,True,5014,5014,823,0.5309214200239332,0.898494216194655,0,158,200,20.0,lognormal,biased,random,0.02,0.2,0.18,5.0,1.0,0.1,250,0,0.0,True,True,income,100,continue_after_avalanche,period_end,finite_income,finite_income__N200_c0p18__lognormal__biased__random,25,1,c,0.18,
2028620002,True,250,6522,1,180,26,180,6522,180,751,20,20,2667,246,0.1,True,4443,4443,751,0.5613943281566509,0.9263774476704931,0,139,200,20.0,lognormal,biased,random,0.02,0.2,0.18,5.0,1.0,0.1,250,0,0.0,True,True,income,100,continue_after_avalanche,period_end,finite_income,finite_income__N200_c0p18__lognormal__biased__random,25,2,c,0.18,
2028620003,True,250,6392,1,180,24,180,6392,180,758,21,21,2400,250,0.105,True,4332,4332,758,0.5181048014773777,0.8776523545706372,0,134,200,20.0,lognormal,biased,random,0.02,0.2,0.18,5.0,1.0,0.1,250,0,0.0,True,True,income,100,continue_after_avalanche,period_end,finite_income,finite_income__N200_c0p18__lognormal__biased__random,25,3,c,0.18,
2028620004,True,250,5876,1,180,22,180,5876,180,683,18,18,2147,249,0.09,False,3970,3970,683,0.5112896725440808,0.9154584382871538,0,120,200,20.0,lognormal,biased,random,0.02,0.2,0.18,5.0,1.0,0.1,250,0,0.0,True,True,income,100,continue_after_avalanche,period_end,finite_income,finite_income__N200_c0p18__lognormal__biased__random,25,4,c,0.18,
2028620005,True,250,5937,1,180,23,180,5937,180,722,19,19,2281,250,0.095,False,4006,4006,722,0.530646530204693,0.90936595107339,0,121,200,20.0,lognormal,biased,random,0.02,0.2,0.18,5.0,1.0,0.1,250,0,0.0,True,True,income,100,continue_after_avalanche,period_end,finite_income,finite_income__N200_c0p18__lognormal__biased__random,25,5,c,0.18,
2028620006,True,250,6183,1,180,24,180,6183,180,605,19,19,2232,248,0.095,False,4178,4178,605,0.5057012924844424,0.9164767831498326,0,129,200,20.0,lognormal,biased,random,0.02,0.2,0.18,5.0,1.0,0.1,250,0,0.0,True,True,income,100,continue_after_avalanche,period_end,finite_income,finite_income__N200_c0p18__lognormal__biased__random,25,6,c,0.18,
2028620007,True,250,6111,1,180,23,180,6111,180,829,19,19,2161,246,0.095,False,4139,4139,829,0.5265221067890795,0.8833884996375938,0,126,200,20.0,lognormal,biased,random,0.02,0.2,0.18,5.0,1.0,0.1,250,0,0.0,True,True,income,100,continue_after_avalanche,period_end,finite_income,finite_income__N200_c0p18__lognormal__biased__random,25,7,c,0.18,
2028620008,True,250,5748,1,180,22,180,5748,180,710,20,20,2079,246,0.1,True,3882,3882,710,0.5278413189077795,0.9001957753735188,0,125,200,20.0,lognormal,biased,random,0.02,0.2,0.18,5.0,1.0,0.1,250,0,0.0,True,True,income,100,continue_after_avalanche,period_end,finite_income,finite_income__N200_c0p18__lognormal__biased__random,25,8,c,0.18,
2028620009,True,250,5971,1,180,22,180,5971,180,780,22,22,2160,247,0.11,True,4071,4071,780,0.526584377302874,0.9000798329648736,0,125,200,20.0,lognormal,biased,random,0.02,0.2,0.18,5.0,1.0,0.1,250,0,0.0,True,True,income,100,continue_after_avalanche,period_end,finite_income,finite_income__N200_c0p18__lognormal__biased__random,25,9,c,0.18,
2028620010,True,250,6910,1,180,26,180,6910,180,860,24,24,2619,248,0.12,True,4713,4713,860,0.5292647994907702,0.8907733927434756,0,142,200,20.0,lognormal,biased,random,0.02,0.2,0.18,5.0,1.0,0.1,250,0,0.0,True,True,income,100,continue_after_avalanche,period_end,finite_income,finite_income__N200_c0p18__lognormal__biased__random,25,10,c,0.18,
2028620011,True,250,5289,1,180,20,180,5289,180,711,21,21,1649,241,0.105,True,3535,3535,711,0.47441725601131557,0.8778316831683168,0,107,200,20.0,lognormal,biased,random,0.02,0.2,0.18,5.0,1.0,0.1,250,0,0.0,True,True,income,100,continue_after_avalanche,period_end,finite_income,finite_income__N200_c0p18__lognormal__biased__random,25,11,c,0.18,
2028620012,True,250,6198,1,180,23,180,6198,180,705,22,22,2514,249,0.11,True,4212,4212,705,0.5405508072174741,0.8984615384615386,0,130,200,20.0,lognormal,biased,random,0.02,0.2,0.18,5.0,1.0,0.1,250,0,0.0,True,True,income,100,continue_after_avalanche,period_end,finite_income,finite_income__N200_c0p18__lognormal__biased__random,25,12,c,0.18,
2028620013,True,250,6045,1,180,21,180,6045,180,637,25,25,2494,248,0.125,True,4099,4099,637,0.5379373017809224,0.9034142473774092,0,125,200,20.0,lognormal,biased,random,0.02,0.2,0.18,5.0,1.0,0.1,250,0,0.0,True,True,income,100,continue_after_avalanche,period_end,finite_income,finite_income__N200_c0p18__lognormal__biased__random,25,13,c,0.18,
2028620014,True,250,6764,1,180,26,180,6764,180,1083,20,20,2285,247,0.1,True,4600,4600,1083,0.507167391304348,0.8789326086956524,0,142,200,20.0,lognormal,biased,random,0.02,0.2,0.18,5.0,1.0,0.1,250,0,0.0,True,True,income,100,continue_after_avalanche,period_end,finite_income,finite_income__N200_c0p18__lognormal__biased__random,25,14,c,0.18,
2028620015,True,250,6128,1,180,22,180,6128,180,668,21,21,2346,247,0.105,True,4156,4156,668,0.5451515880654476,0.9049855630413861,0,125,200,20.0,lognormal,biased,random,0.02,0.2,0.18,5.0,1.0,0.1,250,0,0.0,True,True,income,100,continue_after_avalanche,period_end,finite_income,finite_income__N200_c0p18__lognormal__biased__random,25,15,c,0.18,
2028620016,True,250,6263,1,180,22,180,6263,180,759,21,21,2256,248,0.105,True,4229,4229,759,0.5196252069047058,0.896215417356349,0,126,200,20.0,lognormal,biased,random,0.02,0.2,0.18,5.0,1.0,0.1,250,0,0.0,True,True,income,100,continue_after_avalanche,period_end,finite_income,finite_income__N200_c0p18__lognormal__biased__random,25,16,c,0.18,
2028620017,True,250,5401,1,180,20,180,5401,180,1075,15,15,1695,241,0.075,False,3616,3616,1075,0.486603982300885,0.8502516592920355,0,111,200,20.0,lognormal,biased,random,0.02,0.2,0.18,5.0,1.0,0.1,250,0,0.0,True,True,income,100,continue_after_avalanche,period_end,finite_income,finite_income__N200_c0p18__lognormal__biased__random,25,17,c,0.18,
2028620018,True,250,5879,1,180,22,180,5879,180,561,20,20,2249,247,0.1,True,3967,3967,561,0.5267141416687675,0.8852167885051678,0,124,200,20.0,lognormal,biased,random,0.02,0.2,0.18,5.0,1.0,0.1,250,0,0.0,True,True,income,100,continue_after_avalanche,period_end,finite_income,finite_income__N200_c0p18__lognormal__biased__random,25,18,c,0.18,
2028620019,True,250,5638,1,180,21,180,5638,180,1156,19,19,1782,246,0.095,False,3782,3782,1156,0.4749259650978319,0.8477895293495505,0,117,200,20.0,lognormal,biased,random,0.02,0.2,0.18,5.0,1.0,0.1,250,0,0.0,True,True,income,100,continue_after_avalanche,period_end,finite_income,finite_income__N200_c0p18__lognormal__biased__random,25,19,c,0.18,
2028620020,True,250,6150,1,180,23,180,6150,180,850,20,20,2229,246,0.1,True,4164,4164,850,0.5282468780019214,0.9046781940441884,0,124,200,20.0,lognormal,biased,random,0.02,0.2,0.18,5.0,1.0,0.1,250,0,0.0,True,True,income,100,continue_after_avalanche,period_end,finite_income,finite_income__N200_c0p18__lognormal__biased__random,25,20,c,0.18,
2028620021,True,250,6553,1,180,25,180,6553,180,813,22,22,2351,249,0.11,True,4447,4447,813,0.5346604452439847,0.8934798740724084,0,136,200,20.0,lognormal,biased,random,0.02,0.2,0.18,5.0,1.0,0.1,250,0,0.0,True,True,income,100,continue_after_avalanche,period_end,finite_income,finite_income__N200_c0p18__lognormal__biased__random,25,21,c,0.18,
2028620022,True,250,5516,1,180,20,180,5516,180,751,19,19,1876,244,0.095,False,3686,3686,751,0.4916332067281608,0.871964188822572,0,114,200,20.0,lognormal,biased,random,0.02,0.2,0.18,5.0,1.0,0.1,250,0,0.0,True,True,income,100,continue_after_avalanche,period_end,finite_income,finite_income__N200_c0p18__lognormal__biased__random,25,22,c,0.18,
2028620023,True,250,5768,1,180,22,180,5768,180,575,20,20,2337,248,0.1,True,3920,3920,575,0.557466836734694,0.9199642857142858,0,120,200,20.0,lognormal,biased,random,0.02,0.2,0.18,5.0,1.0,0.1,250,0,0.0,True,True,income,100,continue_after_avalanche,period_end,finite_income,finite_income__N200_c0p18__lognormal__biased__random,25,23,c,0.18,
2028620024,True,250,5062,1,180,18,180,5062,180,506,18,18,1793,244,0.09,False,3371,3371,506,0.5031370513200832,0.9037570453871255,0,100,200,20.0,lognormal,biased,random,0.02,0.2,0.18,5.0,1.0,0.1,250,0,0.0,True,True,income,100,continue_after_avalanche,period_end,finite_income,finite_income__N200_c0p18__lognormal__biased__random,25,24,c,0.18,
2028620025,True,250,5890,1,180,22,180,5890,180,830,18,18,2104,245,0.09,False,3961,3961,830,0.5014327190103511,0.8699154253976269,0,118,200,20.0,lognormal,biased,random,0.02,0.2,0.18,5.0,1.0,0.1,250,0,0.0,True,True,income,100,continue_after_avalanche,period_end,finite_income,finite_income__N200_c0p18__lognormal__biased__random,25,25,c,0.18,
2028620026,True,250,6218,1,180,23,180,6218,180,921,22,22,2163,246,0.11,True,4213,4213,921,0.5188784713980537,0.874931165440304,0,132,200,20.0,lognormal,biased,random,0.02,0.2,0.18,5.0,1.0,0.1,250,0,0.0,True,True,income,100,continue_after_avalanche,period_end,finite_income,finite_income__N200_c0p18__lognormal__biased__random,25,26,c,0.18,
2028620027,True,250,5998,1,180,23,180,5998,180,804,19,19,1933,246,0.095,False,4044,4044,804,0.4897428288822949,0.892274975272008,0,128,200,20.0,lognormal,biased,random,0.02,0.2,0.18,5.0,1.0,0.1,250,0,0.0,True,True,income,100,continue_after_avalanche,period_end,finite_income,finite_income__N200_c0p18__lognormal__biased__random,25,27,c,0.18,
2028620028,True,250,6713,1,180,25,180,6713,180,415,24,24,2893,250,0.12,True,4585,4585,415,0.576258451472192,0.9410065430752454,0,137,200,20.0,lognormal,biased,random,0.02,0.2,0.18,5.0,1.0,0.1,250,0,0.0,True,True,income,100,continue_after_avalanche,period_end,finite_income,finite_income__N200_c0p18__lognormal__biased__random,25,28,c,0.18,
2028620029,True,250,5600,1,180,20,180,5600,180,968,16,16,1957,246,0.08,False,3756,3756,968,0.513338658146965,0.8656656017039406,0,113,200,20.0,lognormal,biased,random,0.02,0.2,0.18,5.0,1.0,0.1,250,0,0.0,True,True,income,100,continue_after_avalanche,period_end,finite_income,finite_income__N200_c0p18__lognormal__biased__random,25,29,c,0.18,
2028720000,True,250,16228,1,450,60,450,16228,450,1643,47,47,5980,250,0.094,False,10979,10979,1643,0.5199112851807997,0.9036992440112943,0,344,500,20.0,lognormal,biased,random,0.02,0.2,0.18,5.0,1.0,0.1,250,0,0.0,True,True,income,100,continue_after_avalanche,period_end,finite_income,finite_income__N500_c0p18__lognormal__biased__random,26,0,c,0.18,
2028720001,True,250,15275,1,450,57,450,15275,450,1976,41,41,5615,250,0.082,False,10306,10306,1976,0.5229850572482049,0.8873498932660586,0,318,500,20.0,lognormal,biased,random,0.02,0.2,0.18,5.0,1.0,0.1,250,0,0.0,True,True,income,100,continue_after_avalanche,period_end,finite_income,finite_income__N500_c0p18__lognormal__biased__random,26,1,c,0.18,
2028720002,True,250,14596,1,450,55,450,14596,450,1846,42,42,4854,250,0.084,False,9844,9844,1846,0.5108850060950834,0.9083401056481106,0,308,500,20.0,lognormal,biased,random,0.02,0.2,0.18,5.0,1.0,0.1,250,0,0.0,True,True,income,100,continue_after_avalanche,period_end,finite_income,finite_income__N500_c0p18__lognormal__biased__random,26,2,c,0.18,
2028720003,True,250,14025,1,450,53,450,14025,450,1746,42,42,4968,250,0.084,False,9431,9431,1746,0.5156914431131374,0.8971894814971901,0,283,500,20.0,lognormal,biased,random,0.02,0.2,0.18,5.0,1.0,0.1,250,0,0.0,True,True,income,100,continue_after_avalanche,period_end,finite_income,finite_income__N500_c0p18__lognormal__biased__random,26,3,c,0.18,
2028720004,True,250,13758,1,450,50,450,13758,450,1588,42,42,4870,250,0.084,False,9212,9212,1588,0.5088484585323492,0.8887199305254017,0,281,500,20.0,lognormal,biased,random,0.02,0.2,0.18,5.0,1.0,0.1,250,0,0.0,True,True,income,100,continue_after_avalanche,period_end,finite_income,finite_income__N500_c0p18__lognormal__biased__random,26,4,c,0.18,
2028720005,True,250,13679,1,450,51,450,13679,450,1828,39,39,4934,250,0.078,False,9183,9183,1828,0.4996147228574539,0.8786790809103779,0,278,500,20.0,lognormal,biased,random,0.02,0.2,0.18,5.0,1.0,0.1,250,0,0.0,True,True,income,100,continue_after_avalanche,period_end,finite_income,finite_income__N500_c0p18__lognormal__biased__random,26,5,c,0.18,
2028720006,True,250,13760,1,450,52,450,13760,450,1820,41,41,4764,250,0.082,False,9264,9264,1820,0.5060889464594127,0.8806161485319517,0,287,500,20.0,lognormal,biased,random,0.02,0.2,0.18,5.0,1.0,0.1,250,0,0.0,True,True,income,100,continue_after_avalanche,period_end,finite_income,finite_income__N500_c0p18__lognormal__biased__random,26,6,c,0.18,
2028720007,True,250,15100,1,450,57,450,15100,450,1655,44,44,5534,250,0.088,False,10235,10235,1655,0.5231427454811919,0.8974020517830972,0,319,500,20.0,lognormal,biased,random,0.02,0.2,0.18,5.0,1.0,0.1,250,0,0.0,True,True,income,100,continue_after_avalanche,period_end,finite_income,finite_income__N500_c0p18__lognormal__biased__random,26,7,c,0.18,
2028720008,True,250,14056,1,450,55,450,14056,450,1889,44,44,4824,248,0.088,False,9458,9458,1889,0.5035639670120533,0.883016282512159,0,293,500,20.0,lognormal,biased,random,0.02,0.2,0.18,5.0,1.0,0.1,250,0,0.0,True,True,income,100,continue_after_avalanche,period_end,finite_income,finite_income__N500_c0p18__lognormal__biased__random,26,8,c,0.18,
2028720009,True,250,14081,1,450,53,450,14081,450,1562,41,41,5148,250,0.082,False,9491,9491,1562,0.5281472974396797,0.9033806764303023,0,292,500,20.0,lognormal,biased,random,0.02,0.2,0.18,5.0,1.0,0.1,250,0,0.0,True,True,income,100,continue_after_avalanche,period_end,finite_income,finite_income__N500_c0p18__lognormal__biased__random,26,9,c,0.18,
2028720010,True,250,14138,1,450,54,450,14138,450,1546,43,43,5208,249,0.086,False,9554,9554,1546,0.519327611471635,0.8835453213313795,0,288,500,20.0,lognormal,biased,random,0.02,0.2,0.18,5.0,1.0,0.1,250,0,0.0,True,True,income,100,continue_after_avalanche,period_end,finite_income,finite_income__N500_c0p18__lognormal__biased__random,26,10,c,0.18,
2028720011,True,250,14410,1,450,54,450,14410,450,1909,39,39,4922,249,0.078,False,9702,9702,1909,0.4963005565862708,0.880408163265306,0,297,500,20.0,lognormal,biased,random,0.02,0.2,0.18,5.0,1.0,0.1,250,0,0.0,True,True,income,100,continue_after_avalanche,period_end,finite_income,finite_income__N500_c0p18__lognormal__biased__random,26,11,c,0.18,
2028720012,True,250,13890,1,450,53,450,13890,450,2254,36,36,4634,250,0.072,False,9309,9309,2254,0.4963104522505102,0.8710501665055324,0,292,500,20.0,lognormal,biased,random,0.02,0.2,0.18,5.0,1.0,0.1,250,0,0.0,True,True,income,100,continue_after_avalanche,period_end,finite_income,finite_income__N500_c0p18__lognormal__biased__random,26,12,c,0.18,
2028720013,True,250,14288,1,450,53,450,14288,450,2139,41,41,4865,249,0.082,False,9635,9635,2139,0.5175088738972495,0.8974673585884796,0,295,500,20.0,lognormal,biased,random,0.02,0.2,0.18,5.0,1.0,0.1,250,0,0.0,True,True,income,100,continue_after_avalanche,period_end,finite_income,finite_income__N500_c0p18__lognormal__biased__random,26,13,c,0.18,
2028720014,True,250,14820,1,450,57,450,14820,450,1980,45,45,5447,249,0.09,False,9988,9988,1980,0.524751702042451,0.8851241489787744,0,314,500,20.0,lognormal,biased,random,0.02,0.2,0.18,5.0,1.0,0.1,250,0,0.0,True,True,income,100,continue_after_avalanche,period_end,finite_income,finite_income__N500_c0p18__lognormal__biased__random,26,14,c,0.18,
2028720015,True,250,14884,1,450,57,450,14884,450,2086,40,40,5221,250,0.08,False,10056,10056,2086,0.516153937947494,0.8784033412887828,0,315,500,20.0,lognormal,biased,random,0.02,0.2,0.18,5.0,1.0,0.1,250,0,0.0,True,True,income,100,continue_after_avalanche,period_end,finite_income,finite_income__N500_c0p18__lognormal__biased__random,26,15,c,0.18,
2028720016,True,250,14313,1,450,52,450,14313,450,1624,42,42,5143,250,0.084,False,9666,9666,1624,0.5115563831988412,0.8936176288019864,0,297,500,20.0,lognormal,biased,random,0.02,0.2,0.18,5.0,1.0,0.1,250,0,0.0,True,True,income,100,continue_after_avalanche,period_end,finite_income,finite_income__N500_c0p18__lognormal__biased__random,26,16,c,0.18,
2028720017,True,250,15530,1,450,59,450,15530,450,2222,42,42,5392,250,0.084,False,10527,10527,2222,0.529050441721288,0.8858024128431652,0,323,500,20.0,lognormal,biased,random,0.02,0.2,0.18,5.0,1.0,0.1,250,0,0.0,True,True,income,100,continue_after_avalanche,period_end,finite_income,finite_income__N500_c0p18__lognormal__biased__random,26,17,c,0.18,
2028720018,True,250,15196,1,450,58,450,15196,450,2085,47,47,5371,250,0.094,False,10272,10272,2085,0.5225451713395639,0.9045436137071652,0,317,500,20.0,lognormal,biased,random,0.02,0.2,0.18,5.0,1.0,0.1,250,0,0.0,True,True,income,100,continue_after_avalanche,period_end,finite_income,finite_income__N500_c0p18__lognormal__biased__random,26,18,c,0.18,
2028720019,True,250,14230,1,450,53,450,14230,450,1518,40,40,4836,250,0.08,False,9606,9606,1518,0.5221982094524256,0.906082864876119,0,282,500,20.0,lognormal,biased,random,0.02,0.2,0.18,5.0,1.0,0.1,250,0,0.0,True,True,income,100,continue_after_avalanche,period_end,finite_income,finite_income__N500_c0p18__lognormal__biased__random,26,19,c,0.18,
2028720020,True,250,15699,1,450,57,450,15699,450,2094,47,47,5448,250,0.094,False,10622,10622,2094,0.5138847674637546,0.89889964225193,0,318,500,20.0,lognormal,biased,random,0.02,0.2,0.18,5.0,1.0,0.1,250,0,0.0,True,True,income,100,continue_after_avalanche,period_end,finite_income,finite_income__N500_c0p18__lognormal__biased__random,26,20,c,0.18,
2028720021,True,250,15151,1,450,58,450,15151,450,1927,45,45,5446,250,0.09,False,10194,10194,1927,0.5174710614086717,0.9020392387679026,0,309,500,20.0,lognormal,biased,random,0.02,0.2,0.18,5.0,1.0,0.1,250,0,0.0,True,True,income,100,continue_after_avalanche,period_end,finite_income,finite_income__N500_c0p18__lognormal__biased__random,26,21,c,0.18,
2028720022,True,250,14004,1,450,53,450,14004,450,2121,35,35,4708,250,0.07,False,9404,9404,2121,0.4942143768609102,0.8784700127605274,0,291,500,20.0,lognormal,biased,random,0.02,0.2,0.18,5.0,1.0,0.1,250,0,0.0,True,True,income,100,continue_after_avalanche,period_end,finite_income,finite_income__N500_c0p18__lognormal__biased__random,26,22,c,0.18,
2028720023,True,250,13875,1,450,52,450,13875,450,1636,43,43,5038,250,0.086,False,9295,9295,1636,0.5168979020979021,0.891118881118881,0,290,500,20.0,lognormal,biased,random,0.02,0.2,0.18,5.0,1.0,0.1,250,0,0.0,True,True,income,100,continue_after_avalanche,period_end,finite_income,finite_income__N500_c0p18__lognormal__biased__random,26,23,c,0.18,
2028720024,True,250,14241,1,450,53,450,14241,450,1531,41,41,5289,250,0.082,False,9593,9593,1531,0.5272851037214636,0.8978457208381112,0,296,500,20.0,lognormal,biased,random,0.02,0.2,0.18,5.0,1.0,0.1,250,0,0.0,True,True,income,100,continue_after_avalanche,period_end,finite_income,finite_income__N500_c0p18__lognormal__biased__random,26,24,c,0.18,
2028720025,True,250,15602,1,450,59,450,15602,450,1749,44,44,5627,250,0.088,False,10538,10538,1749,0.5202463465553235,0.9064775099639399,0,314,500,20.0,lognormal,biased,random,0.02,0.2,0.18,5.0,1.0,0.1,250,0,0.0,True,True,income,100,continue_after_avalanche,period_end,finite_income,finite_income__N500_c0p18__lognormal__biased__random,26,25,c,0.18,
2028720026,True,250,16310,1,450,62,450,16310,450,1689,44,44,6175,250,0.088,False,11073,11073,1689,0.5305057346699178,0.9130123724374606,0,343,500,20.0,lognormal,biased,random,0.02,0.2,0.18,5.0,1.0,0.1,250,0,0.0,True,True,income,100,continue_after_avalanche,period_end,finite_income,finite_income__N500_c0p18__lognormal__biased__random,26,26,c,0.18,
2028720027,True,250,13958,1,450,52,450,13958,450,2091,35,35,4713,250,0.07,False,9382,9382,2091,0.49838499253890434,0.8639373267959922,0,290,500,20.0,lognormal,biased,random,0.02,0.2,0.18,5.0,1.0,0.1,250,0,0.0,True,True,income,100,continue_after_avalanche,period_end,finite_income,finite_income__N500_c0p18__lognormal__biased__random,26,27,c,0.18,
2028720028,True,250,15912,1,450,59,450,15912,450,1695,47,47,5921,250,0.094,False,10804,10804,1695,0.5296756756756758,0.8992454646427248,0,333,500,20.0,lognormal,biased,random,0.02,0.2,0.18,5.0,1.0,0.1,250,0,0.0,True,True,income,100,continue_after_avalanche,period_end,finite_income,finite_income__N500_c0p18__lognormal__biased__random,26,28,c,0.18,
2028720029,True,250,14078,1,450,53,450,14078,450,1867,40,40,4832,250,0.08,False,9484,9484,1867,0.519033741037537,0.895770560944749,0,293,500,20.0,lognormal,biased,random,0.02,0.2,0.18,5.0,1.0,0.1,250,0,0.0,True,True,income,100,continue_after_avalanche,period_end,finite_income,finite_income__N500_c0p18__lognormal__biased__random,26,29,c,0.18,
2028820000,True,250,28687,1,900,109,900,28687,900,4205,75,75,9925,250,0.075,False,19337,19337,4205,0.5125699436313804,0.8828584061643483,0,600,1000,20.0,lognormal,biased,random,0.02,0.2,0.18,5.0,1.0,0.1,250,0,0.0,True,True,income,100,continue_after_avalanche,period_end,finite_income,finite_income__N1000_c0p18__lognormal__biased__random,27,0,c,0.18,
2028820001,True,250,27538,1,900,102,900,27538,900,3087,88,88,9495,250,0.088,False,18475,18475,3087,0.5106169959404603,0.9053766170500677,0,547,1000,20.0,lognormal,biased,random,0.02,0.2,0.18,5.0,1.0,0.1,250,0,0.0,True,True,income,100,continue_after_avalanche,period_end,finite_income,finite_income__N1000_c0p18__lognormal__biased__random,27,1,c,0.18,
2028820002,True,250,28135,1,900,108,900,28135,900,3123,75,75,10253,250,0.075,False,18980,18980,3123,0.5234228661749212,0.9030770284510012,0,581,1000,20.0,lognormal,biased,random,0.02,0.2,0.18,5.0,1.0,0.1,250,0,0.0,True,True,income,100,continue_after_avalanche,period_end,finite_income,finite_income__N1000_c0p18__lognormal__biased__random,27,2,c,0.18,
2028820003,True,250,30211,1,900,115,900,30211,900,3375,84,84,10865,250,0.084,False,20497,20497,3375,0.5313139971703178,0.9071003073620532,0,630,1000,20.0,lognormal,biased,random,0.02,0.2,0.18,5.0,1.0,0.1,250,0,0.0,True,True,income,100,continue_after_avalanche,period_end,finite_income,finite_income__N1000_c0p18__lognormal__biased__random,27,3,c,0.18,
2028820004,True,250,30774,1,900,118,900,30774,900,3568,84,84,11593,250,0.084,False,20857,20857,3568,0.5343900369180612,0.8969870547058543,0,660,1000,20.0,lognormal,biased,random,0.02,0.2,0.18,5.0,1.0,0.1,250,0,0.0,True,True,income,100,continue_after_avalanche,period_end,finite_income,finite_income__N1000_c0p18__lognormal__biased__random,27,4,c,0.18,
2028820005,True,250,29561,1,900,108,900,29561,900,3374,85,85,11200,250,0.085,False,19933,19933,3374,0.530089650328601,0.8964418301309387,0,596,1000,20.0,lognormal,biased,random,0.02,0.2,0.18,5.0,1.0,0.1,250,0,0.0,True,True,income,100,continue_after_avalanche,period_end,finite_income,finite_income__N1000_c0p18__lognormal__biased__random,27,5,c,0.18,
2028820006,True,250,28098,1,900,107,900,28098,900,4177,73,73,9901,250,0.073,False,18921,18921,4177,0.5187846836847947,0.8839007980550713,0,586,1000,20.0,lognormal,biased,random,0.02,0.2,0.18,5.0,1.0,0.1,250,0,0.0,True,True,income,100,continue_after_avalanche,period_end,finite_income,finite_income__N1000_c0p18__lognormal__biased__random,27,6,c,0.18,
2028820007,True,250,28847,1,900,109,900,28847,900,3727,70,70,9702,250,0.07,False,19438,19438,3727,0.500339541105052,0.8896106595328739,0,600,1000,20.0,lognormal,biased,random,0.02,0.2,0.18,5.0,1.0,0.1,250,0,0.0,True,True,income,100,continue_after_avalanche,period_end,finite_income,finite_income__N1000_c0p18__lognormal__biased__random,27,7,c,0.18,
2028820008,True,250,32143,1,900,122,900,32143,900,3000,89,89,12134,250,0.089,False,21828,21828,3000,0.5431420194245924,0.9191198460692689,0,679,1000,20.0,lognormal,biased,random,0.02,0.2,0.18,5.0,1.0,0.1,250,0,0.0,True,True,income,100,continue_after_avalanche,period_end,finite_income,finite_income__N1000_c0p18__lognormal__biased__random,27,8,c,0.18,
2028820009,True,250,27458,1,900,104,900,27458,900,3834,74,74,9322,250,0.074,False,18395,18395,3834,0.5023884207665128,0.8789438977983148,0,589,1000,20.0,lognormal,biased,random,0.02,0.2,0.18,5.0,1.0,0.1,250,0,0.0,True,True,income,100,continue_after_avalanche,period_end,finite_income,finite_income__N1000_c0p18__lognormal__biased__random,27,9,c,0.18,
2028820010,True,250,29669,1,900,112,900,29669,900,3771,79,79,10593,250,0.079,False,20036,20036,3771,0.5197758035536035,0.8949757436614096,0,618,1000,20.0,lognormal,biased,random,0.02,0.2,0.18,5.0,1.0,0.1,250,0,0.0,True,True,income,100,continue_after_avalanche,period_end,finite_income,finite_income__N1000_c0p18__lognormal__biased__random,27,10,c,0.18,
2028820011,True,250,29745,1,900,113,900,29745,900,2762,88,88,11717,250,0.088,False,20111,20111,2762,0.5380331659290936,0.9115391079508728,0,623,1000,20.0,lognormal,biased,random,0.02,0.2,0.18,5.0,1.0,0.1,250,0,0.0,True,True,income,100,continue_after_avalanche,period_end,finite_income,finite_income__N1000_c0p18__lognormal__biased__random,27,11,c,0.18,
2028820012,True,250,29281,1,900,109,900,29281,900,4055,75,75,10156,250,0.075,False,19722,19722,4055,0.49933718689788065,0.8808360206875572,0,615,1000,20.0,lognormal,biased,random,0.02,0.2,0.18,5.0,1.0,0.1,250,0,0.0,True,True,income,100,continue_after_avalanche,period_end,finite_income,finite_income__N1000_c0p18__lognormal__biased__random,27,12,c,0.18,
2028820013,True,250,30677,1,900,113,900,30677,900,3629,82,82,11436,250,0.082,False,20746,20746,3629,0.528858285934638,0.8984736334715127,0,639,1000,20.0,lognormal,biased,random,0.02,0.2,0.18,5.0,1.0,0.1,250,0,0.0,True,True,income,100,continue_after_avalanche,period_end,finite_income,finite_income__N1000_c0p18__lognormal__biased__random,27,13,c,0.18,
2028820014,True,250,30363,1,900,116,900,30363,900,3484,84,84,11180,250,0.084,False,20591,20591,3484,0.5374116361517169,0.9059023359720266,0,650,1000,20.0,lognormal,biased,random,0.02,0.2,0.18,5.0,1.0,0.1,250,0,0.0,True,True,income,100,continue_after_avalanche,period_end,finite_income,finite_income__N1000_c0p18__lognormal__biased__random,27,14,c,0.18,
2028820015,True,250,29416,1,900,111,900,29416,900,4069,79,79,10029,250,0.079,False,19816,19816,4069,0.5021150585385548,0.8786177836092048,0,620,1000,20.0,lognormal,biased,random,0.02,0.2,0.18,5.0,1.0,0.1,250,0,0.0,True,True,income,100,continue_after_avalanche,period_end,finite_income,finite_income__N1000_c0p18__lognormal__biased__random,27,15,c,0.18,
2028820016,True,250,30960,1,900,117,900,30960,900,3102,86,86,11898,250,0.086,False,20999,20999,3102,0.5390066669841422,0.9148275155959809,0,650,1000,20.0,lognormal,biased,random,0.02,0.2,0.18,5.0,1.0,0.1,250,0,0.0,True,True,income,100,continue_after_avalanche,period_end,finite_income,finite_income__N1000_c0p18__lognormal__biased__random,27,16,c,0.18,
2028820017,True,250,30062,1,900,114,900,30062,900,3484,81,81,11152,250,0.081,False,20281,20281,3484,0.5288886642670481,0.9031571914599872,0,636,1000,20.0,lognormal,biased,random,0.02,0.2,0.18,5.0,1.0,0.1,250,0,0.0,True,True,income,100,continue_after_avalanche,period_end,finite_income,finite_income__N1000_c0p18__lognormal__biased__random,27,17,c,0.18,
2028820018,True,250,29770,1,900,112,900,29770,900,3647,86,86,10984,250,0.086,False,20120,20120,3647,0.527303180914513,0.893214811133201,0,625,1000,20.0,lognormal,biased,random,0.02,0.2,0.18,5.0,1.0,0.1,250,0,0.0,True,True,income,100,continue_after_avalanche,period_end,finite_income,finite_income__N1000_c0p18__lognormal__biased__random,27,18,c,0.18,
2028820019,True,250,30344,1,900,113,900,30344,900,3262,80,80,11292,250,0.08,False,20546,20546,3262,0.5376535578701451,0.9082893993964762,0,633,1000,20.0,lognormal,biased,random,0.02,0.2,0.18,5.0,1.0,0.1,250,0,0.0,True,True,income,100,continue_after_avalanche,period_end,finite_income,finite_income__N1000_c0p18__lognormal__biased__random,27,19,c,0.18,
2028820020,True,250,30054,1,900,113,900,30054,900,3326,80,80,11502,250,0.08,False,20269,20269,3326,0.5345701810646801,0.9121811140164784,0,632,1000,20.0,lognormal,biased,random,0.02,0.2,0.18,5.0,1.0,0.1,250,0,0.0,True,True,income,100,continue_after_avalanche,period_end,finite_income,finite_income__N1000_c0p18__lognormal__biased__random,27,20,c,0.18,
2028820021,True,250,31229,1,900,119,900,31229,900,3204,87,87,11577,250,0.087,False,21170,21170,3204,0.5429572980632973,0.9148311761927257,0,656,1000,20.0,lognormal,biased,random,0.02,0.2,0.18,5.0,1.0,0.1,250,0,0.0,True,True,income,100,continue_after_avalanche,period_end,finite_income,finite_income__N1000_c0p18__lognormal__biased__random,27,21,c,0.18,
2028820022,True,250,29958,1,900,113,900,29958,900,3764,84,84,10262,250,0.084,False,20270,20270,3764,0.5117153428712384,0.8918242723236312,0,626,1000,20.0,lognormal,biased,random,0.02,0.2,0.18,5.0,1.0,0.1,250,0,0.0,True,True,income,100,continue_after_avalanche,period_end,finite_income,finite_income__N1000_c0p18__lognormal__biased__random,27,22,c,0.18,
2028820023,True,250,28841,1,900,108,900,28841,900,3356,78,78,10087,250,0.078,False,19370,19370,3356,0.5128283944243677,0.8895732576148685,0,590,1000,20.0,lognormal,biased,random,0.02,0.2,0.18,5.0,1.0,0.1,250,0,0.0,True,True,income,100,continue_after_avalanche,period_end,finite_income,finite_income__N1000_c0p18__lognormal__biased__random,27,23,c,0.18,
2028820024,True,250,30390,1,900,116,900,30390,900,3485,85,85,11338,250,0.085,False,20552,20552,3485,0.5356938497469834,0.905265181004282,0,634,1000,20.0,lognormal,biased,random,0.02,0.2,0.18,5.0,1.0,0.1,250,0,0.0,True,True,income,100,continue_after_avalanche,period_end,finite_income,finite_income__N1000_c0p18__lognormal__biased__random,27,24,c,0.18,
2028820025,True,250,31806,1,900,119,900,31806,900,3246,89,89,12092,250,0.089,False,21561,21561,3246,0.5423668197207923,0.9298500533370437,0,671,1000,20.0,lognormal,biased,random,0.02,0.2,0.18,5.0,1.0,0.1,250,0,0.0,True,True,income,100,continue_after_avalanche,period_end,finite_income,finite_income__N1000_c0p18__lognormal__biased__random,27,25,c,0.18,
2028820026,True,250,29721,1,900,113,900,29721,900,4224,75,75,10164,250,0.075,False,20105,20105,4224,0.519628997761751,0.893609699079831,0,625,1000,20.0,lognormal,biased,random,0.02,0.2,0.18,5.0,1.0,0.1,250,0,0.0,True,True,income,100,continue_after_avalanche,period_end,finite_income,finite_income__N1000_c0p18__lognormal__biased__random,27,26,c,0.18,
2028820027,True,250,26478,1,900,97,900,26478,900,3915,66,66,8656,250,0.066,False,17706,17706,3915,0.4912927821077602,0.8746565006212585,0,559,1000,20.0,lognormal,biased,random,0.02,0.2,0.18,5.0,1.0,0.1,250,0,0.0,True,True,income,100,continue_after_avalanche,period_end,finite_income,finite_income__N1000_c0p18__lognormal__biased__random,27,27,c,0.18,
2028820028,True,250,29646,1,900,111,900,29646,900,3029,88,88,11207,250,0.088,False,20086,20086,3029,0.5379357761625014,0.9103782734242758,0,625,1000,20.0,lognormal,biased,random,0.02,0.2,0.18,5.0,1.0,0.1,250,0,0.0,True,True,income,100,continue_after_avalanche,period_end,finite_income,finite_income__N1000_c0p18__lognormal__biased__random,27,28,c,0.18,
2028820029,True,250,28711,1,900,107,900,28711,900,3979,75,75,9575,250,0.075,False,19299,19299,3979,0.4928545002331728,0.8877070832685632,0,594,1000,20.0,lognormal,biased,random,0.02,0.2,0.18,5.0,1.0,0.1,250,0,0.0,True,True,income,100,continue_after_avalanche,period_end,finite_income,finite_income__N1000_c0p18__lognormal__biased__random,27,29,c,0.18,
