seed,ended_by_default,periods_completed,time_steps_completed,first_cascade_period,first_cascade_time_steps,last_period_length_steps,max_period_length_steps,total_credit_issued,credit_scale_before_cascade,active_credit_after_cascade,collapse_size,max_collapse_size,total_collapse_size,avalanche_count,collapse_fraction,critical_event,initial_total_money,final_cash_total,final_active_credit,initial_money_gini,final_net_worth_gini,failed_credit_events,total_income_last_period,n_nodes,mean_initial_money,money_distribution,income_distribution_rule,growth_rule,consumption_wealth_propensity,consumption_income_propensity,investment_income_propensity,initial_income_per_capita,income_bias_floor,collapse_threshold_fraction,max_periods,max_time_steps,default_threshold,wipe_defaulted_assets,validate_accounting,period_length_rule,fixed_period_length_steps,avalanche_protocol,default_check_mode,topology,target_mean_degree,sw_rewire_probability,topology_seed,topology_nodes,topology_edges,topology_mean_degree,topology_density,topology_clustering,topology_degree_std,topology_degree_cv,topology_max_degree,topology_components,topology_lcc_nodes,topology_lcc_fraction,topology_lcc_average_path_length,scenario_id,factor_family,run_index
2026060400,True,240,4800,3,60,20,20,4800,60,986,15,15,1287,221,0.075,False,3973,3973,986,0.5192864334256231,0.8492461615907376,0,125,200,20.0,lognormal,biased,random,0.02,0.2,0.2,5.0,1.0,0.1,240,0,0.0,True,True,fixed,20,continue_after_avalanche,period_end,er,6,0.1,2026064400,200,600,6.0,0.03015075376884422,0.04043994893994893,2.4289915602982237,0.40483192671637064,13,1,200,1.0,3.15964824120603,topology_degree__money-lognormal__income-biased__growth-random__a-0.020__b-0.200__topo-er__k-6,topology_degree,0
2026060401,True,240,4800,1,20,20,20,4800,20,875,15,15,1412,232,0.075,False,3705,3705,875,0.491804318488529,0.861628879892038,0,116,200,20.0,lognormal,biased,random,0.02,0.2,0.2,5.0,1.0,0.1,240,0,0.0,True,True,fixed,20,continue_after_avalanche,period_end,er,6,0.1,2026064401,200,600,6.0,0.03015075376884422,0.037912753912753894,2.4617067250182343,0.4102844541697057,13,1,200,1.0,3.147437185929648,topology_degree__money-lognormal__income-biased__growth-random__a-0.020__b-0.200__topo-er__k-6,topology_degree,1
2026060402,True,240,4800,1,20,20,20,4800,20,716,17,17,1482,231,0.085,False,3996,3996,716,0.517802802802803,0.8518543543543544,0,120,200,20.0,lognormal,biased,random,0.02,0.2,0.2,5.0,1.0,0.1,240,0,0.0,True,True,fixed,20,continue_after_avalanche,period_end,er,6,0.1,2026064402,200,600,6.0,0.03015075376884422,0.024889971139971122,2.3108440016582685,0.3851406669430448,12,1,200,1.0,3.154924623115578,topology_degree__money-lognormal__income-biased__growth-random__a-0.020__b-0.200__topo-er__k-6,topology_degree,2
2026060403,True,240,4800,4,80,20,20,4800,80,1155,16,16,1333,231,0.08,False,3943,3943,1155,0.5020174993659652,0.8008255135683491,0,123,200,20.0,lognormal,biased,random,0.02,0.2,0.2,5.0,1.0,0.1,240,0,0.0,True,True,fixed,20,continue_after_avalanche,period_end,er,6,0.1,2026064403,200,600,6.0,0.03015075376884422,0.027194444444444427,2.4228082879171433,0.40380138131952387,13,1,200,1.0,3.119145728643216,topology_degree__money-lognormal__income-biased__growth-random__a-0.020__b-0.200__topo-er__k-6,topology_degree,3
2026060404,True,240,4800,2,40,20,20,4800,40,1052,17,17,1376,231,0.085,False,3706,3706,1052,0.4588559093362117,0.8066378845116029,0,121,200,20.0,lognormal,biased,random,0.02,0.2,0.2,5.0,1.0,0.1,240,0,0.0,True,True,fixed,20,continue_after_avalanche,period_end,er,6,0.1,2026064404,200,600,6.0,0.03015075376884422,0.032832001332001315,2.5865034312755126,0.43108390521258544,13,2,199,0.995,3.126541799908634,topology_degree__money-lognormal__income-biased__growth-random__a-0.020__b-0.200__topo-er__k-6,topology_degree,4
2026060405,True,240,4800,4,80,20,20,4800,80,883,16,16,1463,224,0.08,False,3144,3144,883,0.4636927480916031,0.830130407124682,0,101,200,20.0,lognormal,biased,random,0.02,0.2,0.2,5.0,1.0,0.1,240,0,0.0,True,True,fixed,20,continue_after_avalanche,period_end,er,6,0.1,2026064405,200,600,6.0,0.03015075376884422,0.01954184704184704,2.085665361461421,0.3476108935769035,11,1,200,1.0,3.155829145728643,topology_degree__money-lognormal__income-biased__growth-random__a-0.020__b-0.200__topo-er__k-6,topology_degree,5
2026060406,True,240,4800,4,80,20,20,4800,80,787,15,15,1501,226,0.075,False,4252,4252,787,0.5357761053621826,0.8503551269990595,0,127,200,20.0,lognormal,biased,random,0.02,0.2,0.2,5.0,1.0,0.1,240,0,0.0,True,True,fixed,20,continue_after_avalanche,period_end,er,6,0.1,2026064406,200,600,6.0,0.03015075376884422,0.030691558441558433,2.349468024894146,0.3915780041490244,12,2,199,0.995,3.128369118318867,topology_degree__money-lognormal__income-biased__growth-random__a-0.020__b-0.200__topo-er__k-6,topology_degree,6
2026060407,True,240,4800,3,60,20,20,4800,60,775,18,18,1551,229,0.09,False,3948,3948,775,0.5269554204660589,0.8749138804457954,0,125,200,20.0,lognormal,biased,random,0.02,0.2,0.2,5.0,1.0,0.1,240,0,0.0,True,True,fixed,20,continue_after_avalanche,period_end,er,6,0.1,2026064407,200,600,6.0,0.03015075376884422,0.02445127095127094,2.3727621035409343,0.3954603505901557,14,1,200,1.0,3.1326633165829145,topology_degree__money-lognormal__income-biased__growth-random__a-0.020__b-0.200__topo-er__k-6,topology_degree,7
2026060408,True,240,4800,3,60,20,20,4800,60,888,16,16,1412,224,0.08,False,3846,3846,888,0.49616484659386395,0.8545943837753511,0,122,200,20.0,lognormal,biased,random,0.02,0.2,0.2,5.0,1.0,0.1,240,0,0.0,True,True,fixed,20,continue_after_avalanche,period_end,er,12,0.1,2026064408,200,1200,12.0,0.06030150753768844,0.06168380067644768,3.2295510523910287,0.26912925436591906,21,1,200,1.0,2.400854271356784,topology_degree__money-lognormal__income-biased__growth-random__a-0.020__b-0.200__topo-er__k-12,topology_degree,0
2026060409,True,240,4800,2,40,20,20,4800,40,1047,16,16,1272,229,0.08,False,4173,4173,1047,0.5144991612748624,0.827925952552121,0,125,200,20.0,lognormal,biased,random,0.02,0.2,0.2,5.0,1.0,0.1,240,0,0.0,True,True,fixed,20,continue_after_avalanche,period_end,er,12,0.1,2026064409,200,1200,12.0,0.06030150753768844,0.058166750217446765,3.2093613071762426,0.2674467755980202,22,1,200,1.0,2.3976884422110554,topology_degree__money-lognormal__income-biased__growth-random__a-0.020__b-0.200__topo-er__k-12,topology_degree,1
2026060410,True,240,4800,6,120,20,20,4800,120,1225,14,14,1321,223,0.07,False,4007,4007,1225,0.4947903668579987,0.8047579236336413,0,119,200,20.0,lognormal,biased,random,0.02,0.2,0.2,5.0,1.0,0.1,240,0,0.0,True,True,fixed,20,continue_after_avalanche,period_end,er,12,0.1,2026064410,200,1200,12.0,0.06030150753768844,0.059355144253751,3.1717503054307414,0.2643125254525618,21,1,200,1.0,2.4029145728643218,topology_degree__money-lognormal__income-biased__growth-random__a-0.020__b-0.200__topo-er__k-12,topology_degree,2
2026060411,True,240,4800,1,20,20,20,4800,20,649,17,17,1707,234,0.085,False,4808,4808,649,0.6194696339434278,0.9056156405990017,0,139,200,20.0,lognormal,biased,random,0.02,0.2,0.2,5.0,1.0,0.1,240,0,0.0,True,True,fixed,20,continue_after_avalanche,period_end,er,12,0.1,2026064411,200,1200,12.0,0.06030150753768844,0.06247619533029743,3.40440890610984,0.28370074217582003,21,1,200,1.0,2.401256281407035,topology_degree__money-lognormal__income-biased__growth-random__a-0.020__b-0.200__topo-er__k-12,topology_degree,3
2026060412,True,240,4800,2,40,20,20,4800,40,689,19,19,1552,233,0.095,False,3700,3700,689,0.5254270270270271,0.8538945945945946,0,112,200,20.0,lognormal,biased,random,0.02,0.2,0.2,5.0,1.0,0.1,240,0,0.0,True,True,fixed,20,continue_after_avalanche,period_end,er,12,0.1,2026064412,200,1200,12.0,0.06030150753768844,0.06058525638896478,3.2326459750489227,0.26938716458741024,23,1,200,1.0,2.3996482412060303,topology_degree__money-lognormal__income-biased__growth-random__a-0.020__b-0.200__topo-er__k-12,topology_degree,4
2026060413,True,240,4800,8,160,20,20,4800,160,809,15,15,1319,220,0.075,False,3877,3877,809,0.5102669589889091,0.8635375290172815,0,119,200,20.0,lognormal,biased,random,0.02,0.2,0.2,5.0,1.0,0.1,240,0,0.0,True,True,fixed,20,continue_after_avalanche,period_end,er,12,0.1,2026064413,200,1200,12.0,0.06030150753768844,0.0547383599372763,3.2218007387174024,0.26848339489311684,21,1,200,1.0,2.39391959798995,topology_degree__money-lognormal__income-biased__growth-random__a-0.020__b-0.200__topo-er__k-12,topology_degree,5
2026060414,True,240,4800,2,40,20,20,4800,40,1207,15,15,1293,231,0.075,False,3563,3563,1207,0.4776831321919732,0.8207227055851811,0,113,200,20.0,lognormal,biased,random,0.02,0.2,0.2,5.0,1.0,0.1,240,0,0.0,True,True,fixed,20,continue_after_avalanche,period_end,er,12,0.1,2026064414,200,1200,12.0,0.06030150753768844,0.058126953713640975,3.420526275297414,0.2850438562747845,25,1,200,1.0,2.4007035175879397,topology_degree__money-lognormal__income-biased__growth-random__a-0.020__b-0.200__topo-er__k-12,topology_degree,6
2026060415,True,240,4800,1,20,20,20,4800,20,1099,14,14,1408,233,0.07,False,4249,4249,1099,0.4934255118851496,0.8066427394681102,0,131,200,20.0,lognormal,biased,random,0.02,0.2,0.2,5.0,1.0,0.1,240,0,0.0,True,True,fixed,20,continue_after_avalanche,period_end,er,12,0.1,2026064415,200,1200,12.0,0.06030150753768844,0.06110625219293947,3.2984845004941286,0.2748737083745107,22,1,200,1.0,2.3958291457286434,topology_degree__money-lognormal__income-biased__growth-random__a-0.020__b-0.200__topo-er__k-12,topology_degree,7
2026060416,True,240,4800,2,40,20,20,4800,40,851,14,14,1417,232,0.07,False,3807,3807,851,0.48676779616495947,0.8412910428158655,0,119,200,20.0,lognormal,biased,random,0.02,0.2,0.2,5.0,1.0,0.1,240,0,0.0,True,True,fixed,20,continue_after_avalanche,period_end,er,24,0.1,2026064416,200,2400,24.0,0.12060301507537688,0.11575085369088856,4.255584566190643,0.17731602359127677,36,1,200,1.0,1.9231658291457285,topology_degree__money-lognormal__income-biased__growth-random__a-0.020__b-0.200__topo-er__k-24,topology_degree,0
2026060417,True,240,4800,1,20,20,20,4800,20,1194,13,13,1227,224,0.065,False,3930,3930,1194,0.5041195928753182,0.8240737913486007,0,123,200,20.0,lognormal,biased,random,0.02,0.2,0.2,5.0,1.0,0.1,240,0,0.0,True,True,fixed,20,continue_after_avalanche,period_end,er,24,0.1,2026064417,200,2400,24.0,0.12060301507537688,0.12393567509616789,4.402272140611028,0.18342800585879282,39,1,200,1.0,1.9271356783919598,topology_degree__money-lognormal__income-biased__growth-random__a-0.020__b-0.200__topo-er__k-24,topology_degree,1
2026060418,True,240,4800,3,60,20,20,4800,60,1145,15,15,1357,231,0.075,False,3797,3797,1145,0.47446273373716097,0.8121819857782462,0,119,200,20.0,lognormal,biased,random,0.02,0.2,0.2,5.0,1.0,0.1,240,0,0.0,True,True,fixed,20,continue_after_avalanche,period_end,er,24,0.1,2026064418,200,2400,24.0,0.12060301507537688,0.11810765655482836,4.773887304912004,0.19891197103800018,34,1,200,1.0,1.9282914572864323,topology_degree__money-lognormal__income-biased__growth-random__a-0.020__b-0.200__topo-er__k-24,topology_degree,2
2026060419,True,240,4800,2,40,20,20,4800,40,441,19,19,1821,235,0.095,False,3679,3679,441,0.5444400652351185,0.9085960858929059,0,113,200,20.0,lognormal,biased,random,0.02,0.2,0.2,5.0,1.0,0.1,240,0,0.0,True,True,fixed,20,continue_after_avalanche,period_end,er,24,0.1,2026064419,200,2400,24.0,0.12060301507537688,0.12055009970615645,4.583666654546336,0.19098611060609735,37,1,200,1.0,1.9296984924623115,topology_degree__money-lognormal__income-biased__growth-random__a-0.020__b-0.200__topo-er__k-24,topology_degree,3
2026060420,True,240,4800,1,20,20,20,4800,20,855,15,15,1451,227,0.075,False,3955,3955,855,0.5269494310998737,0.8592781289506954,0,120,200,20.0,lognormal,biased,random,0.02,0.2,0.2,5.0,1.0,0.1,240,0,0.0,True,True,fixed,20,continue_after_avalanche,period_end,er,24,0.1,2026064420,200,2400,24.0,0.12060301507537688,0.11984435260456515,4.380639222761902,0.1825266342817459,39,1,200,1.0,1.9262311557788945,topology_degree__money-lognormal__income-biased__growth-random__a-0.020__b-0.200__topo-er__k-24,topology_degree,4
2026060421,True,240,4800,2,40,20,20,4800,40,932,15,15,1487,228,0.075,False,4454,4454,932,0.5581993713515943,0.8704692411315673,0,134,200,20.0,lognormal,biased,random,0.02,0.2,0.2,5.0,1.0,0.1,240,0,0.0,True,True,fixed,20,continue_after_avalanche,period_end,er,24,0.1,2026064421,200,2400,24.0,0.12060301507537688,0.11683965903584703,4.5,0.1875,33,1,200,1.0,1.9299497487437185,topology_degree__money-lognormal__income-biased__growth-random__a-0.020__b-0.200__topo-er__k-24,topology_degree,5
2026060422,True,240,4800,1,20,20,20,4800,20,830,19,19,1483,234,0.095,False,3641,3641,830,0.5164638835484758,0.8693147486954134,0,110,200,20.0,lognormal,biased,random,0.02,0.2,0.2,5.0,1.0,0.1,240,0,0.0,True,True,fixed,20,continue_after_avalanche,period_end,er,24,0.1,2026064422,200,2400,24.0,0.12060301507537688,0.11476511642547696,4.022437072223753,0.16760154467598973,37,1,200,1.0,1.9254271356783919,topology_degree__money-lognormal__income-biased__growth-random__a-0.020__b-0.200__topo-er__k-24,topology_degree,6
2026060423,True,240,4800,1,20,20,20,4800,20,1009,19,19,1553,228,0.095,False,4481,4481,1009,0.5355422896674851,0.8535204195492079,0,135,200,20.0,lognormal,biased,random,0.02,0.2,0.2,5.0,1.0,0.1,240,0,0.0,True,True,fixed,20,continue_after_avalanche,period_end,er,24,0.1,2026064423,200,2400,24.0,0.12060301507537688,0.11959308644470706,4.467661580737736,0.18615256586407233,39,1,200,1.0,1.927788944723618,topology_degree__money-lognormal__income-biased__growth-random__a-0.020__b-0.200__topo-er__k-24,topology_degree,7
2026060424,True,240,4800,1,20,20,20,4800,20,761,14,14,1326,220,0.07,False,4155,4155,761,0.49964019253910963,0.8242707581227438,0,128,200,20.0,lognormal,biased,random,0.02,0.2,0.2,5.0,1.0,0.1,240,0,0.0,True,True,fixed,20,continue_after_avalanche,period_end,ba,6,0.1,2026064424,200,600,6.0,0.03015075376884422,0.08503869225621799,5.0823223038292245,0.8470537173048708,41,1,200,1.0,2.89713567839196,topology_degree__money-lognormal__income-biased__growth-random__a-0.020__b-0.200__topo-ba__k-6,topology_degree,0
2026060425,True,240,4800,3,60,20,20,4800,60,670,14,14,1454,234,0.07,False,4434,4434,670,0.49748082995038345,0.8130762291384754,0,132,200,20.0,lognormal,biased,random,0.02,0.2,0.2,5.0,1.0,0.1,240,0,0.0,True,True,fixed,20,continue_after_avalanche,period_end,ba,6,0.1,2026064425,200,600,6.0,0.03015075376884422,0.12091335014675832,6.210475022089695,1.0350791703482825,63,1,200,1.0,2.7885929648241206,topology_degree__money-lognormal__income-biased__growth-random__a-0.020__b-0.200__topo-ba__k-6,topology_degree,1
2026060426,True,240,4800,1,20,20,20,4800,20,752,17,17,1478,228,0.085,False,3808,3808,752,0.5227284663865548,0.8460215336134456,0,116,200,20.0,lognormal,biased,random,0.02,0.2,0.2,5.0,1.0,0.1,240,0,0.0,True,True,fixed,20,continue_after_avalanche,period_end,ba,6,0.1,2026064426,200,600,6.0,0.03015075376884422,0.08588935681932718,4.927473997901968,0.8212456663169947,36,1,200,1.0,2.919497487437186,topology_degree__money-lognormal__income-biased__growth-random__a-0.020__b-0.200__topo-ba__k-6,topology_degree,2
2026060427,True,240,4800,5,100,20,20,4800,100,729,15,15,1389,226,0.075,False,4309,4309,729,0.5188825713622651,0.8429786493385938,0,132,200,20.0,lognormal,biased,random,0.02,0.2,0.2,5.0,1.0,0.1,240,0,0.0,True,True,fixed,20,continue_after_avalanche,period_end,ba,6,0.1,2026064427,200,600,6.0,0.03015075376884422,0.07340324345149324,5.2839379254491625,0.8806563209081938,39,1,200,1.0,2.89643216080402,topology_degree__money-lognormal__income-biased__growth-random__a-0.020__b-0.200__topo-ba__k-6,topology_degree,3
2026060428,True,240,4800,3,60,20,20,4800,60,656,19,19,1673,231,0.095,False,3729,3729,656,0.5124550817913651,0.862843925985519,0,114,200,20.0,lognormal,biased,random,0.02,0.2,0.2,5.0,1.0,0.1,240,0,0.0,True,True,fixed,20,continue_after_avalanche,period_end,ba,6,0.1,2026064428,200,600,6.0,0.03015075376884422,0.08214318862863551,5.459853477887479,0.9099755796479131,38,1,200,1.0,2.877035175879397,topology_degree__money-lognormal__income-biased__growth-random__a-0.020__b-0.200__topo-ba__k-6,topology_degree,4
2026060429,True,240,4800,5,100,20,20,4800,100,933,12,12,1220,226,0.06,False,4496,4496,933,0.5364101423487546,0.8776712633451957,0,133,200,20.0,lognormal,biased,random,0.02,0.2,0.2,5.0,1.0,0.1,240,0,0.0,True,True,fixed,20,continue_after_avalanche,period_end,ba,6,0.1,2026064429,200,600,6.0,0.03015075376884422,0.09737481370053044,5.629387178015028,0.938231196335838,40,1,200,1.0,2.8469346733668344,topology_degree__money-lognormal__income-biased__growth-random__a-0.020__b-0.200__topo-ba__k-6,topology_degree,5
2026060430,True,240,4800,3,60,20,20,4800,60,778,15,15,1585,232,0.075,False,4243,4243,778,0.5071046429413153,0.8284173933537593,0,126,200,20.0,lognormal,biased,random,0.02,0.2,0.2,5.0,1.0,0.1,240,0,0.0,True,True,fixed,20,continue_after_avalanche,period_end,ba,6,0.1,2026064430,200,600,6.0,0.03015075376884422,0.08858850188339354,5.345091205957107,0.8908485343261846,36,1,200,1.0,2.8812060301507536,topology_degree__money-lognormal__income-biased__growth-random__a-0.020__b-0.200__topo-ba__k-6,topology_degree,6
2026060431,True,240,4800,3,60,20,20,4800,60,740,14,14,1239,225,0.07,False,4394,4394,740,0.518755120619026,0.8349340009103323,0,129,200,20.0,lognormal,biased,random,0.02,0.2,0.2,5.0,1.0,0.1,240,0,0.0,True,True,fixed,20,continue_after_avalanche,period_end,ba,6,0.1,2026064431,200,600,6.0,0.03015075376884422,0.1141614103583153,5.720139858430037,0.9533566430716728,52,1,200,1.0,2.843115577889447,topology_degree__money-lognormal__income-biased__growth-random__a-0.020__b-0.200__topo-ba__k-6,topology_degree,7
2026060432,True,240,4800,1,20,20,20,4800,20,702,17,17,1764,240,0.085,False,4193,4193,702,0.5613224421655141,0.8839482470784643,0,130,200,20.0,lognormal,biased,random,0.02,0.2,0.2,5.0,1.0,0.1,240,0,0.0,True,True,fixed,20,continue_after_avalanche,period_end,ba,12,0.1,2026064432,200,1200,12.0,0.06030150753768844,0.14452006588627625,9.135097153287424,0.7612580961072853,57,1,200,1.0,2.336633165829146,topology_degree__money-lognormal__income-biased__growth-random__a-0.020__b-0.200__topo-ba__k-12,topology_degree,0
2026060433,True,240,4800,3,60,20,20,4800,60,1019,15,15,1477,234,0.075,False,4170,4170,1019,0.5100599520383695,0.8073717026378897,0,126,200,20.0,lognormal,biased,random,0.02,0.2,0.2,5.0,1.0,0.1,240,0,0.0,True,True,fixed,20,continue_after_avalanche,period_end,ba,12,0.1,2026064433,200,1200,12.0,0.06030150753768844,0.13429710555717536,8.779521627059188,0.7316268022549323,53,1,200,1.0,2.341859296482412,topology_degree__money-lognormal__income-biased__growth-random__a-0.020__b-0.200__topo-ba__k-12,topology_degree,1
2026060434,True,240,4800,3,60,20,20,4800,60,816,16,16,1619,234,0.08,False,4457,4457,816,0.5604453668386808,0.8633733452995289,0,132,200,20.0,lognormal,biased,random,0.02,0.2,0.2,5.0,1.0,0.1,240,0,0.0,True,True,fixed,20,continue_after_avalanche,period_end,ba,12,0.1,2026064434,200,1200,12.0,0.06030150753768844,0.1372657808099328,8.882004278314664,0.7401670231928886,68,1,200,1.0,2.3326633165829147,topology_degree__money-lognormal__income-biased__growth-random__a-0.020__b-0.200__topo-ba__k-12,topology_degree,2
2026060435,True,240,4800,3,60,20,20,4800,60,1087,14,14,1311,229,0.07,False,5309,5309,1087,0.5571604822000378,0.8278216236579394,0,153,200,20.0,lognormal,biased,random,0.02,0.2,0.2,5.0,1.0,0.1,240,0,0.0,True,True,fixed,20,continue_after_avalanche,period_end,ba,12,0.1,2026064435,200,1200,12.0,0.06030150753768844,0.14289011009718292,9.031611151948471,0.7526342626623727,58,1,200,1.0,2.3331155778894472,topology_degree__money-lognormal__income-biased__growth-random__a-0.020__b-0.200__topo-ba__k-12,topology_degree,3
2026060436,True,240,4800,1,20,20,20,4800,20,973,15,15,1579,233,0.075,False,3846,3846,973,0.5365366614664588,0.8518798751950079,0,111,200,20.0,lognormal,biased,random,0.02,0.2,0.2,5.0,1.0,0.1,240,0,0.0,True,True,fixed,20,continue_after_avalanche,period_end,ba,12,0.1,2026064436,200,1200,12.0,0.06030150753768844,0.1291026343695284,8.1590440616533,0.6799203384711084,57,1,200,1.0,2.3634170854271357,topology_degree__money-lognormal__income-biased__growth-random__a-0.020__b-0.200__topo-ba__k-12,topology_degree,4
2026060437,True,240,4800,2,40,20,20,4800,40,730,14,14,1303,226,0.07,False,3842,3842,730,0.475033836543467,0.8011972930765228,0,115,200,20.0,lognormal,biased,random,0.02,0.2,0.2,5.0,1.0,0.1,240,0,0.0,True,True,fixed,20,continue_after_avalanche,period_end,ba,12,0.1,2026064437,200,1200,12.0,0.06030150753768844,0.13541164592947078,8.916277250063503,0.7430231041719586,64,1,200,1.0,2.335477386934673,topology_degree__money-lognormal__income-biased__growth-random__a-0.020__b-0.200__topo-ba__k-12,topology_degree,5
2026060438,True,240,4800,1,20,20,20,4800,20,767,14,14,1588,239,0.07,False,3672,3672,767,0.4679874727668847,0.8210457516339871,0,119,200,20.0,lognormal,biased,random,0.02,0.2,0.2,5.0,1.0,0.1,240,0,0.0,True,True,fixed,20,continue_after_avalanche,period_end,ba,12,0.1,2026064438,200,1200,12.0,0.06030150753768844,0.14865113625849113,9.457272334029511,0.7881060278357926,71,1,200,1.0,2.3212060301507536,topology_degree__money-lognormal__income-biased__growth-random__a-0.020__b-0.200__topo-ba__k-12,topology_degree,6
2026060439,True,240,4800,3,60,20,20,4800,60,881,15,15,1374,231,0.075,False,3903,3903,881,0.5037086856264412,0.8165449654112222,0,122,200,20.0,lognormal,biased,random,0.02,0.2,0.2,5.0,1.0,0.1,240,0,0.0,True,True,fixed,20,continue_after_avalanche,period_end,ba,12,0.1,2026064439,200,1200,12.0,0.06030150753768844,0.1337576386195211,8.46404158779953,0.7053367989832942,55,1,200,1.0,2.352361809045226,topology_degree__money-lognormal__income-biased__growth-random__a-0.020__b-0.200__topo-ba__k-12,topology_degree,7
2026060440,True,240,4800,2,40,20,20,4800,40,789,15,15,1345,224,0.075,False,4720,4720,789,0.5554300847457627,0.872792372881356,0,144,200,20.0,lognormal,biased,random,0.02,0.2,0.2,5.0,1.0,0.1,240,0,0.0,True,True,fixed,20,continue_after_avalanche,period_end,ba,24,0.1,2026064440,200,2400,24.0,0.12060301507537688,0.21525546231983342,14.095744038538724,0.5873226682724468,93,1,200,1.0,1.946180904522613,topology_degree__money-lognormal__income-biased__growth-random__a-0.020__b-0.200__topo-ba__k-24,topology_degree,0
2026060441,True,240,4800,2,40,20,20,4800,40,610,19,19,1763,232,0.095,False,3625,3625,610,0.5206524137931035,0.8813751724137933,0,112,200,20.0,lognormal,biased,random,0.02,0.2,0.2,5.0,1.0,0.1,240,0,0.0,True,True,fixed,20,continue_after_avalanche,period_end,ba,24,0.1,2026064441,200,2400,24.0,0.12060301507537688,0.2029056228693361,13.70875632579411,0.5711981802414212,88,1,200,1.0,1.9452763819095478,topology_degree__money-lognormal__income-biased__growth-random__a-0.020__b-0.200__topo-ba__k-24,topology_degree,1
2026060442,True,240,4800,1,20,20,20,4800,20,712,17,17,1666,239,0.085,False,3351,3351,712,0.5126514473291557,0.863478066248881,0,106,200,20.0,lognormal,biased,random,0.02,0.2,0.2,5.0,1.0,0.1,240,0,0.0,True,True,fixed,20,continue_after_avalanche,period_end,ba,24,0.1,2026064442,200,2400,24.0,0.12060301507537688,0.19483939407451228,13.087016466712342,0.5452923527796809,83,1,200,1.0,1.94678391959799,topology_degree__money-lognormal__income-biased__growth-random__a-0.020__b-0.200__topo-ba__k-24,topology_degree,2
2026060443,True,240,4800,3,60,20,20,4800,60,1028,16,16,1503,227,0.08,False,3818,3818,1028,0.5119512833944475,0.8337558931377687,0,115,200,20.0,lognormal,biased,random,0.02,0.2,0.2,5.0,1.0,0.1,240,0,0.0,True,True,fixed,20,continue_after_avalanche,period_end,ba,24,0.1,2026064443,200,2400,24.0,0.12060301507537688,0.19641196360567406,13.187494075828052,0.5494789198261688,83,1,200,1.0,1.9480904522613065,topology_degree__money-lognormal__income-biased__growth-random__a-0.020__b-0.200__topo-ba__k-24,topology_degree,3
2026060444,True,240,4800,5,100,20,20,4800,100,663,20,20,1674,227,0.1,True,4251,4251,663,0.5436473770877441,0.8538261585509292,0,136,200,20.0,lognormal,biased,random,0.02,0.2,0.2,5.0,1.0,0.1,240,0,0.0,True,True,fixed,20,continue_after_avalanche,period_end,ba,24,0.1,2026064444,200,2400,24.0,0.12060301507537688,0.20254392560864842,13.677353545185559,0.5698897310493983,92,1,200,1.0,1.9386934673366834,topology_degree__money-lognormal__income-biased__growth-random__a-0.020__b-0.200__topo-ba__k-24,topology_degree,4
2026060445,True,240,4800,1,20,20,20,4800,20,647,18,18,1632,227,0.09,False,3435,3435,647,0.47763464337700157,0.8430844250363903,0,108,200,20.0,lognormal,biased,random,0.02,0.2,0.2,5.0,1.0,0.1,240,0,0.0,True,True,fixed,20,continue_after_avalanche,period_end,ba,24,0.1,2026064445,200,2400,24.0,0.12060301507537688,0.19250511485738955,13.158647346897022,0.5482769727873759,80,1,200,1.0,1.947889447236181,topology_degree__money-lognormal__income-biased__growth-random__a-0.020__b-0.200__topo-ba__k-24,topology_degree,5
2026060446,True,240,4800,4,80,20,20,4800,80,868,17,17,1513,231,0.085,False,3756,3756,868,0.4848296059637913,0.8486102236421726,0,111,200,20.0,lognormal,biased,random,0.02,0.2,0.2,5.0,1.0,0.1,240,0,0.0,True,True,fixed,20,continue_after_avalanche,period_end,ba,24,0.1,2026064446,200,2400,24.0,0.12060301507537688,0.2076707353622669,13.773162309360911,0.573881762890038,86,1,200,1.0,1.9379899497487436,topology_degree__money-lognormal__income-biased__growth-random__a-0.020__b-0.200__topo-ba__k-24,topology_degree,6
2026060447,True,240,4800,1,20,20,20,4800,20,806,17,17,1555,236,0.085,False,3547,3547,806,0.515332675500423,0.8609712433042009,0,114,200,20.0,lognormal,biased,random,0.02,0.2,0.2,5.0,1.0,0.1,240,0,0.0,True,True,fixed,20,continue_after_avalanche,period_end,ba,24,0.1,2026064447,200,2400,24.0,0.12060301507537688,0.19625165296279865,13.16054710108968,0.54835612921207,73,1,200,1.0,1.9472361809045227,topology_degree__money-lognormal__income-biased__growth-random__a-0.020__b-0.200__topo-ba__k-24,topology_degree,7
2026060448,True,240,4800,3,60,20,20,4800,60,1061,15,15,1245,226,0.075,False,3749,3749,1061,0.5034902640704189,0.8669525206721793,0,124,200,20.0,lognormal,biased,random,0.02,0.2,0.2,5.0,1.0,0.1,240,0,0.0,True,True,fixed,20,continue_after_avalanche,period_end,sw,6,0.1,2026064448,200,600,6.0,0.03015075376884422,0.46160714285714266,0.7416198487095663,0.12360330811826105,9,1,200,1.0,4.467386934673367,topology_degree__money-lognormal__income-biased__growth-random__a-0.020__b-0.200__topo-sw__k-6,topology_degree,0
2026060449,True,240,4800,2,40,20,20,4800,40,751,15,15,1553,234,0.075,False,4061,4061,751,0.5630546663383404,0.8819638020192071,0,123,200,20.0,lognormal,biased,random,0.02,0.2,0.2,5.0,1.0,0.1,240,0,0.0,True,True,fixed,20,continue_after_avalanche,period_end,sw,6,0.1,2026064449,200,600,6.0,0.03015075376884422,0.4627301587301587,0.7549834435270749,0.12583057392117916,9,1,200,1.0,4.476633165829146,topology_degree__money-lognormal__income-biased__growth-random__a-0.020__b-0.200__topo-sw__k-6,topology_degree,1
2026060450,True,240,4800,7,140,20,20,4800,140,928,15,15,1330,223,0.075,False,3653,3653,928,0.48306460443471133,0.835517382972899,0,113,200,20.0,lognormal,biased,random,0.02,0.2,0.2,5.0,1.0,0.1,240,0,0.0,True,True,fixed,20,continue_after_avalanche,period_end,sw,6,0.1,2026064450,200,600,6.0,0.03015075376884422,0.4378095238095236,0.7483314773547883,0.12472191289246472,9,1,200,1.0,4.374371859296482,topology_degree__money-lognormal__income-biased__growth-random__a-0.020__b-0.200__topo-sw__k-6,topology_degree,2
2026060451,True,240,4800,4,80,20,20,4800,80,1168,12,12,1165,228,0.06,False,3931,3931,1168,0.4552340371406767,0.7861727295853473,0,114,200,20.0,lognormal,biased,random,0.02,0.2,0.2,5.0,1.0,0.1,240,0,0.0,True,True,fixed,20,continue_after_avalanche,period_end,sw,6,0.1,2026064451,200,600,6.0,0.03015075376884422,0.4466666666666662,0.8246211251235321,0.13743685418725535,8,1,200,1.0,4.33819095477387,topology_degree__money-lognormal__income-biased__growth-random__a-0.020__b-0.200__topo-sw__k-6,topology_degree,3
2026060452,True,240,4800,4,80,20,20,4800,80,1244,13,13,1167,224,0.065,False,4056,4056,1244,0.4689003944773176,0.8118589743589744,0,127,200,20.0,lognormal,biased,random,0.02,0.2,0.2,5.0,1.0,0.1,240,0,0.0,True,True,fixed,20,continue_after_avalanche,period_end,sw,6,0.1,2026064452,200,600,6.0,0.03015075376884422,0.43741269841269803,0.7810249675906654,0.13017082793177756,9,1,200,1.0,4.328040201005025,topology_degree__money-lognormal__income-biased__growth-random__a-0.020__b-0.200__topo-sw__k-6,topology_degree,4
2026060453,True,240,4800,1,20,20,20,4800,20,679,17,17,1588,235,0.085,False,3872,3872,679,0.5239256198347109,0.8547598140495869,0,122,200,20.0,lognormal,biased,random,0.02,0.2,0.2,5.0,1.0,0.1,240,0,0.0,True,True,fixed,20,continue_after_avalanche,period_end,sw,6,0.1,2026064453,200,600,6.0,0.03015075376884422,0.4930357142857142,0.6164414002968976,0.10274023338281628,8,1,200,1.0,4.847336683417085,topology_degree__money-lognormal__income-biased__growth-random__a-0.020__b-0.200__topo-sw__k-6,topology_degree,5
2026060454,True,240,4800,5,100,20,20,4800,100,1076,14,14,1150,226,0.07,False,3708,3708,1076,0.45434196332254606,0.8020388349514564,0,112,200,20.0,lognormal,biased,random,0.02,0.2,0.2,5.0,1.0,0.1,240,0,0.0,True,True,fixed,20,continue_after_avalanche,period_end,sw,6,0.1,2026064454,200,600,6.0,0.03015075376884422,0.4537619047619046,0.7,0.11666666666666665,8,1,200,1.0,4.50356783919598,topology_degree__money-lognormal__income-biased__growth-random__a-0.020__b-0.200__topo-sw__k-6,topology_degree,6
2026060455,True,240,4800,2,40,20,20,4800,40,701,15,15,1391,229,0.075,False,4118,4118,701,0.5075959203496845,0.8455172413793104,0,125,200,20.0,lognormal,biased,random,0.02,0.2,0.2,5.0,1.0,0.1,240,0,0.0,True,True,fixed,20,continue_after_avalanche,period_end,sw,6,0.1,2026064455,200,600,6.0,0.03015075376884422,0.43623809523809515,0.7937253933193772,0.13228756555322954,9,1,200,1.0,4.31497487437186,topology_degree__money-lognormal__income-biased__growth-random__a-0.020__b-0.200__topo-sw__k-6,topology_degree,7
2026060456,True,240,4800,6,120,20,20,4800,120,1278,12,12,1143,221,0.06,False,3638,3638,1278,0.4704782847718527,0.823133589884552,0,117,200,20.0,lognormal,biased,random,0.02,0.2,0.2,5.0,1.0,0.1,240,0,0.0,True,True,fixed,20,continue_after_avalanche,period_end,sw,12,0.1,2026064456,200,1200,12.0,0.06030150753768844,0.5000208818958819,1.0535653752852738,0.08779711460710615,16,1,200,1.0,2.9267336683417087,topology_degree__money-lognormal__income-biased__growth-random__a-0.020__b-0.200__topo-sw__k-12,topology_degree,0
2026060457,True,240,4800,1,20,20,20,4800,20,652,18,18,1618,236,0.09,False,3567,3567,652,0.5238870199046819,0.8815349032800675,0,113,200,20.0,lognormal,biased,random,0.02,0.2,0.2,5.0,1.0,0.1,240,0,0.0,True,True,fixed,20,continue_after_avalanche,period_end,sw,12,0.1,2026064457,200,1200,12.0,0.06030150753768844,0.4885866078366078,1.1224972160321824,0.09354143466934854,15,1,200,1.0,2.9023618090452263,topology_degree__money-lognormal__income-biased__growth-random__a-0.020__b-0.200__topo-sw__k-12,topology_degree,1
2026060458,True,240,4800,3,60,20,20,4800,60,1299,12,12,1160,224,0.06,False,4312,4312,1299,0.4979220779220781,0.7968529684601113,0,132,200,20.0,lognormal,biased,random,0.02,0.2,0.2,5.0,1.0,0.1,240,0,0.0,True,True,fixed,20,continue_after_avalanche,period_end,sw,12,0.1,2026064458,200,1200,12.0,0.06030150753768844,0.4819178321678321,1.104536101718726,0.09204467514322717,15,1,200,1.0,2.904170854271357,topology_degree__money-lognormal__income-biased__growth-random__a-0.020__b-0.200__topo-sw__k-12,topology_degree,2
2026060459,True,240,4800,1,20,20,20,4800,20,894,15,15,1322,226,0.075,False,3671,3671,894,0.4890288749659495,0.830655134840643,0,117,200,20.0,lognormal,biased,random,0.02,0.2,0.2,5.0,1.0,0.1,240,0,0.0,True,True,fixed,20,continue_after_avalanche,period_end,sw,12,0.1,2026064459,200,1200,12.0,0.06030150753768844,0.5011357531357531,1.1090536506409416,0.0924211375534118,15,1,200,1.0,2.9440201005025126,topology_degree__money-lognormal__income-biased__growth-random__a-0.020__b-0.200__topo-sw__k-12,topology_degree,3
2026060460,True,240,4800,1,20,20,20,4800,20,1159,15,15,1288,232,0.075,False,4215,4215,1159,0.519211150652432,0.8315361803084225,0,129,200,20.0,lognormal,biased,random,0.02,0.2,0.2,5.0,1.0,0.1,240,0,0.0,True,True,fixed,20,continue_after_avalanche,period_end,sw,12,0.1,2026064460,200,1200,12.0,0.06030150753768844,0.5086817071817071,1.0,0.08333333333333333,16,1,200,1.0,2.9762311557788945,topology_degree__money-lognormal__income-biased__growth-random__a-0.020__b-0.200__topo-sw__k-12,topology_degree,4
2026060461,True,240,4800,2,40,20,20,4800,40,848,19,19,1519,229,0.095,False,3776,3776,848,0.509335275423729,0.8385407838983052,0,115,200,20.0,lognormal,biased,random,0.02,0.2,0.2,5.0,1.0,0.1,240,0,0.0,True,True,fixed,20,continue_after_avalanche,period_end,sw,12,0.1,2026064461,200,1200,12.0,0.06030150753768844,0.4832922077922079,1.1,0.09166666666666667,16,1,200,1.0,2.896180904522613,topology_degree__money-lognormal__income-biased__growth-random__a-0.020__b-0.200__topo-sw__k-12,topology_degree,5
2026060462,True,240,4800,4,80,20,20,4800,80,883,19,19,1341,220,0.095,False,4394,4394,883,0.5309604005461994,0.8669025944469733,0,134,200,20.0,lognormal,biased,random,0.02,0.2,0.2,5.0,1.0,0.1,240,0,0.0,True,True,fixed,20,continue_after_avalanche,period_end,sw,12,0.1,2026064462,200,1200,12.0,0.06030150753768844,0.50767920967921,1.0677078252031311,0.08897565210026093,15,1,200,1.0,2.9378391959798993,topology_degree__money-lognormal__income-biased__growth-random__a-0.020__b-0.200__topo-sw__k-12,topology_degree,6
2026060463,True,240,4800,1,20,20,20,4800,20,1007,15,15,1307,228,0.075,False,4037,4037,1007,0.49494054991330216,0.8285298488976964,0,124,200,20.0,lognormal,biased,random,0.02,0.2,0.2,5.0,1.0,0.1,240,0,0.0,True,True,fixed,20,continue_after_avalanche,period_end,sw,12,0.1,2026064463,200,1200,12.0,0.06030150753768844,0.5113388833388839,0.9433981132056604,0.07861650943380503,14,1,200,1.0,2.9704020100502513,topology_degree__money-lognormal__income-biased__growth-random__a-0.020__b-0.200__topo-sw__k-12,topology_degree,7
2026060464,True,240,4800,4,80,20,20,4800,80,869,18,18,1331,229,0.09,False,3416,3416,869,0.4542300936768151,0.8410275175644029,0,108,200,20.0,lognormal,biased,random,0.02,0.2,0.2,5.0,1.0,0.1,240,0,0.0,True,True,fixed,20,continue_after_avalanche,period_end,sw,24,0.1,2026064464,200,2400,24.0,0.12060301507537688,0.5374073475638692,1.3928388277184118,0.058034951154933824,27,1,200,1.0,2.2825628140703516,topology_degree__money-lognormal__income-biased__growth-random__a-0.020__b-0.200__topo-sw__k-24,topology_degree,0
2026060465,True,240,4800,8,160,20,20,4800,160,1179,13,13,1219,217,0.065,False,4600,4600,1179,0.5112478260869566,0.8326978260869566,0,142,200,20.0,lognormal,biased,random,0.02,0.2,0.2,5.0,1.0,0.1,240,0,0.0,True,True,fixed,20,continue_after_avalanche,period_end,sw,24,0.1,2026064465,200,2400,24.0,0.12060301507537688,0.5412192315287121,1.4594519519326423,0.06081049799719343,29,1,200,1.0,2.289145728643216,topology_degree__money-lognormal__income-biased__growth-random__a-0.020__b-0.200__topo-sw__k-24,topology_degree,1
2026060466,True,240,4800,1,20,20,20,4800,20,887,15,15,1407,232,0.075,False,4083,4083,887,0.5195040411462162,0.8549167278961549,0,128,200,20.0,lognormal,biased,random,0.02,0.2,0.2,5.0,1.0,0.1,240,0,0.0,True,True,fixed,20,continue_after_avalanche,period_end,sw,24,0.1,2026064466,200,2400,24.0,0.12060301507537688,0.5398083630116807,1.5459624833740306,0.06441510347391795,28,1,200,1.0,2.290854271356784,topology_degree__money-lognormal__income-biased__growth-random__a-0.020__b-0.200__topo-sw__k-24,topology_degree,2
2026060467,True,240,4800,5,100,20,20,4800,100,770,18,18,1556,233,0.09,False,4160,4160,770,0.5485216346153847,0.8758173076923077,0,124,200,20.0,lognormal,biased,random,0.02,0.2,0.2,5.0,1.0,0.1,240,0,0.0,True,True,fixed,20,continue_after_avalanche,period_end,sw,24,0.1,2026064467,200,2400,24.0,0.12060301507537688,0.5466930352044764,1.47648230602334,0.061520096084305836,28,1,200,1.0,2.2946231155778896,topology_degree__money-lognormal__income-biased__growth-random__a-0.020__b-0.200__topo-sw__k-24,topology_degree,3
2026060468,True,240,4800,6,120,20,20,4800,120,935,17,17,1521,228,0.085,False,3867,3867,935,0.5073894491854152,0.8542216188259635,0,118,200,20.0,lognormal,biased,random,0.02,0.2,0.2,5.0,1.0,0.1,240,0,0.0,True,True,fixed,20,continue_after_avalanche,period_end,sw,24,0.1,2026064468,200,2400,24.0,0.12060301507537688,0.5372636510959162,1.445683229480096,0.060236801228337335,28,1,200,1.0,2.2855778894472363,topology_degree__money-lognormal__income-biased__growth-random__a-0.020__b-0.200__topo-sw__k-24,topology_degree,4
2026060469,True,240,4800,5,100,20,20,4800,100,813,16,16,1637,228,0.08,False,4028,4028,813,0.5684781529294936,0.8953748758689177,0,116,200,20.0,lognormal,biased,random,0.02,0.2,0.2,5.0,1.0,0.1,240,0,0.0,True,True,fixed,20,continue_after_avalanche,period_end,sw,24,0.1,2026064469,200,2400,24.0,0.12060301507537688,0.5430495877866541,1.5198684153570663,0.06332785063987777,29,1,200,1.0,2.292814070351759,topology_degree__money-lognormal__income-biased__growth-random__a-0.020__b-0.200__topo-sw__k-24,topology_degree,5
2026060470,True,240,4800,1,20,20,20,4800,20,858,17,17,1422,226,0.085,False,4316,4316,858,0.5395690454124191,0.8835426320667286,0,131,200,20.0,lognormal,biased,random,0.02,0.2,0.2,5.0,1.0,0.1,240,0,0.0,True,True,fixed,20,continue_after_avalanche,period_end,sw,24,0.1,2026064470,200,2400,24.0,0.12060301507537688,0.5215246461903211,1.57797338380595,0.06574889099191458,28,1,200,1.0,2.257286432160804,topology_degree__money-lognormal__income-biased__growth-random__a-0.020__b-0.200__topo-sw__k-24,topology_degree,6
2026060471,True,240,4800,7,140,20,20,4800,140,698,17,17,1578,232,0.085,False,3531,3531,698,0.49121920135938835,0.8502846219201361,0,111,200,20.0,lognormal,biased,random,0.02,0.2,0.2,5.0,1.0,0.1,240,0,0.0,True,True,fixed,20,continue_after_avalanche,period_end,sw,24,0.1,2026064471,200,2400,24.0,0.12060301507537688,0.534527609681614,1.4798648586948742,0.06166103577895309,28,1,200,1.0,2.2857788944723616,topology_degree__money-lognormal__income-biased__growth-random__a-0.020__b-0.200__topo-sw__k-24,topology_degree,7
2026060472,True,240,4800,79,1580,20,20,4800,1580,2742,9,9,263,108,0.045,False,4000,4000,2742,0.0,0.5203900000000001,0,123,200,20.0,equal,biased,random,0.02,0.2,0.2,5.0,1.0,0.1,240,0,0.0,True,True,fixed,20,continue_after_avalanche,period_end,er,12,0.1,2026064472,200,1200,12.0,0.06030150753768844,0.06425418538327404,3.054504869860253,0.2545420724883544,23,1,200,1.0,2.401155778894472,money_distribution__money-equal__income-biased__growth-random__a-0.020__b-0.200__topo-er__k-12,money_distribution,0
2026060473,True,240,4800,58,1160,20,20,4800,1160,2845,5,5,150,81,0.025,False,4000,4000,2845,0.0,0.5340750000000001,0,121,200,20.0,equal,biased,random,0.02,0.2,0.2,5.0,1.0,0.1,240,0,0.0,True,True,fixed,20,continue_after_avalanche,period_end,er,12,0.1,2026064473,200,1200,12.0,0.06030150753768844,0.06890808374631899,3.4394767043839676,0.28662305869866395,22,1,200,1.0,2.4025628140703517,money_distribution__money-equal__income-biased__growth-random__a-0.020__b-0.200__topo-er__k-12,money_distribution,1
2026060474,True,240,4800,75,1500,20,20,4800,1500,2511,6,6,215,99,0.03,False,4000,4000,2511,0.0,0.5523200000000001,0,116,200,20.0,equal,biased,random,0.02,0.2,0.2,5.0,1.0,0.1,240,0,0.0,True,True,fixed,20,continue_after_avalanche,period_end,er,12,0.1,2026064474,200,1200,12.0,0.06030150753768844,0.06586054824948011,3.269556544854363,0.27246304540453026,20,1,200,1.0,2.400753768844221,money_distribution__money-equal__income-biased__growth-random__a-0.020__b-0.200__topo-er__k-12,money_distribution,2
2026060475,True,240,4800,67,1340,20,20,4800,1340,2509,8,8,231,99,0.04,False,4000,4000,2509,0.0,0.5182925,0,123,200,20.0,equal,biased,random,0.02,0.2,0.2,5.0,1.0,0.1,240,0,0.0,True,True,fixed,20,continue_after_avalanche,period_end,er,12,0.1,2026064475,200,1200,12.0,0.06030150753768844,0.06410938218987751,3.7067505985701277,0.3088958832141773,25,1,200,1.0,2.401256281407035,money_distribution__money-equal__income-biased__growth-random__a-0.020__b-0.200__topo-er__k-12,money_distribution,3
2026060476,True,240,4800,85,1700,20,20,4800,1700,2547,8,8,185,94,0.04,False,4000,4000,2547,0.0,0.5190925000000002,0,118,200,20.0,equal,biased,random,0.02,0.2,0.2,5.0,1.0,0.1,240,0,0.0,True,True,fixed,20,continue_after_avalanche,period_end,er,12,0.1,2026064476,200,1200,12.0,0.06030150753768844,0.05835924078576182,3.4942810419312296,0.29119008682760245,23,1,200,1.0,2.4005527638190953,money_distribution__money-equal__income-biased__growth-random__a-0.020__b-0.200__topo-er__k-12,money_distribution,4
2026060477,True,240,4800,70,1400,20,20,4800,1400,2373,7,7,273,118,0.035,False,4000,4000,2373,0.0,0.5737475000000001,0,124,200,20.0,equal,biased,random,0.02,0.2,0.2,5.0,1.0,0.1,240,0,0.0,True,True,fixed,20,continue_after_avalanche,period_end,er,12,0.1,2026064477,200,1200,12.0,0.06030150753768844,0.05303865033315494,3.3555923471125033,0.2796326955927086,21,1,200,1.0,2.4020603015075377,money_distribution__money-equal__income-biased__growth-random__a-0.020__b-0.200__topo-er__k-12,money_distribution,5
2026060478,True,240,4800,43,860,20,20,4800,860,2650,5,5,151,79,0.025,False,4000,4000,2650,0.0,0.5046625,0,122,200,20.0,equal,biased,random,0.02,0.2,0.2,5.0,1.0,0.1,240,0,0.0,True,True,fixed,20,continue_after_avalanche,period_end,er,12,0.1,2026064478,200,1200,12.0,0.06030150753768844,0.0611899420239203,3.402939905434711,0.2835783254528926,22,1,200,1.0,2.3988442211055276,money_distribution__money-equal__income-biased__growth-random__a-0.020__b-0.200__topo-er__k-12,money_distribution,6
2026060479,True,240,4800,80,1600,20,20,4800,1600,2832,8,8,202,106,0.04,False,4000,4000,2832,0.0,0.4903425000000001,0,134,200,20.0,equal,biased,random,0.02,0.2,0.2,5.0,1.0,0.1,240,0,0.0,True,True,fixed,20,continue_after_avalanche,period_end,er,12,0.1,2026064479,200,1200,12.0,0.06030150753768844,0.060475333919606335,3.358571124749333,0.27988092706244444,22,1,200,1.0,2.401457286432161,money_distribution__money-equal__income-biased__growth-random__a-0.020__b-0.200__topo-er__k-12,money_distribution,7
2026060480,True,240,4800,1,20,20,20,4800,20,1997,10,10,808,227,0.05,False,4011,4011,1997,0.33280603340812775,0.6383034156070806,0,128,200,20.0,uniform,biased,random,0.02,0.2,0.2,5.0,1.0,0.1,240,0,0.0,True,True,fixed,20,continue_after_avalanche,period_end,er,12,0.1,2026064480,200,1200,12.0,0.06030150753768844,0.05478521109093865,3.423448553724738,0.2852873794770615,22,1,200,1.0,2.399748743718593,money_distribution__money-uniform__income-biased__growth-random__a-0.020__b-0.200__topo-er__k-12,money_distribution,0
2026060481,True,240,4800,2,40,20,20,4800,40,1652,11,11,1026,231,0.055,False,3684,3684,1652,0.37766829533116186,0.6952144408251901,0,113,200,20.0,uniform,biased,random,0.02,0.2,0.2,5.0,1.0,0.1,240,0,0.0,True,True,fixed,20,continue_after_avalanche,period_end,er,12,0.1,2026064481,200,1200,12.0,0.06030150753768844,0.05838039317923216,2.979932885150268,0.248327740429189,25,1,200,1.0,2.3982914572864322,money_distribution__money-uniform__income-biased__growth-random__a-0.020__b-0.200__topo-er__k-12,money_distribution,1
2026060482,True,240,4800,1,20,20,20,4800,20,1740,10,10,817,221,0.05,False,3889,3889,1740,0.3355322705065571,0.6651362818205195,0,123,200,20.0,uniform,biased,random,0.02,0.2,0.2,5.0,1.0,0.1,240,0,0.0,True,True,fixed,20,continue_after_avalanche,period_end,er,12,0.1,2026064482,200,1200,12.0,0.06030150753768844,0.06556457019073111,3.4452866353904428,0.2871072196158702,22,1,200,1.0,2.4055778894472364,money_distribution__money-uniform__income-biased__growth-random__a-0.020__b-0.200__topo-er__k-12,money_distribution,2
2026060483,True,240,4800,5,100,20,20,4800,100,1880,12,12,853,221,0.06,False,4004,4004,1880,0.3350974025974027,0.658961038961039,0,120,200,20.0,uniform,biased,random,0.02,0.2,0.2,5.0,1.0,0.1,240,0,0.0,True,True,fixed,20,continue_after_avalanche,period_end,er,12,0.1,2026064483,200,1200,12.0,0.06030150753768844,0.06799271888242468,3.5,0.2916666666666667,20,1,200,1.0,2.3997989949748746,money_distribution__money-uniform__income-biased__growth-random__a-0.020__b-0.200__topo-er__k-12,money_distribution,3
2026060484,True,240,4800,1,20,20,20,4800,20,1585,13,13,919,220,0.065,False,3929,3929,1585,0.3289602952405193,0.6812967676253501,0,126,200,20.0,uniform,biased,random,0.02,0.2,0.2,5.0,1.0,0.1,240,0,0.0,True,True,fixed,20,continue_after_avalanche,period_end,er,12,0.1,2026064484,200,1200,12.0,0.06030150753768844,0.06111048102224567,3.0919249667480613,0.2576604138956718,20,1,200,1.0,2.3995477386934674,money_distribution__money-uniform__income-biased__growth-random__a-0.020__b-0.200__topo-er__k-12,money_distribution,4
2026060485,True,240,4800,1,20,20,20,4800,20,2246,12,12,768,228,0.06,False,4032,4032,2246,0.3478769841269842,0.6237152777777779,0,126,200,20.0,uniform,biased,random,0.02,0.2,0.2,5.0,1.0,0.1,240,0,0.0,True,True,fixed,20,continue_after_avalanche,period_end,er,12,0.1,2026064485,200,1200,12.0,0.06030150753768844,0.059983943450695326,3.3421549934136805,0.2785129161178067,24,1,200,1.0,2.400100502512563,money_distribution__money-uniform__income-biased__growth-random__a-0.020__b-0.200__topo-er__k-12,money_distribution,5
2026060486,True,240,4800,4,80,20,20,4800,80,1604,11,11,879,222,0.055,False,3933,3933,1604,0.3250864480040683,0.6626913297737098,0,121,200,20.0,uniform,biased,random,0.02,0.2,0.2,5.0,1.0,0.1,240,0,0.0,True,True,fixed,20,continue_after_avalanche,period_end,er,12,0.1,2026064486,200,1200,12.0,0.06030150753768844,0.05865115014844113,3.1128764832546763,0.2594063736045564,20,1,200,1.0,2.3988442211055276,money_distribution__money-uniform__income-biased__growth-random__a-0.020__b-0.200__topo-er__k-12,money_distribution,6
2026060487,True,240,4800,2,40,20,20,4800,40,2179,10,10,714,210,0.05,False,4205,4205,2179,0.314576694411415,0.6168406658739596,0,129,200,20.0,uniform,biased,random,0.02,0.2,0.2,5.0,1.0,0.1,240,0,0.0,True,True,fixed,20,continue_after_avalanche,period_end,er,12,0.1,2026064487,200,1200,12.0,0.06030150753768844,0.059764883336477705,3.3674916480965473,0.2806243040080456,20,1,200,1.0,2.3981909547738693,money_distribution__money-uniform__income-biased__growth-random__a-0.020__b-0.200__topo-er__k-12,money_distribution,7
2026060488,True,240,4800,1,20,20,20,4800,20,1831,10,10,639,206,0.05,False,4021,4021,1831,0.28463441929868205,0.6128711763242976,0,129,200,20.0,normal,biased,random,0.02,0.2,0.2,5.0,1.0,0.1,240,0,0.0,True,True,fixed,20,continue_after_avalanche,period_end,er,12,0.1,2026064488,200,1200,12.0,0.06030150753768844,0.060185533979264606,3.456877203488721,0.28807310029072675,22,1,200,1.0,2.3974874371859296,money_distribution__money-normal__income-biased__growth-random__a-0.020__b-0.200__topo-er__k-12,money_distribution,0
2026060489,True,240,4800,1,20,20,20,4800,20,2036,9,9,669,210,0.045,False,4005,4005,2036,0.26573907615480663,0.6295168539325844,0,124,200,20.0,normal,biased,random,0.02,0.2,0.2,5.0,1.0,0.1,240,0,0.0,True,True,fixed,20,continue_after_avalanche,period_end,er,12,0.1,2026064489,200,1200,12.0,0.06030150753768844,0.06381431064635394,3.5383612025908264,0.29486343354923555,22,1,200,1.0,2.4058793969849246,money_distribution__money-normal__income-biased__growth-random__a-0.020__b-0.200__topo-er__k-12,money_distribution,1
2026060490,True,240,4800,1,20,20,20,4800,20,1925,10,10,629,202,0.05,False,4139,4139,1925,0.2690323749697996,0.6282181686397681,0,120,200,20.0,normal,biased,random,0.02,0.2,0.2,5.0,1.0,0.1,240,0,0.0,True,True,fixed,20,continue_after_avalanche,period_end,er,12,0.1,2026064490,200,1200,12.0,0.06030150753768844,0.060209642162327534,3.38673884437522,0.28222823703126837,23,1,200,1.0,2.395326633165829,money_distribution__money-normal__income-biased__growth-random__a-0.020__b-0.200__topo-er__k-12,money_distribution,2
2026060491,True,240,4800,1,20,20,20,4800,20,2094,9,9,607,202,0.045,False,4002,4002,2094,0.2978510744627687,0.6341329335332335,0,123,200,20.0,normal,biased,random,0.02,0.2,0.2,5.0,1.0,0.1,240,0,0.0,True,True,fixed,20,continue_after_avalanche,period_end,er,12,0.1,2026064491,200,1200,12.0,0.06030150753768844,0.06208756774701045,3.358571124749333,0.27988092706244444,22,1,200,1.0,2.3991457286432163,money_distribution__money-normal__income-biased__growth-random__a-0.020__b-0.200__topo-er__k-12,money_distribution,3
2026060492,True,240,4800,3,60,20,20,4800,60,1777,10,10,670,205,0.05,False,3728,3728,1777,0.28131169527897004,0.665472103004292,0,125,200,20.0,normal,biased,random,0.02,0.2,0.2,5.0,1.0,0.1,240,0,0.0,True,True,fixed,20,continue_after_avalanche,period_end,er,12,0.1,2026064492,200,1200,12.0,0.06030150753768844,0.05865211817765991,3.2741411087489802,0.27284509239574833,22,1,200,1.0,2.407035175879397,money_distribution__money-normal__income-biased__growth-random__a-0.020__b-0.200__topo-er__k-12,money_distribution,4
2026060493,True,240,4800,1,20,20,20,4800,20,2066,8,8,567,196,0.04,False,4103,4103,2066,0.28667682183767984,0.6260017060687304,0,121,200,20.0,normal,biased,random,0.02,0.2,0.2,5.0,1.0,0.1,240,0,0.0,True,True,fixed,20,continue_after_avalanche,period_end,er,12,0.1,2026064493,200,1200,12.0,0.06030150753768844,0.06023654905466043,3.3226495451672298,0.27688746209726917,22,1,200,1.0,2.397286432160804,money_distribution__money-normal__income-biased__growth-random__a-0.020__b-0.200__topo-er__k-12,money_distribution,5
2026060494,True,240,4800,1,20,20,20,4800,20,1878,9,9,592,199,0.045,False,3956,3956,1878,0.28247977755308407,0.6590040444893832,0,109,200,20.0,normal,biased,random,0.02,0.2,0.2,5.0,1.0,0.1,240,0,0.0,True,True,fixed,20,continue_after_avalanche,period_end,er,12,0.1,2026064494,200,1200,12.0,0.06030150753768844,0.05917745008689278,3.3436506994600976,0.27863755828834147,21,1,200,1.0,2.401708542713568,money_distribution__money-normal__income-biased__growth-random__a-0.020__b-0.200__topo-er__k-12,money_distribution,6
2026060495,True,240,4800,1,20,20,20,4800,20,1935,12,12,654,202,0.06,False,3916,3916,1935,0.26849591419816154,0.6354800817160369,0,127,200,20.0,normal,biased,random,0.02,0.2,0.2,5.0,1.0,0.1,240,0,0.0,True,True,fixed,20,continue_after_avalanche,period_end,er,12,0.1,2026064495,200,1200,12.0,0.06030150753768844,0.06258559440215784,3.5651086939951777,0.2970923911662648,22,1,200,1.0,2.3998492462311556,money_distribution__money-normal__income-biased__growth-random__a-0.020__b-0.200__topo-er__k-12,money_distribution,7
2026060496,True,240,4800,5,100,20,20,4800,100,1138,18,18,1207,222,0.09,False,4156,4156,1138,0.47187199230028876,0.7879716073147258,0,127,200,20.0,lognormal,biased,random,0.02,0.2,0.2,5.0,1.0,0.1,240,0,0.0,True,True,fixed,20,continue_after_avalanche,period_end,er,12,0.1,2026064496,200,1200,12.0,0.06030150753768844,0.06680467558757028,3.395585369269929,0.28296544743916074,22,1,200,1.0,2.397286432160804,money_distribution__money-lognormal__income-biased__growth-random__a-0.020__b-0.200__topo-er__k-12,money_distribution,0
2026060497,True,240,4800,2,40,20,20,4800,40,889,18,18,1512,230,0.09,False,4136,4136,889,0.5161943907156674,0.8399274661508704,0,118,200,20.0,lognormal,biased,random,0.02,0.2,0.2,5.0,1.0,0.1,240,0,0.0,True,True,fixed,20,continue_after_avalanche,period_end,er,12,0.1,2026064497,200,1200,12.0,0.06030150753768844,0.06053713241522831,3.391164991562634,0.2825970826302195,21,1,200,1.0,2.397939698492462,money_distribution__money-lognormal__income-biased__growth-random__a-0.020__b-0.200__topo-er__k-12,money_distribution,1
2026060498,True,240,4800,3,60,20,20,4800,60,1021,13,13,1301,234,0.065,False,3760,3760,1021,0.5095106382978725,0.8362659574468085,0,121,200,20.0,lognormal,biased,random,0.02,0.2,0.2,5.0,1.0,0.1,240,0,0.0,True,True,fixed,20,continue_after_avalanche,period_end,er,12,0.1,2026064498,200,1200,12.0,0.06030150753768844,0.055175722497316865,3.0315012782448236,0.252625106520402,20,1,200,1.0,2.3999497487437185,money_distribution__money-lognormal__income-biased__growth-random__a-0.020__b-0.200__topo-er__k-12,money_distribution,2
2026060499,True,240,4800,3,60,20,20,4800,60,1075,13,13,1288,224,0.065,False,4384,4384,1075,0.5291742700729929,0.8099498175182482,0,129,200,20.0,lognormal,biased,random,0.02,0.2,0.2,5.0,1.0,0.1,240,0,0.0,True,True,fixed,20,continue_after_avalanche,period_end,er,12,0.1,2026064499,200,1200,12.0,0.06030150753768844,0.06077391051500954,3.3211443810831227,0.2767620317569269,22,1,200,1.0,2.4024623115577888,money_distribution__money-lognormal__income-biased__growth-random__a-0.020__b-0.200__topo-er__k-12,money_distribution,3
2026060500,True,240,4800,2,40,20,20,4800,40,732,17,17,1544,227,0.085,False,3668,3668,732,0.5239967284623774,0.8544302071973828,0,109,200,20.0,lognormal,biased,random,0.02,0.2,0.2,5.0,1.0,0.1,240,0,0.0,True,True,fixed,20,continue_after_avalanche,period_end,er,12,0.1,2026064500,200,1200,12.0,0.06030150753768844,0.057812686797206865,3.2726136343907144,0.27271780286589287,21,1,200,1.0,2.403316582914573,money_distribution__money-lognormal__income-biased__growth-random__a-0.020__b-0.200__topo-er__k-12,money_distribution,4
2026060501,True,240,4800,9,180,20,20,4800,180,792,15,15,1393,221,0.075,False,4250,4250,792,0.5181411764705883,0.8579435294117648,0,135,200,20.0,lognormal,biased,random,0.02,0.2,0.2,5.0,1.0,0.1,240,0,0.0,True,True,fixed,20,continue_after_avalanche,period_end,er,12,0.1,2026064501,200,1200,12.0,0.06030150753768844,0.06390014247952723,3.2603680773802215,0.27169733978168514,23,1,200,1.0,2.398391959798995,money_distribution__money-lognormal__income-biased__growth-random__a-0.020__b-0.200__topo-er__k-12,money_distribution,5
2026060502,True,240,4800,3,60,20,20,4800,60,1016,18,18,1375,230,0.09,False,4421,4421,1016,0.5389809997738069,0.8695238633793261,0,135,200,20.0,lognormal,biased,random,0.02,0.2,0.2,5.0,1.0,0.1,240,0,0.0,True,True,fixed,20,continue_after_avalanche,period_end,er,12,0.1,2026064502,200,1200,12.0,0.06030150753768844,0.06956660673609454,3.492849839314596,0.29107081994288303,23,1,200,1.0,2.3985929648241204,money_distribution__money-lognormal__income-biased__growth-random__a-0.020__b-0.200__topo-er__k-12,money_distribution,6
2026060503,True,240,4800,2,40,20,20,4800,40,598,18,18,1569,230,0.09,False,4331,4331,598,0.5628827060725008,0.9116312629877628,0,129,200,20.0,lognormal,biased,random,0.02,0.2,0.2,5.0,1.0,0.1,240,0,0.0,True,True,fixed,20,continue_after_avalanche,period_end,er,12,0.1,2026064503,200,1200,12.0,0.06030150753768844,0.05725347141678407,3.0789608636681307,0.2565800719723442,21,1,200,1.0,2.394070351758794,money_distribution__money-lognormal__income-biased__growth-random__a-0.020__b-0.200__topo-er__k-12,money_distribution,7
2026060504,True,240,4800,23,460,20,20,4800,460,1130,13,13,756,177,0.065,False,4003,4003,1130,0.33550462153384975,0.8047626779915065,0,128,200,20.0,pareto,biased,random,0.02,0.2,0.2,5.0,1.0,0.1,240,0,0.0,True,True,fixed,20,continue_after_avalanche,period_end,er,12,0.1,2026064504,200,1200,12.0,0.06030150753768844,0.05652477220585305,3.266496594212215,0.27220804951768457,23,1,200,1.0,2.397939698492462,money_distribution__money-pareto__income-biased__growth-random__a-0.020__b-0.200__topo-er__k-12,money_distribution,0
2026060505,True,240,4800,25,500,20,20,4800,500,1563,12,12,624,173,0.06,False,3998,3998,1563,0.323039019509755,0.7571235617808905,0,124,200,20.0,pareto,biased,random,0.02,0.2,0.2,5.0,1.0,0.1,240,0,0.0,True,True,fixed,20,continue_after_avalanche,period_end,er,12,0.1,2026064505,200,1200,12.0,0.06030150753768844,0.06211643632425362,3.151190251317746,0.26259918760981216,22,1,200,1.0,2.3973869346733667,money_distribution__money-pareto__income-biased__growth-random__a-0.020__b-0.200__topo-er__k-12,money_distribution,1
2026060506,True,240,4800,21,420,20,20,4800,420,995,15,15,1041,189,0.075,False,4005,4005,995,0.40719475655430726,0.8668401997503121,0,122,200,20.0,pareto,biased,random,0.02,0.2,0.2,5.0,1.0,0.1,240,0,0.0,True,True,fixed,20,continue_after_avalanche,period_end,er,12,0.1,2026064506,200,1200,12.0,0.06030150753768844,0.06529853992905878,3.408812109811862,0.2840676758176552,24,1,200,1.0,2.4034170854271357,money_distribution__money-pareto__income-biased__growth-random__a-0.020__b-0.200__topo-er__k-12,money_distribution,2
2026060507,True,240,4800,31,620,20,20,4800,620,2014,9,9,380,139,0.045,False,3994,3994,2014,0.2711592388582875,0.6976865297946921,0,120,200,20.0,pareto,biased,random,0.02,0.2,0.2,5.0,1.0,0.1,240,0,0.0,True,True,fixed,20,continue_after_avalanche,period_end,er,12,0.1,2026064507,200,1200,12.0,0.06030150753768844,0.06053807767926421,3.492849839314596,0.29107081994288303,24,1,200,1.0,2.400100502512563,money_distribution__money-pareto__income-biased__growth-random__a-0.020__b-0.200__topo-er__k-12,money_distribution,3
2026060508,True,240,4800,50,1000,20,20,4800,1000,1380,12,12,549,156,0.06,False,4000,4000,1380,0.29791500000000015,0.78885,0,122,200,20.0,pareto,biased,random,0.02,0.2,0.2,5.0,1.0,0.1,240,0,0.0,True,True,fixed,20,continue_after_avalanche,period_end,er,12,0.1,2026064508,200,1200,12.0,0.06030150753768844,0.05815180962342418,3.5482389998420345,0.29568658332016956,24,1,200,1.0,2.3959296482412062,money_distribution__money-pareto__income-biased__growth-random__a-0.020__b-0.200__topo-er__k-12,money_distribution,4
2026060509,True,240,4800,20,400,20,20,4800,400,815,17,17,1020,176,0.085,False,3992,3992,815,0.3941407815631264,0.8917409819639279,0,121,200,20.0,pareto,biased,random,0.02,0.2,0.2,5.0,1.0,0.1,240,0,0.0,True,True,fixed,20,continue_after_avalanche,period_end,er,12,0.1,2026064509,200,1200,12.0,0.06030150753768844,0.05941238875242103,3.5777087639996634,0.29814239699997197,26,1,200,1.0,2.3972361809045224,money_distribution__money-pareto__income-biased__growth-random__a-0.020__b-0.200__topo-er__k-12,money_distribution,5
2026060510,True,240,4800,28,560,20,20,4800,560,744,15,15,1099,187,0.075,False,4001,4001,744,0.42177830542364414,0.9125656085978506,0,128,200,20.0,pareto,biased,random,0.02,0.2,0.2,5.0,1.0,0.1,240,0,0.0,True,True,fixed,20,continue_after_avalanche,period_end,er,12,0.1,2026064510,200,1200,12.0,0.06030150753768844,0.06432358946523031,3.3763886032268267,0.2813657169355689,21,1,200,1.0,2.3988442211055276,money_distribution__money-pareto__income-biased__growth-random__a-0.020__b-0.200__topo-er__k-12,money_distribution,6
2026060511,True,240,4800,45,900,20,20,4800,900,1513,11,11,547,156,0.055,False,3996,3996,1513,0.2511786786786787,0.7387137137137139,0,121,200,20.0,pareto,biased,random,0.02,0.2,0.2,5.0,1.0,0.1,240,0,0.0,True,True,fixed,20,continue_after_avalanche,period_end,er,12,0.1,2026064511,200,1200,12.0,0.06030150753768844,0.06338466155559637,3.352610922848042,0.27938424357067015,23,1,200,1.0,2.4043718592964822,money_distribution__money-pareto__income-biased__growth-random__a-0.020__b-0.200__topo-er__k-12,money_distribution,7
2026060512,False,240,4800,0,0,20,20,4800,4800,4800,0,0,0,0,0.0,False,3507,3507,4800,0.500186769318506,0.13734388366124906,0,113,200,20.0,lognormal,uniform,random,0.02,0.2,0.2,5.0,1.0,0.1,240,0,0.0,True,True,fixed,20,continue_after_avalanche,period_end,er,12,0.1,2026064512,200,1200,12.0,0.06030150753768844,0.06324162513326592,3.5468295701936396,0.29556913084946995,27,1,200,1.0,2.401457286432161,income_rule__money-lognormal__income-uniform__growth-random__a-0.020__b-0.200__topo-er__k-12,income_rule,0
2026060513,True,240,4800,8,160,20,20,4800,160,4788,1,1,2,2,0.005,False,3810,3810,4788,0.49972703412073494,0.12709711286089242,0,122,200,20.0,lognormal,uniform,random,0.02,0.2,0.2,5.0,1.0,0.1,240,0,0.0,True,True,fixed,20,continue_after_avalanche,period_end,er,12,0.1,2026064513,200,1200,12.0,0.06030150753768844,0.057433918936240856,3.2680269276736382,0.2723355773061365,20,1,200,1.0,2.3963819095477388,income_rule__money-lognormal__income-uniform__growth-random__a-0.020__b-0.200__topo-er__k-12,income_rule,1
2026060514,False,240,4800,0,0,20,20,4800,4800,4800,0,0,0,0,0.0,False,4062,4062,4800,0.4608099458394881,0.12194485475135419,0,137,200,20.0,lognormal,uniform,random,0.02,0.2,0.2,5.0,1.0,0.1,240,0,0.0,True,True,fixed,20,continue_after_avalanche,period_end,er,12,0.1,2026064514,200,1200,12.0,0.06030150753768844,0.06649634730594474,3.5510561809129406,0.2959213484094117,22,1,200,1.0,2.3997989949748746,income_rule__money-lognormal__income-uniform__growth-random__a-0.020__b-0.200__topo-er__k-12,income_rule,2
2026060515,True,240,4800,1,20,20,20,4800,20,4799,1,1,1,1,0.005,False,4028,4028,4799,0.5328624627606753,0.12088133068520368,0,126,200,20.0,lognormal,uniform,random,0.02,0.2,0.2,5.0,1.0,0.1,240,0,0.0,True,True,fixed,20,continue_after_avalanche,period_end,er,12,0.1,2026064515,200,1200,12.0,0.06030150753768844,0.05764759789461966,3.459768778401239,0.2883140648667699,23,1,200,1.0,2.394924623115578,income_rule__money-lognormal__income-uniform__growth-random__a-0.020__b-0.200__topo-er__k-12,income_rule,3
2026060516,True,240,4800,32,640,20,20,4800,640,4791,1,1,1,1,0.005,False,3799,3799,4791,0.49678204790734415,0.13855883127138724,0,117,200,20.0,lognormal,uniform,random,0.02,0.2,0.2,5.0,1.0,0.1,240,0,0.0,True,True,fixed,20,continue_after_avalanche,period_end,er,12,0.1,2026064516,200,1200,12.0,0.06030150753768844,0.06145558758407051,3.2908965343808667,0.27424137786507224,21,1,200,1.0,2.4030653266331656,income_rule__money-lognormal__income-uniform__growth-random__a-0.020__b-0.200__topo-er__k-12,income_rule,4
2026060517,True,240,4800,4,80,20,20,4800,80,4799,1,1,1,1,0.005,False,3601,3601,4799,0.4820147181338519,0.13922660372118867,0,105,200,20.0,lognormal,uniform,random,0.02,0.2,0.2,5.0,1.0,0.1,240,0,0.0,True,True,fixed,20,continue_after_avalanche,period_end,er,12,0.1,2026064517,200,1200,12.0,0.06030150753768844,0.05463437542849304,3.128897569432403,0.2607414641193669,21,1,200,1.0,2.398492462311558,income_rule__money-lognormal__income-uniform__growth-random__a-0.020__b-0.200__topo-er__k-12,income_rule,5
2026060518,True,240,4800,14,280,20,20,4800,280,4796,1,1,1,1,0.005,False,3803,3803,4796,0.5011504075729689,0.13810018406521185,0,122,200,20.0,lognormal,uniform,random,0.02,0.2,0.2,5.0,1.0,0.1,240,0,0.0,True,True,fixed,20,continue_after_avalanche,period_end,er,12,0.1,2026064518,200,1200,12.0,0.06030150753768844,0.061105483010281715,3.3391615714128,0.2782634642844,20,1,200,1.0,2.402311557788945,income_rule__money-lognormal__income-uniform__growth-random__a-0.020__b-0.200__topo-er__k-12,income_rule,6
2026060519,True,240,4800,76,1520,20,20,4800,1520,4766,1,1,1,1,0.005,False,3998,3998,4766,0.4553801900950476,0.1273411705852927,0,116,200,20.0,lognormal,uniform,random,0.02,0.2,0.2,5.0,1.0,0.1,240,0,0.0,True,True,fixed,20,continue_after_avalanche,period_end,er,12,0.1,2026064519,200,1200,12.0,0.06030150753768844,0.0624585330270752,3.6864617182333523,0.3072051431861127,26,1,200,1.0,2.4001507537688442,income_rule__money-lognormal__income-uniform__growth-random__a-0.020__b-0.200__topo-er__k-12,income_rule,7
2026060520,True,240,4800,7,140,20,20,4800,140,858,16,16,1454,230,0.08,False,3935,3935,858,0.5061994917407879,0.8502249047013979,0,119,200,20.0,lognormal,biased,random,0.02,0.2,0.2,5.0,1.0,0.1,240,0,0.0,True,True,fixed,20,continue_after_avalanche,period_end,er,12,0.1,2026064520,200,1200,12.0,0.06030150753768844,0.06112629750710242,3.2878564445547194,0.2739880370462266,22,1,200,1.0,2.398994974874372,income_rule__money-lognormal__income-biased__growth-random__a-0.020__b-0.200__topo-er__k-12,income_rule,0
2026060521,True,240,4800,1,20,20,20,4800,20,1029,15,15,1359,237,0.075,False,3864,3864,1029,0.5079580745341616,0.8251112836438925,0,123,200,20.0,lognormal,biased,random,0.02,0.2,0.2,5.0,1.0,0.1,240,0,0.0,True,True,fixed,20,continue_after_avalanche,period_end,er,12,0.1,2026064521,200,1200,12.0,0.06030150753768844,0.06394036251957907,3.2649655434629015,0.27208046195524177,23,1,200,1.0,2.4000502512562814,income_rule__money-lognormal__income-biased__growth-random__a-0.020__b-0.200__topo-er__k-12,income_rule,1
2026060522,True,240,4800,1,20,20,20,4800,20,686,16,16,1576,232,0.08,False,3562,3562,686,0.5241156653565413,0.8666956765861877,0,110,200,20.0,lognormal,biased,random,0.02,0.2,0.2,5.0,1.0,0.1,240,0,0.0,True,True,fixed,20,continue_after_avalanche,period_end,er,12,0.1,2026064522,200,1200,12.0,0.06030150753768844,0.0698817302408633,3.4351128074635335,0.28625940062196115,22,1,200,1.0,2.400653266331658,income_rule__money-lognormal__income-biased__growth-random__a-0.020__b-0.200__topo-er__k-12,income_rule,2
2026060523,True,240,4800,4,80,20,20,4800,80,1104,15,15,1402,226,0.075,False,4012,4012,1104,0.508905782652044,0.8328813559322035,0,122,200,20.0,lognormal,biased,random,0.02,0.2,0.2,5.0,1.0,0.1,240,0,0.0,True,True,fixed,20,continue_after_avalanche,period_end,er,12,0.1,2026064523,200,1200,12.0,0.06030150753768844,0.058729818169446585,3.151190251317746,0.26259918760981216,21,1,200,1.0,2.3996482412060303,income_rule__money-lognormal__income-biased__growth-random__a-0.020__b-0.200__topo-er__k-12,income_rule,3
2026060524,True,240,4800,5,100,20,20,4800,100,1109,16,16,1350,220,0.08,False,3848,3848,1109,0.49530925155925165,0.8733393970893972,0,116,200,20.0,lognormal,biased,random,0.02,0.2,0.2,5.0,1.0,0.1,240,0,0.0,True,True,fixed,20,continue_after_avalanche,period_end,er,12,0.1,2026064524,200,1200,12.0,0.06030150753768844,0.06465137438241148,3.2908965343808667,0.27424137786507224,19,1,200,1.0,2.4027638190954774,income_rule__money-lognormal__income-biased__growth-random__a-0.020__b-0.200__topo-er__k-12,income_rule,4
2026060525,True,240,4800,1,20,20,20,4800,20,672,18,18,1582,229,0.09,False,4328,4328,672,0.5530660813308688,0.8925184842883549,0,127,200,20.0,lognormal,biased,random,0.02,0.2,0.2,5.0,1.0,0.1,240,0,0.0,True,True,fixed,20,continue_after_avalanche,period_end,er,12,0.1,2026064525,200,1200,12.0,0.06030150753768844,0.06254846628259936,3.3496268448888453,0.2791355704074038,22,1,200,1.0,2.3991457286432163,income_rule__money-lognormal__income-biased__growth-random__a-0.020__b-0.200__topo-er__k-12,income_rule,5
2026060526,True,240,4800,9,180,20,20,4800,180,1246,15,15,1180,221,0.075,False,4737,4737,1246,0.5420466540004223,0.8230557314756175,0,140,200,20.0,lognormal,biased,random,0.02,0.2,0.2,5.0,1.0,0.1,240,0,0.0,True,True,fixed,20,continue_after_avalanche,period_end,er,12,0.1,2026064526,200,1200,12.0,0.06030150753768844,0.06804064399652628,3.327160951922825,0.2772634126602354,23,1,200,1.0,2.3971859296482414,income_rule__money-lognormal__income-biased__growth-random__a-0.020__b-0.200__topo-er__k-12,income_rule,6
2026060527,True,240,4800,1,20,20,20,4800,20,891,16,16,1450,235,0.08,False,5107,5107,891,0.592558253377717,0.8915850793029176,0,151,200,20.0,lognormal,biased,random,0.02,0.2,0.2,5.0,1.0,0.1,240,0,0.0,True,True,fixed,20,continue_after_avalanche,period_end,er,12,0.1,2026064527,200,1200,12.0,0.06030150753768844,0.06142101977717467,3.2218007387174024,0.26848339489311684,23,1,200,1.0,2.4009045226130654,income_rule__money-lognormal__income-biased__growth-random__a-0.020__b-0.200__topo-er__k-12,income_rule,7
2026060528,True,240,4800,4,80,20,20,4800,80,761,15,15,1566,225,0.075,False,3528,3528,761,0.4852069160997734,0.8809863945578231,0,60,200,20.0,lognormal,biased,random,0.01,0.1,0.2,5.0,1.0,0.1,240,0,0.0,True,True,fixed,20,continue_after_avalanche,period_end,er,12,0.1,2026064528,200,1200,12.0,0.06030150753768844,0.06590302779323841,3.351119216023208,0.27925993466860066,24,1,200,1.0,2.4003015075376886,ab_grid__money-lognormal__income-biased__growth-random__a-0.010__b-0.100__topo-er__k-12,ab_grid,0
2026060529,True,240,4800,9,180,20,20,4800,180,768,17,17,1544,220,0.085,False,4215,4215,768,0.5500035587188614,0.9033155397390273,0,67,200,20.0,lognormal,biased,random,0.01,0.1,0.2,5.0,1.0,0.1,240,0,0.0,True,True,fixed,20,continue_after_avalanche,period_end,er,12,0.1,2026064529,200,1200,12.0,0.06030150753768844,0.060769070325958845,3.3674916480965473,0.2806243040080456,19,1,200,1.0,2.4047738693467338,ab_grid__money-lognormal__income-biased__growth-random__a-0.010__b-0.100__topo-er__k-12,ab_grid,1
2026060530,True,240,4800,3,60,20,20,4800,60,870,16,16,1634,229,0.08,False,3680,3680,870,0.4890706521739132,0.8398994565217393,0,61,200,20.0,lognormal,biased,random,0.01,0.1,0.2,5.0,1.0,0.1,240,0,0.0,True,True,fixed,20,continue_after_avalanche,period_end,er,12,0.1,2026064530,200,1200,12.0,0.06030150753768844,0.06414024036267943,3.3421549934136805,0.2785129161178067,23,1,200,1.0,2.3967336683417084,ab_grid__money-lognormal__income-biased__growth-random__a-0.010__b-0.100__topo-er__k-12,ab_grid,2
2026060531,True,240,4800,4,80,20,20,4800,80,915,16,16,1557,226,0.08,False,3948,3948,915,0.5160030395136779,0.8488120567375887,0,63,200,20.0,lognormal,biased,random,0.01,0.1,0.2,5.0,1.0,0.1,240,0,0.0,True,True,fixed,20,continue_after_avalanche,period_end,er,12,0.1,2026064531,200,1200,12.0,0.06030150753768844,0.0564599543902949,3.1937438845342623,0.26614532371118854,22,1,200,1.0,2.398542713567839,ab_grid__money-lognormal__income-biased__growth-random__a-0.010__b-0.100__topo-er__k-12,ab_grid,3
2026060532,True,240,4800,12,240,20,20,4800,240,693,18,18,1460,219,0.09,False,4420,4420,693,0.5269909502262444,0.873638009049774,0,71,200,20.0,lognormal,biased,random,0.01,0.1,0.2,5.0,1.0,0.1,240,0,0.0,True,True,fixed,20,continue_after_avalanche,period_end,er,12,0.1,2026064532,200,1200,12.0,0.06030150753768844,0.05586503576402951,3.249615361854384,0.27080128015453203,22,1,200,1.0,2.400100502512563,ab_grid__money-lognormal__income-biased__growth-random__a-0.010__b-0.100__topo-er__k-12,ab_grid,4
2026060533,True,240,4800,10,200,20,20,4800,200,632,17,17,1648,220,0.085,False,3356,3356,632,0.4480423122765198,0.8402056019070323,0,56,200,20.0,lognormal,biased,random,0.01,0.1,0.2,5.0,1.0,0.1,240,0,0.0,True,True,fixed,20,continue_after_avalanche,period_end,er,12,0.1,2026064533,200,1200,12.0,0.06030150753768844,0.05657690941669264,3.0364452901377956,0.25303710751148295,22,1,200,1.0,2.3998492462311556,ab_grid__money-lognormal__income-biased__growth-random__a-0.010__b-0.100__topo-er__k-12,ab_grid,5
2026060534,True,240,4800,1,20,20,20,4800,20,789,16,16,1489,228,0.08,False,3822,3822,789,0.49804814233385675,0.8845656724228155,0,66,200,20.0,lognormal,biased,random,0.01,0.1,0.2,5.0,1.0,0.1,240,0,0.0,True,True,fixed,20,continue_after_avalanche,period_end,er,12,0.1,2026064534,200,1200,12.0,0.06030150753768844,0.06309755483968028,3.408812109811862,0.2840676758176552,23,1,200,1.0,2.398793969849246,ab_grid__money-lognormal__income-biased__growth-random__a-0.010__b-0.100__topo-er__k-12,ab_grid,6
2026060535,True,240,4800,3,60,20,20,4800,60,566,16,16,1778,228,0.08,False,3319,3319,566,0.4920864718288642,0.8784257306417598,0,54,200,20.0,lognormal,biased,random,0.01,0.1,0.2,5.0,1.0,0.1,240,0,0.0,True,True,fixed,20,continue_after_avalanche,period_end,er,12,0.1,2026064535,200,1200,12.0,0.06030150753768844,0.065052612763913,3.3391615714128,0.2782634642844,20,1,200,1.0,2.397939698492462,ab_grid__money-lognormal__income-biased__growth-random__a-0.010__b-0.100__topo-er__k-12,ab_grid,7
2026060536,True,240,4800,1,20,20,20,4800,20,803,16,16,1679,225,0.08,False,4076,4076,803,0.5090947006869482,0.8612684003925417,0,74,200,20.0,lognormal,biased,random,0.01,0.2,0.2,5.0,1.0,0.1,240,0,0.0,True,True,fixed,20,continue_after_avalanche,period_end,er,12,0.1,2026064536,200,1200,12.0,0.06030150753768844,0.05672767243935969,3.4176014981270124,0.2848001248439177,22,1,200,1.0,2.3995477386934674,ab_grid__money-lognormal__income-biased__growth-random__a-0.010__b-0.200__topo-er__k-12,ab_grid,0
2026060537,True,240,4800,1,20,20,20,4800,20,860,16,16,1590,230,0.08,False,4756,4756,860,0.5609377628259042,0.8775820016820859,0,82,200,20.0,lognormal,biased,random,0.01,0.2,0.2,5.0,1.0,0.1,240,0,0.0,True,True,fixed,20,continue_after_avalanche,period_end,er,12,0.1,2026064537,200,1200,12.0,0.06030150753768844,0.0631274331963186,3.083828789021855,0.25698573241848793,21,1,200,1.0,2.401959798994975,ab_grid__money-lognormal__income-biased__growth-random__a-0.010__b-0.200__topo-er__k-12,ab_grid,1
2026060538,True,240,4800,1,20,20,20,4800,20,867,16,16,1625,230,0.08,False,4338,4338,867,0.5128769017980637,0.8560719225449518,0,74,200,20.0,lognormal,biased,random,0.01,0.2,0.2,5.0,1.0,0.1,240,0,0.0,True,True,fixed,20,continue_after_avalanche,period_end,er,12,0.1,2026064538,200,1200,12.0,0.06030150753768844,0.058886420768773665,3.4452866353904428,0.2871072196158702,22,1,200,1.0,2.3988442211055276,ab_grid__money-lognormal__income-biased__growth-random__a-0.010__b-0.200__topo-er__k-12,ab_grid,2
2026060539,True,240,4800,1,20,20,20,4800,20,1051,16,16,1430,227,0.08,False,3885,3885,1051,0.47941698841698854,0.8269665379665381,0,75,200,20.0,lognormal,biased,random,0.01,0.2,0.2,5.0,1.0,0.1,240,0,0.0,True,True,fixed,20,continue_after_avalanche,period_end,er,12,0.1,2026064539,200,1200,12.0,0.06030150753768844,0.06004804210200291,3.449637662132068,0.28746980517767234,24,1,200,1.0,2.4007035175879397,ab_grid__money-lognormal__income-biased__growth-random__a-0.010__b-0.200__topo-er__k-12,ab_grid,3
2026060540,True,240,4800,1,20,20,20,4800,20,453,18,18,1827,234,0.09,False,3833,3833,453,0.5200952256717977,0.8989107748499872,0,68,200,20.0,lognormal,biased,random,0.01,0.2,0.2,5.0,1.0,0.1,240,0,0.0,True,True,fixed,20,continue_after_avalanche,period_end,er,12,0.1,2026064540,200,1200,12.0,0.06030150753768844,0.061342395317997615,3.3105890714493698,0.27588242262078083,23,1,200,1.0,2.3991959798994973,ab_grid__money-lognormal__income-biased__growth-random__a-0.010__b-0.200__topo-er__k-12,ab_grid,4
2026060541,True,240,4800,4,80,20,20,4800,80,624,17,17,1683,228,0.085,False,3397,3397,624,0.4691448336767736,0.8660126582278482,0,62,200,20.0,lognormal,biased,random,0.01,0.2,0.2,5.0,1.0,0.1,240,0,0.0,True,True,fixed,20,continue_after_avalanche,period_end,er,12,0.1,2026064541,200,1200,12.0,0.06030150753768844,0.06481725515626441,3.144837038703278,0.26206975322527315,21,1,200,1.0,2.4063819095477386,ab_grid__money-lognormal__income-biased__growth-random__a-0.010__b-0.200__topo-er__k-12,ab_grid,5
2026060542,True,240,4800,3,60,20,20,4800,60,697,18,18,1630,225,0.09,False,4592,4592,697,0.5424172473867597,0.8878593205574914,0,83,200,20.0,lognormal,biased,random,0.01,0.2,0.2,5.0,1.0,0.1,240,0,0.0,True,True,fixed,20,continue_after_avalanche,period_end,er,12,0.1,2026064542,200,1200,12.0,0.06030150753768844,0.0610240145990919,2.8844410203711917,0.24037008503093263,20,1,200,1.0,2.405175879396985,ab_grid__money-lognormal__income-biased__growth-random__a-0.010__b-0.200__topo-er__k-12,ab_grid,6
2026060543,True,240,4800,5,100,20,20,4800,100,735,15,15,1543,232,0.075,False,4339,4339,735,0.5309967734501038,0.8691760774371977,0,82,200,20.0,lognormal,biased,random,0.01,0.2,0.2,5.0,1.0,0.1,240,0,0.0,True,True,fixed,20,continue_after_avalanche,period_end,er,12,0.1,2026064543,200,1200,12.0,0.06030150753768844,0.06306861267387576,3.4985711369071804,0.29154759474226505,22,1,200,1.0,2.4052261306532663,ab_grid__money-lognormal__income-biased__growth-random__a-0.010__b-0.200__topo-er__k-12,ab_grid,7
2026060544,True,240,4800,2,40,20,20,4800,40,892,15,15,1604,234,0.075,False,4365,4365,892,0.5100011454753723,0.8702394043528066,0,88,200,20.0,lognormal,biased,random,0.01,0.3,0.2,5.0,1.0,0.1,240,0,0.0,True,True,fixed,20,continue_after_avalanche,period_end,er,12,0.1,2026064544,200,1200,12.0,0.06030150753768844,0.05783552919388826,3.269556544854363,0.27246304540453026,22,1,200,1.0,2.3997989949748746,ab_grid__money-lognormal__income-biased__growth-random__a-0.010__b-0.300__topo-er__k-12,ab_grid,0
2026060545,True,240,4800,2,40,20,20,4800,40,651,17,17,1733,234,0.085,False,3519,3519,651,0.5036814435919297,0.9102401250355217,0,72,200,20.0,lognormal,biased,random,0.01,0.3,0.2,5.0,1.0,0.1,240,0,0.0,True,True,fixed,20,continue_after_avalanche,period_end,er,12,0.1,2026064545,200,1200,12.0,0.06030150753768844,0.06425862164338401,3.3376638536557275,0.27813865447131064,25,1,200,1.0,2.407185929648241,ab_grid__money-lognormal__income-biased__growth-random__a-0.010__b-0.300__topo-er__k-12,ab_grid,1
2026060546,True,240,4800,4,80,20,20,4800,80,763,18,18,1679,231,0.09,False,4217,4217,763,0.5330199193739626,0.8858631728717099,0,80,200,20.0,lognormal,biased,random,0.01,0.3,0.2,5.0,1.0,0.1,240,0,0.0,True,True,fixed,20,continue_after_avalanche,period_end,er,12,0.1,2026064546,200,1200,12.0,0.06030150753768844,0.061792924578898435,3.4409301068170506,0.28674417556808757,23,1,200,1.0,2.3964824120603017,ab_grid__money-lognormal__income-biased__growth-random__a-0.010__b-0.300__topo-er__k-12,ab_grid,2
2026060547,True,240,4800,1,20,20,20,4800,20,778,16,16,1642,231,0.08,False,3748,3748,778,0.500384204909285,0.8573986125933832,0,87,200,20.0,lognormal,biased,random,0.01,0.3,0.2,5.0,1.0,0.1,240,0,0.0,True,True,fixed,20,continue_after_avalanche,period_end,er,12,0.1,2026064547,200,1200,12.0,0.06030150753768844,0.05607531434853412,3.361547262794322,0.28012893856619353,22,1,200,1.0,2.397638190954774,ab_grid__money-lognormal__income-biased__growth-random__a-0.010__b-0.300__topo-er__k-12,ab_grid,3
2026060548,True,240,4800,1,20,20,20,4800,20,723,16,16,1603,235,0.08,False,4301,4301,723,0.5081271797256453,0.8628028365496396,0,80,200,20.0,lognormal,biased,random,0.01,0.3,0.2,5.0,1.0,0.1,240,0,0.0,True,True,fixed,20,continue_after_avalanche,period_end,er,12,0.1,2026064548,200,1200,12.0,0.06030150753768844,0.06269939146680627,3.3852621759621515,0.2821051813301793,22,1,200,1.0,2.3943718592964824,ab_grid__money-lognormal__income-biased__growth-random__a-0.010__b-0.300__topo-er__k-12,ab_grid,4
2026060549,True,240,4800,6,120,20,20,4800,120,705,18,18,1637,228,0.09,False,3840,3840,705,0.5106770833333334,0.8775625,0,84,200,20.0,lognormal,biased,random,0.01,0.3,0.2,5.0,1.0,0.1,240,0,0.0,True,True,fixed,20,continue_after_avalanche,period_end,er,12,0.1,2026064549,200,1200,12.0,0.06030150753768844,0.05959402941250426,3.2741411087489802,0.27284509239574833,25,1,200,1.0,2.399597989949749,ab_grid__money-lognormal__income-biased__growth-random__a-0.010__b-0.300__topo-er__k-12,ab_grid,5
2026060550,True,240,4800,3,60,20,20,4800,60,824,16,16,1612,229,0.08,False,3591,3591,824,0.48047479810637705,0.8758298524088,0,74,200,20.0,lognormal,biased,random,0.01,0.3,0.2,5.0,1.0,0.1,240,0,0.0,True,True,fixed,20,continue_after_avalanche,period_end,er,12,0.1,2026064550,200,1200,12.0,0.06030150753768844,0.05660715695627859,3.181194744117373,0.2650995620097811,23,1,200,1.0,2.398793969849246,ab_grid__money-lognormal__income-biased__growth-random__a-0.010__b-0.300__topo-er__k-12,ab_grid,6
2026060551,True,240,4800,2,40,20,20,4800,40,899,14,14,1640,234,0.07,False,3879,3879,899,0.4831206496519722,0.8542059809229183,0,87,200,20.0,lognormal,biased,random,0.01,0.3,0.2,5.0,1.0,0.1,240,0,0.0,True,True,fixed,20,continue_after_avalanche,period_end,er,12,0.1,2026064551,200,1200,12.0,0.06030150753768844,0.06093105724684669,3.2603680773802215,0.27169733978168514,21,1,200,1.0,2.3989447236180905,ab_grid__money-lognormal__income-biased__growth-random__a-0.010__b-0.300__topo-er__k-12,ab_grid,7
2026060552,True,240,4800,3,60,20,20,4800,60,1126,14,14,1325,230,0.07,False,4459,4459,1126,0.5209946176272708,0.8163366225611124,0,117,200,20.0,lognormal,biased,random,0.02,0.1,0.2,5.0,1.0,0.1,240,0,0.0,True,True,fixed,20,continue_after_avalanche,period_end,er,12,0.1,2026064552,200,1200,12.0,0.06030150753768844,0.06068975095252181,3.215587038162705,0.2679655865135588,20,1,200,1.0,2.4020100502512562,ab_grid__money-lognormal__income-biased__growth-random__a-0.020__b-0.100__topo-er__k-12,ab_grid,0
2026060553,True,240,4800,3,60,20,20,4800,60,991,17,17,1349,229,0.085,False,3377,3377,991,0.4475821735267991,0.8044699437370448,0,94,200,20.0,lognormal,biased,random,0.02,0.1,0.2,5.0,1.0,0.1,240,0,0.0,True,True,fixed,20,continue_after_avalanche,period_end,er,12,0.1,2026064553,200,1200,12.0,0.06030150753768844,0.06037320843108965,3.477067730142742,0.28975564417856187,23,1,200,1.0,2.4031658291457285,ab_grid__money-lognormal__income-biased__growth-random__a-0.020__b-0.100__topo-er__k-12,ab_grid,1
2026060554,True,240,4800,1,20,20,20,4800,20,1001,17,17,1455,232,0.085,False,3726,3726,1001,0.5188352120236179,0.8432474503488998,0,103,200,20.0,lognormal,biased,random,0.02,0.1,0.2,5.0,1.0,0.1,240,0,0.0,True,True,fixed,20,continue_after_avalanche,period_end,er,12,0.1,2026064554,200,1200,12.0,0.06030150753768844,0.05667102277106984,3.6152454965050436,0.30127045804208696,23,1,200,1.0,2.392110552763819,ab_grid__money-lognormal__income-biased__growth-random__a-0.020__b-0.100__topo-er__k-12,ab_grid,2
2026060555,True,240,4800,9,180,20,20,4800,180,744,17,17,1441,219,0.085,False,4059,4059,744,0.5287176644493718,0.8544013303769402,0,112,200,20.0,lognormal,biased,random,0.02,0.1,0.2,5.0,1.0,0.1,240,0,0.0,True,True,fixed,20,continue_after_avalanche,period_end,er,12,0.1,2026064555,200,1200,12.0,0.06030150753768844,0.0581424555406753,3.254228019054596,0.27118566825454965,21,1,200,1.0,2.4016582914572866,ab_grid__money-lognormal__income-biased__growth-random__a-0.020__b-0.100__topo-er__k-12,ab_grid,3
2026060556,True,240,4800,1,20,20,20,4800,20,757,17,17,1432,224,0.085,False,4231,4231,757,0.5433100921767904,0.8671767903568897,0,116,200,20.0,lognormal,biased,random,0.02,0.1,0.2,5.0,1.0,0.1,240,0,0.0,True,True,fixed,20,continue_after_avalanche,period_end,er,12,0.1,2026064556,200,1200,12.0,0.06030150753768844,0.05396222057096665,3.157530680769389,0.2631275567307824,21,1,200,1.0,2.400100502512563,ab_grid__money-lognormal__income-biased__growth-random__a-0.020__b-0.100__topo-er__k-12,ab_grid,4
2026060557,True,240,4800,1,20,20,20,4800,20,1303,15,15,1275,226,0.075,False,4549,4549,1303,0.5379237194987911,0.8288623873378766,0,118,200,20.0,lognormal,biased,random,0.02,0.1,0.2,5.0,1.0,0.1,240,0,0.0,True,True,fixed,20,continue_after_avalanche,period_end,er,12,0.1,2026064557,200,1200,12.0,0.06030150753768844,0.06194974057590149,3.3256578296631782,0.2771381524719315,22,1,200,1.0,2.398492462311558,ab_grid__money-lognormal__income-biased__growth-random__a-0.020__b-0.100__topo-er__k-12,ab_grid,5
2026060558,True,240,4800,3,60,20,20,4800,60,912,17,17,1336,224,0.085,False,4242,4242,912,0.5601202263083451,0.8524422442244226,0,108,200,20.0,lognormal,biased,random,0.02,0.1,0.2,5.0,1.0,0.1,240,0,0.0,True,True,fixed,20,continue_after_avalanche,period_end,er,12,0.1,2026064558,200,1200,12.0,0.06030150753768844,0.05911371145194674,3.4292856398964493,0.2857738033247041,22,1,200,1.0,2.3963819095477388,ab_grid__money-lognormal__income-biased__growth-random__a-0.020__b-0.100__topo-er__k-12,ab_grid,6
2026060559,True,240,4800,4,80,20,20,4800,80,753,19,19,1584,224,0.095,False,3635,3635,753,0.5290165061898213,0.8833878954607979,0,104,200,20.0,lognormal,biased,random,0.02,0.1,0.2,5.0,1.0,0.1,240,0,0.0,True,True,fixed,20,continue_after_avalanche,period_end,er,12,0.1,2026064559,200,1200,12.0,0.06030150753768844,0.0682945832976792,3.5425979167836705,0.2952164930653059,22,1,200,1.0,2.4019095477386934,ab_grid__money-lognormal__income-biased__growth-random__a-0.020__b-0.100__topo-er__k-12,ab_grid,7
2026060560,True,240,4800,2,40,20,20,4800,40,899,16,16,1351,226,0.08,False,3690,3690,899,0.5012737127371274,0.8150569105691059,0,114,200,20.0,lognormal,biased,random,0.02,0.2,0.2,5.0,1.0,0.1,240,0,0.0,True,True,fixed,20,continue_after_avalanche,period_end,er,12,0.1,2026064560,200,1200,12.0,0.06030150753768844,0.059021475686336304,3.4219877264537346,0.28516564387114457,22,1,200,1.0,2.3965829145728645,ab_grid__money-lognormal__income-biased__growth-random__a-0.020__b-0.200__topo-er__k-12,ab_grid,0
2026060561,True,240,4800,2,40,20,20,4800,40,572,18,18,1684,229,0.09,False,3951,3951,572,0.5348177676537587,0.8726638825613771,0,125,200,20.0,lognormal,biased,random,0.02,0.2,0.2,5.0,1.0,0.1,240,0,0.0,True,True,fixed,20,continue_after_avalanche,period_end,er,12,0.1,2026064561,200,1200,12.0,0.06030150753768844,0.05520206040949072,3.255764119219941,0.2713136766016618,21,1,200,1.0,2.3964824120603017,ab_grid__money-lognormal__income-biased__growth-random__a-0.020__b-0.200__topo-er__k-12,ab_grid,1
2026060562,True,240,4800,2,40,20,20,4800,40,878,14,14,1245,227,0.07,False,3904,3904,878,0.5047361680327871,0.8463242827868853,0,120,200,20.0,lognormal,biased,random,0.02,0.2,0.2,5.0,1.0,0.1,240,0,0.0,True,True,fixed,20,continue_after_avalanche,period_end,er,12,0.1,2026064562,200,1200,12.0,0.06030150753768844,0.06321680475303096,3.5014282800023193,0.2917856900001933,24,1,200,1.0,2.4000502512562814,ab_grid__money-lognormal__income-biased__growth-random__a-0.020__b-0.200__topo-er__k-12,ab_grid,2
2026060563,True,240,4800,4,80,20,20,4800,80,729,18,18,1363,217,0.09,False,3878,3878,729,0.49196750902527087,0.8674497163486334,0,116,200,20.0,lognormal,biased,random,0.02,0.2,0.2,5.0,1.0,0.1,240,0,0.0,True,True,fixed,20,continue_after_avalanche,period_end,er,12,0.1,2026064563,200,1200,12.0,0.06030150753768844,0.05693041972647235,3.351119216023208,0.27925993466860066,22,1,200,1.0,2.3990452261306534,ab_grid__money-lognormal__income-biased__growth-random__a-0.020__b-0.200__topo-er__k-12,ab_grid,3
2026060564,True,240,4800,3,60,20,20,4800,60,1282,14,14,1194,222,0.07,False,4408,4408,1282,0.5252518148820329,0.8249614337568059,0,137,200,20.0,lognormal,biased,random,0.02,0.2,0.2,5.0,1.0,0.1,240,0,0.0,True,True,fixed,20,continue_after_avalanche,period_end,er,12,0.1,2026064564,200,1200,12.0,0.06030150753768844,0.055477839583876705,3.2893768406797053,0.27411473672330877,26,1,200,1.0,2.3917587939698493,ab_grid__money-lognormal__income-biased__growth-random__a-0.020__b-0.200__topo-er__k-12,ab_grid,4
2026060565,True,240,4800,3,60,20,20,4800,60,824,16,16,1642,230,0.08,False,4573,4573,824,0.5990520446096654,0.8923715285370655,0,136,200,20.0,lognormal,biased,random,0.02,0.2,0.2,5.0,1.0,0.1,240,0,0.0,True,True,fixed,20,continue_after_avalanche,period_end,er,12,0.1,2026064565,200,1200,12.0,0.06030150753768844,0.060118268218298444,3.2357379374726873,0.26964482812272395,23,1,200,1.0,2.4010050251256283,ab_grid__money-lognormal__income-biased__growth-random__a-0.020__b-0.200__topo-er__k-12,ab_grid,5
2026060566,True,240,4800,5,100,20,20,4800,100,783,15,15,1375,226,0.075,False,4038,4038,783,0.5377315502724123,0.8761936602278357,0,122,200,20.0,lognormal,biased,random,0.02,0.2,0.2,5.0,1.0,0.1,240,0,0.0,True,True,fixed,20,continue_after_avalanche,period_end,er,12,0.1,2026064566,200,1200,12.0,0.06030150753768844,0.05926574350142458,3.3136083051561784,0.2761340254296815,24,1,200,1.0,2.3939698492462314,ab_grid__money-lognormal__income-biased__growth-random__a-0.020__b-0.200__topo-er__k-12,ab_grid,6
2026060567,True,240,4800,4,80,20,20,4800,80,985,16,16,1599,230,0.08,False,4002,4002,985,0.532103948025987,0.8481009495252374,0,118,200,20.0,lognormal,biased,random,0.02,0.2,0.2,5.0,1.0,0.1,240,0,0.0,True,True,fixed,20,continue_after_avalanche,period_end,er,12,0.1,2026064567,200,1200,12.0,0.06030150753768844,0.05899541634835747,3.424908757908742,0.28540906315906184,25,1,200,1.0,2.3995477386934674,ab_grid__money-lognormal__income-biased__growth-random__a-0.020__b-0.200__topo-er__k-12,ab_grid,7
2026060568,True,240,4800,1,20,20,20,4800,20,948,16,16,1491,233,0.08,False,4314,4314,948,0.5422693555864628,0.8466666666666667,0,146,200,20.0,lognormal,biased,random,0.02,0.3,0.2,5.0,1.0,0.1,240,0,0.0,True,True,fixed,20,continue_after_avalanche,period_end,er,12,0.1,2026064568,200,1200,12.0,0.06030150753768844,0.054954879485839214,3.2031234756093934,0.2669269563007828,21,1,200,1.0,2.395427135678392,ab_grid__money-lognormal__income-biased__growth-random__a-0.020__b-0.300__topo-er__k-12,ab_grid,0
2026060569,True,240,4800,2,40,20,20,4800,40,807,16,16,1598,234,0.08,False,4600,4600,807,0.5425565217391306,0.8471956521739132,0,154,200,20.0,lognormal,biased,random,0.02,0.3,0.2,5.0,1.0,0.1,240,0,0.0,True,True,fixed,20,continue_after_avalanche,period_end,er,12,0.1,2026064569,200,1200,12.0,0.06030150753768844,0.05769863139096883,3.2093613071762426,0.2674467755980202,21,1,200,1.0,2.399597989949749,ab_grid__money-lognormal__income-biased__growth-random__a-0.020__b-0.300__topo-er__k-12,ab_grid,1
2026060570,True,240,4800,1,20,20,20,4800,20,843,16,16,1652,237,0.08,False,3558,3558,843,0.5278218100056213,0.8716610455311975,0,121,200,20.0,lognormal,biased,random,0.02,0.3,0.2,5.0,1.0,0.1,240,0,0.0,True,True,fixed,20,continue_after_avalanche,period_end,er,12,0.1,2026064570,200,1200,12.0,0.06030150753768844,0.05972566915368769,3.082207001484488,0.25685058345704065,20,1,200,1.0,2.397939698492462,ab_grid__money-lognormal__income-biased__growth-random__a-0.020__b-0.300__topo-er__k-12,ab_grid,2
2026060571,True,240,4800,2,40,20,20,4800,40,784,16,16,1499,228,0.08,False,4112,4112,784,0.5045573929961091,0.8444406614785993,0,147,200,20.0,lognormal,biased,random,0.02,0.3,0.2,5.0,1.0,0.1,240,0,0.0,True,True,fixed,20,continue_after_avalanche,period_end,er,12,0.1,2026064571,200,1200,12.0,0.06030150753768844,0.06529911110187725,3.4146742157927745,0.28455618464939786,23,1,200,1.0,2.4029145728643218,ab_grid__money-lognormal__income-biased__growth-random__a-0.020__b-0.300__topo-er__k-12,ab_grid,3
2026060572,True,240,4800,1,20,20,20,4800,20,1060,16,16,1365,235,0.08,False,4178,4178,1060,0.5029248444231691,0.8245380564863571,0,149,200,20.0,lognormal,biased,random,0.02,0.3,0.2,5.0,1.0,0.1,240,0,0.0,True,True,fixed,20,continue_after_avalanche,period_end,er,12,0.1,2026064572,200,1200,12.0,0.06030150753768844,0.059809579395492654,3.1240998703626617,0.2603416558635551,21,1,200,1.0,2.3968844221105527,ab_grid__money-lognormal__income-biased__growth-random__a-0.020__b-0.300__topo-er__k-12,ab_grid,4
2026060573,True,240,4800,1,20,20,20,4800,20,771,17,17,1689,234,0.085,False,2922,2922,771,0.4571697467488023,0.8384360027378508,0,105,200,20.0,lognormal,biased,random,0.02,0.3,0.2,5.0,1.0,0.1,240,0,0.0,True,True,fixed,20,continue_after_avalanche,period_end,er,12,0.1,2026064573,200,1200,12.0,0.06030150753768844,0.06226984994709449,3.3436506994600976,0.27863755828834147,22,1,200,1.0,2.4024623115577888,ab_grid__money-lognormal__income-biased__growth-random__a-0.020__b-0.300__topo-er__k-12,ab_grid,5
2026060574,True,240,4800,3,60,20,20,4800,60,815,14,14,1382,232,0.07,False,3561,3561,815,0.4373616961527662,0.8289455209210896,0,125,200,20.0,lognormal,biased,random,0.02,0.3,0.2,5.0,1.0,0.1,240,0,0.0,True,True,fixed,20,continue_after_avalanche,period_end,er,12,0.1,2026064574,200,1200,12.0,0.06030150753768844,0.062581026515624,3.2233522922572395,0.26861269102143664,21,1,200,1.0,2.3983417085427137,ab_grid__money-lognormal__income-biased__growth-random__a-0.020__b-0.300__topo-er__k-12,ab_grid,6
2026060575,True,240,4800,3,60,20,20,4800,60,901,18,18,1440,227,0.09,False,4552,4552,901,0.517242970123023,0.8668079964850617,0,152,200,20.0,lognormal,biased,random,0.02,0.3,0.2,5.0,1.0,0.1,240,0,0.0,True,True,fixed,20,continue_after_avalanche,period_end,er,12,0.1,2026064575,200,1200,12.0,0.06030150753768844,0.055543812611537034,3.215587038162705,0.2679655865135588,20,1,200,1.0,2.4018090452261305,ab_grid__money-lognormal__income-biased__growth-random__a-0.020__b-0.300__topo-er__k-12,ab_grid,7
2026060576,True,240,4800,5,100,20,20,4800,100,1198,14,14,1003,218,0.07,False,3592,3592,1198,0.49872772828507816,0.779551781737194,0,183,200,20.0,lognormal,biased,random,0.04,0.1,0.2,5.0,1.0,0.1,240,0,0.0,True,True,fixed,20,continue_after_avalanche,period_end,er,12,0.1,2026064576,200,1200,12.0,0.06030150753768844,0.06196155598787171,3.3466401061363023,0.27888667551135854,21,1,200,1.0,2.397286432160804,ab_grid__money-lognormal__income-biased__growth-random__a-0.040__b-0.100__topo-er__k-12,ab_grid,0
2026060577,True,240,4800,5,100,20,20,4800,100,1672,9,9,852,225,0.045,False,4294,4294,1672,0.5328272007452259,0.7602282254308339,0,213,200,20.0,lognormal,biased,random,0.04,0.1,0.2,5.0,1.0,0.1,240,0,0.0,True,True,fixed,20,continue_after_avalanche,period_end,er,12,0.1,2026064577,200,1200,12.0,0.06030150753768844,0.05686174815896176,3.1780497164141406,0.26483747636784505,22,1,200,1.0,2.3946231155778896,ab_grid__money-lognormal__income-biased__growth-random__a-0.040__b-0.100__topo-er__k-12,ab_grid,1
2026060578,True,240,4800,9,180,20,20,4800,180,1129,13,13,817,201,0.065,False,4155,4155,1129,0.5189831528279183,0.817117930204573,0,204,200,20.0,lognormal,biased,random,0.04,0.1,0.2,5.0,1.0,0.1,240,0,0.0,True,True,fixed,20,continue_after_avalanche,period_end,er,12,0.1,2026064578,200,1200,12.0,0.06030150753768844,0.06540514228633419,3.6687872655688283,0.30573227213073567,22,1,200,1.0,2.3984422110552766,ab_grid__money-lognormal__income-biased__growth-random__a-0.040__b-0.100__topo-er__k-12,ab_grid,2
2026060579,True,240,4800,7,140,20,20,4800,140,1011,12,12,1126,223,0.06,False,4032,4032,1011,0.5348363095238096,0.8134126984126986,0,198,200,20.0,lognormal,biased,random,0.04,0.1,0.2,5.0,1.0,0.1,240,0,0.0,True,True,fixed,20,continue_after_avalanche,period_end,er,12,0.1,2026064579,200,1200,12.0,0.06030150753768844,0.05234528885698287,3.420526275297414,0.2850438562747845,24,1,200,1.0,2.3967336683417084,ab_grid__money-lognormal__income-biased__growth-random__a-0.040__b-0.100__topo-er__k-12,ab_grid,3
2026060580,True,240,4800,3,60,20,20,4800,60,1439,11,11,914,216,0.055,False,4617,4617,1439,0.5518204461771714,0.7794422785358459,0,227,200,20.0,lognormal,biased,random,0.04,0.1,0.2,5.0,1.0,0.1,240,0,0.0,True,True,fixed,20,continue_after_avalanche,period_end,er,12,0.1,2026064580,200,1200,12.0,0.06030150753768844,0.05513015704140008,3.2046840717924128,0.26705700598270105,24,1,200,1.0,2.395577889447236,ab_grid__money-lognormal__income-biased__growth-random__a-0.040__b-0.100__topo-er__k-12,ab_grid,4
2026060581,True,240,4800,7,140,20,20,4800,140,1162,13,13,1014,225,0.065,False,3465,3465,1162,0.48850360750360755,0.7737330447330448,0,177,200,20.0,lognormal,biased,random,0.04,0.1,0.2,5.0,1.0,0.1,240,0,0.0,True,True,fixed,20,continue_after_avalanche,period_end,er,12,0.1,2026064581,200,1200,12.0,0.06030150753768844,0.056180252710825426,3.104834939252005,0.25873624493766706,21,1,200,1.0,2.3991959798994973,ab_grid__money-lognormal__income-biased__growth-random__a-0.040__b-0.100__topo-er__k-12,ab_grid,5
2026060582,True,240,4800,1,20,20,20,4800,20,1112,13,13,1112,233,0.065,False,3665,3665,1112,0.5279658935879947,0.8120859481582539,0,176,200,20.0,lognormal,biased,random,0.04,0.1,0.2,5.0,1.0,0.1,240,0,0.0,True,True,fixed,20,continue_after_avalanche,period_end,er,12,0.1,2026064582,200,1200,12.0,0.06030150753768844,0.06437946912908211,3.408812109811862,0.2840676758176552,22,1,200,1.0,2.3997989949748746,ab_grid__money-lognormal__income-biased__growth-random__a-0.040__b-0.100__topo-er__k-12,ab_grid,6
2026060583,True,240,4800,1,20,20,20,4800,20,1434,11,11,902,223,0.055,False,4012,4012,1434,0.5364282153539384,0.7859670987038885,0,190,200,20.0,lognormal,biased,random,0.04,0.1,0.2,5.0,1.0,0.1,240,0,0.0,True,True,fixed,20,continue_after_avalanche,period_end,er,12,0.1,2026064583,200,1200,12.0,0.06030150753768844,0.06164123505493471,3.303028912982749,0.27525240941522905,22,1,200,1.0,2.3968844221105527,ab_grid__money-lognormal__income-biased__growth-random__a-0.040__b-0.100__topo-er__k-12,ab_grid,7
2026060584,True,240,4800,2,40,20,20,4800,40,1203,15,15,1087,231,0.075,False,3753,3753,1203,0.48439515054622984,0.76564481747935,0,204,200,20.0,lognormal,biased,random,0.04,0.2,0.2,5.0,1.0,0.1,240,0,0.0,True,True,fixed,20,continue_after_avalanche,period_end,er,12,0.1,2026064584,200,1200,12.0,0.06030150753768844,0.05730315893780019,3.3361654635224554,0.27801378862687126,23,1,200,1.0,2.399748743718593,ab_grid__money-lognormal__income-biased__growth-random__a-0.040__b-0.200__topo-er__k-12,ab_grid,0
2026060585,True,240,4800,2,40,20,20,4800,40,1223,16,16,1050,230,0.08,False,3751,3751,1223,0.49073447080778476,0.7344508131165024,0,209,200,20.0,lognormal,biased,random,0.04,0.2,0.2,5.0,1.0,0.1,240,0,0.0,True,True,fixed,20,continue_after_avalanche,period_end,er,12,0.1,2026064585,200,1200,12.0,0.06030150753768844,0.06024775542654793,3.327160951922825,0.2772634126602354,20,1,200,1.0,2.39929648241206,ab_grid__money-lognormal__income-biased__growth-random__a-0.040__b-0.200__topo-er__k-12,ab_grid,1
2026060586,True,240,4800,1,20,20,20,4800,20,1458,12,12,842,226,0.06,False,3839,3839,1458,0.48913649387861424,0.7622570982026571,0,226,200,20.0,lognormal,biased,random,0.04,0.2,0.2,5.0,1.0,0.1,240,0,0.0,True,True,fixed,20,continue_after_avalanche,period_end,er,12,0.1,2026064586,200,1200,12.0,0.06030150753768844,0.06356445809802583,3.4394767043839676,0.28662305869866395,23,1,200,1.0,2.405427135678392,ab_grid__money-lognormal__income-biased__growth-random__a-0.040__b-0.200__topo-er__k-12,ab_grid,2
2026060587,True,240,4800,2,40,20,20,4800,40,1052,14,14,1065,233,0.07,False,3630,3630,1052,0.49558402203856766,0.7961707988980717,0,208,200,20.0,lognormal,biased,random,0.04,0.2,0.2,5.0,1.0,0.1,240,0,0.0,True,True,fixed,20,continue_after_avalanche,period_end,er,12,0.1,2026064587,200,1200,12.0,0.06030150753768844,0.06505625308643884,3.315116890850155,0.2762597409041796,21,1,200,1.0,2.4091959798994975,ab_grid__money-lognormal__income-biased__growth-random__a-0.040__b-0.200__topo-er__k-12,ab_grid,3
2026060588,True,240,4800,1,20,20,20,4800,20,1158,13,13,1047,228,0.065,False,4032,4032,1158,0.5340600198412699,0.799387400793651,0,229,200,20.0,lognormal,biased,random,0.04,0.2,0.2,5.0,1.0,0.1,240,0,0.0,True,True,fixed,20,continue_after_avalanche,period_end,er,12,0.1,2026064588,200,1200,12.0,0.06030150753768844,0.05595397116643243,3.407345007480164,0.28394541729001366,21,1,200,1.0,2.3951256281407036,ab_grid__money-lognormal__income-biased__growth-random__a-0.040__b-0.200__topo-er__k-12,ab_grid,4
2026060589,True,240,4800,1,20,20,20,4800,20,1051,15,15,1122,231,0.075,False,3670,3670,1051,0.5142479564032698,0.8068964577656677,0,204,200,20.0,lognormal,biased,random,0.04,0.2,0.2,5.0,1.0,0.1,240,0,0.0,True,True,fixed,20,continue_after_avalanche,period_end,er,12,0.1,2026064589,200,1200,12.0,0.06030150753768844,0.05922033593378994,3.456877203488721,0.28807310029072675,23,1,200,1.0,2.3971859296482414,ab_grid__money-lognormal__income-biased__growth-random__a-0.040__b-0.200__topo-er__k-12,ab_grid,5
2026060590,True,240,4800,2,40,20,20,4800,40,975,13,13,1246,232,0.065,False,3552,3552,975,0.5519763513513514,0.8267652027027028,0,191,200,20.0,lognormal,biased,random,0.04,0.2,0.2,5.0,1.0,0.1,240,0,0.0,True,True,fixed,20,continue_after_avalanche,period_end,er,12,0.1,2026064590,200,1200,12.0,0.06030150753768844,0.06188246382549106,3.518522417151836,0.2932102014293197,23,1,200,1.0,2.40321608040201,ab_grid__money-lognormal__income-biased__growth-random__a-0.040__b-0.200__topo-er__k-12,ab_grid,6
2026060591,True,240,4800,5,100,20,20,4800,100,1124,13,13,1016,225,0.065,False,3881,3881,1124,0.517455552692605,0.8004934295284722,0,214,200,20.0,lognormal,biased,random,0.04,0.2,0.2,5.0,1.0,0.1,240,0,0.0,True,True,fixed,20,continue_after_avalanche,period_end,er,12,0.1,2026064591,200,1200,12.0,0.06030150753768844,0.05624375319383056,3.371943060017473,0.2809952550014561,22,1,200,1.0,2.4005527638190953,ab_grid__money-lognormal__income-biased__growth-random__a-0.040__b-0.200__topo-er__k-12,ab_grid,7
2026060592,True,240,4800,1,20,20,20,4800,20,1411,11,11,929,234,0.055,False,4243,4243,1411,0.5216792363893472,0.7402745698798021,0,269,200,20.0,lognormal,biased,random,0.04,0.3,0.2,5.0,1.0,0.1,240,0,0.0,True,True,fixed,20,continue_after_avalanche,period_end,er,12,0.1,2026064592,200,1200,12.0,0.06030150753768844,0.0629305513028423,3.127299154222378,0.26060826285186484,21,1,200,1.0,2.394572864321608,ab_grid__money-lognormal__income-biased__growth-random__a-0.040__b-0.300__topo-er__k-12,ab_grid,0
2026060593,True,240,4800,1,20,20,20,4800,20,1110,13,13,1071,228,0.065,False,4282,4282,1110,0.5341616067258292,0.7951004203643159,0,268,200,20.0,lognormal,biased,random,0.04,0.3,0.2,5.0,1.0,0.1,240,0,0.0,True,True,fixed,20,continue_after_avalanche,period_end,er,12,0.1,2026064593,200,1200,12.0,0.06030150753768844,0.06107824854883673,3.1543620591175006,0.2628635049264584,21,1,200,1.0,2.3968341708542713,ab_grid__money-lognormal__income-biased__growth-random__a-0.040__b-0.300__topo-er__k-12,ab_grid,1
2026060594,True,240,4800,2,40,20,20,4800,40,1396,11,11,1062,229,0.055,False,4259,4259,1396,0.5314592627377319,0.7710178445644518,0,278,200,20.0,lognormal,biased,random,0.04,0.3,0.2,5.0,1.0,0.1,240,0,0.0,True,True,fixed,20,continue_after_avalanche,period_end,er,12,0.1,2026064594,200,1200,12.0,0.06030150753768844,0.059186134123575214,3.3166247903554,0.2763853991962833,23,1,200,1.0,2.3973366834170853,ab_grid__money-lognormal__income-biased__growth-random__a-0.040__b-0.300__topo-er__k-12,ab_grid,2
2026060595,True,240,4800,2,40,20,20,4800,40,1409,12,12,941,229,0.06,False,4386,4386,1409,0.5008139534883722,0.7513406292749658,0,283,200,20.0,lognormal,biased,random,0.04,0.3,0.2,5.0,1.0,0.1,240,0,0.0,True,True,fixed,20,continue_after_avalanche,period_end,er,12,0.1,2026064595,200,1200,12.0,0.06030150753768844,0.06901687451209583,3.280243893371345,0.2733536577809454,23,1,200,1.0,2.402311557788945,ab_grid__money-lognormal__income-biased__growth-random__a-0.040__b-0.300__topo-er__k-12,ab_grid,3
2026060596,True,240,4800,2,40,20,20,4800,40,1128,13,13,1071,227,0.065,False,3612,3612,1128,0.4938261351052049,0.8083859357696568,0,226,200,20.0,lognormal,biased,random,0.04,0.3,0.2,5.0,1.0,0.1,240,0,0.0,True,True,fixed,20,continue_after_avalanche,period_end,er,12,0.1,2026064596,200,1200,12.0,0.06030150753768844,0.06138418805137067,3.2893768406797053,0.27411473672330877,21,1,200,1.0,2.399899497487437,ab_grid__money-lognormal__income-biased__growth-random__a-0.040__b-0.300__topo-er__k-12,ab_grid,4
2026060597,True,240,4800,2,40,20,20,4800,40,1320,11,11,893,222,0.055,False,3743,3743,1320,0.461981031258349,0.7539099652685013,0,243,200,20.0,lognormal,biased,random,0.04,0.3,0.2,5.0,1.0,0.1,240,0,0.0,True,True,fixed,20,continue_after_avalanche,period_end,er,12,0.1,2026064597,200,1200,12.0,0.06030150753768844,0.062177997321623615,3.4452866353904428,0.2871072196158702,23,1,200,1.0,2.395778894472362,ab_grid__money-lognormal__income-biased__growth-random__a-0.040__b-0.300__topo-er__k-12,ab_grid,5
2026060598,True,240,4800,3,60,20,20,4800,60,1179,13,13,1036,225,0.065,False,4148,4148,1179,0.5046094503375123,0.8145419479267118,0,263,200,20.0,lognormal,biased,random,0.04,0.3,0.2,5.0,1.0,0.1,240,0,0.0,True,True,fixed,20,continue_after_avalanche,period_end,er,12,0.1,2026064598,200,1200,12.0,0.06030150753768844,0.05312828786280793,3.315116890850155,0.2762597409041796,20,1,200,1.0,2.404673366834171,ab_grid__money-lognormal__income-biased__growth-random__a-0.040__b-0.300__topo-er__k-12,ab_grid,6
2026060599,True,240,4800,1,20,20,20,4800,20,1050,13,13,1005,218,0.065,False,4303,4303,1050,0.5425761096909134,0.8105658842667907,0,260,200,20.0,lognormal,biased,random,0.04,0.3,0.2,5.0,1.0,0.1,240,0,0.0,True,True,fixed,20,continue_after_avalanche,period_end,er,12,0.1,2026064599,200,1200,12.0,0.06030150753768844,0.057634989107899284,3.277193921634788,0.2730994934695657,22,1,200,1.0,2.3969849246231156,ab_grid__money-lognormal__income-biased__growth-random__a-0.040__b-0.300__topo-er__k-12,ab_grid,7
2026060600,True,240,4800,3,60,20,20,4800,60,969,15,15,1372,224,0.075,False,3915,3915,969,0.5055696040868456,0.832448275862069,0,125,200,20.0,lognormal,biased,random,0.02,0.2,0.2,5.0,1.0,0.1,240,0,0.0,True,True,fixed,20,continue_after_avalanche,period_end,er,12,0.1,2026064600,200,1200,12.0,0.06030150753768844,0.062387953291978014,3.3196385345395663,0.27663654454496384,21,1,200,1.0,2.398391959798995,topology_growth__money-lognormal__income-biased__growth-random__a-0.020__b-0.200__topo-er__k-12,topology_growth,0
2026060601,True,240,4800,5,100,20,20,4800,100,655,16,16,1512,226,0.08,False,3932,3932,655,0.5202594099694813,0.894771108850458,0,124,200,20.0,lognormal,biased,random,0.02,0.2,0.2,5.0,1.0,0.1,240,0,0.0,True,True,fixed,20,continue_after_avalanche,period_end,er,12,0.1,2026064601,200,1200,12.0,0.06030150753768844,0.04977196663845267,2.9765752132274432,0.24804793443562026,20,1,200,1.0,2.3963316582914573,topology_growth__money-lognormal__income-biased__growth-random__a-0.020__b-0.200__topo-er__k-12,topology_growth,1
2026060602,True,240,4800,1,20,20,20,4800,20,843,17,17,1457,228,0.085,False,3768,3768,843,0.49123142250530805,0.8396576433121019,0,115,200,20.0,lognormal,biased,random,0.02,0.2,0.2,5.0,1.0,0.1,240,0,0.0,True,True,fixed,20,continue_after_avalanche,period_end,er,12,0.1,2026064602,200,1200,12.0,0.06030150753768844,0.06298496395245615,3.3181320046074116,0.276511000383951,21,1,200,1.0,2.4024120603015073,topology_growth__money-lognormal__income-biased__growth-random__a-0.020__b-0.200__topo-er__k-12,topology_growth,2
2026060603,True,240,4800,2,40,20,20,4800,40,883,14,14,1350,228,0.07,False,3764,3764,883,0.5097794899043571,0.8475690754516474,0,124,200,20.0,lognormal,biased,random,0.02,0.2,0.2,5.0,1.0,0.1,240,0,0.0,True,True,fixed,20,continue_after_avalanche,period_end,er,12,0.1,2026064603,200,1200,12.0,0.06030150753768844,0.06047795565287822,3.2264531609803355,0.2688710967483613,21,1,200,1.0,2.400100502512563,topology_growth__money-lognormal__income-biased__growth-random__a-0.020__b-0.200__topo-er__k-12,topology_growth,3
2026060604,True,240,4800,1,20,20,20,4800,20,885,17,17,1368,227,0.085,False,4815,4815,885,0.5465514018691591,0.8750477673935619,0,139,200,20.0,lognormal,biased,random,0.02,0.2,0.2,5.0,1.0,0.1,240,0,0.0,True,True,fixed,20,continue_after_avalanche,period_end,er,12,0.1,2026064604,200,1200,12.0,0.06030150753768844,0.053731266669347126,3.2264531609803355,0.2688710967483613,20,1,200,1.0,2.3904522613065327,topology_growth__money-lognormal__income-biased__growth-random__a-0.020__b-0.200__topo-er__k-12,topology_growth,4
2026060605,True,240,4800,1,20,20,20,4800,20,889,16,16,1433,226,0.08,False,3718,3718,889,0.48309844002151703,0.8452582033351266,0,110,200,20.0,lognormal,biased,random,0.02,0.2,0.2,5.0,1.0,0.1,240,0,0.0,True,True,fixed,20,continue_after_avalanche,period_end,er,12,0.1,2026064605,200,1200,12.0,0.06030150753768844,0.06486481023575513,3.394112549695428,0.282842712474619,23,1,200,1.0,2.401959798994975,topology_growth__money-lognormal__income-biased__growth-random__a-0.020__b-0.200__topo-er__k-12,topology_growth,5
2026060606,True,240,4800,1,20,20,20,4800,20,814,15,15,1499,229,0.075,False,4278,4278,814,0.5567157550257131,0.8594156147732586,0,133,200,20.0,lognormal,biased,random,0.02,0.2,0.2,5.0,1.0,0.1,240,0,0.0,True,True,fixed,20,continue_after_avalanche,period_end,er,12,0.1,2026064606,200,1200,12.0,0.06030150753768844,0.05928143661464086,2.9949958263743874,0.24958298553119895,20,1,200,1.0,2.4000502512562814,topology_growth__money-lognormal__income-biased__growth-random__a-0.020__b-0.200__topo-er__k-12,topology_growth,6
2026060607,True,240,4800,1,20,20,20,4800,20,897,15,15,1486,231,0.075,False,3465,3465,897,0.5111991341991342,0.8653434343434345,0,109,200,20.0,lognormal,biased,random,0.02,0.2,0.2,5.0,1.0,0.1,240,0,0.0,True,True,fixed,20,continue_after_avalanche,period_end,er,12,0.1,2026064607,200,1200,12.0,0.06030150753768844,0.06238834226489019,3.479942528261063,0.28999521068842193,22,1,200,1.0,2.3980904522613065,topology_growth__money-lognormal__income-biased__growth-random__a-0.020__b-0.200__topo-er__k-12,topology_growth,7
2026060608,True,240,4800,3,60,20,20,4800,60,1171,6,6,277,156,0.03,False,4071,4071,1171,0.5167833456153281,0.5672181282240236,0,126,200,20.0,lognormal,biased,preferential_debt,0.02,0.2,0.2,5.0,1.0,0.1,240,0,0.0,True,True,fixed,20,continue_after_avalanche,period_end,er,12,0.1,2026064608,200,1200,12.0,0.06030150753768844,0.05320894206898377,3.046309242345563,0.2538591035287969,23,1,200,1.0,2.3993467336683416,topology_growth__money-lognormal__income-biased__growth-preferential_debt__a-0.020__b-0.200__topo-er__k-12,topology_growth,0
2026060609,True,240,4800,1,20,20,20,4800,20,1328,5,5,287,174,0.025,False,3631,3631,1328,0.5288198843293859,0.5918961718534841,0,118,200,20.0,lognormal,biased,preferential_debt,0.02,0.2,0.2,5.0,1.0,0.1,240,0,0.0,True,True,fixed,20,continue_after_avalanche,period_end,er,12,0.1,2026064609,200,1200,12.0,0.06030150753768844,0.057063419423713534,3.1953090617340916,0.26627575514450763,21,1,200,1.0,2.399396984924623,topology_growth__money-lognormal__income-biased__growth-preferential_debt__a-0.020__b-0.200__topo-er__k-12,topology_growth,1
2026060610,True,240,4800,1,20,20,20,4800,20,1822,6,6,200,130,0.03,False,4366,4366,1822,0.5270613834173157,0.5502633989922125,0,134,200,20.0,lognormal,biased,preferential_debt,0.02,0.2,0.2,5.0,1.0,0.1,240,0,0.0,True,True,fixed,20,continue_after_avalanche,period_end,er,12,0.1,2026064610,200,1200,12.0,0.06030150753768844,0.06159309221200116,3.678314831549904,0.306526235962492,23,1,200,1.0,2.3936180904522613,topology_growth__money-lognormal__income-biased__growth-preferential_debt__a-0.020__b-0.200__topo-er__k-12,topology_growth,2
2026060611,True,240,4800,2,40,20,20,4800,40,1407,5,5,244,148,0.025,False,4267,4267,1407,0.5621783454417624,0.5813487227560348,0,144,200,20.0,lognormal,biased,preferential_debt,0.02,0.2,0.2,5.0,1.0,0.1,240,0,0.0,True,True,fixed,20,continue_after_avalanche,period_end,er,12,0.1,2026064611,200,1200,12.0,0.06030150753768844,0.05823074878338031,3.2109188716004646,0.26757657263337203,20,1,200,1.0,2.397738693467337,topology_growth__money-lognormal__income-biased__growth-preferential_debt__a-0.020__b-0.200__topo-er__k-12,topology_growth,3
2026060612,True,240,4800,1,20,20,20,4800,20,1187,5,5,217,137,0.025,False,4368,4368,1187,0.48290750915750924,0.5752129120879121,0,136,200,20.0,lognormal,biased,preferential_debt,0.02,0.2,0.2,5.0,1.0,0.1,240,0,0.0,True,True,fixed,20,continue_after_avalanche,period_end,er,12,0.1,2026064612,200,1200,12.0,0.06030150753768844,0.05545941485415166,3.0166206257996713,0.2513850521499726,21,1,200,1.0,2.3987437185929648,topology_growth__money-lognormal__income-biased__growth-preferential_debt__a-0.020__b-0.200__topo-er__k-12,topology_growth,4
2026060613,True,240,4800,1,20,20,20,4800,20,1015,8,8,273,157,0.04,False,3581,3581,1015,0.4763320301591736,0.5500851717397377,0,117,200,20.0,lognormal,biased,preferential_debt,0.02,0.2,0.2,5.0,1.0,0.1,240,0,0.0,True,True,fixed,20,continue_after_avalanche,period_end,er,12,0.1,2026064613,200,1200,12.0,0.06030150753768844,0.05751088839706079,3.24499614791759,0.27041634565979916,23,1,200,1.0,2.3956281407035176,topology_growth__money-lognormal__income-biased__growth-preferential_debt__a-0.020__b-0.200__topo-er__k-12,topology_growth,5
2026060614,True,240,4800,1,20,20,20,4800,20,1097,6,6,277,156,0.03,False,3629,3629,1097,0.48733948746211087,0.5514949021769084,0,119,200,20.0,lognormal,biased,preferential_debt,0.02,0.2,0.2,5.0,1.0,0.1,240,0,0.0,True,True,fixed,20,continue_after_avalanche,period_end,er,12,0.1,2026064614,200,1200,12.0,0.06030150753768844,0.05769986171379354,3.22490309931942,0.268741924943285,21,1,200,1.0,2.396281407035176,topology_growth__money-lognormal__income-biased__growth-preferential_debt__a-0.020__b-0.200__topo-er__k-12,topology_growth,6
2026060615,True,240,4800,2,40,20,20,4800,40,934,5,5,281,153,0.025,False,4013,4013,934,0.5113119860453528,0.5927398455021182,0,125,200,20.0,lognormal,biased,preferential_debt,0.02,0.2,0.2,5.0,1.0,0.1,240,0,0.0,True,True,fixed,20,continue_after_avalanche,period_end,er,12,0.1,2026064615,200,1200,12.0,0.06030150753768844,0.06721903535061424,3.4539832078341086,0.28783193398617574,22,1,200,1.0,2.4035175879396986,topology_growth__money-lognormal__income-biased__growth-preferential_debt__a-0.020__b-0.200__topo-er__k-12,topology_growth,7
2026060616,True,240,4800,5,100,20,20,4800,100,785,15,15,1569,230,0.075,False,4510,4510,785,0.6062549889135256,0.8861751662971176,0,134,200,20.0,lognormal,biased,random,0.02,0.2,0.2,5.0,1.0,0.1,240,0,0.0,True,True,fixed,20,continue_after_avalanche,period_end,ba,12,0.1,2026064616,200,1200,12.0,0.06030150753768844,0.13036434981476827,8.565628990331067,0.7138024158609223,52,1,200,1.0,2.3479396984924623,topology_growth__money-lognormal__income-biased__growth-random__a-0.020__b-0.200__topo-ba__k-12,topology_growth,0
2026060617,True,240,4800,4,80,20,20,4800,80,983,14,14,1372,224,0.07,False,4330,4330,983,0.5234618937644342,0.8346489607390302,0,124,200,20.0,lognormal,biased,random,0.02,0.2,0.2,5.0,1.0,0.1,240,0,0.0,True,True,fixed,20,continue_after_avalanche,period_end,ba,12,0.1,2026064617,200,1200,12.0,0.06030150753768844,0.1370549647522648,8.949860334105779,0.7458216945088149,66,1,200,1.0,2.330502512562814,topology_growth__money-lognormal__income-biased__growth-random__a-0.020__b-0.200__topo-ba__k-12,topology_growth,1
2026060618,True,240,4800,1,20,20,20,4800,20,913,15,15,1500,232,0.075,False,4297,4297,913,0.5229660228066093,0.8049790551547593,0,129,200,20.0,lognormal,biased,random,0.02,0.2,0.2,5.0,1.0,0.1,240,0,0.0,True,True,fixed,20,continue_after_avalanche,period_end,ba,12,0.1,2026064618,200,1200,12.0,0.06030150753768844,0.1407905477771807,9.255808986793104,0.771317415566092,73,1,200,1.0,2.321608040201005,topology_growth__money-lognormal__income-biased__growth-random__a-0.020__b-0.200__topo-ba__k-12,topology_growth,2
2026060619,True,240,4800,9,180,20,20,4800,180,786,17,17,1731,226,0.085,False,3814,3814,786,0.5133613004719455,0.8623964341898271,0,117,200,20.0,lognormal,biased,random,0.02,0.2,0.2,5.0,1.0,0.1,240,0,0.0,True,True,fixed,20,continue_after_avalanche,period_end,ba,12,0.1,2026064619,200,1200,12.0,0.06030150753768844,0.12602305716169337,8.637708029332781,0.7198090024443985,63,1,200,1.0,2.350603015075377,topology_growth__money-lognormal__income-biased__growth-random__a-0.020__b-0.200__topo-ba__k-12,topology_growth,3
2026060620,True,240,4800,1,20,20,20,4800,20,851,16,16,1648,230,0.08,False,4463,4463,851,0.5747961012771678,0.872273134662783,0,135,200,20.0,lognormal,biased,random,0.02,0.2,0.2,5.0,1.0,0.1,240,0,0.0,True,True,fixed,20,continue_after_avalanche,period_end,ba,12,0.1,2026064620,200,1200,12.0,0.06030150753768844,0.12009166421147352,8.040522371090077,0.6700435309241731,55,1,200,1.0,2.358040201005025,topology_growth__money-lognormal__income-biased__growth-random__a-0.020__b-0.200__topo-ba__k-12,topology_growth,4
2026060621,True,240,4800,2,40,20,20,4800,40,1113,13,13,1272,230,0.065,False,3667,3667,1113,0.47934960458140186,0.8002713389691847,0,110,200,20.0,lognormal,biased,random,0.02,0.2,0.2,5.0,1.0,0.1,240,0,0.0,True,True,fixed,20,continue_after_avalanche,period_end,ba,12,0.1,2026064621,200,1200,12.0,0.06030150753768844,0.13966990695714251,9.132360045464699,0.7610300037887249,62,1,200,1.0,2.325175879396985,topology_growth__money-lognormal__income-biased__growth-random__a-0.020__b-0.200__topo-ba__k-12,topology_growth,5
2026060622,True,240,4800,1,20,20,20,4800,20,618,23,23,1762,234,0.115,True,3634,3634,618,0.48602641717116146,0.8689708310401763,0,111,200,20.0,lognormal,biased,random,0.02,0.2,0.2,5.0,1.0,0.1,240,0,0.0,True,True,fixed,20,continue_after_avalanche,period_end,ba,12,0.1,2026064622,200,1200,12.0,0.06030150753768844,0.12236679117205762,8.508231308562316,0.7090192757135263,61,1,200,1.0,2.341105527638191,topology_growth__money-lognormal__income-biased__growth-random__a-0.020__b-0.200__topo-ba__k-12,topology_growth,6
2026060623,True,240,4800,5,100,20,20,4800,100,805,17,17,1639,234,0.085,False,3830,3830,805,0.5312584856396867,0.8478720626631855,0,117,200,20.0,lognormal,biased,random,0.02,0.2,0.2,5.0,1.0,0.1,240,0,0.0,True,True,fixed,20,continue_after_avalanche,period_end,ba,12,0.1,2026064623,200,1200,12.0,0.06030150753768844,0.1539320004720855,9.333273809334,0.7777728174445001,59,1,200,1.0,2.3261306532663317,topology_growth__money-lognormal__income-biased__growth-random__a-0.020__b-0.200__topo-ba__k-12,topology_growth,7
2026060624,True,240,4800,2,40,20,20,4800,40,691,5,5,381,201,0.025,False,3535,3535,691,0.4880438472418671,0.5646888260254599,0,108,200,20.0,lognormal,biased,preferential_debt,0.02,0.2,0.2,5.0,1.0,0.1,240,0,0.0,True,True,fixed,20,continue_after_avalanche,period_end,ba,12,0.1,2026064624,200,1200,12.0,0.06030150753768844,0.1415359602330704,8.753856293085923,0.7294880244238269,58,1,200,1.0,2.3439195979899496,topology_growth__money-lognormal__income-biased__growth-preferential_debt__a-0.020__b-0.200__topo-ba__k-12,topology_growth,0
2026060625,True,240,4800,2,40,20,20,4800,40,808,4,4,302,176,0.02,False,3947,3947,808,0.4677413225234357,0.5230212819863189,0,126,200,20.0,lognormal,biased,preferential_debt,0.02,0.2,0.2,5.0,1.0,0.1,240,0,0.0,True,True,fixed,20,continue_after_avalanche,period_end,ba,12,0.1,2026064625,200,1200,12.0,0.06030150753768844,0.12722680220872348,8.47938677028003,0.7066155641900025,60,1,200,1.0,2.338793969849246,topology_growth__money-lognormal__income-biased__growth-preferential_debt__a-0.020__b-0.200__topo-ba__k-12,topology_growth,1
2026060626,True,240,4800,2,40,20,20,4800,40,936,5,5,182,127,0.025,False,4804,4804,936,0.4964675270607828,0.5265507910074938,0,151,200,20.0,lognormal,biased,preferential_debt,0.02,0.2,0.2,5.0,1.0,0.1,240,0,0.0,True,True,fixed,20,continue_after_avalanche,period_end,ba,12,0.1,2026064626,200,1200,12.0,0.06030150753768844,0.12593284970245683,8.464632301523794,0.7053860251269829,56,1,200,1.0,2.347889447236181,topology_growth__money-lognormal__income-biased__growth-preferential_debt__a-0.020__b-0.200__topo-ba__k-12,topology_growth,2
2026060627,True,240,4800,1,20,20,20,4800,20,1174,4,4,270,163,0.02,False,4652,4652,1174,0.5500150472914875,0.5863134135855548,0,146,200,20.0,lognormal,biased,preferential_debt,0.02,0.2,0.2,5.0,1.0,0.1,240,0,0.0,True,True,fixed,20,continue_after_avalanche,period_end,ba,12,0.1,2026064627,200,1200,12.0,0.06030150753768844,0.13340722668199181,8.743569065318807,0.728630755443234,65,1,200,1.0,2.342964824120603,topology_growth__money-lognormal__income-biased__growth-preferential_debt__a-0.020__b-0.200__topo-ba__k-12,topology_growth,3
2026060628,True,240,4800,3,60,20,20,4800,60,920,6,6,263,156,0.03,False,3701,3701,920,0.47863145095920023,0.558796271278033,0,113,200,20.0,lognormal,biased,preferential_debt,0.02,0.2,0.2,5.0,1.0,0.1,240,0,0.0,True,True,fixed,20,continue_after_avalanche,period_end,ba,12,0.1,2026064628,200,1200,12.0,0.06030150753768844,0.1339558678366492,9.074139077620533,0.7561782564683778,60,1,200,1.0,2.3297989949748743,topology_growth__money-lognormal__income-biased__growth-preferential_debt__a-0.020__b-0.200__topo-ba__k-12,topology_growth,4
2026060629,True,240,4800,1,20,20,20,4800,20,862,8,8,267,158,0.04,False,4289,4289,862,0.5204021916530661,0.5731347633480999,0,125,200,20.0,lognormal,biased,preferential_debt,0.02,0.2,0.2,5.0,1.0,0.1,240,0,0.0,True,True,fixed,20,continue_after_avalanche,period_end,ba,12,0.1,2026064629,200,1200,12.0,0.06030150753768844,0.12101282193464036,8.345058418010026,0.6954215348341689,52,1,200,1.0,2.3585427135678394,topology_growth__money-lognormal__income-biased__growth-preferential_debt__a-0.020__b-0.200__topo-ba__k-12,topology_growth,5
2026060630,True,240,4800,3,60,20,20,4800,60,817,6,6,377,186,0.03,False,3608,3608,817,0.4680016629711752,0.5520898004434591,0,121,200,20.0,lognormal,biased,preferential_debt,0.02,0.2,0.2,5.0,1.0,0.1,240,0,0.0,True,True,fixed,20,continue_after_avalanche,period_end,ba,12,0.1,2026064630,200,1200,12.0,0.06030150753768844,0.12367583876626359,8.713208364316786,0.7261006970263989,67,1,200,1.0,2.3410552763819097,topology_growth__money-lognormal__income-biased__growth-preferential_debt__a-0.020__b-0.200__topo-ba__k-12,topology_growth,6
2026060631,True,240,4800,2,40,20,20,4800,40,1102,5,5,353,190,0.025,False,4159,4159,1102,0.5221651839384469,0.6057044962731426,0,132,200,20.0,lognormal,biased,preferential_debt,0.02,0.2,0.2,5.0,1.0,0.1,240,0,0.0,True,True,fixed,20,continue_after_avalanche,period_end,ba,12,0.1,2026064631,200,1200,12.0,0.06030150753768844,0.13866460767052444,8.942594701763017,0.7452162251469181,61,1,200,1.0,2.3400502512562813,topology_growth__money-lognormal__income-biased__growth-preferential_debt__a-0.020__b-0.200__topo-ba__k-12,topology_growth,7
2026060632,True,240,4800,2,40,20,20,4800,40,978,16,16,1428,227,0.08,False,3891,3891,978,0.536644821382678,0.8583307632999231,0,114,200,20.0,lognormal,biased,random,0.02,0.2,0.2,5.0,1.0,0.1,240,0,0.0,True,True,fixed,20,continue_after_avalanche,period_end,sw,12,0.1,2026064632,200,1200,12.0,0.06030150753768844,0.5075933510933511,0.9797958971132712,0.0816496580927726,14,1,200,1.0,2.981005025125628,topology_growth__money-lognormal__income-biased__growth-random__a-0.020__b-0.200__topo-sw__k-12,topology_growth,0
2026060633,True,240,4800,3,60,20,20,4800,60,518,20,20,1559,223,0.1,True,3792,3792,518,0.5326002109704642,0.8975210970464136,0,118,200,20.0,lognormal,biased,random,0.02,0.2,0.2,5.0,1.0,0.1,240,0,0.0,True,True,fixed,20,continue_after_avalanche,period_end,sw,12,0.1,2026064633,200,1200,12.0,0.06030150753768844,0.5023094544344546,1.118033988749895,0.09316949906249124,16,1,200,1.0,2.9354773869346733,topology_growth__money-lognormal__income-biased__growth-random__a-0.020__b-0.200__topo-sw__k-12,topology_growth,1
2026060634,True,240,4800,4,80,20,20,4800,80,942,16,16,1500,230,0.08,False,3668,3668,942,0.4786123227917123,0.8349372955288987,0,114,200,20.0,lognormal,biased,random,0.02,0.2,0.2,5.0,1.0,0.1,240,0,0.0,True,True,fixed,20,continue_after_avalanche,period_end,sw,12,0.1,2026064634,200,1200,12.0,0.06030150753768844,0.5281116938616941,1.0816653826391966,0.09013878188659973,15,1,200,1.0,2.990502512562814,topology_growth__money-lognormal__income-biased__growth-random__a-0.020__b-0.200__topo-sw__k-12,topology_growth,2
2026060635,True,240,4800,2,40,20,20,4800,40,1121,15,15,1415,231,0.075,False,3936,3936,1121,0.5057367886178863,0.8208231707317075,0,119,200,20.0,lognormal,biased,random,0.02,0.2,0.2,5.0,1.0,0.1,240,0,0.0,True,True,fixed,20,continue_after_avalanche,period_end,sw,12,0.1,2026064635,200,1200,12.0,0.06030150753768844,0.49176187701187724,1.1532562594670797,0.09610468828892331,15,1,200,1.0,2.9202010050251257,topology_growth__money-lognormal__income-biased__growth-random__a-0.020__b-0.200__topo-sw__k-12,topology_growth,3
2026060636,True,240,4800,3,60,20,20,4800,60,938,15,15,1378,222,0.075,False,4358,4358,938,0.5331321707205141,0.857542450665443,0,132,200,20.0,lognormal,biased,random,0.02,0.2,0.2,5.0,1.0,0.1,240,0,0.0,True,True,fixed,20,continue_after_avalanche,period_end,sw,12,0.1,2026064636,200,1200,12.0,0.06030150753768844,0.5178506493506495,0.938083151964686,0.07817359599705716,15,1,200,1.0,2.988793969849246,topology_growth__money-lognormal__income-biased__growth-random__a-0.020__b-0.200__topo-sw__k-12,topology_growth,4
2026060637,True,240,4800,2,40,20,20,4800,40,789,15,15,1533,233,0.075,False,4383,4383,789,0.5654950946840065,0.8395539584759297,0,134,200,20.0,lognormal,biased,random,0.02,0.2,0.2,5.0,1.0,0.1,240,0,0.0,True,True,fixed,20,continue_after_avalanche,period_end,sw,12,0.1,2026064637,200,1200,12.0,0.06030150753768844,0.5160995670995674,1.0099504938362078,0.08416254115301731,15,1,200,1.0,2.9909045226130653,topology_growth__money-lognormal__income-biased__growth-random__a-0.020__b-0.200__topo-sw__k-12,topology_growth,5
2026060638,True,240,4800,1,20,20,20,4800,20,1272,15,15,1168,226,0.075,False,4060,4060,1272,0.47499507389162576,0.8077142857142858,0,125,200,20.0,lognormal,biased,random,0.02,0.2,0.2,5.0,1.0,0.1,240,0,0.0,True,True,fixed,20,continue_after_avalanche,period_end,sw,12,0.1,2026064638,200,1200,12.0,0.06030150753768844,0.5039613997113999,1.0583005244258363,0.08819171036881969,15,1,200,1.0,2.9437688442211054,topology_growth__money-lognormal__income-biased__growth-random__a-0.020__b-0.200__topo-sw__k-12,topology_growth,6
2026060639,True,240,4800,5,100,20,20,4800,100,1182,15,15,1372,229,0.075,False,4434,4434,1182,0.5322936400541274,0.8379093369418134,0,127,200,20.0,lognormal,biased,random,0.02,0.2,0.2,5.0,1.0,0.1,240,0,0.0,True,True,fixed,20,continue_after_avalanche,period_end,sw,12,0.1,2026064639,200,1200,12.0,0.06030150753768844,0.5098518981018983,1.118033988749895,0.09316949906249124,15,1,200,1.0,2.9336180904522613,topology_growth__money-lognormal__income-biased__growth-random__a-0.020__b-0.200__topo-sw__k-12,topology_growth,7
2026060640,True,240,4800,4,80,20,20,4800,80,1114,5,5,244,146,0.025,False,4601,4601,1114,0.5207661377961315,0.581663768745925,0,146,200,20.0,lognormal,biased,preferential_debt,0.02,0.2,0.2,5.0,1.0,0.1,240,0,0.0,True,True,fixed,20,continue_after_avalanche,period_end,sw,12,0.1,2026064640,200,1200,12.0,0.06030150753768844,0.5051857586857584,1.0583005244258363,0.08819171036881969,15,1,200,1.0,2.9304020100502512,topology_growth__money-lognormal__income-biased__growth-preferential_debt__a-0.020__b-0.200__topo-sw__k-12,topology_growth,0
2026060641,True,240,4800,1,20,20,20,4800,20,1286,5,5,268,165,0.025,False,3750,3750,1286,0.5184133333333334,0.5790533333333334,0,121,200,20.0,lognormal,biased,preferential_debt,0.02,0.2,0.2,5.0,1.0,0.1,240,0,0.0,True,True,fixed,20,continue_after_avalanche,period_end,sw,12,0.1,2026064641,200,1200,12.0,0.06030150753768844,0.5091464923964921,1.0908712114635715,0.09090593428863096,15,1,200,1.0,2.94964824120603,topology_growth__money-lognormal__income-biased__growth-preferential_debt__a-0.020__b-0.200__topo-sw__k-12,topology_growth,1
2026060642,True,240,4800,1,20,20,20,4800,20,1468,5,5,325,173,0.025,False,3965,3965,1468,0.5496078184110973,0.6319382093316521,0,111,200,20.0,lognormal,biased,preferential_debt,0.02,0.2,0.2,5.0,1.0,0.1,240,0,0.0,True,True,fixed,20,continue_after_avalanche,period_end,sw,12,0.1,2026064642,200,1200,12.0,0.06030150753768844,0.4806643495393495,1.2529964086141667,0.10441636738451389,16,1,200,1.0,2.8994472361809045,topology_growth__money-lognormal__income-biased__growth-preferential_debt__a-0.020__b-0.200__topo-sw__k-12,topology_growth,2
2026060643,True,240,4800,1,20,20,20,4800,20,1350,5,5,278,168,0.025,False,4976,4976,1350,0.5805687299035371,0.6013243569131834,0,148,200,20.0,lognormal,biased,preferential_debt,0.02,0.2,0.2,5.0,1.0,0.1,240,0,0.0,True,True,fixed,20,continue_after_avalanche,period_end,sw,12,0.1,2026064643,200,1200,12.0,0.06030150753768844,0.5095009573759574,1.1090536506409416,0.0924211375534118,16,1,200,1.0,2.9950753768844223,topology_growth__money-lognormal__income-biased__growth-preferential_debt__a-0.020__b-0.200__topo-sw__k-12,topology_growth,3
2026060644,True,240,4800,1,20,20,20,4800,20,1092,6,6,307,177,0.03,False,3739,3739,1092,0.5287496656860124,0.6032187750735492,0,122,200,20.0,lognormal,biased,preferential_debt,0.02,0.2,0.2,5.0,1.0,0.1,240,0,0.0,True,True,fixed,20,continue_after_avalanche,period_end,sw,12,0.1,2026064644,200,1200,12.0,0.06030150753768844,0.5157248862248865,1.0862780491200215,0.09052317076000178,15,1,200,1.0,2.9881407035175878,topology_growth__money-lognormal__income-biased__growth-preferential_debt__a-0.020__b-0.200__topo-sw__k-12,topology_growth,4
2026060645,True,240,4800,2,40,20,20,4800,40,1257,6,6,279,157,0.03,False,3653,3653,1257,0.5086682179030935,0.5778059129482618,0,117,200,20.0,lognormal,biased,preferential_debt,0.02,0.2,0.2,5.0,1.0,0.1,240,0,0.0,True,True,fixed,20,continue_after_avalanche,period_end,sw,12,0.1,2026064645,200,1200,12.0,0.06030150753768844,0.504804612054612,1.019803902718557,0.08498365855987976,15,1,200,1.0,2.9341708542713567,topology_growth__money-lognormal__income-biased__growth-preferential_debt__a-0.020__b-0.200__topo-sw__k-12,topology_growth,5
2026060646,True,240,4800,1,20,20,20,4800,20,1058,4,4,292,173,0.02,False,3251,3251,1058,0.4741971701015073,0.560456782528453,0,106,200,20.0,lognormal,biased,preferential_debt,0.02,0.2,0.2,5.0,1.0,0.1,240,0,0.0,True,True,fixed,20,continue_after_avalanche,period_end,sw,12,0.1,2026064646,200,1200,12.0,0.06030150753768844,0.5261406648906652,0.9848857801796105,0.08207381501496754,16,1,200,1.0,3.0328140703517588,topology_growth__money-lognormal__income-biased__growth-preferential_debt__a-0.020__b-0.200__topo-sw__k-12,topology_growth,6
2026060647,True,240,4800,5,100,20,20,4800,100,1110,7,7,242,143,0.035,False,4454,4454,1110,0.5807072294566682,0.6189627301302201,0,129,200,20.0,lognormal,biased,preferential_debt,0.02,0.2,0.2,5.0,1.0,0.1,240,0,0.0,True,True,fixed,20,continue_after_avalanche,period_end,sw,12,0.1,2026064647,200,1200,12.0,0.06030150753768844,0.5131469641469644,1.0677078252031311,0.08897565210026093,15,1,200,1.0,3.0160804020100502,topology_growth__money-lognormal__income-biased__growth-preferential_debt__a-0.020__b-0.200__topo-sw__k-12,topology_growth,7
